DATE,Open,High,Low,Close,Adj Close,Volume
2007-01-03,47.58000183105469,47.790000915527344,47.040000915527344,47.31999969482422,34.3494987487793,458900
2007-01-04,47.27000045776367,47.47999954223633,47.040000915527344,47.38999938964844,34.40032196044922,323100
2007-01-05,47.22999954223633,47.22999954223633,46.939998626708984,47.06999969482422,34.16802215576172,291500
2007-01-08,47.0099983215332,47.22999954223633,46.88999938964844,47.16999816894531,34.2406005859375,279000
2007-01-09,47.25,47.29999923706055,46.970001220703125,47.22999954223633,34.2841682434082,354500
2007-01-10,47.099998474121094,47.41999816894531,46.970001220703125,47.369998931884766,34.38580322265625,249600
2007-01-11,47.400001525878906,47.84000015258789,47.400001525878906,47.689998626708984,34.61808395385742,1222500
2007-01-12,47.65999984741211,47.939998626708984,47.65999984741211,47.90999984741211,34.777774810791016,376500
2007-01-16,47.97999954223633,48.040000915527344,47.86000061035156,47.95000076293945,34.80683135986328,328600
2007-01-17,47.88999938964844,48.09000015258789,47.86000061035156,47.939998626708984,34.7995719909668,166900
2007-01-18,47.90999984741211,48.0099983215332,47.650001525878906,47.650001525878906,34.58903121948242,211800
2007-01-19,47.7599983215332,47.970001220703125,47.720001220703125,47.970001220703125,34.821346282958984,240700
2007-01-22,47.93000030517578,47.93000030517578,47.630001068115234,47.70000076293945,34.625328063964844,549500
2007-01-23,47.72999954223633,48.099998474121094,47.689998626708984,47.970001220703125,34.821346282958984,111300
2007-01-24,48.09000015258789,48.33000183105469,48.02000045776367,48.33000183105469,35.08266830444336,193700
2007-01-25,48.349998474121094,48.349998474121094,47.77000045776367,47.83000183105469,34.7197151184082,145500
2007-01-26,47.91999816894531,47.939998626708984,47.650001525878906,47.849998474121094,34.734222412109375,181100
2007-01-29,47.900001525878906,48.04999923706055,47.7599983215332,47.880001068115234,34.756019592285156,340000
2007-01-30,47.970001220703125,48.25,47.880001068115234,48.16999816894531,34.96649932861328,383600
2007-01-31,48.099998474121094,48.650001525878906,47.9900016784668,48.47999954223633,35.191551208496094,196400
2007-02-01,48.79999923706055,48.869998931884766,48.619998931884766,48.83000183105469,35.44560623168945,234300
2007-02-02,48.91999816894531,49.060001373291016,48.849998474121094,48.959999084472656,35.53998947143555,320400
2007-02-05,48.91999816894531,49.02000045776367,48.83000183105469,48.959999084472656,35.53998947143555,299200
2007-02-06,49.099998474121094,49.099998474121094,48.869998931884766,49.060001373291016,35.6125602722168,470800
2007-02-07,49.150001525878906,49.310001373291016,49.08000183105469,49.209999084472656,35.721458435058594,314900
2007-02-08,49.25,49.540000915527344,49.06999969482422,49.540000915527344,35.960994720458984,328800
2007-02-09,49.5,49.5,48.709999084472656,48.91999816894531,35.51093292236328,258900
2007-02-12,48.95000076293945,48.95000076293945,48.459999084472656,48.720001220703125,35.36576461791992,285600
2007-02-13,48.75,49.119998931884766,48.75,49.11000061035156,35.648868560791016,154400
2007-02-14,49.29999923706055,49.61000061035156,49.209999084472656,49.54999923706055,35.96823501586914,295700
2007-02-15,49.599998474121094,49.7400016784668,49.4900016784668,49.66999816894531,36.055355072021484,528100
2007-02-16,49.630001068115234,49.689998626708984,49.5099983215332,49.650001525878906,36.040836334228516,283200
2007-02-20,49.63999938964844,49.939998626708984,49.439998626708984,49.869998931884766,36.20053482055664,342700
2007-02-21,49.689998626708984,49.95000076293945,49.65999984741211,49.93000030517578,36.24409484863281,437900
2007-02-22,50.040000915527344,50.099998474121094,49.689998626708984,49.900001525878906,36.222312927246094,272800
2007-02-23,49.93000030517578,49.9900016784668,49.650001525878906,49.849998474121094,36.18601989746094,287500
2007-02-26,50.09000015258789,50.09000015258789,49.560001373291016,49.779998779296875,36.13521194458008,1148000
2007-02-27,49.119998931884766,49.20000076293945,47.650001525878906,47.900001525878906,34.77054214477539,562300
2007-02-28,48.209999084472656,48.689998626708984,47.900001525878906,48.25,35.02458190917969,604800
2007-03-01,47.20000076293945,48.40999984741211,46.70000076293945,48.099998474121094,34.91570281982422,922900
2007-03-02,47.900001525878906,48.060001373291016,47.38999938964844,47.41999816894531,34.42209243774414,785400
2007-03-05,47.02000045776367,47.47999954223633,46.83000183105469,46.91999816894531,34.05915451049805,891900
2007-03-06,47.31999969482422,47.7400016784668,47.0,47.59000015258789,34.545501708984375,307500
2007-03-07,47.630001068115234,47.869998931884766,47.5,47.630001068115234,34.57453536987305,163600
2007-03-08,47.869998931884766,48.20000076293945,47.84000015258789,48.040000915527344,34.87215042114258,235800
2007-03-09,48.310001373291016,48.34000015258789,47.869998931884766,48.11000061035156,34.922969818115234,262800
2007-03-12,48.06999969482422,48.33000183105469,47.97999954223633,48.22999954223633,35.01005554199219,193300
2007-03-13,47.939998626708984,48.130001068115234,47.22999954223633,47.27000045776367,34.313209533691406,202300
2007-03-14,47.34000015258789,47.59000015258789,46.709999084472656,47.52000045776367,34.494693756103516,440600
2007-03-15,47.68000030517578,47.869998931884766,47.5099983215332,47.810001373291016,34.70518493652344,134000
2007-03-16,47.7400016784668,47.869998931884766,47.43000030517578,47.529998779296875,34.57136154174805,177000
2007-03-19,47.75,48.099998474121094,47.720001220703125,48.08000183105469,34.97141647338867,197900
2007-03-20,48.04999923706055,48.33000183105469,48.0,48.29999923706055,35.13142776489258,302900
2007-03-21,48.36000061035156,49.25,48.22999954223633,49.02000045776367,35.655120849609375,349200
2007-03-22,49.15999984741211,49.16999816894531,48.900001525878906,49.04999923706055,35.67695617675781,318200
2007-03-23,49.0,49.25,49.0,49.150001525878906,35.74967575073242,212700
2007-03-26,49.150001525878906,49.18000030517578,48.68000030517578,49.150001525878906,35.74967575073242,407200
2007-03-27,49.0099983215332,49.0099983215332,48.70000076293945,48.84000015258789,35.524208068847656,237600
2007-03-28,48.709999084472656,48.7400016784668,48.33000183105469,48.45000076293945,35.24053955078125,351600
2007-03-29,48.75,48.86000061035156,48.25,48.560001373291016,35.32054138183594,326400
2007-03-30,48.650001525878906,48.88999938964844,48.220001220703125,48.54999923706055,35.31327819824219,362000
2007-04-02,48.58000183105469,48.81999969482422,48.4900016784668,48.779998779296875,35.48054885864258,128600
2007-04-03,49.040000915527344,49.33000183105469,48.9900016784668,49.25,35.822418212890625,392500
2007-04-04,49.18000030517578,49.5,49.0,49.2400016784668,35.81514358520508,711600
2007-04-05,49.20000076293945,49.43000030517578,49.150001525878906,49.41999816894531,35.946048736572266,319600
2007-04-09,49.459999084472656,49.75,49.36000061035156,49.4900016784668,35.996971130371094,382100
2007-04-10,49.5099983215332,49.59000015258789,49.400001525878906,49.54999923706055,36.04060745239258,260600
2007-04-11,49.54999923706055,49.54999923706055,49.16999816894531,49.2400016784668,35.81514358520508,313300
2007-04-12,49.25,49.58000183105469,49.029998779296875,49.58000183105469,36.06244659423828,290900
2007-04-13,49.59000015258789,49.720001220703125,49.40999984741211,49.720001220703125,36.164268493652344,353200
2007-04-16,49.93000030517578,50.27000045776367,49.93000030517578,50.22999954223633,36.53522491455078,336000
2007-04-17,50.2400016784668,50.439998626708984,50.16999816894531,50.290000915527344,36.57886505126953,355500
2007-04-18,50.189998626708984,50.5099983215332,50.11000061035156,50.41999816894531,36.67341613769531,478200
2007-04-19,50.029998779296875,50.439998626708984,50.0099983215332,50.369998931884766,36.63703918457031,403200
2007-04-20,50.77000045776367,50.77000045776367,50.5,50.689998626708984,36.86982345581055,317400
2007-04-23,50.81999969482422,50.91999816894531,50.689998626708984,50.77000045776367,36.92799758911133,288100
2007-04-24,50.84000015258789,50.939998626708984,50.5,50.77000045776367,36.92799758911133,210600
2007-04-25,51.150001525878906,51.349998474121094,50.869998931884766,51.279998779296875,37.298946380615234,210200
2007-04-26,51.27000045776367,51.400001525878906,51.150001525878906,51.33000183105469,37.33531188964844,240800
2007-04-27,51.189998626708984,51.29999923706055,51.0,51.220001220703125,37.25531768798828,262700
2007-04-30,51.20000076293945,51.22999954223633,50.650001525878906,50.689998626708984,36.86982345581055,331900
2007-05-01,50.75,50.849998474121094,50.33000183105469,50.79999923706055,36.94981002807617,304400
2007-05-02,50.900001525878906,51.29999923706055,50.900001525878906,51.20000076293945,37.240779876708984,212900
2007-05-03,51.33000183105469,51.41999816894531,51.18000030517578,51.400001525878906,37.38623046875,285300
2007-05-04,51.540000915527344,51.630001068115234,51.31999969482422,51.439998626708984,37.41533660888672,134300
2007-05-07,51.5,51.70000076293945,51.5,51.529998779296875,37.48079299926758,265800
2007-05-08,51.34000015258789,51.5099983215332,51.220001220703125,51.5,37.458961486816406,142400
2007-05-09,51.41999816894531,51.81999969482422,51.38999938964844,51.720001220703125,37.618995666503906,110700
2007-05-10,51.59000015258789,51.619998931884766,51.0099983215332,51.099998474121094,37.16802978515625,192500
2007-05-11,51.279998779296875,51.4900016784668,51.15999984741211,51.459999084472656,37.429874420166016,314400
2007-05-14,51.59000015258789,51.68000030517578,51.22999954223633,51.33000183105469,37.33531188964844,1636000
2007-05-15,51.5,51.709999084472656,51.220001220703125,51.2599983215332,37.2844123840332,1514400
2007-05-16,51.439998626708984,51.56999969482422,51.16999816894531,51.56999969482422,37.509883880615234,2479900
2007-05-17,51.56999969482422,51.68000030517578,51.400001525878906,51.61000061035156,37.538978576660156,325700
2007-05-18,51.65999984741211,51.88999938964844,51.59000015258789,51.869998931884766,37.72809600830078,231900
2007-05-21,51.880001068115234,52.16999816894531,51.84000015258789,51.9900016784668,37.81538009643555,1982600
2007-05-22,52.029998779296875,52.150001525878906,51.880001068115234,51.95000076293945,37.786285400390625,1780500
2007-05-23,52.13999938964844,52.290000915527344,51.88999938964844,51.900001525878906,37.749908447265625,494500
2007-05-24,51.790000915527344,52.13999938964844,51.220001220703125,51.31999969482422,37.32805633544922,315400
2007-05-25,51.439998626708984,51.66999816894531,51.400001525878906,51.58000183105469,37.51715087890625,182500
2007-05-29,51.75,51.880001068115234,51.52000045776367,51.72999954223633,37.62627029418945,192300
2007-05-30,51.56999969482422,52.15999984741211,51.470001220703125,52.150001525878906,37.93175506591797,493300
2007-05-31,52.369998931884766,52.41999816894531,52.15999984741211,52.33000183105469,38.06266403198242,286100
2007-06-01,52.59000015258789,52.709999084472656,52.40999984741211,52.540000915527344,38.21543884277344,672400
2007-06-04,52.5099983215332,52.7400016784668,52.41999816894531,52.66999816894531,38.309974670410156,567500
2007-06-05,52.560001373291016,52.56999969482422,52.220001220703125,52.400001525878906,38.11359405517578,196800
2007-06-06,52.16999816894531,52.16999816894531,51.7599983215332,51.900001525878906,37.749908447265625,259300
2007-06-07,51.66999816894531,51.810001373291016,50.81999969482422,50.81999969482422,36.96436309814453,404900
2007-06-08,50.849998474121094,51.5099983215332,50.75,51.5099983215332,37.46623992919922,221300
2007-06-11,51.47999954223633,51.75,51.34000015258789,51.52000045776367,37.4734992980957,170300
2007-06-12,51.279998779296875,51.599998474121094,50.95000076293945,50.95000076293945,37.05893325805664,229300
2007-06-13,50.150001525878906,51.790000915527344,50.150001525878906,51.790000915527344,37.66990280151367,364100
2007-06-14,51.84000015258789,52.16999816894531,51.84000015258789,51.970001220703125,37.800838470458984,412200
2007-06-15,52.310001373291016,52.400001525878906,52.0,52.0,37.94019317626953,297200
2007-06-18,52.2400016784668,52.2400016784668,52.0099983215332,52.09000015258789,38.005859375,286200
2007-06-19,52.029998779296875,52.16999816894531,51.869998931884766,52.15999984741211,38.056922912597656,173000
2007-06-20,52.22999954223633,52.2400016784668,51.470001220703125,51.52000045776367,37.5899658203125,221800
2007-06-21,51.43000030517578,51.81999969482422,51.15999984741211,51.790000915527344,37.78697204589844,362300
2007-06-22,51.619998931884766,51.720001220703125,51.150001525878906,51.400001525878906,37.50241470336914,471200
2007-06-25,51.34000015258789,51.540000915527344,50.86000061035156,50.900001525878906,37.137603759765625,267300
2007-06-26,51.16999816894531,51.209999084472656,50.61000061035156,50.81999969482422,37.07923889160156,306000
2007-06-27,50.4900016784668,51.31999969482422,50.4900016784668,51.209999084472656,37.36378860473633,351100
2007-06-28,51.22999954223633,51.61000061035156,51.22999954223633,51.29999923706055,37.42945861816406,596200
2007-06-29,51.45000076293945,51.68000030517578,50.90999984741211,51.20000076293945,37.35649108886719,221400
2007-07-02,51.45000076293945,51.7599983215332,51.36000061035156,51.7599983215332,37.765079498291016,707100
2007-07-03,51.900001525878906,51.970001220703125,51.75,51.84000015258789,37.82345199584961,441200
2007-07-05,51.9900016784668,52.040000915527344,51.72999954223633,51.970001220703125,37.91830062866211,683000
2007-07-06,51.849998474121094,52.27000045776367,51.790000915527344,52.209999084472656,38.09339904785156,385300
2007-07-09,52.27000045776367,52.29999923706055,52.060001373291016,52.18000030517578,38.07152557373047,354700
2007-07-10,51.90999984741211,51.970001220703125,51.40999984741211,51.459999084472656,37.54618453979492,257100
2007-07-11,51.34000015258789,51.65999984741211,51.27000045776367,51.599998474121094,37.648353576660156,2440400
2007-07-12,51.88999938964844,52.470001220703125,51.88999938964844,52.470001220703125,38.283111572265625,426300
2007-07-13,52.470001220703125,52.7400016784668,52.369998931884766,52.599998474121094,38.37796401977539,509100
2007-07-16,52.619998931884766,52.70000076293945,52.38999938964844,52.38999938964844,38.224735260009766,1130900
2007-07-17,52.439998626708984,52.630001068115234,52.369998931884766,52.459999084472656,38.27581024169922,881300
2007-07-18,52.290000915527344,52.40999984741211,51.93000030517578,52.369998931884766,38.21014404296875,305400
2007-07-19,52.58000183105469,52.66999816894531,52.470001220703125,52.650001525878906,38.41443634033203,1429200
2007-07-20,52.54999923706055,52.54999923706055,51.790000915527344,51.939998626708984,37.89641189575195,1867900
2007-07-23,52.15999984741211,52.290000915527344,51.97999954223633,52.0,37.94019317626953,544700
2007-07-24,51.689998626708984,51.95000076293945,50.84000015258789,51.08000183105469,37.268951416015625,2560500
2007-07-25,51.209999084472656,51.349998474121094,50.54999923706055,50.9900016784668,37.20327377319336,887600
2007-07-26,50.310001373291016,50.47999954223633,49.08000183105469,49.63999938964844,36.21827697753906,999500
2007-07-27,49.540000915527344,49.869998931884766,48.709999084472656,48.709999084472656,35.539756774902344,730400
2007-07-30,49.06999969482422,49.599998474121094,48.720001220703125,49.45000076293945,36.07966995239258,4678400
2007-07-31,49.810001373291016,49.97999954223633,48.880001068115234,48.88999938964844,35.671077728271484,1998800
2007-08-01,49.0,53.540000915527344,48.220001220703125,49.08000183105469,35.809696197509766,3387600
2007-08-02,49.209999084472656,49.5,49.0,49.400001525878906,36.04317855834961,1334500
2007-08-03,49.29999923706055,49.40999984741211,47.7599983215332,48.02000045776367,35.03630447387695,1724500
2007-08-06,48.279998779296875,48.91999816894531,47.58000183105469,48.83000183105469,35.62729263305664,2308400
2007-08-07,48.65999984741211,49.540000915527344,48.43000030517578,49.099998474121094,35.82428741455078,260200
2007-08-08,49.599998474121094,50.09000015258789,49.16999816894531,49.75,36.29853820800781,2019000
2007-08-09,48.81999969482422,49.5,48.47999954223633,48.5099983215332,35.39381408691406,1964400
2007-08-10,47.83000183105469,48.75,47.529998779296875,48.5099983215332,35.39381408691406,1909900
2007-08-13,49.06999969482422,49.06999969482422,48.59000015258789,48.63999938964844,35.488670349121094,768200
2007-08-14,48.70000076293945,48.70000076293945,47.529998779296875,47.540000915527344,34.68608474731445,1023200
2007-08-15,47.45000076293945,48.060001373291016,46.290000915527344,46.83000183105469,34.168052673339844,1327300
2007-08-16,46.27000045776367,47.060001373291016,45.22999954223633,46.93000030517578,34.241031646728516,1761500
2007-08-17,48.810001373291016,50.0,47.09000015258789,48.06999969482422,35.072784423828125,2117000
2007-08-20,48.09000015258789,48.209999084472656,47.540000915527344,48.04999923706055,35.058197021484375,599800
2007-08-21,47.900001525878906,48.41999816894531,47.84000015258789,48.04999923706055,35.058197021484375,888000
2007-08-22,48.5099983215332,48.849998474121094,48.400001525878906,48.81999969482422,35.6199951171875,380000
2007-08-23,49.15999984741211,49.20000076293945,48.40999984741211,48.70000076293945,35.53244400024414,725600
2007-08-24,48.689998626708984,49.33000183105469,48.599998474121094,49.31999969482422,35.98481369018555,607700
2007-08-27,49.16999816894531,49.16999816894531,48.56999969482422,48.56999969482422,35.437591552734375,349000
2007-08-28,48.400001525878906,48.40999984741211,47.5,47.66999816894531,34.78093338012695,738200
2007-08-29,47.79999923706055,48.599998474121094,47.70000076293945,48.58000183105469,35.44488525390625,372000
2007-08-30,48.20000076293945,48.720001220703125,48.150001525878906,48.369998931884766,35.29167556762695,437800
2007-08-31,48.88999938964844,49.18000030517578,48.61000061035156,48.93000030517578,35.70027160644531,965900
2007-09-04,48.939998626708984,49.68000030517578,48.77000045776367,49.58000183105469,36.17451858520508,516700
2007-09-05,49.06999969482422,49.11000061035156,48.63999938964844,48.63999938964844,35.488670349121094,724100
2007-09-06,48.9900016784668,49.18000030517578,48.650001525878906,49.029998779296875,35.77321243286133,1559700
2007-09-07,48.369998931884766,48.529998779296875,48.029998779296875,48.27000045776367,35.21871566772461,870300
2007-09-10,48.41999816894531,48.47999954223633,47.56999969482422,47.900001525878906,34.94874954223633,838300
2007-09-11,48.15999984741211,48.58000183105469,48.099998474121094,48.529998779296875,35.40840148925781,1338000
2007-09-12,48.41999816894531,48.790000915527344,48.380001068115234,48.45000076293945,35.35004425048828,707000
2007-09-13,48.75,49.02000045776367,48.619998931884766,48.77000045776367,35.58351516723633,254800
2007-09-14,48.540000915527344,48.970001220703125,48.5,48.939998626708984,35.707542419433594,628600
2007-09-17,48.810001373291016,48.810001373291016,48.45000076293945,48.650001525878906,35.495967864990234,178600
2007-09-18,48.93000030517578,50.15999984741211,48.7599983215332,50.13999938964844,36.583072662353516,465000
2007-09-19,50.4900016784668,50.849998474121094,50.279998779296875,50.4900016784668,36.83845901489258,561300
2007-09-20,50.439998626708984,50.47999954223633,49.959999084472656,50.029998779296875,36.502845764160156,669100
2007-09-21,50.20000076293945,50.2400016784668,49.97999954223633,49.97999954223633,36.58189392089844,189200
2007-09-24,50.029998779296875,50.16999816894531,49.650001525878906,49.720001220703125,36.39157485961914,2317400
2007-09-25,49.400001525878906,49.68000030517578,49.2400016784668,49.66999816894531,36.35498809814453,563700
2007-09-26,49.81999969482422,50.029998779296875,49.70000076293945,49.939998626708984,36.55259704589844,409700
2007-09-27,50.099998474121094,50.18000030517578,49.959999084472656,50.119998931884766,36.684364318847656,502700
2007-09-28,50.16999816894531,50.25,49.869998931884766,49.9900016784668,36.5892219543457,309900
2007-10-01,50.099998474121094,50.7599983215332,50.099998474121094,50.66999816894531,37.0869255065918,377700
2007-10-02,50.709999084472656,50.849998474121094,50.58000183105469,50.77000045776367,37.16011047363281,259900
2007-10-03,50.61000061035156,50.880001068115234,50.529998779296875,50.70000076293945,37.1088752746582,463300
2007-10-04,50.7400016784668,50.79999923706055,50.56999969482422,50.689998626708984,37.10155487060547,353500
2007-10-05,51.029998779296875,51.52000045776367,50.91999816894531,51.349998474121094,37.58462905883789,313500
2007-10-08,51.2599983215332,51.33000183105469,51.060001373291016,51.13999938964844,37.430931091308594,503700
2007-10-09,51.29999923706055,51.52000045776367,51.04999923706055,51.5,37.69442367553711,219300
2007-10-10,51.41999816894531,51.5,51.18000030517578,51.43000030517578,37.643184661865234,223100
2007-10-11,51.709999084472656,51.81999969482422,50.84000015258789,51.08000183105469,37.38701629638672,664600
2007-10-12,51.060001373291016,51.36000061035156,51.040000915527344,51.2599983215332,37.51875686645508,280200
2007-10-15,51.31999969482422,51.43000030517578,50.540000915527344,50.779998779296875,37.16743469238281,745000
2007-10-16,50.7599983215332,50.7599983215332,50.29999923706055,50.38999938964844,36.88197708129883,1244900
2007-10-17,50.7599983215332,50.810001373291016,49.90999984741211,50.470001220703125,36.94054412841797,1521200
2007-10-18,50.220001220703125,50.5,50.040000915527344,50.34000015258789,36.84538269042969,1123100
2007-10-19,50.15999984741211,50.209999084472656,48.970001220703125,48.970001220703125,35.8426399230957,608700
2007-10-22,48.689998626708984,49.459999084472656,48.63999938964844,49.400001525878906,36.15737533569336,1958000
2007-10-23,49.72999954223633,49.79999923706055,49.22999954223633,49.79999923706055,36.45014953613281,821100
2007-10-24,49.5099983215332,49.63999938964844,48.75,49.54999923706055,36.26715850830078,2287300
2007-10-25,49.65999984741211,49.939998626708984,49.060001373291016,49.560001373291016,36.27448272705078,1059700
2007-10-26,50.099998474121094,50.22999954223633,49.599998474121094,50.22999954223633,36.76487731933594,609800
2007-10-29,50.2599983215332,50.470001220703125,50.13999938964844,50.279998779296875,36.80146408081055,429100
2007-10-30,50.119998931884766,50.310001373291016,49.9900016784668,50.029998779296875,36.61848068237305,490800
2007-10-31,50.349998474121094,50.75,50.0,50.54999923706055,36.99906921386719,848000
2007-11-01,50.060001373291016,50.290000915527344,49.16999816894531,49.16999816894531,35.989017486572266,1958100
2007-11-02,49.52000045776367,49.52000045776367,48.79999923706055,49.2400016784668,36.04026412963867,1124900
2007-11-05,47.5,49.310001373291016,47.5,49.06999969482422,35.91582489013672,924700
2007-11-06,49.279998779296875,49.52000045776367,48.779998779296875,49.5099983215332,36.237876892089844,620500
2007-11-07,48.77000045776367,49.20000076293945,48.16999816894531,48.27000045776367,35.330291748046875,488800
2007-11-08,48.31999969482422,48.470001220703125,47.45000076293945,48.16999816894531,35.257083892822266,2523600
2007-11-09,47.970001220703125,48.36000061035156,47.52000045776367,47.70000076293945,34.913089752197266,1020200
2007-11-12,47.79999923706055,48.08000183105469,47.06999969482422,47.15999984741211,34.51784896850586,1213600
2007-11-13,47.18000030517578,48.5,47.18000030517578,48.41999816894531,35.440059661865234,932000
2007-11-14,48.779998779296875,48.869998931884766,48.0099983215332,48.029998779296875,35.154632568359375,694500
2007-11-15,47.95000076293945,48.189998626708984,47.25,47.58000183105469,34.82524871826172,890500
2007-11-16,47.900001525878906,47.900001525878906,47.11000061035156,47.560001373291016,34.810604095458984,873300
2007-11-19,47.63999938964844,47.63999938964844,46.54999923706055,46.66999816894531,34.15920639038086,752500
2007-11-20,46.70000076293945,47.2400016784668,46.0,46.599998474121094,34.10794448852539,1055300
2007-11-21,46.650001525878906,46.650001525878906,45.849998474121094,46.0099983215332,33.676116943359375,876200
2007-11-23,46.459999084472656,46.880001068115234,46.279998779296875,46.7599983215332,34.225059509277344,169300
2007-11-26,46.54999923706055,47.029998779296875,45.70000076293945,45.70000076293945,33.44921875,1079200
2007-11-27,46.099998474121094,46.459999084472656,45.81999969482422,46.38999938964844,33.954254150390625,1601700
2007-11-28,46.459999084472656,47.880001068115234,46.459999084472656,47.720001220703125,34.9277229309082,1685600
2007-11-29,47.93000030517578,47.93000030517578,47.400001525878906,47.630001068115234,34.86186218261719,815700
2007-11-30,48.25,48.529998779296875,47.91999816894531,48.20000076293945,35.27906036376953,538300
2007-12-03,48.150001525878906,48.22999954223633,47.869998931884766,47.939998626708984,35.0887451171875,239000
2007-12-04,47.61000061035156,47.900001525878906,47.54999923706055,47.66999816894531,34.8911247253418,553400
2007-12-05,48.0,48.41999816894531,48.0,48.349998474121094,35.38883590698242,429000
2007-12-06,48.09000015258789,49.16999816894531,48.09000015258789,49.08000183105469,35.92314529418945,791800
2007-12-07,49.18000030517578,49.34000015258789,49.09000015258789,49.130001068115234,35.959754943847656,1121800
2007-12-10,49.08000183105469,49.68000030517578,49.08000183105469,49.599998474121094,36.303741455078125,352700
2007-12-11,49.47999954223633,49.7400016784668,48.040000915527344,48.04999923706055,35.169254302978516,1369700
2007-12-12,49.380001068115234,49.380001068115234,47.75,48.369998931884766,35.403472900390625,897200
2007-12-13,48.31999969482422,48.33000183105469,47.7400016784668,48.310001373291016,35.35955047607422,627800
2007-12-14,47.540000915527344,48.16999816894531,47.540000915527344,47.58000183105469,34.82524871826172,300700
2007-12-17,47.2599983215332,47.5099983215332,46.88999938964844,46.91999816894531,34.342159271240234,318400
2007-12-18,47.08000183105469,47.34000015258789,46.59000015258789,47.13999938964844,34.503204345703125,573000
2007-12-19,47.04999923706055,47.40999984741211,46.849998474121094,47.13999938964844,34.503204345703125,876300
2007-12-20,47.27000045776367,47.560001373291016,46.84000015258789,47.33000183105469,34.64227294921875,998200
2007-12-21,47.5,47.88999938964844,47.5,47.86000061035156,35.175872802734375,256800
2007-12-24,47.90999984741211,48.34000015258789,47.90999984741211,48.310001373291016,35.506595611572266,122600
2007-12-26,47.9900016784668,48.279998779296875,47.939998626708984,48.220001220703125,35.440452575683594,431000
2007-12-27,48.2599983215332,48.2599983215332,47.5,47.54999923706055,34.948020935058594,396000
2007-12-28,47.7400016784668,47.900001525878906,47.33000183105469,47.470001220703125,34.889225006103516,151300
2007-12-31,47.15999984741211,47.54999923706055,47.060001373291016,47.18000030517578,34.67607879638672,425000
2008-01-02,47.099998474121094,47.33000183105469,46.349998474121094,46.459999084472656,34.146915435791016,524900
2008-01-03,46.47999954223633,46.66999816894531,46.11000061035156,46.25,33.99254608154297,297900
2008-01-04,46.0,46.0,44.86000061035156,44.939998626708984,33.02972412109375,671000
2008-01-07,45.04999923706055,45.27000045776367,44.599998474121094,45.060001373291016,33.11794662475586,817900
2008-01-08,45.2599983215332,45.470001220703125,43.880001068115234,43.900001525878906,32.2653694152832,473500
2008-01-09,44.0,44.43000030517578,43.310001373291016,44.369998931884766,32.610816955566406,741400
2008-01-10,44.099998474121094,45.310001373291016,43.91999816894531,44.9900016784668,33.06649398803711,1469800
2008-01-11,44.540000915527344,44.900001525878906,44.209999084472656,44.380001068115234,32.61815643310547,593300
2008-01-14,44.560001373291016,44.869998931884766,44.40999984741211,44.83000183105469,32.94889831542969,598200
2008-01-15,44.22999954223633,44.34000015258789,43.63999938964844,43.68000030517578,32.10367202758789,838500
2008-01-16,43.4900016784668,44.33000183105469,43.33000183105469,43.7599983215332,32.162471771240234,1036400
2008-01-17,43.7400016784668,43.86000061035156,42.38999938964844,42.470001220703125,31.21436309814453,1382200
2008-01-18,42.77000045776367,43.08000183105469,41.849998474121094,42.15999984741211,30.98651885986328,1072300
2008-01-22,39.31999969482422,42.47999954223633,39.29999923706055,42.16999816894531,30.99385643005371,1005800
2008-01-23,40.689998626708984,43.529998779296875,40.689998626708984,43.5099983215332,31.978713989257812,783600
2008-01-24,43.560001373291016,43.90999984741211,43.22999954223633,43.70000076293945,32.11837387084961,719200
2008-01-25,44.25,44.349998474121094,43.060001373291016,43.2400016784668,31.780284881591797,999700
2008-01-28,43.22999954223633,44.15999984741211,42.88999938964844,44.15999984741211,32.45647048950195,793700
2008-01-29,44.279998779296875,44.63999938964844,43.95000076293945,44.540000915527344,32.735755920410156,1050800
2008-01-30,44.540000915527344,45.349998474121094,44.040000915527344,44.04999923706055,32.3755989074707,562300
2008-01-31,43.61000061035156,45.529998779296875,43.45000076293945,45.150001525878906,33.184078216552734,499800
2008-02-01,45.22999954223633,46.209999084472656,45.22999954223633,46.08000183105469,33.86763000488281,441800
2008-02-04,46.15999984741211,46.15999984741211,45.47999954223633,45.4900016784668,33.4339599609375,274800
2008-02-05,44.900001525878906,45.02000045776367,44.11000061035156,44.189998626708984,32.47850799560547,530300
2008-02-06,44.45000076293945,44.72999954223633,43.709999084472656,43.84000015258789,32.22127151489258,1002600
2008-02-07,43.599998474121094,44.529998779296875,43.4900016784668,44.22999954223633,32.5079231262207,710600
2008-02-08,44.130001068115234,44.380001068115234,43.650001525878906,43.869998931884766,32.243309020996094,769100
2008-02-11,43.88999938964844,44.38999938964844,43.65999984741211,44.33000183105469,32.58140182495117,315000
2008-02-12,44.5,45.040000915527344,44.22999954223633,44.59000015258789,32.772499084472656,315200
2008-02-13,44.79999923706055,45.22999954223633,44.59000015258789,45.150001525878906,33.184078216552734,393500
2008-02-14,45.18000030517578,45.18000030517578,44.369998931884766,44.459999084472656,32.67695617675781,389700
2008-02-15,44.220001220703125,44.45000076293945,44.0,44.45000076293945,32.66960144042969,318100
2008-02-19,44.810001373291016,45.029998779296875,44.279998779296875,44.5,32.70634841918945,575100
2008-02-20,44.220001220703125,45.029998779296875,44.060001373291016,44.91999816894531,33.015018463134766,574800
2008-02-21,45.130001068115234,45.25,44.150001525878906,44.2400016784668,32.515254974365234,471300
2008-02-22,44.43000030517578,44.619998931884766,43.70000076293945,44.599998474121094,32.779842376708984,374300
2008-02-25,44.66999816894531,45.560001373291016,44.36000061035156,45.380001068115234,33.353145599365234,702900
2008-02-26,45.20000076293945,46.0,45.15999984741211,45.790000915527344,33.65447998046875,379200
2008-02-27,45.68000030517578,46.09000015258789,45.459999084472656,45.459999084472656,33.41192626953125,227000
2008-02-28,45.34000015258789,45.43000030517578,44.939998626708984,45.06999969482422,33.12528991699219,460500
2008-02-29,44.63999938964844,44.63999938964844,43.529998779296875,43.790000915527344,32.184513092041016,141000
2008-03-03,43.54999923706055,43.84000015258789,43.279998779296875,43.709999084472656,32.1257209777832,456700
2008-03-04,43.34000015258789,43.709999084472656,42.90999984741211,43.59000015258789,32.037513732910156,177900
2008-03-05,43.63999938964844,44.22999954223633,43.400001525878906,43.84000015258789,32.22127151489258,382800
2008-03-06,43.560001373291016,43.63999938964844,42.56999969482422,42.56999969482422,31.28784942626953,279900
2008-03-07,42.31999969482422,43.0099983215332,41.959999084472656,42.380001068115234,31.14820098876953,287300
2008-03-10,42.31999969482422,42.41999816894531,41.54999923706055,41.66999816894531,30.626361846923828,319400
2008-03-11,42.45000076293945,43.22999954223633,41.93000030517578,43.22999954223633,31.77294921875,220000
2008-03-12,43.27000045776367,43.65999984741211,42.77000045776367,42.77000045776367,31.434839248657227,120000
2008-03-13,42.27000045776367,43.279998779296875,41.849998474121094,43.060001373291016,31.647987365722656,159400
2008-03-14,43.29999923706055,43.31999969482422,41.720001220703125,42.25,31.05263900756836,251400
2008-03-17,41.06999969482422,41.869998931884766,40.869998931884766,41.47999954223633,30.48672866821289,625200
2008-03-18,42.09000015258789,43.209999084472656,42.06999969482422,43.20000076293945,31.750885009765625,535900
2008-03-19,43.45000076293945,43.7400016784668,42.27000045776367,42.27000045776367,31.06736183166504,249900
2008-03-20,42.279998779296875,43.15999984741211,41.97999954223633,43.0,31.727746963500977,149700
2008-03-24,43.38999938964844,44.43000030517578,43.349998474121094,44.08000183105469,32.52461242675781,157000
2008-03-25,44.209999084472656,44.439998626708984,43.81999969482422,44.290000915527344,32.67954635620117,476000
2008-03-26,44.060001373291016,44.130001068115234,43.61000061035156,43.61000061035156,32.177818298339844,301300
2008-03-27,43.790000915527344,43.95000076293945,43.189998626708984,43.189998626708984,31.867919921875,236900
2008-03-28,43.2599983215332,43.400001525878906,42.630001068115234,42.72999954223633,31.528512954711914,198000
2008-03-31,42.66999816894531,43.18000030517578,42.58000183105469,42.810001373291016,31.587543487548828,1305300
2008-04-01,43.560001373291016,45.060001373291016,43.5,44.72999954223633,33.00421905517578,798200
2008-04-02,44.84000015258789,45.20000076293945,44.63999938964844,44.849998474121094,33.092769622802734,175900
2008-04-03,44.70000076293945,45.11000061035156,44.369998931884766,44.880001068115234,33.11490249633789,252500
2008-04-04,45.02000045776367,45.31999969482422,44.70000076293945,45.0,33.20344924926758,380400
2008-04-07,45.20000076293945,45.47999954223633,44.5,44.86000061035156,33.10014724731445,235400
2008-04-08,44.66999816894531,44.86000061035156,44.5,44.720001220703125,32.99685287475586,106700
2008-04-09,44.65999984741211,44.77000045776367,43.9900016784668,44.16999816894531,32.59102249145508,211800
2008-04-10,44.04999923706055,44.52000045776367,43.90999984741211,44.27000045776367,32.66481018066406,1290700
2008-04-11,44.02000045776367,44.09000015258789,43.45000076293945,43.52000045776367,32.111412048339844,148200
2008-04-14,43.470001220703125,43.599998474121094,43.27000045776367,43.31999969482422,31.963851928710938,145900
2008-04-15,43.58000183105469,43.59000015258789,43.11000061035156,43.47999954223633,32.081905364990234,127600
2008-04-16,43.79999923706055,44.65999984741211,43.79999923706055,44.65999984741211,32.95256805419922,397900
2008-04-17,44.45000076293945,44.75,44.33000183105469,44.630001068115234,32.93043899536133,128700
2008-04-18,45.630001068115234,45.68000030517578,45.279998779296875,45.349998474121094,33.461700439453125,398500
2008-04-21,45.16999816894531,45.40999984741211,45.029998779296875,45.279998779296875,33.410037994384766,139000
2008-04-22,45.150001525878906,45.150001525878906,44.43000030517578,44.709999084472656,32.989471435546875,116900
2008-04-23,44.7599983215332,45.119998931884766,44.59000015258789,44.84000015258789,33.085391998291016,148400
2008-04-24,44.779998779296875,45.4900016784668,44.5099983215332,45.18000030517578,33.33625793457031,121800
2008-04-25,45.36000061035156,45.72999954223633,44.9900016784668,45.689998626708984,33.712554931640625,141700
2008-04-28,45.7400016784668,45.93000030517578,45.5099983215332,45.7400016784668,33.749473571777344,114900
2008-04-29,45.650001525878906,45.77000045776367,45.40999984741211,45.66999816894531,33.69779586791992,285900
2008-04-30,45.630001068115234,46.029998779296875,45.20000076293945,45.2599983215332,33.39529037475586,202000
2008-05-01,45.189998626708984,46.279998779296875,45.150001525878906,46.2599983215332,34.13313674926758,184600
2008-05-02,46.61000061035156,46.79999923706055,46.119998931884766,46.38999938964844,34.22907257080078,230700
2008-05-05,46.15999984741211,46.349998474121094,45.939998626708984,46.130001068115234,34.037208557128906,142400
2008-05-06,45.939998626708984,46.63999938964844,45.7400016784668,46.52000045776367,34.32499694824219,147300
2008-05-07,46.619998931884766,46.66999816894531,45.689998626708984,45.77000045776367,33.77159881591797,112800
2008-05-08,45.7400016784668,46.0,45.540000915527344,45.77000045776367,33.77159881591797,120300
2008-05-09,45.38999938964844,45.790000915527344,45.34000015258789,45.560001373291016,33.61664962768555,130000
2008-05-12,45.709999084472656,46.279998779296875,45.540000915527344,46.279998779296875,34.147891998291016,1382000
2008-05-13,46.369998931884766,46.439998626708984,46.06999969482422,46.34000015258789,34.19215774536133,296600
2008-05-14,46.5,47.02000045776367,46.5,46.58000183105469,34.36924743652344,355000
2008-05-15,46.66999816894531,47.25,46.540000915527344,47.16999816894531,34.80459213256836,184100
2008-05-16,47.27000045776367,47.27000045776367,46.790000915527344,47.16999816894531,34.80459213256836,95100
2008-05-19,47.130001068115234,47.65999984741211,46.97999954223633,47.099998474121094,34.75293731689453,141100
2008-05-20,46.900001525878906,46.900001525878906,46.5,46.75,34.49470138549805,300300
2008-05-21,46.84000015258789,46.91999816894531,45.849998474121094,45.88999938964844,33.86014175415039,229000
2008-05-22,45.97999954223633,46.220001220703125,45.880001068115234,46.0,33.9412956237793,445500
2008-05-23,45.75,45.81999969482422,45.2599983215332,45.380001068115234,33.48384475708008,184900
2008-05-27,45.4900016784668,45.849998474121094,45.36000061035156,45.81999969482422,33.80849075317383,203900
2008-05-28,45.91999816894531,46.11000061035156,45.689998626708984,46.11000061035156,34.022464752197266,117700
2008-05-29,46.02000045776367,46.599998474121094,46.02000045776367,46.36000061035156,34.2069206237793,118700
2008-05-30,46.529998779296875,46.58000183105469,46.310001373291016,46.459999084472656,34.28070831298828,186400
2008-06-02,46.27000045776367,46.439998626708984,45.65999984741211,45.95000076293945,33.9044075012207,154100
2008-06-03,46.15999984741211,46.22999954223633,45.45000076293945,45.790000915527344,33.786354064941406,362800
2008-06-04,45.63999938964844,46.220001220703125,45.540000915527344,45.77000045776367,33.77159881591797,395800
2008-06-05,46.02000045776367,46.619998931884766,45.90999984741211,46.560001373291016,34.3545036315918,93200
2008-06-06,46.15999984741211,46.16999816894531,44.9900016784668,44.9900016784668,33.19606399536133,563300
2008-06-09,45.15999984741211,45.459999084472656,44.650001525878906,45.0,33.20344924926758,734500
2008-06-10,44.68000030517578,45.119998931884766,44.630001068115234,44.81999969482422,33.07062530517578,221100
2008-06-11,44.720001220703125,44.7599983215332,43.880001068115234,43.93000030517578,32.41394805908203,629600
2008-06-12,44.310001373291016,44.650001525878906,43.86000061035156,44.130001068115234,32.5615119934082,476200
2008-06-13,44.34000015258789,44.93000030517578,44.279998779296875,44.93000030517578,33.15177917480469,414500
2008-06-16,44.70000076293945,45.130001068115234,44.56999969482422,45.0,33.20344924926758,199800
2008-06-17,45.18000030517578,45.18000030517578,44.560001373291016,44.560001373291016,32.87879943847656,503400
2008-06-18,44.33000183105469,44.38999938964844,43.900001525878906,44.09000015258789,32.53199768066406,291300
2008-06-19,44.02000045776367,44.5099983215332,43.880001068115234,44.380001068115234,32.745975494384766,250600
2008-06-20,43.790000915527344,43.84000015258789,43.209999084472656,43.38999938964844,32.12844467163086,177600
2008-06-23,43.4900016784668,43.56999969482422,43.04999923706055,43.11000061035156,31.92110824584961,350600
2008-06-24,43.029998779296875,43.41999816894531,42.56999969482422,42.9900016784668,31.832252502441406,490100
2008-06-25,43.25,43.810001373291016,43.11000061035156,43.29999923706055,32.06180191040039,429400
2008-06-26,42.849998474121094,42.849998474121094,42.0,42.0,31.099214553833008,409400
2008-06-27,42.13999938964844,42.20000076293945,41.599998474121094,41.95000076293945,31.062175750732422,447900
2008-06-30,42.75,42.75,41.58000183105469,41.7400016784668,30.906681060791016,191700
2008-07-01,41.209999084472656,41.86000061035156,40.959999084472656,41.83000183105469,30.973318099975586,1283900
2008-07-02,42.029998779296875,42.13999938964844,40.970001220703125,40.970001220703125,30.336528778076172,272500
2008-07-03,41.20000076293945,41.40999984741211,40.529998779296875,40.720001220703125,30.15141487121582,435800
2008-07-07,41.02000045776367,41.279998779296875,40.029998779296875,40.439998626708984,29.944087982177734,951100
2008-07-08,40.31999969482422,41.43000030517578,40.15999984741211,41.43000030517578,30.677135467529297,947300
2008-07-09,41.33000183105469,41.58000183105469,40.36000061035156,40.38999938964844,29.907068252563477,361300
2008-07-10,40.470001220703125,40.70000076293945,39.91999816894531,40.38999938964844,29.907068252563477,492200
2008-07-11,40.04999923706055,40.540000915527344,39.36000061035156,40.08000183105469,29.67753028869629,513300
2008-07-14,40.29999923706055,40.5,39.31999969482422,39.36000061035156,29.144392013549805,353500
2008-07-15,39.0,39.7599983215332,38.38999938964844,39.06999969482422,28.929662704467773,570600
2008-07-16,39.189998626708984,40.439998626708984,38.959999084472656,40.439998626708984,29.944087982177734,627800
2008-07-17,40.790000915527344,41.31999969482422,40.22999954223633,41.27000045776367,30.55866813659668,1487800
2008-07-18,41.45000076293945,41.45000076293945,40.900001525878906,41.2400016784668,30.536455154418945,540300
2008-07-21,41.25,41.529998779296875,41.029998779296875,41.20000076293945,30.5068359375,423400
2008-07-22,41.0,41.90999984741211,40.68000030517578,41.88999938964844,31.017742156982422,523800
2008-07-23,41.709999084472656,42.7400016784668,41.5,42.27000045776367,31.29912757873535,1532500
2008-07-24,42.33000183105469,42.36000061035156,40.900001525878906,40.9900016784668,30.351337432861328,750600
2008-07-25,41.220001220703125,41.34000015258789,40.849998474121094,41.029998779296875,30.380971908569336,378500
2008-07-28,41.0,41.16999816894531,40.2599983215332,40.27000045776367,29.818218231201172,308000
2008-07-29,40.349998474121094,41.45000076293945,40.349998474121094,41.45000076293945,30.691957473754883,468200
2008-07-30,41.75,42.040000915527344,41.310001373291016,42.040000915527344,31.128822326660156,274600
2008-07-31,41.540000915527344,42.029998779296875,41.47999954223633,41.529998779296875,30.751182556152344,337200
2008-08-01,41.880001068115234,41.880001068115234,40.959999084472656,41.279998779296875,30.566076278686523,267600
2008-08-04,41.45000076293945,41.45000076293945,40.81999969482422,41.0099983215332,30.36614227294922,196700
2008-08-05,41.16999816894531,42.25,41.16999816894531,42.25,31.284320831298828,332000
2008-08-06,42.209999084472656,42.5,41.86000061035156,42.40999984741211,31.402782440185547,417800
2008-08-07,42.0,42.20000076293945,41.54999923706055,41.619998931884766,30.817832946777344,266900
2008-08-08,41.7400016784668,42.900001525878906,41.689998626708984,42.779998779296875,31.6767578125,1416000
2008-08-11,42.849998474121094,43.709999084472656,42.59000015258789,43.34000015258789,32.09141159057617,1202300
2008-08-12,43.400001525878906,43.400001525878906,42.560001373291016,42.689998626708984,31.61012840270996,1252900
2008-08-13,42.959999084472656,42.959999084472656,42.02000045776367,42.5,31.469423294067383,1508200
2008-08-14,42.5099983215332,43.20000076293945,42.13999938964844,43.0,31.83966064453125,324800
2008-08-15,43.20000076293945,43.470001220703125,43.029998779296875,43.31999969482422,32.07658767700195,1054800
2008-08-18,43.4900016784668,43.4900016784668,42.41999816894531,42.59000015258789,31.536073684692383,1390600
2008-08-19,42.33000183105469,42.369998931884766,41.83000183105469,41.939998626708984,31.054765701293945,1626000
2008-08-20,42.130001068115234,42.2400016784668,41.619998931884766,42.04999923706055,31.136226654052734,1814900
2008-08-21,41.93000030517578,42.18000030517578,41.619998931884766,41.849998474121094,30.988122940063477,66900
2008-08-22,42.16999816894531,42.65999984741211,42.16999816894531,42.65999984741211,31.5878963470459,653800
2008-08-25,42.61000061035156,42.61000061035156,41.75,41.79999923706055,30.951112747192383,157400
2008-08-26,41.84000015258789,42.08000183105469,41.599998474121094,41.869998931884766,31.0029354095459,453100
2008-08-27,41.900001525878906,42.45000076293945,41.86000061035156,42.349998474121094,31.358352661132812,112000
2008-08-28,42.54999923706055,43.15999984741211,42.54999923706055,43.119998931884766,31.928508758544922,144300
2008-08-29,43.09000015258789,43.09000015258789,42.68000030517578,42.7599983215332,31.661951065063477,942700
2008-09-02,43.20000076293945,43.70000076293945,42.5,42.79999923706055,31.691556930541992,971700
2008-09-03,42.7599983215332,42.95000076293945,42.380001068115234,42.560001373291016,31.513858795166016,952900
2008-09-04,42.41999816894531,42.41999816894531,41.400001525878906,41.40999984741211,30.662322998046875,243600
2008-09-05,41.16999816894531,41.849998474121094,40.70000076293945,41.790000915527344,30.94370460510254,271700
2008-09-08,41.79999923706055,43.40999984741211,41.79999923706055,42.65999984741211,31.5878963470459,1179000
2008-09-09,42.81999969482422,42.81999969482422,41.13999938964844,41.13999938964844,30.462406158447266,240300
2008-09-10,41.2599983215332,41.72999954223633,40.869998931884766,41.29999923706055,30.580881118774414,226400
2008-09-11,40.79999923706055,41.869998931884766,40.529998779296875,41.83000183105469,30.973318099975586,411400
2008-09-12,41.66999816894531,42.16999816894531,41.369998931884766,42.02000045776367,31.114013671875,202200
2008-09-15,40.29999923706055,41.599998474121094,40.2599983215332,40.27000045776367,29.818218231201172,585700
2008-09-16,39.36000061035156,40.72999954223633,39.25,40.630001068115234,30.08477783203125,808800
2008-09-17,40.310001373291016,40.310001373291016,38.779998779296875,38.779998779296875,28.71491813659668,520000
2008-09-18,39.18000030517578,40.720001220703125,37.790000915527344,40.459999084472656,29.958892822265625,796500
2008-09-19,41.79999923706055,41.79999923706055,41.279998779296875,41.79999923706055,31.090970993041992,642000
2008-09-22,40.7599983215332,41.540000915527344,40.15999984741211,40.189998626708984,29.893444061279297,526100
2008-09-23,40.5,40.689998626708984,39.529998779296875,39.56999969482422,29.432279586791992,147700
2008-09-24,39.5099983215332,40.97999954223633,38.810001373291016,40.09000015258789,29.81904411315918,175500
2008-09-25,40.970001220703125,40.97999954223633,39.59000015258789,40.04999923706055,29.789310455322266,485500
2008-09-26,40.52000045776367,41.02000045776367,39.13999938964844,40.0,29.752126693725586,1060700
2008-09-29,39.75,39.75,36.34000015258789,36.900001525878906,27.446325302124023,1394400
2008-09-30,38.0,38.040000915527344,36.7400016784668,37.93000030517578,28.212446212768555,378300
2008-10-01,37.939998626708984,38.0,37.189998626708984,37.869998931884766,28.167814254760742,941400
2008-10-02,37.779998779296875,37.779998779296875,35.869998931884766,36.20000076293945,26.925662994384766,509200
2008-10-03,36.58000183105469,37.20000076293945,35.22999954223633,35.279998779296875,26.241369247436523,715200
2008-10-06,34.38999938964844,34.86000061035156,32.15999984741211,34.040000915527344,25.319049835205078,781300
2008-10-07,34.380001068115234,35.16999816894531,31.469999313354492,31.75,23.61574935913086,387100
2008-10-08,31.06999969482422,32.61000061035156,30.229999542236328,31.479999542236328,23.4149169921875,809200
2008-10-09,31.760000228881836,32.0099983215332,28.959999084472656,29.200000762939453,21.71904945373535,1513900
2008-10-10,27.799999237060547,29.6299991607666,26.200000762939453,28.809999465942383,21.428964614868164,1166600
2008-10-13,29.31999969482422,32.0,29.31999969482422,32.0,23.801687240600586,1266600
2008-10-14,33.36000061035156,34.040000915527344,30.860000610351562,31.709999084472656,23.585988998413086,1173500
2008-10-15,30.510000228881836,31.420000076293945,28.719999313354492,28.8799991607666,21.481029510498047,477900
2008-10-16,28.969999313354492,29.799999237060547,27.309999465942383,29.770000457763672,22.14301872253418,541700
2008-10-17,29.229999542236328,30.989999771118164,28.920000076293945,29.299999237060547,21.79342269897461,478300
2008-10-20,30.06999969482422,31.440000534057617,29.719999313354492,31.100000381469727,23.13227081298828,317800
2008-10-21,30.760000228881836,31.010000228881836,29.889999389648438,30.030000686645508,22.336400985717773,408700
2008-10-22,29.420000076293945,29.420000076293945,27.309999465942383,28.110000610351562,20.908294677734375,288700
2008-10-23,27.84000015258789,28.520000457763672,26.360000610351562,27.93000030517578,20.7744197845459,446100
2008-10-24,25.25,27.6200008392334,25.0,26.809999465942383,19.941356658935547,580700
2008-10-27,25.790000915527344,27.229999542236328,25.5,25.5,18.966968536376953,406400
2008-10-28,26.68000030517578,28.549999237060547,25.639999389648438,28.549999237060547,21.235570907592773,389300
2008-10-29,29.290000915527344,29.700000762939453,28.209999084472656,28.440000534057617,21.153751373291016,468700
2008-10-30,29.8799991607666,29.8799991607666,28.5,29.3799991607666,21.85292625427246,365400
2008-10-31,29.559999465942383,30.459999084472656,28.889999389648438,30.0,22.314088821411133,324600
2008-11-03,29.84000015258789,30.239999771118164,29.700000762939453,29.940000534057617,22.269458770751953,214700
2008-11-04,30.799999237060547,31.190000534057617,30.34000015258789,31.1200008392334,23.147144317626953,709900
2008-11-05,30.770000457763672,31.0,29.450000762939453,29.450000762939453,21.905000686645508,327600
2008-11-06,29.059999465942383,29.510000228881836,27.860000610351562,27.920000076293945,20.766979217529297,453000
2008-11-07,28.34000015258789,28.729999542236328,28.010000228881836,28.709999084472656,21.354585647583008,346400
2008-11-10,29.450000762939453,29.450000762939453,27.770000457763672,28.18000030517578,20.96036720275879,261700
2008-11-11,27.579999923706055,27.979999542236328,26.920000076293945,27.31999969482422,20.320695877075195,337100
2008-11-12,26.899999618530273,26.899999618530273,25.780000686645508,25.940000534057617,19.29424285888672,379800
2008-11-13,26.06999969482422,27.719999313354492,24.75,27.719999313354492,20.61821174621582,363600
2008-11-14,27.040000915527344,27.760000228881836,26.3700008392334,26.450000762939453,19.673595428466797,246400
2008-11-17,26.1299991607666,26.6200008392334,25.65999984741211,25.65999984741211,19.08598518371582,754000
2008-11-18,25.520000457763672,26.079999923706055,24.850000381469727,25.610000610351562,19.048797607421875,244800
2008-11-19,25.790000915527344,25.829999923706055,23.93000030517578,23.950000762939453,17.8140811920166,320700
2008-11-20,23.610000610351562,24.290000915527344,22.149999618530273,22.31999969482422,16.601686477661133,1208400
2008-11-21,22.549999237060547,23.670000076293945,21.8700008392334,23.579999923706055,17.538877487182617,1056700
2008-11-24,24.079999923706055,25.75,23.799999237060547,25.280000686645508,18.803335189819336,1242000
2008-11-25,25.940000534057617,26.0,24.90999984741211,25.649999618530273,19.07853889465332,340600
2008-11-26,24.93000030517578,26.850000381469727,24.93000030517578,26.829999923706055,19.956239700317383,828700
2008-11-28,26.700000762939453,27.110000610351562,26.600000381469727,27.110000610351562,20.16449546813965,474600
2008-12-01,26.540000915527344,26.559999465942383,24.59000015258789,24.649999618530273,18.334741592407227,648600
2008-12-02,24.75,25.579999923706055,24.6299991607666,25.579999923706055,19.02647590637207,409300
2008-12-03,24.93000030517578,26.280000686645508,24.809999465942383,26.280000686645508,19.547136306762695,330100
2008-12-04,25.809999465942383,26.510000228881836,25.079999923706055,25.459999084472656,18.937225341796875,666100
2008-12-05,25.110000610351562,26.549999237060547,24.549999237060547,26.440000534057617,19.666147232055664,900400
2008-12-08,26.950000762939453,27.75,26.90999984741211,27.399999618530273,20.380199432373047,1353600
2008-12-09,27.350000381469727,27.899999618530273,26.860000610351562,27.059999465942383,20.127304077148438,720900
2008-12-10,27.260000228881836,27.729999542236328,26.989999771118164,27.399999618530273,20.380199432373047,337000
2008-12-11,27.260000228881836,27.649999618530273,26.329999923706055,26.670000076293945,19.837223052978516,1198400
2008-12-12,25.84000015258789,26.920000076293945,25.639999389648438,26.8799991607666,19.993425369262695,433000
2008-12-15,26.93000030517578,26.989999771118164,25.959999084472656,26.3799991607666,19.621519088745117,366200
2008-12-16,27.979999542236328,27.979999542236328,26.670000076293945,27.979999542236328,20.81160545349121,665000
2008-12-17,27.56999969482422,28.229999542236328,27.3700008392334,27.829999923706055,20.700035095214844,2531000
2008-12-18,27.920000076293945,28.170000076293945,26.989999771118164,27.34000015258789,20.335573196411133,1257200
2008-12-19,27.43000030517578,27.969999313354492,27.1200008392334,27.350000381469727,20.44997215270996,904800
2008-12-22,27.40999984741211,27.40999984741211,26.079999923706055,26.510000228881836,19.82189178466797,798500
2008-12-23,26.59000015258789,26.790000915527344,26.020000457763672,26.1200008392334,19.530282974243164,1152600
2008-12-24,26.219999313354492,26.3700008392334,26.079999923706055,26.270000457763672,19.64244270324707,289200
2008-12-26,26.43000030517578,26.610000610351562,26.239999771118164,26.610000610351562,19.896663665771484,226900
2008-12-29,26.510000228881836,26.530000686645508,25.899999618530273,26.299999237060547,19.664873123168945,380000
2008-12-30,26.40999984741211,27.200000762939453,26.3799991607666,27.1299991607666,20.28547477722168,631800
2008-12-31,27.219999313354492,27.920000076293945,27.020000457763672,27.799999237060547,20.786447525024414,574300
2009-01-02,27.329999923706055,28.920000076293945,27.329999923706055,28.75,21.49677276611328,1813500
2009-01-05,28.59000015258789,29.239999771118164,28.420000076293945,28.899999618530273,21.608930587768555,2954300
2009-01-06,29.25,29.829999923706055,29.100000381469727,29.56999969482422,22.109886169433594,963800
2009-01-07,29.190000534057617,29.190000534057617,28.440000534057617,28.59000015258789,21.37713623046875,884500
2009-01-08,28.399999618530273,28.84000015258789,28.18000030517578,28.81999969482422,21.549102783203125,544900
2009-01-09,28.889999389648438,28.899999618530273,28.020000457763672,28.059999465942383,20.98084831237793,458700
2009-01-12,28.0,28.030000686645508,26.979999542236328,27.149999618530273,20.300430297851562,599100
2009-01-13,27.030000686645508,27.440000534057617,26.81999969482422,27.15999984741211,20.30790901184082,1318000
2009-01-14,26.65999984741211,26.670000076293945,25.889999389648438,26.1299991607666,19.53776741027832,1494000
2009-01-15,26.200000762939453,26.690000534057617,25.280000686645508,26.309999465942383,19.672348022460938,1985700
2009-01-16,26.719999313354492,26.8799991607666,25.899999618530273,26.670000076293945,19.941526412963867,1617600
2009-01-20,26.469999313354492,26.469999313354492,24.959999084472656,24.959999084472656,18.66293716430664,973400
2009-01-21,25.420000076293945,26.170000076293945,24.920000076293945,26.170000076293945,19.567665100097656,835900
2009-01-22,25.649999618530273,26.059999465942383,25.09000015258789,25.610000610351562,19.148944854736328,1250800
2009-01-23,24.959999084472656,26.149999618530273,24.799999237060547,25.860000610351562,19.33587074279785,642600
2009-01-26,25.950000762939453,26.600000381469727,25.670000076293945,25.959999084472656,19.41064453125,635800
2009-01-27,26.030000686645508,26.489999771118164,25.93000030517578,26.309999465942383,19.672348022460938,482200
2009-01-28,26.860000610351562,27.6200008392334,26.860000610351562,27.3799991607666,20.472400665283203,481300
2009-01-29,27.0,27.0,26.270000457763672,26.309999465942383,19.672348022460938,250900
2009-01-30,26.43000030517578,26.510000228881836,25.34000015258789,25.479999542236328,19.05174446105957,642900
2009-02-02,25.100000381469727,25.59000015258789,24.989999771118164,25.420000076293945,19.006877899169922,407800
2009-02-03,25.5,25.989999771118164,25.25,25.84000015258789,19.3209228515625,327300
2009-02-04,25.899999618530273,26.34000015258789,25.639999389648438,25.700000762939453,19.216243743896484,379300
2009-02-05,25.5,26.479999542236328,25.360000610351562,26.209999084472656,19.59758949279785,517400
2009-02-06,26.200000762939453,27.15999984741211,26.200000762939453,27.010000228881836,20.195755004882812,580700
2009-02-09,27.010000228881836,27.350000381469727,26.809999465942383,27.059999465942383,20.23313331604004,904400
2009-02-10,26.81999969482422,27.100000381469727,25.459999084472656,25.6200008392334,19.15642547607422,721100
2009-02-11,25.81999969482422,26.059999465942383,25.43000030517578,25.850000381469727,19.328401565551758,1074500
2009-02-12,25.43000030517578,26.010000228881836,25.040000915527344,25.969999313354492,19.418123245239258,951200
2009-02-13,25.889999389648438,26.15999984741211,25.6200008392334,25.709999084472656,19.223726272583008,846300
2009-02-17,24.860000610351562,24.860000610351562,24.3700008392334,24.3799991607666,18.22925567626953,577600
2009-02-18,24.6299991607666,24.6299991607666,23.940000534057617,24.200000762939453,18.094669342041016,999600
2009-02-19,24.420000076293945,24.690000534057617,23.799999237060547,23.8700008392334,17.847932815551758,760400
2009-02-20,23.360000610351562,23.940000534057617,23.040000915527344,23.65999984741211,17.690906524658203,1109200
2009-02-23,23.770000457763672,23.899999618530273,22.690000534057617,22.739999771118164,17.003013610839844,638800
2009-02-24,22.850000381469727,23.8799991607666,22.729999542236328,23.770000457763672,17.77315330505371,595200
2009-02-25,23.610000610351562,23.989999771118164,23.079999923706055,23.489999771118164,17.563791275024414,620100
2009-02-26,23.770000457763672,23.969999313354492,23.020000457763672,23.040000915527344,17.227323532104492,357300
2009-02-27,22.530000686645508,23.15999984741211,22.479999542236328,22.6200008392334,16.913286209106445,650700
2009-03-02,22.100000381469727,22.280000686645508,21.290000915527344,21.389999389648438,15.993602752685547,1608900
2009-03-03,21.6200008392334,21.729999542236328,21.010000228881836,21.170000076293945,15.829096794128418,873500
2009-03-04,21.579999923706055,22.239999771118164,21.399999618530273,21.829999923706055,16.322595596313477,381500
2009-03-05,21.309999465942383,21.540000915527344,20.65999984741211,20.829999923706055,15.574881553649902,887500
2009-03-06,21.09000015258789,21.299999237060547,20.190000534057617,20.739999771118164,15.507589340209961,678600
2009-03-09,20.59000015258789,21.15999984741211,20.420000076293945,20.59000015258789,15.395427703857422,623000
2009-03-10,20.940000534057617,22.030000686645508,20.93000030517578,22.030000686645508,16.472137451171875,640800
2009-03-11,22.270000457763672,22.510000228881836,21.8799991607666,22.149999618530273,16.56186294555664,459200
2009-03-12,22.06999969482422,23.170000076293945,21.889999389648438,23.040000915527344,17.227323532104492,445700
2009-03-13,23.200000762939453,23.40999984741211,22.81999969482422,23.299999237060547,17.42173194885254,994500
2009-03-16,23.649999618530273,23.920000076293945,23.139999389648438,23.139999389648438,17.302104949951172,738000
2009-03-17,23.25,23.959999084472656,22.979999542236328,23.940000534057617,17.900270462036133,1492600
2009-03-18,23.780000686645508,25.0,23.6200008392334,24.809999465942383,18.550783157348633,1284100
2009-03-19,25.209999084472656,25.209999084472656,24.479999542236328,24.579999923706055,18.37880516052246,1182200
2009-03-20,24.540000915527344,24.540000915527344,23.540000915527344,23.670000076293945,17.8172664642334,1159600
2009-03-23,24.68000030517578,25.68000030517578,24.309999465942383,25.639999389648438,19.300148010253906,432600
2009-03-24,25.329999923706055,25.719999313354492,25.079999923706055,25.09000015258789,18.886146545410156,929400
2009-03-25,25.280000686645508,26.0,24.520000457763672,25.3700008392334,19.096920013427734,3031200
2009-03-26,25.739999771118164,26.25,25.489999771118164,26.18000030517578,19.70663833618164,708000
2009-03-27,25.809999465942383,25.989999771118164,25.549999237060547,25.6299991607666,19.292621612548828,760300
2009-03-30,24.899999618530273,24.93000030517578,24.170000076293945,24.450000762939453,18.40439796447754,260300
2009-03-31,24.770000457763672,25.229999542236328,24.479999542236328,24.770000457763672,18.645275115966797,1056600
2009-04-01,24.649999618530273,25.3700008392334,24.31999969482422,25.299999237060547,19.044221878051758,568700
2009-04-02,26.43000030517578,26.770000457763672,25.639999389648438,26.40999984741211,19.8797607421875,1407900
2009-04-03,26.420000076293945,26.920000076293945,26.1200008392334,26.920000076293945,20.263662338256836,971000
2009-04-06,26.510000228881836,26.649999618530273,26.1200008392334,26.530000686645508,19.970090866088867,666700
2009-04-07,26.040000915527344,26.18000030517578,25.709999084472656,25.729999542236328,19.367902755737305,954300
2009-04-08,26.059999465942383,26.280000686645508,25.829999923706055,26.260000228881836,19.7668514251709,709400
2009-04-09,28.139999389648438,28.139999389648438,26.920000076293945,27.850000381469727,20.963706970214844,3995400
2009-04-13,27.5,28.18000030517578,27.200000762939453,27.93000030517578,21.023923873901367,1228000
2009-04-14,27.600000381469727,28.040000915527344,27.18000030517578,27.209999084472656,20.48194694519043,1062600
2009-04-15,27.15999984741211,27.780000686645508,26.940000534057617,27.709999084472656,20.85831642150879,2994000
2009-04-16,27.889999389648438,28.6200008392334,27.610000610351562,28.350000381469727,21.340070724487305,1757200
2009-04-17,28.559999465942383,29.020000457763672,28.229999542236328,28.799999237060547,21.67879867553711,1704500
2009-04-20,28.469999313354492,28.469999313354492,27.110000610351562,27.149999618530273,20.436786651611328,2451500
2009-04-21,26.989999771118164,27.979999542236328,26.559999465942383,27.950000762939453,21.038972854614258,3468000
2009-04-22,27.700000762939453,28.75,27.510000228881836,28.010000228881836,21.084142684936523,2282200
2009-04-23,28.010000228881836,28.3700008392334,27.68000030517578,28.329999923706055,21.32501983642578,3137200
2009-04-24,28.530000686645508,29.280000686645508,28.420000076293945,29.010000228881836,21.836875915527344,1615700
2009-04-27,28.729999542236328,29.020000457763672,28.329999923706055,28.479999542236328,21.437923431396484,1923200
2009-04-28,28.270000457763672,28.770000457763672,28.020000457763672,28.360000610351562,21.34759521484375,4259300
2009-04-29,28.559999465942383,29.559999465942383,28.559999465942383,29.25,22.017534255981445,2144700
2009-04-30,29.68000030517578,30.030000686645508,29.219999313354492,29.399999618530273,22.130447387695312,1878400
2009-05-01,29.40999984741211,29.790000915527344,29.18000030517578,29.549999237060547,22.243349075317383,1427900
2009-05-04,29.860000610351562,31.0,29.780000686645508,30.93000030517578,23.282129287719727,1842100
2009-05-05,30.920000076293945,31.020000457763672,30.540000915527344,30.889999389648438,23.252016067504883,3733500
2009-05-06,31.31999969482422,31.59000015258789,30.809999465942383,31.489999771118164,23.70366096496582,2599100
2009-05-07,31.920000076293945,31.989999771118164,30.559999465942383,30.770000457763672,23.161685943603516,2178800
2009-05-08,31.280000686645508,32.04999923706055,31.110000610351562,32.04999923706055,24.12519073486328,4245600
2009-05-11,31.670000076293945,31.670000076293945,30.979999542236328,31.110000610351562,23.417631149291992,2420600
2009-05-12,31.440000534057617,31.489999771118164,30.110000610351562,30.649999618530273,23.071359634399414,3053600
2009-05-13,30.18000030517578,30.18000030517578,29.260000228881836,29.299999237060547,22.055166244506836,1836800
2009-05-14,29.280000686645508,30.139999389648438,29.18000030517578,29.850000381469727,22.46917724609375,2487200
2009-05-15,29.8700008392334,30.15999984741211,29.25,29.43000030517578,22.15302848815918,1253000
2009-05-18,29.760000228881836,30.729999542236328,29.760000228881836,30.690000534057617,23.101472854614258,2046300
2009-05-19,30.579999923706055,31.1200008392334,30.479999542236328,30.75,23.14663314819336,1075600
2009-05-20,31.06999969482422,31.610000610351562,30.459999084472656,30.540000915527344,22.98855972290039,1430600
2009-05-21,30.18000030517578,30.209999084472656,29.549999237060547,29.93000030517578,22.529388427734375,1072900
2009-05-22,30.09000015258789,30.209999084472656,29.690000534057617,29.8700008392334,22.484230041503906,978600
2009-05-26,29.549999237060547,30.899999618530273,29.540000915527344,30.81999969482422,23.19932746887207,1517300
2009-05-27,30.860000610351562,31.100000381469727,30.200000762939453,30.200000762939453,22.73262596130371,995100
2009-05-28,30.549999237060547,30.709999084472656,29.8700008392334,30.6299991607666,23.05630874633789,872500
2009-05-29,30.81999969482422,31.299999237060547,30.600000381469727,31.299999237060547,23.56064224243164,2313400
2009-06-01,31.739999771118164,32.619998931884766,31.729999542236328,32.43000030517578,24.411230087280273,1811900
2009-06-02,32.36000061035156,32.630001068115234,32.189998626708984,32.43000030517578,24.411230087280273,1663000
2009-06-03,32.25,32.25,31.399999618530273,31.719999313354492,23.876779556274414,1710300
2009-06-04,31.799999237060547,32.369998931884766,31.579999923706055,32.369998931884766,24.366065979003906,1470700
2009-06-05,32.689998626708984,32.72999954223633,31.8799991607666,32.36000061035156,24.358539581298828,1887700
2009-06-08,32.060001373291016,32.34000015258789,31.540000915527344,31.969999313354492,24.06497573852539,2870200
2009-06-09,32.279998779296875,32.470001220703125,31.950000762939453,32.290000915527344,24.30585289001465,1715200
2009-06-10,32.59000015258789,32.68000030517578,31.770000457763672,32.63999938964844,24.56931495666504,1120900
2009-06-11,32.369998931884766,32.779998779296875,32.310001373291016,32.33000183105469,24.33595848083496,976600
2009-06-12,32.2400016784668,32.33000183105469,31.8700008392334,32.310001373291016,24.320907592773438,868200
2009-06-15,31.90999984741211,31.93000030517578,31.229999542236328,31.350000381469727,23.598276138305664,847500
2009-06-16,31.510000228881836,31.6200008392334,30.780000686645508,30.829999923706055,23.206857681274414,1025500
2009-06-17,30.739999771118164,30.959999084472656,30.25,30.670000076293945,23.08641815185547,1776600
2009-06-18,30.6200008392334,30.989999771118164,30.459999084472656,30.770000457763672,23.161685943603516,2613900
2009-06-19,30.920000076293945,31.170000076293945,30.719999313354492,30.8799991607666,23.33168601989746,1374000
2009-06-22,30.600000381469727,30.600000381469727,29.780000686645508,29.780000686645508,22.500568389892578,1956300
2009-06-23,29.90999984741211,30.0,29.530000686645508,29.770000457763672,22.493022918701172,2368400
2009-06-24,29.989999771118164,30.479999542236328,29.90999984741211,30.110000610351562,22.749908447265625,2381800
2009-06-25,30.010000228881836,30.8799991607666,29.920000076293945,30.8700008392334,23.324132919311523,1844600
2009-06-26,30.780000686645508,30.940000534057617,30.56999969482422,30.760000228881836,23.241024017333984,823200
2009-06-29,30.84000015258789,31.149999618530273,30.68000030517578,31.079999923706055,23.48279571533203,1033700
2009-06-30,31.079999923706055,31.209999084472656,30.610000610351562,30.809999465942383,23.278799057006836,2215500
2009-07-01,31.049999237060547,31.31999969482422,30.959999084472656,31.010000228881836,23.42991065979004,3122100
2009-07-02,30.75,30.75,29.989999771118164,30.020000457763672,22.68191146850586,1492700
2009-07-06,29.709999084472656,29.950000762939453,29.510000228881836,29.93000030517578,22.613910675048828,1215500
2009-07-07,29.93000030517578,29.93000030517578,29.190000534057617,29.229999542236328,22.08501434326172,2382500
2009-07-08,29.40999984741211,29.440000534057617,28.739999771118164,29.1200008392334,22.001903533935547,3314900
2009-07-09,29.280000686645508,29.549999237060547,29.139999389648438,29.350000381469727,22.175687789916992,1397500
2009-07-10,29.100000381469727,29.420000076293945,28.950000762939453,29.25,22.10013198852539,762600
2009-07-13,29.350000381469727,29.959999084472656,28.969999313354492,29.93000030517578,22.613910675048828,1293600
2009-07-14,30.010000228881836,30.25,29.799999237060547,30.25,22.85569190979004,1109000
2009-07-15,30.610000610351562,31.280000686645508,30.600000381469727,31.209999084472656,23.581022262573242,1626500
2009-07-16,31.149999618530273,31.690000534057617,30.940000534057617,31.559999465942383,23.845468521118164,1539500
2009-07-17,31.5,31.559999465942383,31.280000686645508,31.489999771118164,23.79258155822754,1105700
2009-07-20,31.700000762939453,32.040000915527344,31.59000015258789,32.0,24.17791748046875,932200
2009-07-21,32.369998931884766,32.369998931884766,31.530000686645508,31.979999542236328,24.162811279296875,2298100
2009-07-22,31.770000457763672,32.25,31.729999542236328,32.08000183105469,24.238365173339844,1236300
2009-07-23,32.08000183105469,33.11000061035156,32.08000183105469,32.97999954223633,24.918357849121094,1992000
2009-07-24,32.90999984741211,33.25,32.65999984741211,33.22999954223633,25.10725975036621,1280800
2009-07-27,33.220001220703125,33.45000076293945,33.02000045776367,33.45000076293945,25.273473739624023,1442000
2009-07-28,33.310001373291016,33.470001220703125,32.95000076293945,33.33000183105469,25.182811737060547,942700
2009-07-29,33.220001220703125,33.27000045776367,32.869998931884766,33.11000061035156,25.01659393310547,600400
2009-07-30,33.70000076293945,33.95000076293945,33.5099983215332,33.630001068115234,25.409482955932617,1522500
2009-07-31,33.63999938964844,33.900001525878906,33.40999984741211,33.63999938964844,25.417036056518555,942500
2009-08-03,34.0,34.380001068115234,33.849998474121094,34.349998474121094,25.953481674194336,1032900
2009-08-04,34.2400016784668,34.65999984741211,34.099998474121094,34.560001373291016,26.112154006958008,784200
2009-08-05,34.63999938964844,34.68000030517578,34.119998931884766,34.5,26.066818237304688,859100
2009-08-06,34.75,34.83000183105469,34.16999816894531,34.31999969482422,25.93082618713379,688100
2009-08-07,34.75,35.349998474121094,34.56999969482422,35.11000061035156,26.52770233154297,1587200
2009-08-10,35.0099983215332,35.09000015258789,34.650001525878906,34.91999816894531,26.384153366088867,783800
2009-08-11,34.81999969482422,34.84000015258789,34.310001373291016,34.45000076293945,26.029035568237305,591700
2009-08-12,34.45000076293945,35.220001220703125,34.45000076293945,34.93000030517578,26.391706466674805,429900
2009-08-13,35.06999969482422,35.29999923706055,34.72999954223633,35.279998779296875,26.656156539916992,576400
2009-08-14,35.29999923706055,35.29999923706055,34.5,34.81999969482422,26.308595657348633,725700
2009-08-17,34.15999984741211,34.16999816894531,33.75,33.84000015258789,25.568145751953125,1303200
2009-08-18,33.9900016784668,34.33000183105469,33.880001068115234,34.2400016784668,25.8703670501709,454700
2009-08-19,33.93000030517578,34.61000061035156,33.849998474121094,34.47999954223633,26.051715850830078,389500
2009-08-20,34.58000183105469,34.939998626708984,34.43000030517578,34.880001068115234,26.353919982910156,801000
2009-08-21,35.130001068115234,35.72999954223633,35.130001068115234,35.619998931884766,26.91304588317871,843400
2009-08-24,35.849998474121094,36.0099983215332,35.43000030517578,35.52000045776367,26.83748435974121,1113700
2009-08-25,35.63999938964844,36.06999969482422,35.630001068115234,35.720001220703125,26.988601684570312,732300
2009-08-26,35.560001373291016,35.90999984741211,35.40999984741211,35.83000183105469,27.07171058654785,962800
2009-08-27,35.81999969482422,36.0,35.209999084472656,35.88999938964844,27.11705207824707,495800
2009-08-28,36.25,36.34000015258789,35.650001525878906,36.02000045776367,27.215269088745117,1120600
2009-08-31,35.59000015258789,35.650001525878906,35.290000915527344,35.540000915527344,26.85260009765625,501800
2009-09-01,35.40999984741211,35.90999984741211,34.529998779296875,34.56999969482422,26.11970329284668,858900
2009-09-02,34.40999984741211,34.63999938964844,34.2400016784668,34.400001525878906,25.991260528564453,1167000
2009-09-03,34.70000076293945,34.88999938964844,34.290000915527344,34.88999938964844,26.361480712890625,770100
2009-09-04,35.0,35.33000183105469,34.689998626708984,35.29999923706055,26.67127227783203,1014900
2009-09-08,35.709999084472656,35.75,35.470001220703125,35.709999084472656,26.981042861938477,563600
2009-09-09,35.81999969482422,36.29999923706055,35.630001068115234,36.189998626708984,27.343708038330078,2328100
2009-09-10,36.220001220703125,36.689998626708984,35.900001525878906,36.66999816894531,27.706378936767578,1023600
2009-09-11,36.79999923706055,36.90999984741211,36.439998626708984,36.70000076293945,27.729047775268555,1495600
2009-09-14,36.459999084472656,37.060001373291016,36.33000183105469,37.02000045776367,27.9708309173584,675600
2009-09-15,37.09000015258789,37.459999084472656,36.86000061035156,37.36000061035156,28.227724075317383,770400
2009-09-16,37.540000915527344,38.099998474121094,37.36000061035156,38.09000015258789,28.779272079467773,1144200
2009-09-17,38.060001373291016,38.380001068115234,37.619998931884766,37.86000061035156,28.605499267578125,796600
2009-09-18,37.959999084472656,37.970001220703125,37.56999969482422,37.790000915527344,28.64340591430664,480100
2009-09-21,37.52000045776367,37.779998779296875,37.290000915527344,37.689998626708984,28.567602157592773,547200
2009-09-22,37.880001068115234,38.04999923706055,37.7400016784668,37.95000076293945,28.764667510986328,502400
2009-09-23,38.06999969482422,38.189998626708984,37.470001220703125,37.529998779296875,28.446327209472656,796300
2009-09-24,37.540000915527344,37.650001525878906,36.70000076293945,36.90999984741211,27.97639274597168,1218900
2009-09-25,36.77000045776367,36.9900016784668,36.5,36.630001068115234,27.7641658782959,1198600
2009-09-28,36.79999923706055,37.47999954223633,36.77000045776367,37.38999938964844,28.340221405029297,640700
2009-09-29,37.52000045776367,37.75,37.25,37.41999816894531,28.362947463989258,593900
2009-09-30,37.560001373291016,37.599998474121094,36.84000015258789,37.29999923706055,28.271984100341797,930400
2009-10-01,37.189998626708984,37.189998626708984,36.11000061035156,36.11000061035156,27.37002944946289,1198000
2009-10-02,35.720001220703125,36.13999938964844,35.380001068115234,35.90999984741211,27.218429565429688,1429100
2009-10-05,36.0,36.61000061035156,35.88999938964844,36.529998779296875,27.688365936279297,949100
2009-10-06,36.869998931884766,37.29999923706055,36.72999954223633,37.04999923706055,28.0825138092041,1221000
2009-10-07,36.90999984741211,37.13999938964844,36.83000183105469,37.119998931884766,28.135562896728516,1514500
2009-10-08,37.45000076293945,37.709999084472656,37.2400016784668,37.56999969482422,28.476642608642578,677800
2009-10-09,37.529998779296875,37.790000915527344,37.459999084472656,37.7599983215332,28.620656967163086,640600
2009-10-12,38.02000045776367,38.130001068115234,37.77000045776367,37.91999816894531,28.741931915283203,362300
2009-10-13,37.779998779296875,37.93000030517578,37.56999969482422,37.84000015258789,28.681297302246094,582600
2009-10-14,38.22999954223633,38.560001373291016,38.060001373291016,38.540000915527344,29.211864471435547,1494200
2009-10-15,38.29999923706055,38.66999816894531,38.29999923706055,38.66999816894531,29.310400009155273,460700
2009-10-16,38.349998474121094,38.47999954223633,38.04999923706055,38.34000015258789,29.06029510498047,440700
2009-10-19,38.43000030517578,38.849998474121094,38.27000045776367,38.72999954223633,29.355892181396484,642100
2009-10-20,38.790000915527344,38.81999969482422,38.209999084472656,38.45000076293945,29.143640518188477,585200
2009-10-21,38.40999984741211,38.880001068115234,38.040000915527344,38.04999923706055,28.8404598236084,1041300
2009-10-22,38.099998474121094,38.68000030517578,37.7400016784668,38.56999969482422,29.234609603881836,894800
2009-10-23,38.70000076293945,38.70000076293945,37.84000015258789,37.970001220703125,28.77983856201172,524200
2009-10-26,37.95000076293945,38.529998779296875,37.40999984741211,37.47999954223633,28.40843391418457,682100
2009-10-27,37.56999969482422,37.66999816894531,37.11000061035156,37.15999984741211,28.16588592529297,645800
2009-10-28,37.0,37.119998931884766,36.11000061035156,36.13999938964844,27.392763137817383,1624500
2009-10-29,36.439998626708984,37.13999938964844,36.40999984741211,37.029998779296875,28.06735610961914,1750500
2009-10-30,37.0,37.060001373291016,35.849998474121094,35.91999816894531,27.226011276245117,1304100
2009-11-02,36.04999923706055,36.599998474121094,35.650001525878906,36.13999938964844,27.392763137817383,1216800
2009-11-03,35.91999816894531,36.47999954223633,35.84000015258789,36.459999084472656,27.635305404663086,791800
2009-11-04,36.810001373291016,37.08000183105469,36.369998931884766,36.400001525878906,27.5898380279541,1130500
2009-11-05,36.7400016784668,37.220001220703125,36.65999984741211,37.220001220703125,28.211353302001953,900000
2009-11-06,36.9900016784668,37.41999816894531,36.900001525878906,37.27000045776367,28.249252319335938,969700
2009-11-09,37.56999969482422,38.2599983215332,37.56999969482422,38.2599983215332,28.999643325805664,899100
2009-11-10,38.20000076293945,38.29999923706055,37.900001525878906,38.11000061035156,28.885950088500977,1344400
2009-11-11,38.380001068115234,38.63999938964844,38.119998931884766,38.34000015258789,29.06029510498047,955100
2009-11-12,38.279998779296875,38.5099983215332,37.790000915527344,37.869998931884766,28.704030990600586,711200
2009-11-13,38.04999923706055,38.279998779296875,37.790000915527344,38.11000061035156,28.885950088500977,701300
2009-11-16,38.400001525878906,38.95000076293945,38.36000061035156,38.72999954223633,29.355892181396484,806900
2009-11-17,38.72999954223633,38.77000045776367,38.41999816894531,38.7400016784668,29.36346435546875,469900
2009-11-18,38.779998779296875,38.779998779296875,38.40999984741211,38.630001068115234,29.280086517333984,401300
2009-11-19,38.43000030517578,38.43000030517578,37.75,38.02000045776367,28.817726135253906,597100
2009-11-20,37.79999923706055,37.95000076293945,37.63999938964844,37.83000183105469,28.673723220825195,386200
2009-11-23,38.29999923706055,38.65999984741211,38.15999984741211,38.25,28.992061614990234,941500
2009-11-24,38.2400016784668,38.34000015258789,37.939998626708984,38.2400016784668,28.984468460083008,1328900
2009-11-25,38.38999938964844,38.56999969482422,38.25,38.54999923706055,29.21944808959961,304100
2009-11-27,37.5,38.11000061035156,37.29999923706055,37.779998779296875,28.63581085205078,214400
2009-11-30,37.83000183105469,37.970001220703125,37.52000045776367,37.90999984741211,28.734355926513672,1310800
2009-12-01,38.38999938964844,38.58000183105469,38.040000915527344,38.38999938964844,29.09817886352539,926900
2009-12-02,38.41999816894531,38.810001373291016,38.40999984741211,38.61000061035156,29.264934539794922,745200
2009-12-03,38.7400016784668,38.93000030517578,38.16999816894531,38.220001220703125,28.969314575195312,835900
2009-12-04,38.790000915527344,39.04999923706055,38.130001068115234,38.61000061035156,29.264934539794922,982200
2009-12-07,38.650001525878906,38.849998474121094,38.47999954223633,38.58000183105469,29.242176055908203,240900
2009-12-08,38.40999984741211,38.459999084472656,38.029998779296875,38.25,28.992061614990234,205700
2009-12-09,38.29999923706055,38.380001068115234,38.0,38.31999969482422,29.045122146606445,183100
2009-12-10,38.58000183105469,38.720001220703125,38.459999084472656,38.599998474121094,29.257352828979492,223100
2009-12-11,38.77000045776367,38.849998474121094,38.56999969482422,38.83000183105469,29.431673049926758,821300
2009-12-14,39.13999938964844,39.36000061035156,39.0,39.31999969482422,29.803075790405273,2050600
2009-12-15,39.119998931884766,39.34000015258789,39.0099983215332,39.15999984741211,29.681795120239258,1495100
2009-12-16,39.33000183105469,39.5099983215332,39.220001220703125,39.33000183105469,29.81064796447754,687900
2009-12-17,39.11000061035156,39.11000061035156,38.790000915527344,38.849998474121094,29.44683265686035,624200
2009-12-18,38.93000030517578,38.97999954223633,38.529998779296875,38.88999938964844,29.57308578491211,377700
2009-12-21,39.119998931884766,39.459999084472656,39.06999969482422,39.400001525878906,29.96088409423828,318600
2009-12-22,39.52000045776367,39.7400016784668,39.40999984741211,39.599998474121094,30.11297607421875,1065500
2009-12-23,39.77000045776367,39.86000061035156,39.56999969482422,39.849998474121094,30.303070068359375,393900
2009-12-24,39.9900016784668,40.09000015258789,39.91999816894531,40.04999923706055,30.455167770385742,341000
2009-12-28,40.20000076293945,40.220001220703125,39.88999938964844,40.060001373291016,30.462766647338867,928000
2009-12-29,40.16999816894531,40.16999816894531,39.93000030517578,39.959999084472656,30.386728286743164,517200
2009-12-30,39.790000915527344,39.970001220703125,39.779998779296875,39.970001220703125,30.39432716369629,322900
2009-12-31,40.06999969482422,40.06999969482422,39.5,39.529998779296875,30.059743881225586,426200
2010-01-04,39.90999984741211,40.189998626708984,39.880001068115234,40.18000030517578,30.55402183532715,742200
2010-01-05,40.16999816894531,40.40999984741211,39.97999954223633,40.40999984741211,30.728923797607422,1217900
2010-01-06,40.279998779296875,41.029998779296875,40.2599983215332,40.560001373291016,30.842973709106445,1330200
2010-01-07,40.47999954223633,40.77000045776367,40.310001373291016,40.7599983215332,30.99507713317871,707800
2010-01-08,40.650001525878906,40.900001525878906,40.4900016784668,40.900001525878906,31.101537704467773,690700
2010-01-11,40.959999084472656,41.099998474121094,40.72999954223633,40.93000030517578,31.124343872070312,885100
2010-01-12,40.70000076293945,40.70000076293945,40.27000045776367,40.459999084472656,30.766939163208008,335500
2010-01-13,40.5099983215332,40.939998626708984,40.310001373291016,40.88999938964844,31.09393310546875,423400
2010-01-14,40.869998931884766,41.0,40.720001220703125,40.95000076293945,31.139549255371094,557200
2010-01-15,40.900001525878906,40.900001525878906,40.25,40.470001220703125,30.77454948425293,459900
2010-01-19,40.43000030517578,41.040000915527344,40.43000030517578,41.040000915527344,31.207983016967773,410700
2010-01-20,40.75,40.75,40.20000076293945,40.54999923706055,30.83538246154785,389500
2010-01-21,40.560001373291016,40.779998779296875,39.84000015258789,39.869998931884766,30.318302154541016,697900
2010-01-22,39.720001220703125,39.790000915527344,38.88999938964844,38.900001525878906,29.580671310424805,968100
2010-01-25,39.15999984741211,39.38999938964844,38.959999084472656,39.13999938964844,29.76317596435547,2123100
2010-01-26,39.06999969482422,39.369998931884766,38.5,39.0,29.656707763671875,3099500
2010-01-27,38.91999816894531,39.16999816894531,38.5,39.11000061035156,29.740358352661133,746800
2010-01-28,39.34000015258789,39.349998474121094,38.40999984741211,38.70000076293945,29.428598403930664,1092100
2010-01-29,38.83000183105469,39.150001525878906,38.13999938964844,38.220001220703125,29.063573837280273,1837000
2010-02-01,38.38999938964844,38.90999984741211,38.380001068115234,38.869998931884766,29.557859420776367,1211300
2010-02-02,38.9900016784668,39.52000045776367,38.869998931884766,39.459999084472656,30.006511688232422,752200
2010-02-03,39.380001068115234,39.439998626708984,39.09000015258789,39.20000076293945,29.808801651000977,471200
2010-02-04,38.939998626708984,38.939998626708984,37.86000061035156,37.88999938964844,28.812639236450195,1116900
2010-02-05,37.91999816894531,38.060001373291016,37.130001068115234,37.9900016784668,28.888681411743164,1237900
2010-02-08,38.0,38.27000045776367,37.68000030517578,37.70000076293945,28.668169021606445,688000
2010-02-09,38.06999969482422,38.54999923706055,37.849998474121094,38.279998779296875,29.109201431274414,1143900
2010-02-10,38.22999954223633,38.369998931884766,37.77000045776367,38.189998626708984,29.040767669677734,543300
2010-02-11,38.099998474121094,38.63999938964844,37.84000015258789,38.61000061035156,29.36015510559082,328000
2010-02-12,38.20000076293945,38.59000015258789,38.02000045776367,38.58000183105469,29.33732795715332,1055200
2010-02-16,38.91999816894531,39.34000015258789,38.779998779296875,39.279998779296875,29.869646072387695,1572900
2010-02-17,39.58000183105469,39.61000061035156,39.310001373291016,39.529998779296875,30.059743881225586,1023200
2010-02-18,39.470001220703125,39.81999969482422,39.43000030517578,39.79999923706055,30.265047073364258,1112400
2010-02-19,39.7400016784668,40.08000183105469,39.599998474121094,39.97999954223633,30.401945114135742,527600
2010-02-22,40.13999938964844,40.13999938964844,39.84000015258789,39.95000076293945,30.37912368774414,890000
2010-02-23,39.90999984741211,39.959999084472656,39.310001373291016,39.380001068115234,29.9456844329834,1458600
2010-02-24,39.5099983215332,39.79999923706055,39.400001525878906,39.779998779296875,30.249841690063477,465300
2010-02-25,39.25,39.849998474121094,39.060001373291016,39.849998474121094,30.303070068359375,539400
2010-02-26,39.849998474121094,39.970001220703125,39.560001373291016,39.81999969482422,30.280263900756836,438700
2010-03-01,39.97999954223633,40.47999954223633,39.97999954223633,40.47999954223633,30.78213119506836,918800
2010-03-02,40.75,40.810001373291016,40.529998779296875,40.59000015258789,30.865785598754883,1381200
2010-03-03,40.77000045776367,40.970001220703125,40.56999969482422,40.720001220703125,30.96466636657715,997200
2010-03-04,40.790000915527344,40.849998474121094,40.540000915527344,40.7599983215332,30.99507713317871,664200
2010-03-05,41.06999969482422,41.4900016784668,40.97999954223633,41.45000076293945,31.519773483276367,1021100
2010-03-08,41.5099983215332,41.59000015258789,41.40999984741211,41.529998779296875,31.580596923828125,2466700
2010-03-09,41.33000183105469,41.7400016784668,41.310001373291016,41.529998779296875,31.580596923828125,1531500
2010-03-10,41.560001373291016,41.900001525878906,41.540000915527344,41.810001373291016,31.793529510498047,843300
2010-03-11,41.619998931884766,41.95000076293945,41.5099983215332,41.91999816894531,31.877159118652344,749100
2010-03-12,42.150001525878906,42.15999984741211,41.849998474121094,41.939998626708984,31.892377853393555,646200
2010-03-15,41.939998626708984,41.939998626708984,41.58000183105469,41.91999816894531,31.877159118652344,357100
2010-03-16,42.09000015258789,42.369998931884766,41.900001525878906,42.349998474121094,32.20415115356445,1533300
2010-03-17,42.5099983215332,42.810001373291016,42.439998626708984,42.689998626708984,32.46270751953125,1640000
2010-03-18,42.720001220703125,42.7400016784668,42.400001525878906,42.5,32.31822204589844,745000
2010-03-19,42.15999984741211,42.56999969482422,41.97999954223633,42.15999984741211,32.15423583984375,1550400
2010-03-22,42.0,42.4900016784668,41.81999969482422,42.439998626708984,32.367801666259766,1057600
2010-03-23,42.540000915527344,42.77000045776367,42.33000183105469,42.77000045776367,32.61949157714844,659100
2010-03-24,42.61000061035156,42.66999816894531,42.38999938964844,42.45000076293945,32.37541961669922,853500
2010-03-25,42.70000076293945,42.86000061035156,42.22999954223633,42.27000045776367,32.238128662109375,1370200
2010-03-26,42.40999984741211,42.619998931884766,42.09000015258789,42.34000015258789,32.291526794433594,796900
2010-03-29,42.59000015258789,42.709999084472656,42.47999954223633,42.68000030517578,32.55083084106445,819900
2010-03-30,42.7400016784668,42.84000015258789,42.470001220703125,42.709999084472656,32.57370376586914,575700
2010-03-31,42.560001373291016,42.77000045776367,42.40999984741211,42.56999969482422,32.46692657470703,425800
2010-04-01,42.900001525878906,43.06999969482422,42.650001525878906,42.91999816894531,32.7338752746582,1030200
2010-04-05,43.150001525878906,43.47999954223633,43.0,43.47999954223633,33.16096878051758,920000
2010-04-06,43.36000061035156,43.66999816894531,43.25,43.56999969482422,33.22960662841797,1373200
2010-04-07,43.54999923706055,43.56999969482422,43.08000183105469,43.29999923706055,33.02368927001953,1509400
2010-04-08,43.150001525878906,43.40999984741211,42.88999938964844,43.36000061035156,33.0694694519043,751500
2010-04-09,43.470001220703125,43.689998626708984,43.34000015258789,43.68000030517578,33.31349563598633,662200
2010-04-12,43.70000076293945,43.869998931884766,43.66999816894531,43.75,33.36690139770508,726400
2010-04-13,43.75,43.869998931884766,43.459999084472656,43.81999969482422,33.4202766418457,616500
2010-04-14,43.970001220703125,44.38999938964844,43.88999938964844,44.38999938964844,33.855010986328125,671100
2010-04-15,44.310001373291016,44.5099983215332,44.25,44.38999938964844,33.855010986328125,1253100
2010-04-16,44.209999084472656,44.34000015258789,43.40999984741211,43.65999984741211,33.29825973510742,1788700
2010-04-19,43.439998626708984,43.790000915527344,43.150001525878906,43.66999816894531,33.30588912963867,1014900
2010-04-20,43.9900016784668,44.27000045776367,43.88999938964844,44.2599983215332,33.755836486816406,579900
2010-04-21,44.33000183105469,44.41999816894531,44.06999969482422,44.349998474121094,33.82449722290039,764800
2010-04-22,44.029998779296875,44.77000045776367,43.75,44.709999084472656,34.09904861450195,893300
2010-04-23,44.75,45.119998931884766,44.58000183105469,45.08000183105469,34.38125991821289,701600
2010-04-26,45.15999984741211,45.290000915527344,44.869998931884766,44.91999816894531,34.259212493896484,852300
2010-04-27,44.68000030517578,44.869998931884766,43.619998931884766,43.709999084472656,33.33637237548828,1021100
2010-04-28,43.97999954223633,44.130001068115234,43.599998474121094,43.95000076293945,33.51943588256836,759400
2010-04-29,44.279998779296875,44.650001525878906,44.209999084472656,44.560001373291016,33.98465347290039,708200
2010-04-30,44.560001373291016,44.619998931884766,43.689998626708984,43.70000076293945,33.32876205444336,576700
2010-05-03,43.81999969482422,44.439998626708984,43.81999969482422,44.34000015258789,33.816864013671875,442800
2010-05-04,43.83000183105469,43.84000015258789,42.95000076293945,43.13999938964844,32.90165328979492,1661800
2010-05-05,42.88999938964844,43.349998474121094,42.470001220703125,42.81999969482422,32.65761184692383,2147300
2010-05-06,42.7400016784668,43.0,18.0,41.25,31.460214614868164,4523400
2010-05-07,41.189998626708984,41.72999954223633,40.0,40.59000015258789,30.956836700439453,3409200
2010-05-10,42.09000015258789,42.70000076293945,42.09000015258789,42.689998626708984,32.5584716796875,2181400
2010-05-11,42.22999954223633,43.130001068115234,42.150001525878906,42.540000915527344,32.44406509399414,1115100
2010-05-12,42.790000915527344,43.349998474121094,42.63999938964844,43.31999969482422,33.0389404296875,1340500
2010-05-13,43.27000045776367,43.45000076293945,42.70000076293945,42.790000915527344,32.63473129272461,964400
2010-05-14,42.33000183105469,42.439998626708984,41.4900016784668,41.880001068115234,31.940711975097656,1201800
2010-05-17,41.880001068115234,42.220001220703125,41.029998779296875,41.91999816894531,31.97119140625,1683500
2010-05-18,42.290000915527344,42.52000045776367,41.20000076293945,41.369998931884766,31.551738739013672,1616900
2010-05-19,41.09000015258789,41.4900016784668,40.220001220703125,41.0,31.269556045532227,1966700
2010-05-20,40.13999938964844,40.2400016784668,39.290000915527344,39.369998931884766,30.026391983032227,3119000
2010-05-21,38.810001373291016,40.20000076293945,38.27000045776367,40.02000045776367,30.52213478088379,4777900
2010-05-24,39.779998779296875,40.18000030517578,39.4900016784668,39.5099983215332,30.1331787109375,1552700
2010-05-25,38.40999984741211,39.65999984741211,38.20000076293945,39.619998931884766,30.217052459716797,2903100
2010-05-26,40.0,40.40999984741211,39.40999984741211,39.5,30.125513076782227,1316200
2010-05-27,40.34000015258789,41.0,40.189998626708984,40.970001220703125,31.246660232543945,782400
2010-05-28,41.0,41.040000915527344,40.279998779296875,40.47999954223633,30.872934341430664,740200
2010-06-01,40.0,40.61000061035156,39.47999954223633,39.5,30.125513076782227,1336500
2010-06-02,39.650001525878906,40.66999816894531,39.54999923706055,40.66999816894531,31.01785659790039,842600
2010-06-03,40.810001373291016,40.970001220703125,40.470001220703125,40.90999984741211,31.200895309448242,2083400
2010-06-04,40.04999923706055,40.34000015258789,39.11000061035156,39.25,29.934871673583984,2064100
2010-06-07,39.43000030517578,39.560001373291016,38.58000183105469,38.61000061035156,29.446762084960938,1665500
2010-06-08,38.560001373291016,39.040000915527344,38.189998626708984,38.970001220703125,29.72132110595703,2800900
2010-06-09,39.36000061035156,39.84000015258789,38.790000915527344,38.93000030517578,29.690820693969727,1134000
2010-06-10,39.47999954223633,40.279998779296875,39.47999954223633,40.2599983215332,30.70516014099121,774500
2010-06-11,39.88999938964844,40.529998779296875,39.779998779296875,40.529998779296875,30.91108512878418,604500
2010-06-14,40.7599983215332,41.18000030517578,40.5,40.529998779296875,30.91108512878418,1226000
2010-06-15,40.77000045776367,41.59000015258789,40.77000045776367,41.560001373291016,31.696640014648438,2124000
2010-06-16,41.31999969482422,41.7400016784668,41.20000076293945,41.52000045776367,31.6661319732666,6139700
2010-06-17,41.68000030517578,41.68000030517578,41.09000015258789,41.52000045776367,31.6661319732666,2167000
2010-06-18,41.5099983215332,41.560001373291016,41.2400016784668,41.380001068115234,31.66535758972168,1491200
2010-06-21,41.970001220703125,41.970001220703125,40.939998626708984,41.189998626708984,31.519968032836914,3773600
2010-06-22,41.209999084472656,41.38999938964844,40.279998779296875,40.41999816894531,30.930736541748047,1969000
2010-06-23,40.40999984741211,40.56999969482422,39.86000061035156,40.310001373291016,30.84658432006836,1034000
2010-06-24,40.04999923706055,40.130001068115234,39.43000030517578,39.560001373291016,30.272645950317383,1267500
2010-06-25,39.630001068115234,39.970001220703125,39.25,39.790000915527344,30.44864845275879,966900
2010-06-28,39.849998474121094,40.0099983215332,39.52000045776367,39.66999816894531,30.35681915283203,796300
2010-06-29,39.09000015258789,39.09000015258789,37.939998626708984,38.2400016784668,29.26253318786621,3740100
2010-06-30,38.11000061035156,38.560001373291016,37.709999084472656,37.79999923706055,28.925832748413086,3539800
2010-07-01,37.79999923706055,37.95000076293945,36.959999084472656,37.720001220703125,28.864614486694336,4910300
2010-07-02,37.79999923706055,37.970001220703125,37.279998779296875,37.4900016784668,28.688613891601562,1743000
2010-07-06,37.959999084472656,38.33000183105469,37.2400016784668,37.59000015258789,28.765132904052734,1921600
2010-07-07,37.650001525878906,38.900001525878906,37.650001525878906,38.86000061035156,29.73698616027832,928800
2010-07-08,39.310001373291016,39.349998474121094,38.810001373291016,39.2599983215332,30.043073654174805,1011100
2010-07-09,39.22999954223633,39.650001525878906,39.189998626708984,39.619998931884766,30.318552017211914,928200
2010-07-12,39.5,39.75,39.22999954223633,39.540000915527344,30.2573299407959,727100
2010-07-13,39.9900016784668,40.470001220703125,39.939998626708984,40.29999923706055,30.83891487121582,1545300
2010-07-14,40.18000030517578,40.400001525878906,39.91999816894531,40.220001220703125,30.77770233154297,941800
2010-07-15,40.27000045776367,40.380001068115234,39.63999938964844,40.290000915527344,30.831270217895508,558500
2010-07-16,40.060001373291016,40.060001373291016,38.959999084472656,39.02000045776367,29.859418869018555,1121700
2010-07-19,39.189998626708984,39.45000076293945,38.869998931884766,39.33000183105469,30.096630096435547,440600
2010-07-20,38.849998474121094,39.939998626708984,38.7400016784668,39.90999984741211,30.54047203063965,1100500
2010-07-21,40.16999816894531,40.18000030517578,39.16999816894531,39.29999923706055,30.073686599731445,715600
2010-07-22,39.790000915527344,40.439998626708984,39.7599983215332,40.290000915527344,30.831270217895508,759800
2010-07-23,40.150001525878906,40.79999923706055,40.06999969482422,40.779998779296875,31.20623016357422,825000
2010-07-26,40.790000915527344,41.349998474121094,40.689998626708984,41.34000015258789,31.634756088256836,1588900
2010-07-27,41.58000183105469,41.58000183105469,40.970001220703125,41.11000061035156,31.458759307861328,1604500
2010-07-28,41.02000045776367,41.130001068115234,40.59000015258789,40.7400016784668,31.17562484741211,737000
2010-07-29,41.09000015258789,41.130001068115234,40.150001525878906,40.540000915527344,31.02257537841797,1126600
2010-07-30,40.16999816894531,40.7599983215332,39.95000076293945,40.58000183105469,31.05318260192871,871200
2010-08-02,41.2599983215332,41.540000915527344,41.029998779296875,41.4900016784668,31.749542236328125,820100
2010-08-03,41.36000061035156,41.45000076293945,41.0,41.150001525878906,31.489360809326172,1315800
2010-08-04,41.27000045776367,41.54999923706055,41.119998931884766,41.5099983215332,31.764841079711914,661100
2010-08-05,41.2400016784668,41.4900016784668,41.119998931884766,41.45000076293945,31.71893882751465,419100
2010-08-06,40.93000030517578,41.349998474121094,40.68000030517578,41.2599983215332,31.573532104492188,1144100
2010-08-09,41.59000015258789,41.599998474121094,41.290000915527344,41.54999923706055,31.79546356201172,719500
2010-08-10,41.130001068115234,41.45000076293945,40.869998931884766,41.220001220703125,31.54292869567871,721500
2010-08-11,40.47999954223633,40.4900016784668,39.86000061035156,39.93000030517578,30.555784225463867,1446400
2010-08-12,39.189998626708984,39.81999969482422,39.09000015258789,39.689998626708984,30.372135162353516,1761500
2010-08-13,39.529998779296875,39.849998474121094,39.52000045776367,39.54999923706055,30.26498794555664,785000
2010-08-16,39.36000061035156,39.66999816894531,39.150001525878906,39.52000045776367,30.242042541503906,1018700
2010-08-17,39.900001525878906,40.43000030517578,39.79999923706055,40.16999816894531,30.73942756652832,1822100
2010-08-18,40.11000061035156,40.470001220703125,39.88999938964844,40.25,30.8006534576416,1061700
2010-08-19,40.04999923706055,40.189998626708984,39.369998931884766,39.54999923706055,30.26498794555664,587900
2010-08-20,39.439998626708984,39.5099983215332,39.09000015258789,39.470001220703125,30.203763961791992,568400
2010-08-23,39.70000076293945,39.849998474121094,39.25,39.27000045776367,30.050731658935547,378200
2010-08-24,38.790000915527344,38.959999084472656,38.380001068115234,38.689998626708984,29.60689353942871,1955700
2010-08-25,38.38999938964844,38.970001220703125,38.119998931884766,38.84000015258789,29.721675872802734,1422500
2010-08-26,38.97999954223633,39.13999938964844,38.470001220703125,38.59000015258789,29.530366897583008,1173300
2010-08-27,38.91999816894531,39.33000183105469,38.2400016784668,39.290000915527344,30.06603240966797,949800
2010-08-30,39.15999984741211,39.290000915527344,38.65999984741211,38.65999984741211,29.583919525146484,482800
2010-08-31,38.5,38.900001525878906,38.310001373291016,38.650001525878906,29.576292037963867,2060400
2010-09-01,39.220001220703125,39.939998626708984,39.189998626708984,39.86000061035156,30.50221824645996,881800
2010-09-02,39.970001220703125,40.40999984741211,39.93000030517578,40.380001068115234,30.900131225585938,653500
2010-09-03,40.779998779296875,41.029998779296875,40.599998474121094,40.95000076293945,31.33631134033203,904600
2010-09-07,40.709999084472656,40.7599983215332,40.369998931884766,40.43000030517578,30.938404083251953,597600
2010-09-08,40.459999084472656,40.86000061035156,40.459999084472656,40.70000076293945,31.14500617980957,333000
2010-09-09,41.150001525878906,41.18000030517578,40.66999816894531,40.84000015258789,31.25213623046875,474500
2010-09-10,40.86000061035156,41.09000015258789,40.790000915527344,41.060001373291016,31.42049217224121,305300
2010-09-13,41.459999084472656,41.630001068115234,41.349998474121094,41.54999923706055,31.79546356201172,963500
2010-09-14,41.47999954223633,41.779998779296875,41.279998779296875,41.560001373291016,31.8031063079834,534500
2010-09-15,41.38999938964844,41.7400016784668,41.2599983215332,41.70000076293945,31.91023826599121,477700
2010-09-16,41.54999923706055,41.650001525878906,41.400001525878906,41.61000061035156,31.841354370117188,500900
2010-09-17,41.720001220703125,41.720001220703125,41.279998779296875,41.459999084472656,31.882139205932617,611100
2010-09-20,41.58000183105469,42.279998779296875,41.5,42.220001220703125,32.46654510498047,1483100
2010-09-21,42.20000076293945,42.33000183105469,41.84000015258789,42.0,32.29738235473633,2528700
2010-09-22,41.900001525878906,42.18000030517578,41.59000015258789,41.720001220703125,32.08205795288086,1555800
2010-09-23,41.349998474121094,41.86000061035156,41.25,41.400001525878906,31.835994720458984,1215800
2010-09-24,41.91999816894531,42.43000030517578,41.88999938964844,42.36000061035156,32.574214935302734,1399400
2010-09-27,42.459999084472656,42.459999084472656,42.150001525878906,42.20000076293945,32.45117950439453,1163600
2010-09-28,42.33000183105469,42.59000015258789,41.75,42.5,32.68187713623047,1619100
2010-09-29,42.33000183105469,42.630001068115234,42.25,42.45000076293945,32.643428802490234,1004800
2010-09-30,42.7599983215332,43.0,42.119998931884766,42.380001068115234,32.58960723876953,2066300
2010-10-01,42.720001220703125,42.75,42.2599983215332,42.5,32.68187713623047,1249000
2010-10-04,42.36000061035156,42.58000183105469,41.90999984741211,42.15999984741211,32.4204216003418,651200
2010-10-05,42.61000061035156,43.16999816894531,42.5099983215332,43.060001373291016,33.11250305175781,890100
2010-10-06,43.13999938964844,43.13999938964844,42.75,42.90999984741211,32.997161865234375,1260800
2010-10-07,43.09000015258789,43.16999816894531,42.59000015258789,42.88999938964844,32.981773376464844,731200
2010-10-08,43.0,43.36000061035156,42.810001373291016,43.220001220703125,33.23554229736328,884500
2010-10-11,43.36000061035156,43.45000076293945,43.20000076293945,43.34000015258789,33.327823638916016,608900
2010-10-12,43.22999954223633,43.58000183105469,42.93000030517578,43.4900016784668,33.44316101074219,784400
2010-10-13,43.79999923706055,44.06999969482422,43.599998474121094,43.84000015258789,33.712310791015625,1030900
2010-10-14,43.81999969482422,43.880001068115234,43.33000183105469,43.619998931884766,33.543128967285156,698400
2010-10-15,43.91999816894531,43.91999816894531,43.310001373291016,43.65999984741211,33.57390213012695,738500
2010-10-18,43.68000030517578,43.91999816894531,43.56999969482422,43.810001373291016,33.6892204284668,561900
2010-10-19,43.34000015258789,43.65999984741211,42.93000030517578,43.16999816894531,33.197105407714844,1038500
2010-10-20,43.279998779296875,43.79999923706055,43.25,43.599998474121094,33.52775573730469,1017500
2010-10-21,43.81999969482422,44.04999923706055,43.290000915527344,43.630001068115234,33.550819396972656,1042800
2010-10-22,43.720001220703125,43.81999969482422,43.599998474121094,43.790000915527344,33.67386245727539,675500
2010-10-25,44.08000183105469,44.36000061035156,43.900001525878906,43.95000076293945,33.79690933227539,766400
2010-10-26,43.68000030517578,43.939998626708984,43.529998779296875,43.869998931884766,33.73539733886719,527600
2010-10-27,43.56999969482422,43.810001373291016,43.33000183105469,43.7599983215332,33.650787353515625,642800
2010-10-28,44.02000045776367,44.04999923706055,43.47999954223633,43.72999954223633,33.627723693847656,751000
2010-10-29,43.689998626708984,43.939998626708984,43.58000183105469,43.88999938964844,33.75076675415039,562000
2010-11-01,44.02000045776367,44.33000183105469,43.58000183105469,43.81999969482422,33.696937561035156,601500
2010-11-02,44.189998626708984,44.33000183105469,44.040000915527344,44.2400016784668,34.01990509033203,852900
2010-11-03,44.369998931884766,44.369998931884766,43.77000045776367,44.349998474121094,34.104488372802734,1085000
2010-11-04,44.939998626708984,45.279998779296875,44.81999969482422,45.25,34.79658508300781,1031600
2010-11-05,45.290000915527344,45.599998474121094,45.2400016784668,45.47999954223633,34.97344970703125,1036800
2010-11-08,45.400001525878906,45.470001220703125,45.18000030517578,45.43000030517578,34.93498611450195,915400
2010-11-09,45.56999969482422,45.56999969482422,44.790000915527344,44.97999954223633,34.58896255493164,980400
2010-11-10,45.0099983215332,45.189998626708984,44.599998474121094,45.16999816894531,34.73507308959961,887800
2010-11-11,44.75,45.20000076293945,44.66999816894531,45.150001525878906,34.71968460083008,714400
2010-11-12,44.849998474121094,45.02000045776367,44.34000015258789,44.54999923706055,34.2582893371582,827000
2010-11-15,44.650001525878906,44.880001068115234,44.459999084472656,44.47999954223633,34.20444869995117,446000
2010-11-16,44.209999084472656,44.2599983215332,43.52000045776367,43.720001220703125,33.620025634765625,698800
2010-11-17,43.70000076293945,44.0,43.61000061035156,43.81999969482422,33.696937561035156,537300
2010-11-18,44.380001068115234,44.650001525878906,44.290000915527344,44.45000076293945,34.181400299072266,618800
2010-11-19,44.45000076293945,44.65999984741211,44.189998626708984,44.65999984741211,34.34287643432617,279800
2010-11-22,44.52000045776367,44.75,44.189998626708984,44.72999954223633,34.39670944213867,336100
2010-11-23,44.2400016784668,44.27000045776367,43.959999084472656,44.11000061035156,33.919921875,496000
2010-11-24,44.439998626708984,44.869998931884766,44.29999923706055,44.869998931884766,34.50436782836914,429500
2010-11-26,44.5,44.7400016784668,44.43000030517578,44.540000915527344,34.250614166259766,242100
2010-11-29,44.2599983215332,44.560001373291016,43.900001525878906,44.43000030517578,34.166015625,461600
2010-11-30,44.029998779296875,44.5,43.939998626708984,44.25,34.0275993347168,495900
2010-12-01,44.849998474121094,45.310001373291016,44.849998474121094,45.2400016784668,34.78889083862305,555000
2010-12-02,45.31999969482422,45.93000030517578,45.25,45.900001525878906,35.29642105102539,1326400
2010-12-03,45.779998779296875,46.13999938964844,45.720001220703125,46.08000183105469,35.434852600097656,727000
2010-12-06,46.02000045776367,46.13999938964844,45.880001068115234,46.04999923706055,35.411766052246094,8644800
2010-12-07,46.560001373291016,46.560001373291016,46.04999923706055,46.060001373291016,35.419464111328125,772100
2010-12-08,46.16999816894531,46.279998779296875,45.84000015258789,46.18000030517578,35.5117301940918,489600
2010-12-09,46.52000045776367,46.52000045776367,46.150001525878906,46.380001068115234,35.66553497314453,4439100
2010-12-10,46.529998779296875,46.709999084472656,46.36000061035156,46.68000030517578,35.896240234375,511000
2010-12-13,46.93000030517578,46.93000030517578,46.61000061035156,46.61000061035156,35.8423957824707,564900
2010-12-14,46.70000076293945,46.849998474121094,46.4900016784668,46.61000061035156,35.8423957824707,994500
2010-12-15,46.560001373291016,46.779998779296875,46.33000183105469,46.41999816894531,35.6962890625,543800
2010-12-16,46.41999816894531,46.77000045776367,46.290000915527344,46.75,35.9500617980957,3639100
2010-12-17,46.65999984741211,46.84000015258789,46.38999938964844,46.790000915527344,36.08192443847656,561000
2010-12-20,47.0099983215332,47.029998779296875,46.689998626708984,46.939998626708984,36.19758605957031,530700
2010-12-21,47.130001068115234,47.34000015258789,47.04999923706055,47.27000045776367,36.45208740234375,1027400
2010-12-22,47.36000061035156,47.40999984741211,47.2599983215332,47.380001068115234,36.53691101074219,694200
2010-12-23,47.36000061035156,47.380001068115234,47.15999984741211,47.27000045776367,36.45208740234375,457100
2010-12-27,47.189998626708984,47.31999969482422,47.0,47.29999923706055,36.475215911865234,454200
2010-12-28,47.29999923706055,47.38999938964844,47.150001525878906,47.29999923706055,36.475215911865234,265300
2010-12-29,47.38999938964844,47.43000030517578,47.31999969482422,47.31999969482422,36.49061965942383,2191900
2010-12-30,47.33000183105469,47.41999816894531,47.220001220703125,47.34000015258789,36.506065368652344,420800
2010-12-31,47.29999923706055,47.380001068115234,47.15999984741211,47.310001373291016,36.482913970947266,548100
2011-01-03,47.720001220703125,47.9900016784668,47.650001525878906,47.790000915527344,36.85308074951172,950100
2011-01-04,47.97999954223633,47.97999954223633,47.290000915527344,47.560001373291016,36.67571258544922,1846400
2011-01-05,47.400001525878906,47.84000015258789,47.290000915527344,47.810001373291016,36.86848831176758,864200
2011-01-06,47.91999816894531,47.91999816894531,47.599998474121094,47.709999084472656,36.791378021240234,487400
2011-01-07,47.83000183105469,47.90999984741211,47.2400016784668,47.619998931884766,36.72197723388672,1046200
2011-01-10,47.43000030517578,47.68000030517578,47.220001220703125,47.599998474121094,36.70655059814453,716400
2011-01-11,47.84000015258789,47.939998626708984,47.630001068115234,47.83000183105469,36.8839225769043,1179200
2011-01-12,48.150001525878906,48.310001373291016,48.029998779296875,48.27000045776367,37.22322082519531,493800
2011-01-13,48.310001373291016,48.34000015258789,48.099998474121094,48.209999084472656,37.17694854736328,618600
2011-01-14,48.16999816894531,48.560001373291016,48.099998474121094,48.4900016784668,37.392860412597656,598900
2011-01-18,48.58000183105469,48.72999954223633,48.5,48.70000076293945,37.5548210144043,510400
2011-01-19,48.689998626708984,48.689998626708984,47.91999816894531,48.060001373291016,37.061279296875,518600
2011-01-20,47.91999816894531,48.06999969482422,47.599998474121094,47.959999084472656,36.984169006347656,1003000
2011-01-21,48.279998779296875,48.369998931884766,47.939998626708984,47.970001220703125,36.99187088012695,470300
2011-01-24,47.9900016784668,48.36000061035156,47.939998626708984,48.279998779296875,37.230953216552734,649100
2011-01-25,48.209999084472656,48.29999923706055,47.88999938964844,48.25,37.20779800415039,502700
2011-01-26,48.36000061035156,48.709999084472656,48.33000183105469,48.61000061035156,37.485416412353516,730000
2011-01-27,48.63999938964844,48.88999938964844,48.599998474121094,48.84000015258789,37.66278839111328,1237800
2011-01-28,48.86000061035156,48.959999084472656,47.83000183105469,47.869998931884766,36.914756774902344,988700
2011-01-31,47.97999954223633,48.380001068115234,47.97999954223633,48.310001373291016,37.25406265258789,678600
2011-02-01,48.630001068115234,49.09000015258789,48.58000183105469,49.0,37.786155700683594,579400
2011-02-02,48.900001525878906,49.08000183105469,48.84000015258789,48.90999984741211,37.71675491333008,449300
2011-02-03,48.970001220703125,49.209999084472656,48.630001068115234,49.16999816894531,37.91725158691406,612200
2011-02-04,49.29999923706055,49.439998626708984,49.029998779296875,49.400001525878906,38.09462356567383,669100
2011-02-07,49.54999923706055,49.900001525878906,49.5,49.720001220703125,38.34138870239258,1136000
2011-02-08,49.790000915527344,49.939998626708984,49.58000183105469,49.93000030517578,38.50331115722656,668000
2011-02-09,49.83000183105469,49.95000076293945,49.599998474121094,49.810001373291016,38.41078186035156,537100
2011-02-10,49.59000015258789,50.029998779296875,49.5,49.95000076293945,38.51875686645508,653100
2011-02-11,49.84000015258789,50.38999938964844,49.7400016784668,50.34000015258789,38.81949234008789,570100
2011-02-14,50.400001525878906,50.43000030517578,50.22999954223633,50.41999816894531,38.88118362426758,668800
2011-02-15,50.31999969482422,50.34000015258789,50.099998474121094,50.2400016784668,38.74238586425781,1625200
2011-02-16,50.470001220703125,50.720001220703125,50.40999984741211,50.650001525878906,39.058555603027344,718200
2011-02-17,50.439998626708984,50.939998626708984,50.439998626708984,50.88999938964844,39.24363327026367,949800
2011-02-18,50.88999938964844,51.04999923706055,50.790000915527344,50.95000076293945,39.28990173339844,599600
2011-02-22,50.41999816894531,50.779998779296875,49.650001525878906,49.75,38.3645133972168,1474700
2011-02-23,49.7400016784668,49.880001068115234,48.880001068115234,49.29999923706055,38.01750564575195,989200
2011-02-24,49.2400016784668,49.560001373291016,48.810001373291016,49.31999969482422,38.03291320800781,15598900
2011-02-25,49.5099983215332,50.040000915527344,49.5099983215332,50.0099983215332,38.56501770019531,740800
2011-02-28,50.279998779296875,50.33000183105469,49.939998626708984,50.25,38.75008773803711,808800
2011-03-01,50.5,50.5,49.34000015258789,49.369998931884766,38.07147979736328,777500
2011-03-02,49.33000183105469,49.7400016784668,49.220001220703125,49.52000045776367,38.187164306640625,726800
2011-03-03,50.02000045776367,50.470001220703125,49.97999954223633,50.41999816894531,38.88118362426758,1071600
2011-03-04,50.43000030517578,50.43000030517578,49.72999954223633,50.09000015258789,38.62670135498047,1023700
2011-03-07,50.349998474121094,50.36000061035156,49.29999923706055,49.599998474121094,38.24885177612305,552700
2011-03-08,49.72999954223633,50.2400016784668,49.41999816894531,50.060001373291016,38.60356521606445,2025500
2011-03-09,50.02000045776367,50.119998931884766,49.63999938964844,49.970001220703125,38.534156799316406,468700
2011-03-10,49.5,49.5,48.97999954223633,49.0099983215332,37.79387283325195,856900
2011-03-11,48.81999969482422,49.619998931884766,48.81999969482422,49.470001220703125,38.14860153198242,1232800
2011-03-14,49.099998474121094,49.369998931884766,48.79999923706055,49.15999984741211,37.90952682495117,988600
2011-03-15,48.0,48.9900016784668,47.709999084472656,48.709999084472656,37.56252670288086,2527300
2011-03-16,48.58000183105469,48.79999923706055,47.560001373291016,47.900001525878906,36.937889099121094,2184600
2011-03-17,48.61000061035156,48.70000076293945,48.209999084472656,48.41999816894531,37.33888626098633,848800
2011-03-18,48.90999984741211,48.90999984741211,48.369998931884766,48.5099983215332,37.56344223022461,805200
2011-03-21,49.11000061035156,49.31999969482422,49.0099983215332,49.220001220703125,38.113250732421875,1044000
2011-03-22,49.2599983215332,49.29999923706055,48.959999084472656,48.9900016784668,37.93512725830078,1572800
2011-03-23,48.849998474121094,49.29999923706055,48.61000061035156,49.18000030517578,38.0822639465332,422500
2011-03-24,49.41999816894531,49.77000045776367,49.189998626708984,49.709999084472656,38.49265670776367,450000
2011-03-25,49.81999969482422,50.119998931884766,49.709999084472656,49.88999938964844,38.63204574584961,660900
2011-03-28,50.029998779296875,50.099998474121094,49.689998626708984,49.689998626708984,38.47718811035156,913000
2011-03-29,49.66999816894531,50.04999923706055,49.459999084472656,50.029998779296875,38.740447998046875,1956200
2011-03-30,50.380001068115234,50.56999969482422,50.25,50.5,39.10439682006836,778200
2011-03-31,50.439998626708984,50.56999969482422,50.33000183105469,50.459999084472656,39.073429107666016,413200
2011-04-01,50.79999923706055,50.95000076293945,50.59000015258789,50.720001220703125,39.27476119995117,561400
2011-04-04,50.880001068115234,50.93000030517578,50.560001373291016,50.72999954223633,39.28248977661133,1284200
2011-04-05,50.66999816894531,51.099998474121094,50.65999984741211,50.86000061035156,39.38316345214844,496900
2011-04-06,51.029998779296875,51.16999816894531,50.7599983215332,50.970001220703125,39.46834182739258,841000
2011-04-07,50.95000076293945,51.09000015258789,50.599998474121094,50.86000061035156,39.38316345214844,838400
2011-04-08,51.06999969482422,51.11000061035156,50.349998474121094,50.54999923706055,39.14311981201172,389800
2011-04-11,50.61000061035156,50.77000045776367,50.22999954223633,50.349998474121094,38.988243103027344,347700
2011-04-12,50.119998931884766,50.220001220703125,49.84000015258789,50.02000045776367,38.73271179199219,1065000
2011-04-13,50.279998779296875,50.349998474121094,49.86000061035156,50.06999969482422,38.771427154541016,465300
2011-04-14,49.790000915527344,50.20000076293945,49.599998474121094,50.130001068115234,38.81789779663086,581700
2011-04-15,50.220001220703125,50.529998779296875,50.119998931884766,50.459999084472656,39.073429107666016,414300
2011-04-18,49.880001068115234,49.95000076293945,49.4900016784668,49.83000183105469,38.58558654785156,595600
2011-04-19,49.970001220703125,50.119998931884766,49.790000915527344,50.09000015258789,38.78691101074219,540200
2011-04-20,50.75,50.970001220703125,50.72999954223633,50.880001068115234,39.39866638183594,2453000
2011-04-21,51.209999084472656,51.209999084472656,50.939998626708984,51.15999984741211,39.615474700927734,449200
2011-04-25,51.20000076293945,51.20000076293945,50.91999816894531,51.09000015258789,39.56126022338867,533000
2011-04-26,51.279998779296875,51.619998931884766,51.209999084472656,51.5,39.878753662109375,755400
2011-04-27,51.63999938964844,51.83000183105469,51.36000061035156,51.7599983215332,40.080081939697266,687500
2011-04-28,51.72999954223633,52.0,51.709999084472656,51.939998626708984,40.21945571899414,551700
2011-04-29,51.9900016784668,52.08000183105469,51.869998931884766,52.040000915527344,40.2968864440918,475000
2011-05-02,52.279998779296875,52.33000183105469,51.849998474121094,51.939998626708984,40.21945571899414,736900
2011-05-03,51.779998779296875,51.900001525878906,51.38999938964844,51.650001525878906,39.99489212036133,477400
2011-05-04,51.630001068115234,51.630001068115234,51.0099983215332,51.279998779296875,39.70838928222656,721000
2011-05-05,51.040000915527344,51.5,50.790000915527344,51.02000045776367,39.50705337524414,636200
2011-05-06,51.54999923706055,51.790000915527344,51.02000045776367,51.22999954223633,39.669673919677734,395200
2011-05-09,51.290000915527344,51.61000061035156,51.16999816894531,51.5,39.878753662109375,315500
2011-05-10,51.709999084472656,52.150001525878906,51.650001525878906,52.06999969482422,40.32011413574219,637100
2011-05-11,52.02000045776367,52.02000045776367,51.27000045776367,51.52000045776367,39.89423370361328,432000
2011-05-12,51.41999816894531,51.939998626708984,51.150001525878906,51.86000061035156,40.15751266479492,531000
2011-05-13,51.93000030517578,51.95000076293945,51.279998779296875,51.43000030517578,39.82453536987305,505500
2011-05-16,51.29999923706055,51.689998626708984,51.04999923706055,51.130001068115234,39.59224319458008,483800
2011-05-17,50.95000076293945,51.13999938964844,50.650001525878906,51.040000915527344,39.522560119628906,1600200
2011-05-18,51.11000061035156,51.63999938964844,51.0,51.56999969482422,39.93294143676758,656900
2011-05-19,51.810001373291016,51.83000183105469,51.40999984741211,51.70000076293945,40.03361129760742,441800
2011-05-20,51.619998931884766,51.63999938964844,51.15999984741211,51.34000015258789,39.754852294921875,604300
2011-05-23,50.63999938964844,50.849998474121094,50.5099983215332,50.65999984741211,39.22829818725586,635300
2011-05-24,50.849998474121094,50.939998626708984,50.459999084472656,50.58000183105469,39.166343688964844,953900
2011-05-25,50.310001373291016,50.939998626708984,50.290000915527344,50.75,39.29799270629883,423100
2011-05-26,50.630001068115234,51.119998931884766,50.5,51.029998779296875,39.514808654785156,375500
2011-05-27,51.15999984741211,51.38999938964844,51.11000061035156,51.279998779296875,39.70838928222656,526300
2011-05-31,51.779998779296875,51.779998779296875,51.31999969482422,51.720001220703125,40.04909133911133,550000
2011-06-01,51.65999984741211,51.65999984741211,50.470001220703125,50.5,39.10439682006836,489200
2011-06-02,50.59000015258789,50.709999084472656,50.15999984741211,50.45000076293945,39.0656852722168,557000
2011-06-03,49.869998931884766,50.27000045776367,49.75,49.81999969482422,38.5778694152832,830200
2011-06-06,49.63999938964844,49.790000915527344,49.15999984741211,49.18000030517578,38.0822639465332,1676200
2011-06-07,49.5,49.70000076293945,49.27000045776367,49.29999923706055,38.175193786621094,1670500
2011-06-08,49.18000030517578,49.25,48.86000061035156,48.939998626708984,37.896419525146484,974500
2011-06-09,49.04999923706055,49.5,48.95000076293945,49.29999923706055,38.175193786621094,589600
2011-06-10,49.150001525878906,49.150001525878906,48.4900016784668,48.56999969482422,37.60992431640625,856900
2011-06-13,48.68000030517578,48.849998474121094,48.29999923706055,48.540000915527344,37.58667755126953,1086200
2011-06-14,49.02000045776367,49.459999084472656,49.0099983215332,49.31999969482422,38.1906623840332,662700
2011-06-15,48.970001220703125,49.09000015258789,48.33000183105469,48.439998626708984,37.50924301147461,1018100
2011-06-16,48.439998626708984,48.75,48.060001373291016,48.439998626708984,37.50924301147461,1550200
2011-06-17,48.709999084472656,48.81999969482422,48.349998474121094,48.4900016784668,37.67238998413086,810300
2011-06-20,48.369998931884766,48.93000030517578,48.369998931884766,48.81999969482422,37.928768157958984,746000
2011-06-21,49.099998474121094,49.66999816894531,49.060001373291016,49.599998474121094,38.5347785949707,2701900
2011-06-22,49.4900016784668,49.7599983215332,49.279998779296875,49.31999969482422,38.31723403930664,1595800
2011-06-23,48.68000030517578,49.25,48.34000015258789,49.220001220703125,38.23955535888672,1492100
2011-06-24,49.2599983215332,49.27000045776367,48.599998474121094,48.68000030517578,37.82002258300781,421800
2011-06-27,48.689998626708984,49.16999816894531,48.54999923706055,49.0099983215332,38.076393127441406,563500
2011-06-28,49.209999084472656,49.7400016784668,49.15999984741211,49.709999084472656,38.620216369628906,1066500
2011-06-29,49.9900016784668,50.2599983215332,49.7400016784668,50.150001525878906,38.96207046508789,825000
2011-06-30,50.34000015258789,50.70000076293945,50.2599983215332,50.619998931884766,39.32720947265625,881800
2011-07-01,50.650001525878906,51.47999954223633,50.54999923706055,51.38999938964844,39.925437927246094,1035200
2011-07-05,51.369998931884766,51.41999816894531,51.06999969482422,51.27000045776367,39.83222198486328,1647900
2011-07-06,51.20000076293945,51.349998474121094,50.970001220703125,51.29999923706055,39.85552215576172,2065300
2011-07-07,51.810001373291016,52.040000915527344,51.720001220703125,51.91999816894531,40.33720016479492,1743300
2011-07-08,51.349998474121094,51.459999084472656,51.029998779296875,51.459999084472656,39.97981643676758,1100800
2011-07-11,50.88999938964844,50.93000030517578,50.2400016784668,50.369998931884766,39.13298416137695,678200
2011-07-12,50.20000076293945,50.630001068115234,50.08000183105469,50.15999984741211,38.9698600769043,1517300
2011-07-13,50.33000183105469,50.849998474121094,50.15999984741211,50.27000045776367,39.05531311035156,880400
2011-07-14,50.36000061035156,50.56999969482422,49.65999984741211,49.7599983215332,38.65908432006836,868200
2011-07-15,50.060001373291016,50.060001373291016,49.63999938964844,50.040000915527344,38.876625061035156,588800
2011-07-18,49.84000015258789,49.86000061035156,49.119998931884766,49.439998626708984,38.410465240478516,538700
2011-07-19,49.790000915527344,50.369998931884766,49.790000915527344,50.310001373291016,39.086387634277344,423600
2011-07-20,50.4900016784668,50.5,50.15999984741211,50.290000915527344,39.07084655761719,621500
2011-07-21,50.560001373291016,51.08000183105469,50.439998626708984,50.95000076293945,39.58361053466797,1408500
2011-07-22,50.97999954223633,51.08000183105469,50.65999984741211,51.0,39.6224479675293,808300
2011-07-25,50.4900016784668,50.939998626708984,50.43000030517578,50.68000030517578,39.37382888793945,536200
2011-07-26,50.68000030517578,50.70000076293945,50.34000015258789,50.45000076293945,39.19514465332031,721900
2011-07-27,50.16999816894531,50.209999084472656,49.220001220703125,49.25,38.26283264160156,1034200
2011-07-28,49.2400016784668,49.689998626708984,48.959999084472656,49.029998779296875,38.091941833496094,1213000
2011-07-29,48.599998474121094,49.2400016784668,48.27000045776367,48.790000915527344,37.90547561645508,954100
2011-08-01,49.65999984741211,49.65999984741211,48.0,48.41999816894531,37.61801528930664,1606300
2011-08-02,48.04999923706055,48.290000915527344,46.95000076293945,46.95000076293945,36.475955963134766,2396800
2011-08-03,46.959999084472656,47.25,46.08000183105469,47.2400016784668,36.70125961303711,5647500
2011-08-04,46.560001373291016,46.560001373291016,44.720001220703125,44.7400016784668,34.75899887084961,3448200
2011-08-05,45.41999816894531,45.5,43.369998931884766,44.56999969482422,34.62690734863281,3477800
2011-08-08,43.27000045776367,43.7599983215332,41.189998626708984,41.29999923706055,32.08641052246094,4469300
2011-08-09,41.72999954223633,43.400001525878906,40.70000076293945,43.38999938964844,33.71015167236328,4033500
2011-08-10,42.54999923706055,43.09000015258789,41.47999954223633,41.529998779296875,32.26511001586914,2628300
2011-08-11,41.93000030517578,44.209999084472656,41.7400016784668,43.65999984741211,33.919921875,1865700
2011-08-12,44.11000061035156,44.34000015258789,43.560001373291016,43.900001525878906,34.10636901855469,2156400
2011-08-15,44.31999969482422,44.97999954223633,44.279998779296875,44.970001220703125,34.93767166137695,1897100
2011-08-16,44.54999923706055,44.91999816894531,43.9900016784668,44.439998626708984,34.52590560913086,1233500
2011-08-17,44.650001525878906,45.04999923706055,44.0,44.36000061035156,34.463768005371094,1345600
2011-08-18,43.150001525878906,43.150001525878906,41.83000183105469,42.209999084472656,32.793399810791016,2700700
2011-08-19,41.599998474121094,42.77000045776367,41.470001220703125,41.5099983215332,32.249549865722656,1370900
2011-08-22,42.290000915527344,42.54999923706055,41.41999816894531,41.56999969482422,32.29618453979492,922500
2011-08-23,41.709999084472656,43.08000183105469,41.47999954223633,43.08000183105469,33.46931457519531,1333200
2011-08-24,43.02000045776367,43.779998779296875,42.83000183105469,43.72999954223633,33.97429656982422,1436400
2011-08-25,43.93000030517578,44.209999084472656,42.779998779296875,42.900001525878906,33.3294792175293,878800
2011-08-26,42.650001525878906,43.900001525878906,41.970001220703125,43.66999816894531,33.927696228027344,985000
2011-08-29,44.290000915527344,45.209999084472656,44.2400016784668,45.18000030517578,35.10082244873047,686300
2011-08-30,45.02000045776367,45.70000076293945,44.63999938964844,45.369998931884766,35.24843978881836,2161300
2011-08-31,45.709999084472656,46.20000076293945,45.310001373291016,45.689998626708984,35.497032165527344,2297800
2011-09-01,45.65999984741211,46.08000183105469,45.02000045776367,45.060001373291016,35.00761032104492,1590900
2011-09-02,44.15999984741211,44.31999969482422,43.63999938964844,43.75,33.98986053466797,1867400
2011-09-06,42.529998779296875,43.5,42.369998931884766,43.459999084472656,33.76453399658203,910700
2011-09-07,44.099998474121094,44.91999816894531,44.040000915527344,44.90999984741211,34.891056060791016,595900
2011-09-08,44.59000015258789,45.08000183105469,44.18000030517578,44.310001373291016,34.4249267578125,2198600
2011-09-09,43.81999969482422,43.970001220703125,42.83000183105469,43.099998474121094,33.48485565185547,845200
2011-09-12,42.5,43.40999984741211,42.349998474121094,43.369998931884766,33.69462585449219,1014200
2011-09-13,43.470001220703125,44.040000915527344,43.189998626708984,43.88999938964844,34.09859848022461,1344400
2011-09-14,44.13999938964844,45.09000015258789,43.47999954223633,44.56999969482422,34.62690734863281,789700
2011-09-15,45.09000015258789,45.34000015258789,44.59000015258789,45.310001373291016,35.20182800292969,976400
2011-09-16,45.310001373291016,45.61000061035156,44.939998626708984,45.33000183105469,35.34999084472656,664400
2011-09-19,44.470001220703125,45.0,44.16999816894531,44.7400016784668,34.88990020751953,1045300
2011-09-20,44.91999816894531,45.380001068115234,44.5099983215332,44.54999923706055,34.74173355102539,914700
2011-09-21,44.540000915527344,44.68000030517578,42.970001220703125,42.970001220703125,33.50958251953125,845400
2011-09-22,41.810001373291016,42.09000015258789,40.93000030517578,41.540000915527344,32.3944206237793,3336800
2011-09-23,41.25,42.099998474121094,41.209999084472656,41.83000183105469,32.620567321777344,2802100
2011-09-26,42.310001373291016,42.93000030517578,41.540000915527344,42.869998931884766,33.431602478027344,1071400
2011-09-27,43.88999938964844,44.279998779296875,43.189998626708984,43.45000076293945,33.88389205932617,1090000
2011-09-28,43.5099983215332,43.70000076293945,42.22999954223633,42.25,32.94810104370117,843500
2011-09-29,42.970001220703125,43.2400016784668,41.7599983215332,42.599998474121094,33.221038818359375,1206900
2011-09-30,42.02000045776367,42.279998779296875,41.380001068115234,41.400001525878906,32.28522872924805,851200
2011-10-03,41.08000183105469,41.66999816894531,39.88999938964844,39.88999938964844,31.107683181762695,2085400
2011-10-04,39.459999084472656,41.150001525878906,39.029998779296875,41.060001373291016,32.02009582519531,3600000
2011-10-05,41.189998626708984,42.119998931884766,40.81999969482422,41.9900016784668,32.74533462524414,1813100
2011-10-06,41.959999084472656,43.0,41.70000076293945,42.959999084472656,33.50178527832031,1677700
2011-10-07,43.29999923706055,43.29999923706055,42.20000076293945,42.47999954223633,33.127464294433594,1283500
2011-10-10,43.2400016784668,43.959999084472656,43.13999938964844,43.959999084472656,34.281639099121094,641000
2011-10-11,43.68000030517578,44.13999938964844,43.599998474121094,44.02000045776367,34.32841110229492,789100
2011-10-12,44.380001068115234,45.040000915527344,44.279998779296875,44.4900016784668,34.694923400878906,1714700
2011-10-13,44.2400016784668,44.54999923706055,43.7400016784668,44.36000061035156,34.59355545043945,845300
2011-10-14,44.970001220703125,45.150001525878906,44.56999969482422,45.130001068115234,35.19401931762695,1030200
2011-10-17,44.97999954223633,44.97999954223633,43.9900016784668,44.099998474121094,34.39080047607422,926600
2011-10-18,44.06999969482422,45.5,43.619998931884766,45.150001525878906,35.209625244140625,908800
2011-10-19,45.060001373291016,45.380001068115234,44.41999816894531,44.58000183105469,34.7651252746582,1550900
2011-10-20,44.77000045776367,44.95000076293945,43.9900016784668,44.790000915527344,34.92887496948242,959500
2011-10-21,45.45000076293945,45.90999984741211,45.380001068115234,45.869998931884766,35.7711067199707,1856100
2011-10-24,46.0099983215332,46.86000061035156,45.939998626708984,46.72999954223633,36.441768646240234,7201400
2011-10-25,46.45000076293945,46.5,45.56999969482422,45.66999816894531,35.615135192871094,3560200
2011-10-26,46.189998626708984,46.380001068115234,45.310001373291016,46.16999816894531,36.00504684448242,1157900
2011-10-27,47.63999938964844,48.400001525878906,47.15999984741211,48.040000915527344,37.46336364746094,4181300
2011-10-28,47.88999938964844,48.18000030517578,47.75,48.06999969482422,37.48674392700195,2019100
2011-10-31,47.56999969482422,47.59000015258789,46.75,46.810001373291016,36.5041618347168,2122800
2011-11-01,45.45000076293945,46.0,45.060001373291016,45.36000061035156,35.37337875366211,8451600
2011-11-02,46.04999923706055,46.41999816894531,45.689998626708984,46.220001220703125,36.04404067993164,4921500
2011-11-03,46.709999084472656,47.2599983215332,45.959999084472656,47.13999938964844,36.761497497558594,889400
2011-11-04,46.81999969482422,47.09000015258789,46.290000915527344,46.959999084472656,36.621124267578125,834200
2011-11-07,46.95000076293945,47.209999084472656,46.34000015258789,47.18000030517578,36.79268264770508,569100
2011-11-08,47.36000061035156,47.779998779296875,46.84000015258789,47.709999084472656,37.205997467041016,912400
2011-11-09,46.56999969482422,46.689998626708984,45.66999816894531,45.75,35.67751693725586,1014600
2011-11-10,46.470001220703125,46.47999954223633,45.720001220703125,46.15999984741211,35.99726867675781,632600
2011-11-11,46.849998474121094,47.34000015258789,46.72999954223633,47.18000030517578,36.79268264770508,667000
2011-11-14,47.0,47.09000015258789,46.4900016784668,46.75,36.457374572753906,345700
2011-11-15,46.540000915527344,47.18000030517578,46.29999923706055,46.95000076293945,36.61332321166992,646200
2011-11-16,46.459999084472656,47.029998779296875,46.099998474121094,46.13999938964844,35.98165512084961,326600
2011-11-17,46.04999923706055,46.130001068115234,44.95000076293945,45.27000045776367,35.30319595336914,1266900
2011-11-18,45.41999816894531,45.52000045776367,45.0,45.18000030517578,35.233009338378906,1153100
2011-11-21,44.43000030517578,44.59000015258789,43.91999816894531,44.349998474121094,34.58575439453125,1423700
2011-11-22,44.29999923706055,44.5,43.84000015258789,44.099998474121094,34.39080047607422,546800
2011-11-23,43.689998626708984,43.689998626708984,43.040000915527344,43.04999923706055,33.57197189331055,1564000
2011-11-25,42.88999938964844,43.459999084472656,42.06999969482422,42.959999084472656,33.50178527832031,621500
2011-11-28,44.20000076293945,44.529998779296875,43.959999084472656,44.310001373291016,34.554561614990234,1760400
2011-11-29,44.38999938964844,44.72999954223633,44.22999954223633,44.400001525878906,34.62473678588867,980900
2011-11-30,45.7599983215332,46.45000076293945,45.720001220703125,46.400001525878906,36.1844367980957,858400
2011-12-01,46.38999938964844,46.68000030517578,46.189998626708984,46.369998931884766,36.1610221862793,706300
2011-12-02,46.84000015258789,47.0,46.25,46.31999969482422,36.122039794921875,749500
2011-12-05,47.060001373291016,47.290000915527344,46.599998474121094,46.869998931884766,36.55095291137695,687100
2011-12-06,46.93000030517578,47.119998931884766,46.61000061035156,46.84000015258789,36.52754211425781,1079400
2011-12-07,46.70000076293945,47.06999969482422,46.20000076293945,46.900001525878906,36.574337005615234,499600
2011-12-08,46.540000915527344,46.61000061035156,45.61000061035156,45.720001220703125,35.65412521362305,614100
2011-12-09,45.84000015258789,46.689998626708984,45.84000015258789,46.58000183105469,36.32477951049805,409500
2011-12-12,46.22999954223633,46.22999954223633,45.45000076293945,45.849998474121094,35.75550842285156,535900
2011-12-13,46.060001373291016,46.29999923706055,44.939998626708984,45.15999984741211,35.21742630004883,2512700
2011-12-14,44.939998626708984,45.119998931884766,44.540000915527344,44.63999938964844,34.81190490722656,1109300
2011-12-15,45.099998474121094,45.25,44.7400016784668,44.849998474121094,34.975677490234375,923300
2011-12-16,44.939998626708984,45.33000183105469,44.650001525878906,44.779998779296875,35.06652069091797,381300
2011-12-19,44.900001525878906,45.06999969482422,44.04999923706055,44.15999984741211,34.58100509643555,419500
2011-12-20,44.849998474121094,45.720001220703125,44.849998474121094,45.619998931884766,35.72429656982422,606300
2011-12-21,45.619998931884766,45.849998474121094,45.18000030517578,45.790000915527344,35.8574333190918,591300
2011-12-22,45.9900016784668,46.380001068115234,45.86000061035156,46.310001373291016,36.26461410522461,779600
2011-12-23,46.40999984741211,46.68000030517578,46.34000015258789,46.68000030517578,36.55436706542969,527200
2011-12-27,46.529998779296875,46.77000045776367,46.470001220703125,46.65999984741211,36.5387077331543,550100
2011-12-28,46.630001068115234,46.650001525878906,45.91999816894531,46.0,36.02187728881836,433500
2011-12-29,46.06999969482422,46.540000915527344,46.06999969482422,46.4900016784668,36.40557861328125,515700
2011-12-30,46.5099983215332,46.560001373291016,46.279998779296875,46.279998779296875,36.24113082885742,709500
2012-01-03,47.13999938964844,47.43000030517578,46.95000076293945,46.9900016784668,36.797122955322266,632100
2012-01-04,46.88999938964844,47.04999923706055,46.61000061035156,46.95000076293945,36.76580047607422,960900
2012-01-05,46.7599983215332,47.22999954223633,46.41999816894531,47.13999938964844,36.91458511352539,880500
2012-01-06,47.2599983215332,47.2599983215332,46.880001068115234,47.08000183105469,36.86760330200195,835400
2012-01-09,47.150001525878906,47.29999923706055,46.959999084472656,47.209999084472656,36.96939468383789,353300
2012-01-10,47.810001373291016,47.90999984741211,47.720001220703125,47.81999969482422,37.44709014892578,553800
2012-01-11,47.7400016784668,47.959999084472656,47.599998474121094,47.88999938964844,37.50189971923828,1061200
2012-01-12,48.08000183105469,48.150001525878906,47.619998931884766,48.09000015258789,37.65852355957031,659200
2012-01-13,47.79999923706055,47.810001373291016,47.369998931884766,47.79999923706055,37.431419372558594,618200
2012-01-17,48.279998779296875,48.33000183105469,47.810001373291016,47.900001525878906,37.509735107421875,594100
2012-01-18,47.959999084472656,48.619998931884766,47.810001373291016,48.599998474121094,38.05788803100586,443000
2012-01-19,48.79999923706055,49.060001373291016,48.68000030517578,48.970001220703125,38.3476448059082,1474200
2012-01-20,48.86000061035156,48.93000030517578,48.72999954223633,48.90999984741211,38.30064392089844,514900
2012-01-23,48.939998626708984,49.25,48.720001220703125,48.939998626708984,38.32414627075195,779700
2012-01-24,48.7400016784668,49.040000915527344,48.560001373291016,49.02000045776367,38.38679122924805,641500
2012-01-25,48.939998626708984,49.599998474121094,48.70000076293945,49.5099983215332,38.77050018310547,1214200
2012-01-26,49.77000045776367,49.869998931884766,48.970001220703125,49.18000030517578,38.512081146240234,1186600
2012-01-27,48.97999954223633,49.33000183105469,48.93000030517578,49.20000076293945,38.527732849121094,407300
2012-01-30,48.779998779296875,48.9900016784668,48.47999954223633,48.91999816894531,38.30847930908203,452500
2012-01-31,49.20000076293945,49.290000915527344,48.65999984741211,48.90999984741211,38.30064392089844,517300
2012-02-01,49.31999969482422,49.75,49.2599983215332,49.54999923706055,38.80182647705078,680500
2012-02-02,49.63999938964844,49.7599983215332,49.439998626708984,49.619998931884766,38.856632232666016,556300
2012-02-03,50.099998474121094,50.5,50.08000183105469,50.439998626708984,39.498775482177734,954000
2012-02-06,50.22999954223633,50.400001525878906,50.150001525878906,50.36000061035156,39.436126708984375,380200
2012-02-07,50.290000915527344,50.54999923706055,50.02000045776367,50.459999084472656,39.51443099975586,428700
2012-02-08,50.41999816894531,50.709999084472656,50.29999923706055,50.619998931884766,39.63971710205078,481600
2012-02-09,50.630001068115234,50.790000915527344,50.31999969482422,50.68000030517578,39.686702728271484,518400
2012-02-10,50.2599983215332,50.349998474121094,50.029998779296875,50.290000915527344,39.38129425048828,641100
2012-02-13,50.65999984741211,50.709999084472656,50.33000183105469,50.59000015258789,39.61623001098633,495500
2012-02-14,50.470001220703125,50.54999923706055,50.18000030517578,50.5099983215332,39.55356216430664,359300
2012-02-15,50.779998779296875,50.810001373291016,50.2599983215332,50.36000061035156,39.436126708984375,1383800
2012-02-16,50.349998474121094,51.060001373291016,50.31999969482422,50.9900016784668,39.92947006225586,453800
2012-02-17,51.2400016784668,51.2599983215332,50.959999084472656,51.130001068115234,40.039093017578125,258900
2012-02-21,51.209999084472656,51.31999969482422,50.83000183105469,50.97999954223633,39.92163848876953,454800
2012-02-22,50.869998931884766,51.029998779296875,50.65999984741211,50.75,39.741519927978516,611400
2012-02-23,50.75,51.09000015258789,50.560001373291016,51.04999923706055,39.9764518737793,398800
2012-02-24,51.11000061035156,51.310001373291016,51.040000915527344,51.11000061035156,40.0234260559082,428200
2012-02-27,50.810001373291016,51.33000183105469,50.66999816894531,51.16999816894531,40.07041549682617,449900
2012-02-28,51.20000076293945,51.34000015258789,51.02000045776367,51.220001220703125,40.10957717895508,346500
2012-02-29,51.290000915527344,51.400001525878906,50.81999969482422,50.869998931884766,39.83549499511719,679500
2012-03-01,51.029998779296875,51.310001373291016,50.97999954223633,51.18000030517578,40.0782470703125,620700
2012-03-02,51.11000061035156,51.2599983215332,50.83000183105469,50.939998626708984,39.89030075073242,222600
2012-03-05,50.790000915527344,50.84000015258789,50.459999084472656,50.619998931884766,39.63971710205078,608000
2012-03-06,50.06999969482422,50.09000015258789,49.630001068115234,49.7400016784668,38.95059585571289,945400
2012-03-07,49.90999984741211,50.22999954223633,49.84000015258789,50.150001525878906,39.27167510986328,449700
2012-03-08,50.47999954223633,50.849998474121094,50.36000061035156,50.75,39.741519927978516,406900
2012-03-09,50.88999938964844,51.2400016784668,50.81999969482422,51.09000015258789,40.00777816772461,638800
2012-03-12,51.09000015258789,51.150001525878906,50.83000183105469,50.959999084472656,39.90595626831055,204900
2012-03-13,51.22999954223633,51.95000076293945,51.18000030517578,51.91999816894531,40.6577262878418,398000
2012-03-14,52.0099983215332,52.060001373291016,51.63999938964844,51.790000915527344,40.55593490600586,526300
2012-03-15,51.810001373291016,52.25,51.66999816894531,52.209999084472656,40.88483810424805,444100
2012-03-16,52.130001068115234,52.189998626708984,52.0,52.09000015258789,40.93275833129883,401800
2012-03-19,52.04999923706055,52.43000030517578,52.0,52.22999954223633,41.042762756347656,473700
2012-03-20,51.88999938964844,52.029998779296875,51.68000030517578,51.970001220703125,40.83848190307617,424700
2012-03-21,52.02000045776367,52.08000183105469,51.779998779296875,51.90999984741211,40.79132080078125,762400
2012-03-22,51.5099983215332,51.619998931884766,51.2599983215332,51.459999084472656,40.43770217895508,429700
2012-03-23,51.529998779296875,51.709999084472656,51.13999938964844,51.66999816894531,40.602718353271484,642400
2012-03-26,52.060001373291016,52.34000015258789,52.04999923706055,52.31999969482422,41.11349105834961,348700
2012-03-27,52.439998626708984,52.47999954223633,52.15999984741211,52.20000076293945,41.019195556640625,607000
2012-03-28,52.130001068115234,52.20000076293945,51.470001220703125,51.77000045776367,40.681312561035156,345000
2012-03-29,51.459999084472656,51.779998779296875,51.20000076293945,51.720001220703125,40.64200973510742,522800
2012-03-30,51.97999954223633,52.029998779296875,51.599998474121094,51.869998931884766,40.75987243652344,362400
2012-04-02,51.81999969482422,52.45000076293945,51.709999084472656,52.27000045776367,41.07420349121094,657300
2012-04-03,52.220001220703125,52.29999923706055,51.72999954223633,52.08000183105469,40.924896240234375,813500
2012-04-04,51.630001068115234,51.70000076293945,51.31999969482422,51.47999954223633,40.453426361083984,544500
2012-04-05,51.290000915527344,51.56999969482422,51.22999954223633,51.33000183105469,40.33554458618164,531600
2012-04-09,50.650001525878906,50.81999969482422,50.5,50.65999984741211,39.809059143066406,496200
2012-04-10,50.52000045776367,50.68000030517578,49.689998626708984,49.72999954223633,39.078250885009766,2312500
2012-04-11,50.27000045776367,50.40999984741211,50.13999938964844,50.189998626708984,39.4397087097168,817400
2012-04-12,50.2599983215332,51.060001373291016,50.220001220703125,51.0099983215332,40.084083557128906,481700
2012-04-13,50.869998931884766,50.970001220703125,50.40999984741211,50.40999984741211,39.61259078979492,423600
2012-04-16,50.720001220703125,50.79999923706055,50.20000076293945,50.41999816894531,39.620460510253906,741200
2012-04-17,50.7400016784668,51.27000045776367,50.68000030517578,51.130001068115234,40.17837905883789,375300
2012-04-18,50.849998474121094,51.06999969482422,50.81999969482422,50.91999816894531,40.01335906982422,409400
2012-04-19,50.869998931884766,51.2400016784668,50.470001220703125,50.709999084472656,39.84834289550781,400500
2012-04-20,50.900001525878906,51.09000015258789,50.779998779296875,50.79999923706055,39.919063568115234,1765800
2012-04-23,50.209999084472656,50.31999969482422,49.90999984741211,50.2599983215332,39.49471664428711,440800
2012-04-24,50.25,50.56999969482422,50.220001220703125,50.45000076293945,39.644039154052734,499500
2012-04-25,50.83000183105469,51.09000015258789,50.7400016784668,51.06999969482422,40.1312370300293,470500
2012-04-26,50.90999984741211,51.54999923706055,50.81999969482422,51.47999954223633,40.453426361083984,495800
2012-04-27,51.630001068115234,51.75,51.310001373291016,51.630001068115234,40.57128143310547,584200
2012-04-30,51.529998779296875,51.560001373291016,51.31999969482422,51.47999954223633,40.453426361083984,1976600
2012-05-01,51.47999954223633,52.15999984741211,51.349998474121094,51.810001373291016,40.71273422241211,471800
2012-05-02,51.5,51.72999954223633,51.31999969482422,51.66999816894531,40.602718353271484,327200
2012-05-03,51.650001525878906,51.68000030517578,51.04999923706055,51.150001525878906,40.19409942626953,543000
2012-05-04,50.90999984741211,50.90999984741211,50.2599983215332,50.34000015258789,39.55758285522461,1037700
2012-05-07,50.11000061035156,50.470001220703125,50.0099983215332,50.290000915527344,39.518306732177734,614000
2012-05-08,50.0,50.060001373291016,49.29999923706055,50.0,39.29042434692383,1224600
2012-05-09,49.41999816894531,50.11000061035156,49.209999084472656,49.790000915527344,39.125404357910156,561600
2012-05-10,50.220001220703125,50.220001220703125,49.7400016784668,49.81999969482422,39.14899826049805,705800
2012-05-11,49.5,50.20000076293945,49.5,49.7599983215332,39.101810455322266,326800
2012-05-14,49.25,49.529998779296875,49.08000183105469,49.16999816894531,38.638206481933594,709100
2012-05-15,49.09000015258789,49.369998931884766,48.720001220703125,48.81999969482422,38.36315155029297,686500
2012-05-16,48.9900016784668,49.2400016784668,48.470001220703125,48.5,38.1116943359375,842500
2012-05-17,48.5099983215332,48.540000915527344,47.54999923706055,47.54999923706055,37.36518096923828,1407100
2012-05-18,47.75,47.84000015258789,47.0099983215332,47.099998474121094,37.01157760620117,1544800
2012-05-21,47.189998626708984,48.06999969482422,47.18000030517578,48.040000915527344,37.750247955322266,1296600
2012-05-22,48.20000076293945,48.540000915527344,47.83000183105469,48.130001068115234,37.82097244262695,796400
2012-05-23,47.72999954223633,48.349998474121094,47.349998474121094,48.290000915527344,37.94668960571289,755000
2012-05-24,48.38999938964844,48.43000030517578,47.900001525878906,48.34000015258789,37.98598098754883,491700
2012-05-25,48.34000015258789,48.540000915527344,48.20000076293945,48.34000015258789,37.98598098754883,448900
2012-05-29,48.650001525878906,49.040000915527344,48.58000183105469,48.93000030517578,38.44959259033203,445300
2012-05-30,48.4900016784668,48.58000183105469,47.97999954223633,48.040000915527344,37.750247955322266,298700
2012-05-31,48.029998779296875,48.22999954223633,47.380001068115234,47.880001068115234,37.624507904052734,660400
2012-06-01,47.0099983215332,47.16999816894531,46.52000045776367,46.54999923706055,36.57938766479492,1094600
2012-06-04,46.54999923706055,46.77000045776367,46.029998779296875,46.45000076293945,36.500789642333984,2131400
2012-06-05,46.349998474121094,47.02000045776367,46.27000045776367,46.90999984741211,36.862281799316406,691000
2012-06-06,47.25,48.040000915527344,47.25,48.029998779296875,37.74238204956055,433100
2012-06-07,48.650001525878906,48.689998626708984,47.880001068115234,47.97999954223633,37.703086853027344,869600
2012-06-08,47.900001525878906,48.369998931884766,47.63999938964844,48.349998474121094,37.993831634521484,529200
2012-06-11,48.790000915527344,48.84000015258789,47.56999969482422,47.61000061035156,37.41233444213867,374500
2012-06-12,47.7599983215332,48.209999084472656,47.5,48.16999816894531,37.85239028930664,323400
2012-06-13,48.02000045776367,48.27000045776367,47.59000015258789,47.7400016784668,37.514495849609375,205400
2012-06-14,47.91999816894531,48.38999938964844,47.709999084472656,48.220001220703125,37.89168167114258,430600
2012-06-15,48.130001068115234,48.619998931884766,48.130001068115234,48.56999969482422,38.327274322509766,244700
2012-06-18,48.43000030517578,48.810001373291016,48.25,48.70000076293945,38.42987060546875,441500
2012-06-19,48.939998626708984,49.5,48.93000030517578,49.290000915527344,38.89543914794922,476600
2012-06-20,49.290000915527344,49.52000045776367,48.880001068115234,49.22999954223633,38.84809494018555,1014800
2012-06-21,49.29999923706055,49.33000183105469,47.939998626708984,47.959999084472656,37.84592056274414,597000
2012-06-22,48.13999938964844,48.439998626708984,47.97999954223633,48.31999969482422,38.12998962402344,219800
2012-06-25,47.7599983215332,47.779998779296875,47.25,47.459999084472656,37.45134353637695,300500
2012-06-26,47.560001373291016,47.869998931884766,47.290000915527344,47.720001220703125,37.65652847290039,220000
2012-06-27,47.849998474121094,48.310001373291016,47.810001373291016,48.16999816894531,38.01162338256836,408400
2012-06-28,47.900001525878906,48.22999954223633,47.58000183105469,48.189998626708984,38.02741622924805,337000
2012-06-29,49.209999084472656,49.540000915527344,49.02000045776367,49.52000045776367,39.076927185058594,529300
2012-07-02,49.7400016784668,49.7599983215332,49.27000045776367,49.63999938964844,39.17163848876953,684600
2012-07-03,49.650001525878906,50.13999938964844,49.599998474121094,50.09000015258789,39.526737213134766,407200
2012-07-05,49.880001068115234,50.119998931884766,49.619998931884766,49.880001068115234,39.36101150512695,553600
2012-07-06,49.38999938964844,49.41999816894531,49.060001373291016,49.33000183105469,38.927001953125,386000
2012-07-09,49.22999954223633,49.31999969482422,48.86000061035156,49.04999923706055,38.7060546875,389600
2012-07-10,49.279998779296875,49.439998626708984,48.34000015258789,48.529998779296875,38.29572677612305,364600
2012-07-11,48.459999084472656,48.72999954223633,48.2599983215332,48.540000915527344,38.303592681884766,256000
2012-07-12,48.16999816894531,48.45000076293945,47.81999969482422,48.2599983215332,38.082645416259766,2191000
2012-07-13,48.25,49.09000015258789,48.25,49.029998779296875,38.69027328491211,335300
2012-07-16,48.880001068115234,49.02000045776367,48.619998931884766,48.84000015258789,38.540348052978516,258100
2012-07-17,49.040000915527344,49.27000045776367,48.5099983215332,49.189998626708984,38.8165168762207,254200
2012-07-18,49.08000183105469,49.79999923706055,49.060001373291016,49.619998931884766,39.15584182739258,285300
2012-07-19,49.77000045776367,49.959999084472656,49.54999923706055,49.779998779296875,39.282100677490234,375200
2012-07-20,49.5,49.54999923706055,49.15999984741211,49.22999954223633,38.84809494018555,333500
2012-07-23,48.4900016784668,48.79999923706055,48.20000076293945,48.63999938964844,38.38251495361328,462200
2012-07-24,48.689998626708984,48.689998626708984,47.779998779296875,48.11000061035156,37.96428680419922,470100
2012-07-25,48.209999084472656,48.45000076293945,47.88999938964844,48.130001068115234,37.98006820678711,463700
2012-07-26,48.849998474121094,49.09000015258789,48.59000015258789,48.970001220703125,38.64291763305664,355300
2012-07-27,49.290000915527344,50.16999816894531,49.20000076293945,49.9900016784668,39.44781494140625,386200
2012-07-30,49.939998626708984,50.16999816894531,49.720001220703125,49.939998626708984,39.40835189819336,293300
2012-07-31,49.90999984741211,50.0,49.58000183105469,49.58000183105469,39.124290466308594,513800
2012-08-01,49.88999938964844,49.88999938964844,49.349998474121094,49.400001525878906,38.982234954833984,322500
2012-08-02,48.95000076293945,49.43000030517578,48.619998931884766,49.02000045776367,38.682373046875,1569700
2012-08-03,49.7400016784668,50.189998626708984,49.7400016784668,50.04999923706055,39.49516677856445,762500
2012-08-06,50.31999969482422,50.45000076293945,50.220001220703125,50.290000915527344,39.684547424316406,405800
2012-08-07,50.439998626708984,51.02000045776367,50.439998626708984,50.790000915527344,40.0791015625,496200
2012-08-08,50.56999969482422,50.959999084472656,50.56999969482422,50.93000030517578,40.189579010009766,266800
2012-08-09,50.790000915527344,51.11000061035156,50.790000915527344,51.0099983215332,40.25270462036133,192700
2012-08-10,50.7599983215332,51.11000061035156,50.709999084472656,51.08000183105469,40.30794143676758,214600
2012-08-13,51.0,51.099998474121094,50.720001220703125,51.02000045776367,40.2606086730957,161200
2012-08-14,51.16999816894531,51.279998779296875,50.779998779296875,50.91999816894531,40.18169403076172,338200
2012-08-15,50.81999969482422,51.18000030517578,50.81999969482422,51.11000061035156,40.33162307739258,213900
2012-08-16,51.22999954223633,51.61000061035156,51.08000183105469,51.54999923706055,40.67881774902344,464800
2012-08-17,51.59000015258789,51.70000076293945,51.529998779296875,51.650001525878906,40.75773239135742,220900
2012-08-20,51.599998474121094,51.630001068115234,51.33000183105469,51.599998474121094,40.718299865722656,160500
2012-08-21,51.709999084472656,52.0,51.43000030517578,51.54999923706055,40.67881774902344,385900
2012-08-22,51.36000061035156,51.560001373291016,51.18000030517578,51.47999954223633,40.623592376708984,295000
2012-08-23,51.33000183105469,51.349998474121094,50.880001068115234,51.0099983215332,40.25270462036133,255600
2012-08-24,50.86000061035156,51.36000061035156,50.790000915527344,51.279998779296875,40.46577453613281,370200
2012-08-27,51.36000061035156,51.439998626708984,51.13999938964844,51.18000030517578,40.38687515258789,222900
2012-08-28,51.119998931884766,51.36000061035156,51.0,51.150001525878906,40.36318588256836,290700
2012-08-29,51.22999954223633,51.36000061035156,51.029998779296875,51.27000045776367,40.45789337158203,196700
2012-08-30,51.0099983215332,51.029998779296875,50.70000076293945,50.869998931884766,40.142234802246094,204100
2012-08-31,51.15999984741211,51.34000015258789,50.849998474121094,51.099998474121094,40.32373046875,341700
2012-09-04,51.060001373291016,51.22999954223633,50.70000076293945,51.060001373291016,40.29217529296875,262100
2012-09-05,51.06999969482422,51.189998626708984,50.869998931884766,51.0099983215332,40.25270462036133,182700
2012-09-06,51.29999923706055,52.13999938964844,51.29999923706055,52.11000061035156,41.12074279785156,401100
2012-09-07,52.25,52.470001220703125,52.209999084472656,52.470001220703125,41.40481185913086,584200
2012-09-10,52.40999984741211,52.56999969482422,52.20000076293945,52.20000076293945,41.1917610168457,634400
2012-09-11,52.2599983215332,52.61000061035156,52.25,52.4900016784668,41.42060089111328,1560500
2012-09-12,52.66999816894531,52.779998779296875,52.529998779296875,52.689998626708984,41.57842254638672,414100
2012-09-13,52.68000030517578,53.61000061035156,52.47999954223633,53.459999084472656,42.18605041503906,423000
2012-09-14,53.59000015258789,54.209999084472656,53.59000015258789,53.869998931884766,42.50957107543945,1144600
2012-09-17,53.79999923706055,53.79999923706055,53.36000061035156,53.47999954223633,42.20182418823242,294300
2012-09-18,53.439998626708984,53.439998626708984,53.16999816894531,53.310001373291016,42.06767272949219,400600
2012-09-19,53.349998474121094,53.54999923706055,53.22999954223633,53.43000030517578,42.16236114501953,204900
2012-09-20,53.220001220703125,53.310001373291016,52.86000061035156,53.290000915527344,42.05189895629883,412100
2012-09-21,53.310001373291016,53.380001068115234,53.040000915527344,53.060001373291016,42.03447341918945,238500
2012-09-24,52.88999938964844,53.02000045776367,52.7400016784668,52.88999938964844,41.8997802734375,188700
2012-09-25,52.95000076293945,53.029998779296875,52.150001525878906,52.209999084472656,41.361083984375,1485800
2012-09-26,52.130001068115234,52.16999816894531,51.650001525878906,51.880001068115234,41.099674224853516,300200
2012-09-27,52.060001373291016,52.47999954223633,51.939998626708984,52.349998474121094,41.472007751464844,323700
2012-09-28,52.18000030517578,52.36000061035156,51.90999984741211,52.18000030517578,41.33732223510742,466100
2012-10-01,52.400001525878906,52.779998779296875,52.150001525878906,52.25,41.39278030395508,189800
2012-10-02,52.45000076293945,52.540000915527344,52.130001068115234,52.349998474121094,41.472007751464844,144300
2012-10-03,52.5,52.630001068115234,52.18000030517578,52.459999084472656,41.55913543701172,162400
2012-10-04,52.66999816894531,52.970001220703125,52.599998474121094,52.93000030517578,41.93147277832031,326100
2012-10-05,53.220001220703125,53.369998931884766,52.83000183105469,52.970001220703125,41.96316909790039,302800
2012-10-08,52.75,52.97999954223633,52.72999954223633,52.849998474121094,41.86809158325195,344400
2012-10-09,52.849998474121094,52.900001525878906,52.31999969482422,52.349998474121094,41.472007751464844,427300
2012-10-10,52.33000183105469,52.349998474121094,51.90999984741211,51.9900016784668,41.18680953979492,144700
2012-10-11,52.290000915527344,52.56999969482422,52.20000076293945,52.209999084472656,41.361083984375,288900
2012-10-12,52.220001220703125,52.380001068115234,51.86000061035156,51.959999084472656,41.16303634643555,212800
2012-10-15,52.040000915527344,52.38999938964844,51.86000061035156,52.34000015258789,41.464073181152344,220800
2012-10-16,52.54999923706055,52.97999954223633,52.54999923706055,52.95000076293945,41.947322845458984,381900
2012-10-17,53.0,53.290000915527344,52.93000030517578,53.2400016784668,42.17706298828125,166200
2012-10-18,53.18000030517578,53.41999816894531,53.060001373291016,53.2599983215332,42.19290542602539,393400
2012-10-19,53.119998931884766,53.119998931884766,52.2400016784668,52.40999984741211,41.51953887939453,346400
2012-10-22,52.349998474121094,52.59000015258789,52.0,52.369998931884766,41.48783493041992,287800
2012-10-23,51.75,51.95000076293945,51.349998474121094,51.75,40.99668502807617,437600
2012-10-24,51.95000076293945,52.02000045776367,51.43000030517578,51.5,40.79862594604492,233600
2012-10-25,51.84000015258789,52.0,51.380001068115234,51.70000076293945,40.957061767578125,418800
2012-10-26,51.66999816894531,51.88999938964844,51.349998474121094,51.650001525878906,40.917457580566406,171400
2012-10-31,51.84000015258789,52.029998779296875,51.5099983215332,51.75,40.99668502807617,413400
2012-11-01,51.880001068115234,52.4900016784668,51.810001373291016,52.4900016784668,41.582923889160156,248100
2012-11-02,52.7400016784668,52.77000045776367,51.959999084472656,51.97999954223633,41.178871154785156,512100
2012-11-05,51.900001525878906,52.2400016784668,51.7599983215332,52.16999816894531,41.32939910888672,268900
2012-11-06,52.29999923706055,52.810001373291016,52.27000045776367,52.630001068115234,41.693824768066406,237100
2012-11-07,52.130001068115234,52.150001525878906,51.22999954223633,51.560001373291016,40.84614944458008,673900
2012-11-08,51.459999084472656,51.70000076293945,50.86000061035156,50.880001068115234,40.307456970214844,1119900
2012-11-09,50.66999816894531,51.369998931884766,50.65999984741211,50.90999984741211,40.33122634887695,955000
2012-11-12,51.0099983215332,51.08000183105469,50.810001373291016,50.95000076293945,40.362918853759766,552700
2012-11-13,50.630001068115234,51.310001373291016,50.61000061035156,50.790000915527344,40.236148834228516,481400
2012-11-14,51.0,51.060001373291016,50.0,50.099998474121094,39.68952941894531,684100
2012-11-15,50.119998931884766,50.349998474121094,49.849998474121094,50.099998474121094,39.68952941894531,946300
2012-11-16,50.06999969482422,50.459999084472656,49.790000915527344,50.38999938964844,39.91926956176758,938900
2012-11-19,50.93000030517578,51.29999923706055,50.88999938964844,51.29999923706055,40.64019012451172,347500
2012-11-20,51.209999084472656,51.38999938964844,50.939998626708984,51.33000183105469,40.66393280029297,275200
2012-11-21,51.369998931884766,51.459999084472656,51.25,51.45000076293945,40.759010314941406,173900
2012-11-23,51.63999938964844,52.06999969482422,51.619998931884766,52.06999969482422,41.25017166137695,132900
2012-11-26,51.880001068115234,51.95000076293945,51.66999816894531,51.91999816894531,41.131343841552734,216800
2012-11-27,51.90999984741211,52.09000015258789,51.70000076293945,51.720001220703125,40.97290802001953,214900
2012-11-28,51.56999969482422,52.18000030517578,51.27000045776367,52.18000030517578,41.33732223510742,192400
2012-11-29,52.31999969482422,52.5,52.11000061035156,52.349998474121094,41.472007751464844,658400
2012-11-30,52.41999816894531,52.47999954223633,52.2400016784668,52.40999984741211,41.51953887939453,274400
2012-12-03,52.68000030517578,52.720001220703125,52.119998931884766,52.189998626708984,41.34523010253906,449000
2012-12-04,52.189998626708984,52.31999969482422,51.970001220703125,52.13999938964844,41.30562973022461,431900
2012-12-05,52.2599983215332,52.52000045776367,51.93000030517578,52.349998474121094,41.472007751464844,591500
2012-12-06,52.34000015258789,52.52000045776367,52.220001220703125,52.5,41.59082794189453,280200
2012-12-07,52.7400016784668,52.79999923706055,52.4900016784668,52.7599983215332,41.79680252075195,380100
2012-12-10,52.650001525878906,52.939998626708984,52.650001525878906,52.880001068115234,41.89186477661133,5067700
2012-12-11,53.040000915527344,53.34000015258789,52.9900016784668,53.18000030517578,42.1295166015625,411100
2012-12-12,53.310001373291016,53.59000015258789,53.13999938964844,53.209999084472656,42.15330123901367,1007600
2012-12-13,53.209999084472656,53.38999938964844,52.790000915527344,52.939998626708984,41.93940353393555,444200
2012-12-14,52.79999923706055,53.02000045776367,52.779998779296875,52.84000015258789,41.86018371582031,308600
2012-12-17,53.0099983215332,53.470001220703125,53.0099983215332,53.470001220703125,42.35926818847656,546200
2012-12-18,53.58000183105469,54.16999816894531,53.45000076293945,54.13999938964844,42.89004135131836,829100
2012-12-19,54.2400016784668,54.290000915527344,53.86000061035156,53.880001068115234,42.6840705871582,547000
2012-12-20,53.97999954223633,54.15999984741211,53.7400016784668,54.13999938964844,42.89004135131836,1059200
2012-12-21,53.29999923706055,53.5099983215332,53.11000061035156,53.45000076293945,42.56433868408203,580300
2012-12-24,53.25,53.34000015258789,53.18000030517578,53.27000045776367,42.42099380493164,191300
2012-12-26,53.33000183105469,53.41999816894531,52.91999816894531,52.970001220703125,42.18211364746094,219900
2012-12-27,53.02000045776367,53.08000183105469,52.27000045776367,52.86000061035156,42.09450149536133,653800
2012-12-28,52.560001373291016,52.83000183105469,52.31999969482422,52.31999969482422,41.66446304321289,373900
2012-12-31,52.310001373291016,53.31999969482422,52.18000030517578,53.31999969482422,42.460819244384766,620300
2013-01-02,54.369998931884766,54.599998474121094,54.11000061035156,54.599998474121094,43.480125427246094,1072000
2013-01-03,54.58000183105469,54.869998931884766,54.45000076293945,54.56999969482422,43.456233978271484,7143800
2013-01-04,54.709999084472656,55.04999923706055,54.59000015258789,55.0099983215332,43.806644439697266,909200
2013-01-07,54.849998474121094,54.849998474121094,54.61000061035156,54.79999923706055,43.639400482177734,700000
2013-01-08,54.68000030517578,54.70000076293945,54.33000183105469,54.56999969482422,43.456233978271484,463800
2013-01-09,54.619998931884766,54.849998474121094,54.619998931884766,54.7599983215332,43.607547760009766,863600
2013-01-10,54.95000076293945,55.11000061035156,54.75,55.09000015258789,43.870323181152344,1172300
2013-01-11,55.119998931884766,55.150001525878906,54.880001068115234,55.11000061035156,43.88627243041992,549500
2013-01-14,55.11000061035156,55.15999984741211,54.880001068115234,55.13999938964844,43.910152435302734,443500
2013-01-15,54.95000076293945,55.400001525878906,54.84000015258789,55.369998931884766,44.093318939208984,508000
2013-01-16,55.2400016784668,55.349998474121094,55.130001068115234,55.290000915527344,44.02961730957031,466700
2013-01-17,55.54999923706055,55.91999816894531,55.43000030517578,55.779998779296875,44.419822692871094,700400
2013-01-18,55.83000183105469,55.97999954223633,55.61000061035156,55.939998626708984,44.547218322753906,341600
2013-01-22,55.9900016784668,56.349998474121094,55.849998474121094,56.349998474121094,44.87373352050781,403100
2013-01-23,56.38999938964844,56.38999938964844,56.119998931884766,56.290000915527344,44.82594299316406,514300
2013-01-24,56.380001068115234,56.779998779296875,56.33000183105469,56.540000915527344,45.0250244140625,584100
2013-01-25,56.7400016784668,56.95000076293945,56.59000015258789,56.95000076293945,45.35152816772461,693700
2013-01-28,56.93000030517578,57.0099983215332,56.63999938964844,56.81999969482422,45.248008728027344,513500
2013-01-29,56.790000915527344,57.0099983215332,56.650001525878906,56.97999954223633,45.37541580200195,577800
2013-01-30,56.959999084472656,57.09000015258789,56.7400016784668,56.810001373291016,45.24003601074219,425300
2013-01-31,56.77000045776367,56.93000030517578,56.59000015258789,56.790000915527344,45.224117279052734,319600
2013-02-01,57.16999816894531,57.369998931884766,57.04999923706055,57.310001373291016,45.63821792602539,456900
2013-02-04,57.040000915527344,57.11000061035156,56.650001525878906,56.7400016784668,45.18429946899414,788900
2013-02-05,57.02000045776367,57.369998931884766,56.91999816894531,57.220001220703125,45.5665397644043,403700
2013-02-06,57.08000183105469,57.40999984741211,57.0,57.40999984741211,45.71784591674805,778300
2013-02-07,57.459999084472656,57.459999084472656,56.880001068115234,57.290000915527344,45.62228775024414,614100
2013-02-08,57.29999923706055,57.599998474121094,57.29999923706055,57.56999969482422,45.84526824951172,358100
2013-02-11,57.63999938964844,57.63999938964844,57.41999816894531,57.59000015258789,45.86119842529297,328200
2013-02-12,57.650001525878906,57.849998474121094,57.599998474121094,57.779998779296875,46.01249313354492,287700
2013-02-13,57.93000030517578,57.9900016784668,57.68000030517578,57.790000915527344,46.02046203613281,373300
2013-02-14,57.709999084472656,57.970001220703125,57.59000015258789,57.93000030517578,46.13195037841797,341900
2013-02-15,58.0,58.040000915527344,57.650001525878906,57.880001068115234,46.09211730957031,355000
2013-02-19,58.02000045776367,58.279998779296875,57.939998626708984,58.279998779296875,46.4106559753418,1180900
2013-02-20,58.25,58.279998779296875,57.310001373291016,57.349998474121094,45.67007064819336,689600
2013-02-21,57.20000076293945,57.20000076293945,56.619998931884766,56.81999969482422,45.248008728027344,839000
2013-02-22,57.11000061035156,57.40999984741211,57.04999923706055,57.380001068115234,45.69396209716797,536400
2013-02-25,57.77000045776367,57.81999969482422,56.2400016784668,56.2400016784668,44.7861213684082,626300
2013-02-26,56.59000015258789,56.66999816894531,56.06999969482422,56.619998931884766,45.08873748779297,839500
2013-02-27,56.560001373291016,57.58000183105469,56.560001373291016,57.40999984741211,45.71784591674805,258000
2013-02-28,57.36000061035156,57.81999969482422,57.34000015258789,57.34000015258789,45.6620979309082,780600
2013-03-01,57.209999084472656,57.630001068115234,56.849998474121094,57.58000183105469,45.85322952270508,730600
2013-03-04,57.59000015258789,57.81999969482422,57.279998779296875,57.79999923706055,46.02842712402344,578000
2013-03-05,58.08000183105469,58.52000045776367,58.08000183105469,58.40999984741211,46.51417922973633,667500
2013-03-06,58.619998931884766,58.70000076293945,58.38999938964844,58.470001220703125,46.56195831298828,458100
2013-03-07,58.529998779296875,58.68000030517578,58.52000045776367,58.63999938964844,46.69734191894531,362500
2013-03-08,58.939998626708984,59.060001373291016,58.630001068115234,59.02000045776367,46.99995422363281,671400
2013-03-11,59.02000045776367,59.22999954223633,58.900001525878906,59.20000076293945,47.14328384399414,595600
2013-03-12,59.16999816894531,59.279998779296875,58.970001220703125,59.189998626708984,47.13533401489258,400100
2013-03-13,59.2400016784668,59.40999984741211,59.029998779296875,59.34000015258789,47.25478744506836,673800
2013-03-14,59.439998626708984,59.72999954223633,59.439998626708984,59.68000030517578,47.525543212890625,274700
2013-03-15,59.4900016784668,59.4900016784668,59.22999954223633,59.400001525878906,47.463218688964844,282000
2013-03-18,58.75,59.27000045776367,58.7400016784668,59.0099983215332,47.15159225463867,624700
2013-03-19,59.13999938964844,59.189998626708984,58.38999938964844,58.77000045776367,46.959815979003906,474400
2013-03-20,59.119998931884766,59.38999938964844,59.040000915527344,59.27000045776367,47.35933303833008,447500
2013-03-21,59.029998779296875,59.15999984741211,58.63999938964844,58.7400016784668,46.93584060668945,475100
2013-03-22,58.95000076293945,59.08000183105469,58.849998474121094,59.040000915527344,47.17555618286133,248000
2013-03-25,59.290000915527344,59.380001068115234,58.630001068115234,58.91999816894531,47.07967758178711,594600
2013-03-26,59.06999969482422,59.349998474121094,59.029998779296875,59.349998474121094,47.42324447631836,297000
2013-03-27,59.040000915527344,59.38999938964844,58.849998474121094,59.349998474121094,47.42324447631836,352200
2013-03-28,59.36000061035156,59.75,59.290000915527344,59.63999938964844,47.65498733520508,516500
2013-04-01,59.70000076293945,59.7400016784668,59.13999938964844,59.33000183105469,47.40729904174805,523100
2013-04-02,59.47999954223633,59.63999938964844,59.20000076293945,59.33000183105469,47.40729904174805,1299500
2013-04-03,59.41999816894531,59.439998626708984,58.4900016784668,58.65999984741211,46.871910095214844,665300
2013-04-04,58.709999084472656,59.0,58.65999984741211,58.970001220703125,47.119632720947266,423900
2013-04-05,58.25,58.810001373291016,58.08000183105469,58.7599983215332,46.95183181762695,478800
2013-04-08,58.84000015258789,59.27000045776367,58.61000061035156,59.27000045776367,47.35933303833008,354700
2013-04-09,59.400001525878906,59.66999816894531,59.13999938964844,59.4900016784668,47.53514099121094,341900
2013-04-10,59.650001525878906,60.2400016784668,59.650001525878906,60.20000076293945,48.10245132446289,400400
2013-04-11,60.2599983215332,60.70000076293945,60.25,60.5,48.3421516418457,461600
2013-04-12,60.310001373291016,60.36000061035156,59.90999984741211,60.25,48.14238739013672,405800
2013-04-15,60.029998779296875,60.040000915527344,58.619998931884766,58.650001525878906,46.863929748535156,439400
2013-04-16,59.02000045776367,59.529998779296875,58.900001525878906,59.529998779296875,47.567081451416016,328100
2013-04-17,59.04999923706055,59.08000183105469,58.22999954223633,58.54999923706055,46.784027099609375,12313000
2013-04-18,58.650001525878906,58.7599983215332,58.029998779296875,58.27000045776367,46.560302734375,935100
2013-04-19,58.439998626708984,58.83000183105469,58.2400016784668,58.79999923706055,46.98377990722656,336500
2013-04-22,58.869998931884766,59.18000030517578,58.41999816894531,59.060001373291016,47.191532135009766,363800
2013-04-23,59.369998931884766,59.709999084472656,59.119998931884766,59.66999816894531,47.678958892822266,435300
2013-04-24,59.7400016784668,60.02000045776367,59.709999084472656,59.95000076293945,47.90268325805664,375300
2013-04-25,60.189998626708984,60.59000015258789,60.0099983215332,60.279998779296875,48.166378021240234,514400
2013-04-26,60.220001220703125,60.27000045776367,59.869998931884766,60.08000183105469,48.006568908691406,515100
2013-04-29,60.22999954223633,60.540000915527344,60.119998931884766,60.41999816894531,48.278228759765625,522000
2013-04-30,60.459999084472656,60.650001525878906,60.13999938964844,60.650001525878906,48.46201705932617,380900
2013-05-01,60.5099983215332,60.56999969482422,60.0099983215332,60.029998779296875,47.96660232543945,612400
2013-05-02,60.220001220703125,60.709999084472656,60.220001220703125,60.650001525878906,48.46201705932617,524600
2013-05-03,61.15999984741211,61.59000015258789,61.150001525878906,61.369998931884766,49.037315368652344,495800
2013-05-06,61.43000030517578,61.650001525878906,61.369998931884766,61.58000183105469,49.20512008666992,625700
2013-05-07,61.72999954223633,61.970001220703125,61.54999923706055,61.970001220703125,49.51675796508789,686900
2013-05-08,61.90999984741211,62.27000045776367,61.869998931884766,62.27000045776367,49.756465911865234,877800
2013-05-09,62.220001220703125,62.380001068115234,61.959999084472656,62.09000015258789,49.61264419555664,609100
2013-05-10,62.13999938964844,62.4900016784668,62.04999923706055,62.47999954223633,49.924259185791016,363300
2013-05-13,62.439998626708984,62.529998779296875,62.16999816894531,62.400001525878906,49.86035919189453,379200
2013-05-14,62.40999984741211,63.189998626708984,62.40999984741211,63.130001068115234,50.44364929199219,794300
2013-05-15,63.0,63.63999938964844,63.0,63.540000915527344,50.77125549316406,430000
2013-05-16,63.45000076293945,63.58000183105469,63.029998779296875,63.13999938964844,50.451629638671875,408800
2013-05-17,63.40999984741211,63.880001068115234,63.290000915527344,63.869998931884766,51.034934997558594,553800
2013-05-20,63.81999969482422,64.13999938964844,63.790000915527344,63.900001525878906,51.05891036987305,889700
2013-05-21,63.970001220703125,64.16999816894531,63.720001220703125,63.959999084472656,51.106849670410156,488300
2013-05-22,64.06999969482422,64.55000305175781,62.900001525878906,63.16999816894531,50.47562026977539,950400
2013-05-23,62.529998779296875,63.189998626708984,62.349998474121094,63.08000183105469,50.403709411621094,540800
2013-05-24,62.7599983215332,62.90999984741211,62.38999938964844,62.869998931884766,50.23588180541992,439700
2013-05-28,63.619998931884766,63.86000061035156,63.08000183105469,63.310001373291016,50.58747863769531,619800
2013-05-29,63.029998779296875,63.08000183105469,62.52000045776367,62.86000061035156,50.22789764404297,538300
2013-05-30,62.900001525878906,63.439998626708984,62.880001068115234,63.15999984741211,50.467620849609375,2567400
2013-05-31,62.97999954223633,63.369998931884766,62.27000045776367,62.279998779296875,49.764461517333984,541600
2013-06-03,62.40999984741211,62.5099983215332,61.7400016784668,62.43000030517578,49.88431167602539,780600
2013-06-04,62.41999816894531,62.720001220703125,61.77000045776367,62.13999938964844,49.65258026123047,542400
2013-06-05,62.0,62.0099983215332,61.130001068115234,61.22999954223633,48.92545700073242,3390600
2013-06-06,61.220001220703125,61.79999923706055,60.880001068115234,61.79999923706055,49.38091278076172,668700
2013-06-07,62.22999954223633,62.720001220703125,62.0,62.68000030517578,50.084083557128906,689600
2013-06-10,62.84000015258789,62.91999816894531,62.439998626708984,62.650001525878906,50.06010437011719,672200
2013-06-11,62.2400016784668,62.54999923706055,61.810001373291016,61.959999084472656,49.50875473022461,453100
2013-06-12,62.380001068115234,62.45000076293945,61.310001373291016,61.349998474121094,49.021358489990234,471100
2013-06-13,61.349998474121094,62.56999969482422,61.27000045776367,62.45000076293945,49.900299072265625,548600
2013-06-14,62.41999816894531,62.70000076293945,61.959999084472656,62.119998931884766,49.636600494384766,460600
2013-06-17,62.540000915527344,62.849998474121094,62.279998779296875,62.63999938964844,50.0521240234375,482400
2013-06-18,62.599998474121094,63.209999084472656,62.599998474121094,63.130001068115234,50.44364929199219,504100
2013-06-19,63.060001373291016,63.130001068115234,62.20000076293945,62.209999084472656,49.70853042602539,721800
2013-06-20,61.5,61.61000061035156,60.43000030517578,60.630001068115234,48.44603729248047,1235200
2013-06-21,60.77000045776367,60.91999816894531,59.83000183105469,60.5,48.534271240234375,1458100
2013-06-24,59.93000030517578,60.25,59.18000030517578,59.75,47.932621002197266,1200200
2013-06-25,60.400001525878906,60.619998931884766,59.93000030517578,60.439998626708984,48.48613739013672,658800
2013-06-26,61.04999923706055,61.150001525878906,60.66999816894531,60.97999954223633,48.919349670410156,618600
2013-06-27,61.380001068115234,61.72999954223633,61.369998931884766,61.560001373291016,49.38462829589844,1529800
2013-06-28,61.45000076293945,61.70000076293945,61.06999969482422,61.27000045776367,49.151981353759766,676200
2013-07-01,61.650001525878906,62.150001525878906,61.650001525878906,61.810001373291016,49.58519744873047,651900
2013-07-02,61.72999954223633,62.040000915527344,61.36000061035156,61.650001525878906,49.45683288574219,470100
2013-07-03,61.400001525878906,61.7599983215332,61.2400016784668,61.599998474121094,49.416709899902344,204100
2013-07-05,62.060001373291016,62.29999923706055,61.56999969482422,62.29999923706055,49.97828674316406,574100
2013-07-08,62.68000030517578,62.77000045776367,62.5,62.58000183105469,50.202903747558594,998500
2013-07-09,63.04999923706055,63.18000030517578,62.779998779296875,63.11000061035156,50.628082275390625,1151900
2013-07-10,63.06999969482422,63.31999969482422,62.90999984741211,63.20000076293945,50.70027160644531,1308500
2013-07-11,64.02999877929688,64.1500015258789,63.77000045776367,64.12000274658203,51.438323974609375,1237600
2013-07-12,64.12999725341797,64.30999755859375,64.0,64.27999877929688,51.56666946411133,579500
2013-07-15,64.38999938964844,64.48999786376953,64.22000122070312,64.43000030517578,51.68699645996094,1150200
2013-07-16,64.52999877929688,64.54000091552734,63.88999938964844,64.11000061035156,51.430294036865234,709700
2013-07-17,64.27999877929688,64.44999694824219,64.16000366210938,64.26000213623047,51.550621032714844,566400
2013-07-18,64.4800033569336,64.83999633789062,64.43000030517578,64.7300033569336,51.927677154541016,1350000
2013-07-19,64.62999725341797,64.87999725341797,64.55000305175781,64.8499984741211,52.0239372253418,659600
2013-07-22,65.0,65.0999984741211,64.81999969482422,64.98999786376953,52.136253356933594,674500
2013-07-23,65.12999725341797,65.16000366210938,64.79000091552734,64.83999633789062,52.01591491699219,461700
2013-07-24,65.05000305175781,65.06999969482422,64.25,64.37999725341797,51.64688491821289,653700
2013-07-25,64.29000091552734,64.7300033569336,64.22000122070312,64.72000122070312,51.91965103149414,783900
2013-07-26,64.44000244140625,64.70999908447266,64.12999725341797,64.69999694824219,51.90360641479492,352600
2013-07-29,64.56999969482422,64.69999694824219,64.27999877929688,64.47000122070312,51.71909713745117,305900
2013-07-30,64.66000366210938,64.75,64.41999816894531,64.5999984741211,51.82337951660156,360600
2013-07-31,64.7699966430664,65.19999694824219,64.63999938964844,64.72000122070312,51.91965103149414,1309100
2013-08-01,65.30000305175781,65.76000213623047,65.26000213623047,65.66999816894531,52.6817626953125,690100
2013-08-02,65.61000061035156,65.80999755859375,65.44000244140625,65.7699966430664,52.76197814941406,909600
2013-08-05,65.68000030517578,65.80999755859375,65.58000183105469,65.72000122070312,52.721858978271484,591300
2013-08-06,65.56999969482422,65.63999938964844,65.12999725341797,65.30999755859375,52.3929557800293,675200
2013-08-07,65.16999816894531,65.16999816894531,64.75,64.9800033569336,52.12822341918945,608800
2013-08-08,65.27999877929688,65.5,64.97000122070312,65.36000061035156,52.433074951171875,545200
2013-08-09,65.20999908447266,65.52999877929688,65.06999969482422,65.27999877929688,52.3688850402832,512700
2013-08-12,65.0199966430664,65.31999969482422,65.0,65.2300033569336,52.32877731323242,531300
2013-08-13,65.36000061035156,65.45999908447266,64.94000244140625,65.30999755859375,52.3929557800293,548400
2013-08-14,65.2699966430664,65.33999633789062,64.95999908447266,64.97000122070312,52.12019729614258,475600
2013-08-15,64.4800033569336,64.4800033569336,63.869998931884766,63.97999954223633,51.32600402832031,1486300
2013-08-16,63.84000015258789,64.0999984741211,63.65999984741211,63.790000915527344,51.17357635498047,467400
2013-08-19,63.70000076293945,63.84000015258789,63.2599983215332,63.27000045776367,50.75642776489258,722300
2013-08-20,63.310001373291016,63.9900016784668,63.310001373291016,63.779998779296875,51.165557861328125,624600
2013-08-21,63.61000061035156,63.86000061035156,63.15999984741211,63.34000015258789,50.81259536743164,893300
2013-08-22,63.40999984741211,64.12999725341797,63.40999984741211,64.0,51.3420524597168,548500
2013-08-23,64.0999984741211,64.27999877929688,63.86000061035156,64.22000122070312,51.518550872802734,360500
2013-08-26,64.31999969482422,64.4800033569336,63.939998626708984,64.01000213623047,51.35008239746094,644900
2013-08-27,63.34000015258789,63.45000076293945,62.77000045776367,62.810001373291016,50.38740158081055,1032400
2013-08-28,62.84000015258789,63.20000076293945,62.650001525878906,62.97999954223633,50.5237922668457,571000
2013-08-29,62.72999954223633,63.41999816894531,62.72999954223633,63.15999984741211,50.66818618774414,580900
2013-08-30,63.27000045776367,63.27000045776367,62.70000076293945,62.83000183105469,50.4034538269043,305600
2013-09-03,63.529998779296875,63.77000045776367,62.88999938964844,63.20000076293945,50.70027160644531,623100
2013-09-04,63.22999954223633,63.88999938964844,63.099998474121094,63.790000915527344,51.17357635498047,863400
2013-09-05,63.81999969482422,64.0999984741211,63.79999923706055,63.959999084472656,51.30996322631836,569500
2013-09-06,64.20999908447266,64.38999938964844,63.439998626708984,64.0199966430664,51.35810089111328,970200
2013-09-09,64.22000122070312,64.80000305175781,64.19999694824219,64.7699966430664,51.959754943847656,804500
2013-09-10,65.19000244140625,65.33000183105469,65.04000091552734,65.33000183105469,52.409000396728516,1507800
2013-09-11,65.27999877929688,65.52999877929688,65.11000061035156,65.5199966430664,52.56142807006836,1047700
2013-09-12,65.56999969482422,65.5999984741211,65.19999694824219,65.23999786376953,52.33680725097656,597500
2013-09-13,65.31999969482422,65.44999694824219,65.13999938964844,65.44999694824219,52.50526809692383,393300
2013-09-16,66.2699966430664,66.33000183105469,65.80999755859375,65.91000366210938,52.874305725097656,3880500
2013-09-17,66.05000305175781,66.2300033569336,66.0199966430664,66.22000122070312,53.12297439575195,611600
2013-09-18,66.23999786376953,67.13999938964844,65.97000122070312,67.02999877929688,53.77278137207031,1502400
2013-09-19,67.2300033569336,67.2699966430664,66.77999877929688,66.87000274658203,53.64443588256836,1077900
2013-09-20,66.79000091552734,66.80000305175781,66.02999877929688,66.08999633789062,53.191307067871094,492900
2013-09-23,65.9800033569336,65.98999786376953,65.5,65.75,52.91764831542969,519900
2013-09-24,65.75,66.0999984741211,65.5,65.75,52.91764831542969,693000
2013-09-25,65.81999969482422,65.91999816894531,65.52999877929688,65.58000183105469,52.78083801269531,611800
2013-09-26,65.69000244140625,65.98999786376953,65.55000305175781,65.80000305175781,52.957908630371094,471600
2013-09-27,65.5199966430664,65.55999755859375,65.30999755859375,65.4000015258789,52.635963439941406,483800
2013-09-30,64.91000366210938,65.33999633789062,64.68000030517578,65.19999694824219,52.47499465942383,1101600
2013-10-01,65.30999755859375,65.77999877929688,65.23999786376953,65.7300033569336,52.90156936645508,1044800
2013-10-02,65.38999938964844,65.70999908447266,65.13999938964844,65.70999908447266,52.885467529296875,551200
2013-10-03,65.55999755859375,65.61000061035156,64.7300033569336,65.12000274658203,52.410621643066406,1106100
2013-10-04,65.18000030517578,65.73999786376953,65.04000091552734,65.62999725341797,52.821083068847656,1055600
2013-10-07,65.05000305175781,65.44000244140625,64.97000122070312,65.05000305175781,52.35427474975586,482700
2013-10-08,65.04000091552734,65.1500015258789,64.16999816894531,64.19000244140625,51.6621208190918,3717700
2013-10-09,64.37999725341797,64.47000122070312,63.790000915527344,64.19999694824219,51.67015838623047,939300
2013-10-10,64.94000244140625,65.68000030517578,64.7699966430664,65.6500015258789,52.837196350097656,900700
2013-10-11,65.54000091552734,66.11000061035156,65.45999908447266,66.08000183105469,53.18324661254883,1015100
2013-10-14,65.69999694824219,66.33000183105469,65.56999969482422,66.29000091552734,53.35227584838867,697100
2013-10-15,66.11000061035156,66.2699966430664,65.58000183105469,65.69999694824219,52.87740707397461,1024600
2013-10-16,66.18000030517578,66.62999725341797,66.0,66.62999725341797,53.625919342041016,1105600
2013-10-17,66.44000244140625,67.23999786376953,66.36000061035156,67.19999694824219,54.08464813232422,1514400
2013-10-18,67.5199966430664,67.62000274658203,67.20999908447266,67.51000213623047,54.334163665771484,1525600
2013-10-21,67.63999938964844,67.6500015258789,67.33999633789062,67.54000091552734,54.358299255371094,986400
2013-10-22,67.77999877929688,68.18000030517578,67.66999816894531,68.01000213623047,54.73658752441406,1695400
2013-10-23,67.76000213623047,67.80999755859375,67.36000061035156,67.62999725341797,54.43074035644531,1254500
2013-10-24,67.7300033569336,67.8499984741211,67.5,67.81999969482422,54.58367156982422,562000
2013-10-25,67.9000015258789,68.16000366210938,67.76000213623047,68.16000366210938,54.85730743408203,482900
2013-10-28,68.22000122070312,68.26000213623047,67.9800033569336,68.16999816894531,54.865360260009766,724700
2013-10-29,68.3499984741211,68.62000274658203,68.2699966430664,68.62000274658203,55.227535247802734,515400
2013-10-30,68.69000244140625,68.72000122070312,67.87999725341797,68.12000274658203,54.82509231567383,668200
2013-10-31,67.9800033569336,68.38999938964844,67.80999755859375,67.98999786376953,54.72047805786133,541600
2013-11-01,68.20999908447266,68.3499984741211,67.7699966430664,68.19999694824219,54.889495849609375,476400
2013-11-04,68.29000091552734,68.58000183105469,68.2699966430664,68.55999755859375,55.17924499511719,499600
2013-11-05,68.36000061035156,68.44999694824219,67.97000122070312,68.30000305175781,54.9699821472168,575300
2013-11-06,68.61000061035156,68.68000030517578,68.22000122070312,68.43000030517578,55.07460403442383,1053100
2013-11-07,68.5,68.6500015258789,67.37000274658203,67.45999908447266,54.293922424316406,664100
2013-11-08,67.45999908447266,68.33000183105469,67.38999938964844,68.33000183105469,54.9941291809082,645600
2013-11-11,68.31999969482422,68.48999786376953,68.2300033569336,68.44000244140625,55.0826530456543,383500
2013-11-12,68.33000183105469,68.38999938964844,68.0199966430664,68.23999786376953,54.92168426513672,602200
2013-11-13,67.98999786376953,68.9000015258789,67.87999725341797,68.9000015258789,55.452877044677734,899900
2013-11-14,68.9800033569336,69.30000305175781,68.81999969482422,69.26000213623047,55.74259948730469,859900
2013-11-15,69.43000030517578,69.55000305175781,69.23999786376953,69.55000305175781,55.976016998291016,696200
2013-11-18,69.7300033569336,69.7300033569336,69.0,69.16999816894531,55.670166015625,745000
2013-11-19,69.16000366210938,69.26000213623047,68.7300033569336,68.86000061035156,55.42068099975586,483700
2013-11-20,69.05000305175781,69.2300033569336,68.45999908447266,68.66999816894531,55.26777648925781,447100
2013-11-21,68.87999725341797,69.31999969482422,68.80000305175781,69.2699966430664,55.75065994262695,636500
2013-11-22,69.33000183105469,69.55999755859375,69.1500015258789,69.55000305175781,55.976016998291016,960400
2013-11-25,69.73999786376953,69.73999786376953,69.30000305175781,69.4000015258789,55.85529327392578,521200
2013-11-26,69.47000122070312,69.63999938964844,69.3499984741211,69.45999908447266,55.90359878540039,421300
2013-11-27,69.56999969482422,69.66000366210938,69.44000244140625,69.61000061035156,56.02431869506836,439200
2013-11-29,69.7699966430664,69.79000091552734,69.44000244140625,69.5,55.9357795715332,288100
2013-12-02,69.52999877929688,69.75,69.26000213623047,69.3499984741211,55.8150634765625,527700
2013-12-03,69.18000030517578,69.30999755859375,68.83000183105469,69.11000061035156,55.621883392333984,518800
2013-12-04,68.80999755859375,69.33999633789062,68.43000030517578,69.0,55.533363342285156,388700
2013-12-05,68.87000274658203,69.0199966430664,68.68000030517578,68.76000213623047,55.3401985168457,427600
2013-12-06,69.48999786376953,69.58000183105469,69.23999786376953,69.54000091552734,55.967960357666016,326800
2013-12-09,69.80999755859375,69.83000183105469,69.52999877929688,69.61000061035156,56.02431869506836,439700
2013-12-10,69.47000122070312,69.7699966430664,69.41000366210938,69.44999694824219,55.89552688598633,407000
2013-12-11,69.5,69.5,68.45999908447266,68.55000305175781,55.171199798583984,734900
2013-12-12,68.51000213623047,68.66000366210938,68.2300033569336,68.41000366210938,55.05852508544922,600700
2013-12-13,68.54000091552734,68.7300033569336,68.3499984741211,68.4800033569336,55.114837646484375,563200
2013-12-16,68.83000183105469,69.13999938964844,68.83000183105469,68.9800033569336,55.51725769042969,359600
2013-12-17,69.0,69.05000305175781,68.62999725341797,68.9000015258789,55.452877044677734,518000
2013-12-18,69.0,69.93000030517578,68.3499984741211,69.91999816894531,56.27381896972656,832500
2013-12-19,69.73999786376953,69.91999816894531,69.52999877929688,69.80999755859375,56.185279846191406,659400
2013-12-20,69.70999908447266,70.2300033569336,69.62000274658203,70.12000274658203,56.636775970458984,1123300
2013-12-23,70.41000366210938,70.5,70.27999877929688,70.45999908447266,56.911415100097656,666600
2013-12-24,70.5199966430664,70.72000122070312,70.47000122070312,70.68000030517578,57.089107513427734,283800
2013-12-26,70.9000015258789,70.97000122070312,70.79000091552734,70.91999816894531,57.28294372558594,3008100
2013-12-27,71.06999969482422,71.06999969482422,70.87000274658203,70.94000244140625,57.29909896850586,469500
2013-12-30,71.0,71.08000183105469,70.91999816894531,71.06999969482422,57.40412521362305,562400
2013-12-31,71.2300033569336,71.3499984741211,71.05999755859375,71.25,57.549495697021484,608100
2014-01-02,71.04000091552734,71.08000183105469,70.37999725341797,70.5999984741211,57.02448654174805,1288800
2014-01-03,70.73999786376953,70.8499984741211,70.4800033569336,70.54000091552734,56.97601318359375,538200
2014-01-06,70.68000030517578,70.88999938964844,70.26000213623047,70.31999969482422,56.79832458496094,593200
2014-01-07,70.55999755859375,70.87000274658203,70.48999786376953,70.73999786376953,57.13756561279297,662800
2014-01-08,70.80000305175781,70.93000030517578,70.54000091552734,70.8499984741211,57.2264289855957,747700
2014-01-09,71.08000183105469,71.12000274658203,70.58000183105469,70.93000030517578,57.29102325439453,739000
2014-01-10,71.0,71.26000213623047,70.87000274658203,71.23999786376953,57.541419982910156,520300
2014-01-13,71.13999938964844,71.25,70.11000061035156,70.22000122070312,56.71755599975586,916400
2014-01-14,70.4800033569336,71.05999755859375,70.33999633789062,71.02999877929688,57.371803283691406,579100
2014-01-15,71.19000244140625,71.38999938964844,71.08999633789062,71.29000091552734,57.58180618286133,828900
2014-01-16,71.19999694824219,71.22000122070312,70.94000244140625,71.22000122070312,57.525264739990234,856400
2014-01-17,71.18000030517578,71.26000213623047,70.86000061035156,70.9800033569336,57.331417083740234,1078800
2014-01-21,71.4000015258789,71.44000244140625,70.80999755859375,71.19999694824219,57.50910949707031,1065000
2014-01-22,71.30000305175781,71.44999694824219,71.1500015258789,71.37000274658203,57.64643096923828,988400
2014-01-23,71.12999725341797,71.12999725341797,70.33999633789062,70.66999816894531,57.081016540527344,992200
2014-01-24,70.19999694824219,70.19999694824219,69.0199966430664,69.04000091552734,55.764469146728516,1371400
2014-01-27,69.0199966430664,69.33000183105469,68.31999969482422,68.70999908447266,55.49791717529297,5040000
2014-01-28,68.95999908447266,69.41999816894531,68.94999694824219,69.33000183105469,55.998695373535156,962200
2014-01-29,68.8499984741211,69.19999694824219,68.55999755859375,68.69999694824219,55.489830017089844,1038000
2014-01-30,69.2699966430664,69.66000366210938,69.0999984741211,69.47000122070312,56.11176681518555,721900
2014-01-31,68.70999908447266,69.55999755859375,68.61000061035156,69.13999938964844,55.84524154663086,1048500
2014-02-03,68.98999786376953,69.13999938964844,67.3499984741211,67.44000244140625,54.47212219238281,2004800
2014-02-04,67.80000305175781,68.16000366210938,67.45999908447266,68.0,54.92442321777344,1671200
2014-02-05,67.81999969482422,68.0199966430664,67.2300033569336,67.87999725341797,54.82748794555664,1172300
2014-02-06,68.0999984741211,68.87000274658203,67.97000122070312,68.86000061035156,55.61906433105469,674000
2014-02-07,69.19999694824219,69.76000213623047,68.95999908447266,69.70999908447266,56.30562210083008,873100
2014-02-10,69.72000122070312,69.86000061035156,69.4800033569336,69.83000183105469,56.402557373046875,676900
2014-02-11,69.9000015258789,70.68000030517578,69.8499984741211,70.54000091552734,56.97601318359375,945100
2014-02-12,70.7300033569336,70.93000030517578,70.51000213623047,70.62999725341797,57.048683166503906,1573100
2014-02-13,70.19999694824219,71.12000274658203,70.08000183105469,71.06999969482422,57.40412521362305,837300
2014-02-14,71.02999877929688,71.5,70.88999938964844,71.43000030517578,57.69488525390625,696300
2014-02-18,71.58999633789062,71.75,71.33999633789062,71.69000244140625,57.90488052368164,944500
2014-02-19,71.55999755859375,72.02999877929688,71.27999877929688,71.37000274658203,57.64643096923828,680600
2014-02-20,71.41999816894531,71.98999786376953,71.20999908447266,71.87999725341797,58.058349609375,468400
2014-02-21,72.02999877929688,72.19000244140625,71.8499984741211,71.91999816894531,58.09067916870117,635700
2014-02-24,72.05999755859375,72.81999969482422,72.05999755859375,72.30000305175781,58.397586822509766,1212700
2014-02-25,72.36000061035156,72.52999877929688,71.98999786376953,72.23999786376953,58.34915542602539,757800
2014-02-26,72.22000122070312,72.6500015258789,72.16999816894531,72.33000183105469,58.421810150146484,995300
2014-02-27,72.26000213623047,72.66000366210938,72.18000030517578,72.62999725341797,58.664154052734375,550000
2014-02-28,72.66000366210938,73.13999938964844,72.37999725341797,72.83000183105469,58.82569885253906,848300
2014-03-03,72.26000213623047,72.51000213623047,71.87000274658203,72.31999969482422,58.413734436035156,1003300
2014-03-04,73.13999938964844,73.51000213623047,73.05999755859375,73.4000015258789,59.28608322143555,852400
2014-03-05,73.44999694824219,73.51000213623047,73.27999877929688,73.36000061035156,59.253753662109375,1105600
2014-03-06,73.5999984741211,73.72000122070312,73.47000122070312,73.55000305175781,59.40723419189453,699500
2014-03-07,73.83999633789062,73.87000274658203,73.26000213623047,73.55000305175781,59.40723419189453,757400
2014-03-10,73.45999908447266,73.52999877929688,73.0199966430664,73.37999725341797,59.26990509033203,506100
2014-03-11,73.5199966430664,73.63999938964844,72.83000183105469,73.0,58.96299743652344,717400
2014-03-12,72.63999938964844,73.04000091552734,72.44000244140625,73.02999877929688,58.987239837646484,508900
2014-03-13,73.27999877929688,73.27999877929688,71.98999786376953,72.19999694824219,58.316837310791016,890300
2014-03-14,72.06999969482422,72.54000091552734,72.0,72.16000366210938,58.284523010253906,613600
2014-03-17,72.58000183105469,72.91999816894531,72.41999816894531,72.76000213623047,58.76914978027344,703000
2014-03-18,72.91999816894531,73.37999725341797,72.86000061035156,73.31999969482422,59.22146224975586,804200
2014-03-19,73.48999786376953,73.48999786376953,72.4800033569336,72.91999816894531,58.898372650146484,667000
2014-03-20,72.73999786376953,73.30999755859375,72.61000061035156,73.2300033569336,59.14875030517578,1068400
2014-03-21,73.33000183105469,73.54000091552734,72.77999877929688,72.83999633789062,59.06117248535156,699800
2014-03-24,73.02999877929688,73.19000244140625,72.05999755859375,72.31999969482422,58.639549255371094,704700
2014-03-25,72.68000030517578,72.87000274658203,72.22000122070312,72.55999755859375,58.834163665771484,415000
2014-03-26,72.86000061035156,72.98999786376953,71.98999786376953,72.0,58.380096435546875,565500
2014-03-27,71.9000015258789,72.13999938964844,71.58999633789062,71.86000061035156,58.26658630371094,894300
2014-03-28,72.08000183105469,72.6500015258789,72.0199966430664,72.33000183105469,58.647666931152344,361200
2014-03-31,72.80000305175781,73.08999633789062,72.70999908447266,72.98999786376953,59.18283462524414,662200
2014-04-01,73.29000091552734,73.61000061035156,73.18000030517578,73.5999984741211,59.67742156982422,1161500
2014-04-02,73.7300033569336,73.98999786376953,73.51000213623047,73.88999938964844,59.912567138671875,2711600
2014-04-03,74.02999877929688,74.05000305175781,73.55000305175781,73.80000305175781,59.83959197998047,528300
2014-04-04,74.19000244140625,74.30000305175781,72.81999969482422,72.95999908447266,59.158485412597656,794200
2014-04-07,72.80999755859375,72.88999938964844,71.80000305175781,71.98999786376953,58.371986389160156,699500
2014-04-08,71.98999786376953,72.5,71.72000122070312,72.37999725341797,58.688228607177734,607600
2014-04-09,72.58000183105469,73.08000183105469,72.3499984741211,73.08000183105469,59.25580978393555,727000
2014-04-10,73.08000183105469,73.12999725341797,71.44999694824219,71.55000305175781,58.015228271484375,881200
2014-04-11,71.1500015258789,71.55000305175781,70.62999725341797,70.73999786376953,57.35844421386719,1317500
2014-04-14,71.16999816894531,71.5199966430664,70.79000091552734,71.37000274658203,57.8692626953125,682100
2014-04-15,71.51000213623047,71.86000061035156,70.75,71.81999969482422,58.234134674072266,1692800
2014-04-16,72.33999633789062,72.55999755859375,72.0,72.55999755859375,58.834163665771484,805300
2014-04-17,72.55999755859375,72.8499984741211,72.37000274658203,72.69000244140625,58.93955993652344,637400
2014-04-21,72.72000122070312,72.88999938964844,72.54000091552734,72.87999725341797,59.09362030029297,1466900
2014-04-22,72.95999908447266,73.41000366210938,72.91000366210938,73.20999908447266,59.3612060546875,868600
2014-04-23,73.19999694824219,73.3499984741211,73.05999755859375,73.1500015258789,59.31255340576172,585400
2014-04-24,73.4800033569336,73.5,72.91999816894531,73.25,59.39363098144531,703200
2014-04-25,73.01000213623047,73.0199966430664,72.41999816894531,72.58000183105469,58.85038375854492,709800
2014-04-28,72.81999969482422,72.98999786376953,71.8499984741211,72.55999755859375,58.834163665771484,639800
2014-04-29,72.83999633789062,72.95999908447266,72.5999984741211,72.87999725341797,59.09362030029297,435200
2014-04-30,72.73999786376953,73.2699966430664,72.69000244140625,73.2699966430664,59.409847259521484,575800
2014-05-01,73.2699966430664,73.5,72.97000122070312,73.30000305175781,59.434165954589844,1007800
2014-05-02,73.30000305175781,73.70999908447266,73.18000030517578,73.25,59.39363098144531,822800
2014-05-05,72.94999694824219,73.38999938964844,72.66000366210938,73.3499984741211,59.4747200012207,686000
2014-05-06,73.2300033569336,73.27999877929688,72.7300033569336,72.7300033569336,58.972007751464844,359200
2014-05-07,72.97000122070312,73.19999694824219,72.41999816894531,73.16999816894531,59.32876968383789,475100
2014-05-08,73.04000091552734,73.72000122070312,72.81999969482422,73.06999969482422,59.2476806640625,958400
2014-05-09,73.0999984741211,73.18000030517578,72.70999908447266,73.18000030517578,59.336883544921875,375800
2014-05-12,73.48999786376953,74.0199966430664,73.44999694824219,73.98999786376953,59.99365234375,2469700
2014-05-13,74.08000183105469,74.23999786376953,73.91000366210938,73.95999908447266,59.96932601928711,1860400
2014-05-14,73.93000030517578,73.94999694824219,73.44999694824219,73.52999877929688,59.62065505981445,850800
2014-05-15,73.44000244140625,73.44000244140625,72.4000015258789,72.9000015258789,59.1098518371582,861000
2014-05-16,72.91000366210938,73.19999694824219,72.62999725341797,73.19999694824219,59.353092193603516,641300
2014-05-19,73.0999984741211,73.51000213623047,72.95999908447266,73.47000122070312,59.57201385498047,791900
2014-05-20,73.37999725341797,73.37999725341797,72.66000366210938,72.83000183105469,59.05309295654297,613500
2014-05-21,73.08999633789062,73.37999725341797,72.98999786376953,73.36000061035156,59.48280334472656,562900
2014-05-22,73.41999816894531,73.7699966430664,73.27999877929688,73.58000183105469,59.66120910644531,438300
2014-05-23,73.66999816894531,73.97000122070312,73.58999633789062,73.95999908447266,59.96932601928711,608200
2014-05-27,74.2699966430664,74.43000030517578,74.19999694824219,74.38999938964844,60.31800842285156,822200
2014-05-28,74.51000213623047,74.52999877929688,74.18000030517578,74.30999755859375,60.25313949584961,1270700
2014-05-29,74.52999877929688,74.75,74.29000091552734,74.75,60.60991287231445,608100
2014-05-30,74.69999694824219,74.87000274658203,74.58999633789062,74.8499984741211,60.69096755981445,1143200
2014-06-02,74.95999908447266,75.0199966430664,74.58000183105469,74.9800033569336,60.79637908935547,392500
2014-06-03,74.81999969482422,75.0,74.72000122070312,74.95999908447266,60.7801399230957,411700
2014-06-04,74.80000305175781,75.2300033569336,74.76000213623047,75.19000244140625,60.96665954589844,469500
2014-06-05,75.36000061035156,75.76000213623047,74.94999694824219,75.69999694824219,61.38019943237305,468700
2014-06-06,75.88999938964844,76.16000366210938,75.81999969482422,76.0999984741211,61.704524993896484,598200
2014-06-09,76.12000274658203,76.44000244140625,76.02999877929688,76.20999908447266,61.79371643066406,434800
2014-06-10,76.11000061035156,76.11000061035156,75.87000274658203,76.06999969482422,61.680198669433594,772700
2014-06-11,75.80000305175781,75.87000274658203,75.62000274658203,75.80000305175781,61.46127700805664,675500
2014-06-12,75.70999908447266,75.79000091552734,75.1500015258789,75.36000061035156,61.1044921875,619900
2014-06-13,75.41999816894531,75.66999816894531,75.19999694824219,75.62000274658203,61.315330505371094,480400
2014-06-16,75.55999755859375,75.86000061035156,75.4800033569336,75.75,61.420738220214844,399700
2014-06-17,75.66999816894531,76.1500015258789,75.58999633789062,76.0999984741211,61.704524993896484,389900
2014-06-18,76.12999725341797,76.69000244140625,75.94999694824219,76.66999816894531,62.16668701171875,486200
2014-06-19,76.7699966430664,76.80999755859375,76.4800033569336,76.77999877929688,62.25588607788086,420100
2014-06-20,76.7300033569336,76.7300033569336,76.55000305175781,76.7300033569336,62.44305419921875,388800
2014-06-23,76.75,76.80999755859375,76.55999755859375,76.66000366210938,62.38612365722656,600600
2014-06-24,76.55999755859375,76.9000015258789,76.11000061035156,76.11000061035156,61.938499450683594,700100
2014-06-25,76.0,76.52999877929688,75.94999694824219,76.47000122070312,62.23143768310547,476400
2014-06-26,76.55000305175781,76.55000305175781,75.94999694824219,76.4800033569336,62.2396240234375,1057100
2014-06-27,76.30000305175781,76.68000030517578,76.30000305175781,76.68000030517578,62.40238952636719,314700
2014-06-30,76.62999725341797,76.77999877929688,76.55000305175781,76.70999908447266,62.426761627197266,770800
2014-07-01,76.87000274658203,77.36000061035156,76.87000274658203,77.11000061035156,62.7523078918457,623100
2014-07-02,77.18000030517578,77.19999694824219,76.97000122070312,77.05999755859375,62.711612701416016,452200
2014-07-03,77.33000183105469,77.5,77.22000122070312,77.5,63.0696907043457,482400
2014-07-07,77.37999725341797,77.37999725341797,76.94999694824219,77.0,62.662784576416016,505600
2014-07-08,76.9000015258789,76.97000122070312,76.37000274658203,76.5999984741211,62.337257385253906,670800
2014-07-09,76.7699966430664,76.94999694824219,76.62999725341797,76.91000366210938,62.58954620361328,417000
2014-07-10,76.0999984741211,76.73999786376953,76.04000091552734,76.55000305175781,62.29658126831055,1011200
2014-07-11,76.45999908447266,76.62999725341797,76.27999877929688,76.56999969482422,62.31284713745117,358500
2014-07-14,76.95999908447266,77.0,76.79000091552734,76.83999633789062,62.53255844116211,561600
2014-07-15,76.87999725341797,77.05000305175781,76.33999633789062,76.6500015258789,62.377952575683594,436000
2014-07-16,76.97000122070312,77.0199966430664,76.62999725341797,76.91000366210938,62.58954620361328,574600
2014-07-17,76.63999938964844,76.87999725341797,75.87999725341797,75.9800033569336,61.83272171020508,938000
2014-07-18,76.20999908447266,76.77999877929688,76.16000366210938,76.72000122070312,62.43492889404297,768200
2014-07-21,76.48999786376953,76.62999725341797,76.22000122070312,76.55999755859375,62.304718017578125,449500
2014-07-22,76.86000061035156,77.05000305175781,76.80999755859375,76.9000015258789,62.58138656616211,1181600
2014-07-23,76.95999908447266,77.0,76.72000122070312,76.93000030517578,62.605831146240234,299700
2014-07-24,77.02999877929688,77.16999816894531,76.91000366210938,77.08999633789062,62.73600387573242,438600
2014-07-25,76.88999938964844,76.97000122070312,76.62999725341797,76.73999786376953,62.45119094848633,385000
2014-07-28,76.80999755859375,76.86000061035156,76.3499984741211,76.75,62.459354400634766,391100
2014-07-29,76.91999816894531,77.02999877929688,76.38999938964844,76.38999938964844,62.16633987426758,633600
2014-07-30,76.66000366210938,76.80999755859375,76.08999633789062,76.37999725341797,62.15822219848633,366500
2014-07-31,75.87999725341797,75.95999908447266,74.91000366210938,74.91999816894531,60.9700813293457,963100
2014-08-01,74.80000305175781,75.20999908447266,74.33000183105469,74.76000213623047,60.83988952636719,1060200
2014-08-04,74.80000305175781,75.37999725341797,74.5199966430664,75.27999877929688,61.2630615234375,614600
2014-08-05,74.95999908447266,75.27999877929688,74.38999938964844,74.58999633789062,60.701499938964844,638000
2014-08-06,74.29000091552734,74.91999816894531,74.22000122070312,74.5999984741211,60.70964050292969,519200
2014-08-07,74.95999908447266,74.98999786376953,74.0199966430664,74.18000030517578,60.36787796020508,701300
2014-08-08,74.29000091552734,75.19999694824219,74.19000244140625,75.16999816894531,61.173526763916016,790700
2014-08-11,75.47000122070312,75.73999786376953,75.37000274658203,75.38999938964844,61.35257339477539,761300
2014-08-12,75.33999633789062,75.52999877929688,75.02999877929688,75.2300033569336,61.22236633300781,475500
2014-08-13,75.44999694824219,75.76000213623047,75.33000183105469,75.7300033569336,61.629276275634766,429100
2014-08-14,75.80999755859375,76.08999633789062,75.72000122070312,76.08999633789062,61.92221450805664,655600
2014-08-15,76.37999725341797,76.44000244140625,75.55000305175781,76.05999755859375,61.897823333740234,878800
2014-08-18,76.5,76.73999786376953,76.44000244140625,76.7300033569336,62.44305419921875,802900
2014-08-19,76.88999938964844,77.16000366210938,76.87000274658203,77.13999938964844,62.77671813964844,2802800
2014-08-20,77.02999877929688,77.47000122070312,77.0,77.41000366210938,62.996456146240234,597100
2014-08-21,77.47000122070312,77.62999725341797,77.33000183105469,77.54000091552734,63.10225296020508,947800
2014-08-22,77.5,77.58000183105469,77.22000122070312,77.41000366210938,62.996456146240234,380000
2014-08-25,77.86000061035156,77.9000015258789,77.63999938964844,77.79000091552734,63.305686950683594,595600
2014-08-26,77.87000274658203,78.05000305175781,77.80999755859375,77.86000061035156,63.3626594543457,742900
2014-08-27,77.91999816894531,77.95999908447266,77.68000030517578,77.81999969482422,63.330101013183594,389100
2014-08-28,77.5199966430664,77.83999633789062,77.41000366210938,77.79000091552734,63.305686950683594,330200
2014-08-29,77.95999908447266,78.08999633789062,77.70999908447266,78.06999969482422,63.53352737426758,312800
2014-09-02,78.20999908447266,78.2300033569336,77.7699966430664,78.01000213623047,63.48473358154297,749900
2014-09-03,78.30999755859375,78.37000274658203,77.98999786376953,78.06999969482422,63.53352737426758,563100
2014-09-04,78.19000244140625,78.4800033569336,77.7699966430664,77.97000122070312,63.452171325683594,537100
2014-09-05,77.9000015258789,78.33000183105469,77.66999816894531,78.31999969482422,63.73698425292969,650600
2014-09-08,78.20999908447266,78.3499984741211,77.83000183105469,78.08999633789062,63.549827575683594,2283100
2014-09-09,78.05000305175781,78.12999725341797,77.37999725341797,77.52999877929688,63.09410858154297,909200
2014-09-10,77.61000061035156,77.72000122070312,77.22000122070312,77.69000244140625,63.22432327270508,472500
2014-09-11,77.4000015258789,77.83999633789062,77.36000061035156,77.83000183105469,63.33824920654297,461600
2014-09-12,77.75,77.75,77.02999877929688,77.2699966430664,62.88249588012695,455800
2014-09-15,77.2699966430664,77.2699966430664,76.91999816894531,77.0999984741211,62.744144439697266,421000
2014-09-16,77.02999877929688,77.79000091552734,76.94999694824219,77.62999725341797,63.17548751831055,665100
2014-09-17,77.79000091552734,78.06999969482422,77.33999633789062,77.69999694824219,63.23246383666992,813500
2014-09-18,77.95999908447266,78.0199966430664,77.80000305175781,77.98999786376953,63.46845626831055,673700
2014-09-19,77.95999908447266,78.05999755859375,77.37000274658203,77.55000305175781,63.327999114990234,648600
2014-09-22,77.41000366210938,77.52999877929688,76.70999908447266,76.83000183105469,62.74003601074219,696800
2014-09-23,76.58999633789062,76.86000061035156,76.2699966430664,76.29000091552734,62.29905700683594,3144900
2014-09-24,76.33999633789062,76.91999816894531,76.08999633789062,76.88999938964844,62.789031982421875,507300
2014-09-25,76.69999694824219,76.69999694824219,75.69999694824219,75.75,61.858097076416016,1218500
2014-09-26,75.8499984741211,76.43000030517578,75.7699966430664,76.27999877929688,62.290916442871094,1244800
2014-09-29,75.69999694824219,76.27999877929688,75.54000091552734,76.13999938964844,62.17656707763672,730300
2014-09-30,76.27999877929688,76.36000061035156,75.68000030517578,75.79000091552734,61.890777587890625,856400
2014-10-01,75.7300033569336,75.80000305175781,74.62000274658203,74.77999877929688,61.06597900390625,1395700
2014-10-02,74.72000122070312,75.11000061035156,73.97000122070312,74.86000061035156,61.13132095336914,1386900
2014-10-03,75.38999938964844,75.7699966430664,75.12000274658203,75.5999984741211,61.735599517822266,2087100
2014-10-06,75.93000030517578,76.05999755859375,75.2300033569336,75.4800033569336,61.637630462646484,752800
2014-10-07,75.13999938964844,75.25,74.25,74.26000213623047,60.64134216308594,929900
2014-10-08,74.36000061035156,75.58000183105469,73.86000061035156,75.5,61.653953552246094,1814200
2014-10-09,75.30999755859375,75.41999816894531,73.80000305175781,73.81999969482422,60.28201675415039,1127100
2014-10-10,73.83999633789062,74.16000366210938,72.91999816894531,72.91999816894531,59.547096252441406,1737700
2014-10-13,72.91999816894531,73.20999908447266,71.62999725341797,71.68000030517578,58.53451919555664,2663300
2014-10-14,72.01000213623047,72.87000274658203,71.81999969482422,72.06999969482422,58.852970123291016,1894200
2014-10-15,71.25,72.0199966430664,70.01000213623047,71.79000091552734,58.624332427978516,3965000
2014-10-16,70.52999877929688,72.4800033569336,70.26000213623047,72.0199966430664,58.812137603759766,1943400
2014-10-17,72.94999694824219,73.26000213623047,72.41000366210938,72.81999969482422,59.465423583984375,1400200
2014-10-20,72.77999877929688,73.61000061035156,72.70999908447266,73.58999633789062,60.09422302246094,1203700
2014-10-21,74.04000091552734,75.19999694824219,73.95999908447266,75.12000274658203,61.34364700317383,2040600
2014-10-22,75.30000305175781,75.48999786376953,74.45999908447266,74.48999786376953,60.829185485839844,2232800
2014-10-23,75.20999908447266,75.87999725341797,75.11000061035156,75.37999725341797,61.55595016479492,1120200
2014-10-24,75.41999816894531,75.9800033569336,75.16000366210938,75.91999816894531,61.99690246582031,1127000
2014-10-27,75.7300033569336,75.9000015258789,75.30000305175781,75.79000091552734,61.890777587890625,1009200
2014-10-28,76.11000061035156,76.75,75.91999816894531,76.75,62.674713134765625,883600
2014-10-29,76.86000061035156,77.05000305175781,76.04000091552734,76.58999633789062,62.54404830932617,827000
2014-10-30,76.4000015258789,77.36000061035156,76.33999633789062,77.13999938964844,62.9931755065918,1260500
2014-10-31,78.13999938964844,78.19000244140625,77.6500015258789,78.08000183105469,63.76079177856445,1369200
2014-11-03,78.26000213623047,78.44999694824219,77.94000244140625,78.0999984741211,63.77714157104492,1193000
2014-11-04,77.93000030517578,77.9800033569336,77.37000274658203,77.70999908447266,63.45864486694336,998200
2014-11-05,78.2699966430664,78.3499984741211,77.95999908447266,78.30999755859375,63.94862365722656,1153900
2014-11-06,78.37000274658203,78.69000244140625,78.02999877929688,78.66000366210938,64.23444366455078,1113700
2014-11-07,78.66999816894531,78.86000061035156,78.44000244140625,78.76000213623047,64.31607055664062,826700
2014-11-10,78.80999755859375,79.0199966430664,78.72000122070312,78.95999908447266,64.47941589355469,797900
2014-11-11,79.02999877929688,79.08999633789062,78.81999969482422,78.9800033569336,64.4957504272461,835600
2014-11-12,78.7300033569336,79.06999969482422,78.69000244140625,78.98999786376953,64.50389099121094,594700
2014-11-13,79.08000183105469,79.16999816894531,78.5199966430664,78.83999633789062,64.38141632080078,666000
2014-11-14,78.87000274658203,78.98999786376953,78.66000366210938,78.87999725341797,64.4140853881836,987900
2014-11-17,78.69000244140625,79.05000305175781,78.66999816894531,78.98999786376953,64.50389099121094,1217700
2014-11-18,79.05999755859375,79.61000061035156,79.0199966430664,79.48999786376953,64.9122085571289,1043500
2014-11-19,79.4000015258789,79.48999786376953,79.0,79.31999969482422,64.77339172363281,1293100
2014-11-20,78.98999786376953,79.66999816894531,78.94999694824219,79.5999984741211,65.00202178955078,849900
2014-11-21,80.41000366210938,80.47000122070312,79.83000183105469,80.08000183105469,65.3940200805664,1177300
2014-11-24,80.31999969482422,80.38999938964844,80.18000030517578,80.36000061035156,65.62264251708984,754700
2014-11-25,80.47000122070312,80.58000183105469,80.0999984741211,80.30000305175781,65.57366943359375,1117600
2014-11-26,80.36000061035156,80.44000244140625,80.16999816894531,80.3499984741211,65.61450958251953,568100
2014-11-28,80.31999969482422,80.4000015258789,80.04000091552734,80.16000366210938,65.4593505859375,300200
2014-12-01,79.81999969482422,79.91000366210938,79.33999633789062,79.52999877929688,64.94490051269531,1250900
2014-12-02,79.51000213623047,80.0199966430664,79.44999694824219,79.95999908447266,65.29603576660156,1224900
2014-12-03,80.04000091552734,80.5199966430664,79.91999816894531,80.44000244140625,65.68799591064453,726700
2014-12-04,80.33999633789062,80.5199966430664,79.95999908447266,80.2699966430664,65.54917907714844,1254500
2014-12-05,80.38999938964844,80.55000305175781,80.20999908447266,80.41999816894531,65.671630859375,850600
2014-12-08,80.27999877929688,80.4800033569336,79.56999969482422,79.81999969482422,65.18169403076172,1190600
2014-12-09,79.05999755859375,79.94999694824219,78.97000122070312,79.9000015258789,65.24702453613281,1508000
2014-12-10,79.70999908447266,79.72000122070312,78.4800033569336,78.58999633789062,64.17729187011719,1757700
2014-12-11,78.79000091552734,79.68000030517578,78.79000091552734,78.98999786376953,64.50389099121094,1587400
2014-12-12,78.47000122070312,78.80000305175781,77.70999908447266,77.76000213623047,63.49947738647461,1211900
2014-12-15,78.16999816894531,78.36000061035156,76.9800033569336,77.37000274658203,63.180992126464844,1518900
2014-12-16,76.94000244140625,78.43000030517578,76.83000183105469,76.88999938964844,62.789031982421875,1379000
2014-12-17,77.1500015258789,78.62000274658203,77.04000091552734,78.47000122070312,64.07926177978516,1772300
2014-12-18,79.56999969482422,80.19999694824219,79.1500015258789,80.19999694824219,65.49198913574219,1909600
2014-12-19,80.22000122070312,80.56999969482422,79.93000030517578,80.23999786376953,65.79952239990234,2656100
2014-12-22,80.41999816894531,80.56999969482422,80.12999725341797,80.56999969482422,66.07009887695312,1052300
2014-12-23,80.87999725341797,81.0199966430664,80.77999877929688,80.83999633789062,66.29157257080078,1439800
2014-12-24,80.9000015258789,81.02999877929688,80.80000305175781,80.8499984741211,66.29972076416016,491500
2014-12-26,81.06999969482422,81.2300033569336,81.0199966430664,81.05000305175781,66.46375274658203,1068300
2014-12-29,80.97000122070312,81.37999725341797,80.95999908447266,81.2699966430664,66.64414978027344,825500
2014-12-30,81.08999633789062,81.16000366210938,80.79000091552734,80.79000091552734,66.25054931640625,1109600
2014-12-31,81.02999877929688,81.02999877929688,80.0,80.05000305175781,65.64370727539062,1279600
2015-01-02,80.37999725341797,80.55000305175781,79.45999908447266,80.02999877929688,65.62730407714844,2049100
2015-01-05,79.56999969482422,79.5999984741211,78.2300033569336,78.44000244140625,64.32345581054688,3922400
2015-01-06,78.51000213623047,78.7300033569336,77.18000030517578,77.58999633789062,63.62641906738281,2766800
2015-01-07,78.2699966430664,78.63999938964844,77.94999694824219,78.5199966430664,64.38903045654297,1216800
2015-01-08,79.19000244140625,79.97000122070312,79.1500015258789,79.9000015258789,65.52069854736328,1951500
2015-01-09,80.06999969482422,80.08000183105469,78.94999694824219,79.25,64.98768615722656,1569300
2015-01-12,79.26000213623047,79.26000213623047,78.19999694824219,78.45999908447266,64.33984375,1517300
2015-01-13,79.02999877929688,79.55999755859375,77.62999725341797,78.26000213623047,64.17587280273438,1828000
2015-01-14,77.33999633789062,77.88999938964844,76.8499984741211,77.8499984741211,63.839622497558594,2031000
2015-01-15,78.1500015258789,78.36000061035156,77.06999969482422,77.12999725341797,63.24919509887695,1685600
2015-01-16,77.08999633789062,78.27999877929688,76.94000244140625,78.19000244140625,64.11845397949219,994700
2015-01-20,78.43000030517578,78.55000305175781,77.51000213623047,78.2300033569336,64.15123748779297,1499800
2015-01-21,78.02999877929688,78.93000030517578,77.86000061035156,78.7699966430664,64.59406280517578,1388000
2015-01-22,79.12999725341797,79.94000244140625,78.5,79.87000274658203,65.4961166381836,1203000
2015-01-23,79.79000091552734,79.86000061035156,79.38999938964844,79.44000244140625,65.14350128173828,1144600
2015-01-26,79.41000366210938,79.83999633789062,79.0,79.83000183105469,65.46332550048828,711200
2015-01-27,79.0199966430664,79.62000274658203,78.66000366210938,79.19000244140625,64.93848419189453,1114700
2015-01-28,79.55999755859375,79.55999755859375,77.91999816894531,77.9800033569336,63.94622802734375,1307500
2015-01-29,78.0999984741211,78.83999633789062,77.44000244140625,78.69999694824219,64.53665924072266,862300
2015-01-30,78.19999694824219,78.77999877929688,77.66000366210938,77.70999908447266,63.724830627441406,910900
2015-02-02,78.04000091552734,78.80999755859375,77.16000366210938,78.55000305175781,64.41365814208984,4156900
2015-02-03,79.12000274658203,80.16000366210938,79.04000091552734,80.16000366210938,65.73390197753906,1386700
2015-02-04,79.75,80.20999908447266,79.51000213623047,79.70999908447266,65.3648910522461,1110900
2015-02-05,80.06999969482422,80.66000366210938,80.0,80.6500015258789,66.13572692871094,1080700
2015-02-06,80.7699966430664,80.91999816894531,80.08999633789062,80.30999755859375,65.8569107055664,935300
2015-02-09,80.08000183105469,80.37999725341797,79.83999633789062,80.02999877929688,65.62730407714844,972300
2015-02-10,80.4000015258789,80.9000015258789,79.94000244140625,80.80999755859375,66.2669448852539,1217800
2015-02-11,80.66000366210938,80.93000030517578,80.33999633789062,80.7300033569336,66.20133209228516,936700
2015-02-12,81.13999938964844,81.5999984741211,81.02999877929688,81.58999633789062,66.90657806396484,1408400
2015-02-13,81.62000274658203,81.94999694824219,81.52999877929688,81.91000366210938,67.16899871826172,1482300
2015-02-17,81.83999633789062,82.18000030517578,81.62999725341797,82.12000274658203,67.34119415283203,891200
2015-02-18,81.94999694824219,82.22000122070312,81.81999969482422,82.19999694824219,67.40676879882812,939900
2015-02-19,81.91999816894531,82.33999633789062,81.79000091552734,82.16000366210938,67.37399291992188,861300
2015-02-20,82.0199966430664,82.62000274658203,81.61000061035156,82.61000061035156,67.74298095703125,1126900
2015-02-23,82.54000091552734,82.55000305175781,82.23999786376953,82.51000213623047,67.66100311279297,1098100
2015-02-24,82.52999877929688,82.73999786376953,82.33000183105469,82.66000366210938,67.78398132324219,817300
2015-02-25,82.6500015258789,82.86000061035156,82.4800033569336,82.6500015258789,67.77581024169922,866200
2015-02-26,82.61000061035156,82.66999816894531,82.08000183105469,82.30999755859375,67.49696350097656,901700
2015-02-27,82.30999755859375,82.44999694824219,82.12000274658203,82.16000366210938,67.37399291992188,960000
2015-03-02,82.2699966430664,82.62000274658203,82.11000061035156,82.55999755859375,67.70198822021484,1068200
2015-03-03,82.4000015258789,82.43000030517578,81.9000015258789,82.25,67.44776916503906,1283200
2015-03-04,81.98999786376953,81.98999786376953,81.4000015258789,81.86000061035156,67.12796783447266,641700
2015-03-05,82.02999877929688,82.06999969482422,81.76000213623047,82.01000213623047,67.2509765625,1991100
2015-03-06,81.58000183105469,81.70999908447266,80.61000061035156,80.77999877929688,66.24229431152344,974600
2015-03-09,80.75,81.11000061035156,80.75,80.9800033569336,66.40635681152344,915900
2015-03-10,80.30000305175781,80.37999725341797,79.75,79.75,65.39771270751953,1138800
2015-03-11,79.83999633789062,79.97000122070312,79.58999633789062,79.75,65.39771270751953,872300
2015-03-12,79.95999908447266,80.80000305175781,79.91999816894531,80.7699966430664,66.234130859375,686800
2015-03-13,80.52999877929688,80.5999984741211,79.69000244140625,80.20999908447266,65.77491760253906,1013200
2015-03-16,80.5199966430664,81.33000183105469,80.5199966430664,81.30999755859375,66.67693328857422,971300
2015-03-17,80.9800033569336,81.19999694824219,80.6500015258789,81.01000213623047,66.4309310913086,943300
2015-03-18,80.83000183105469,82.4800033569336,80.63999938964844,82.16000366210938,67.37399291992188,1358000
2015-03-19,82.01000213623047,82.01000213623047,81.47000122070312,81.68000030517578,66.98036193847656,1179400
2015-03-20,81.87000274658203,82.37000274658203,81.73999786376953,82.1500015258789,67.6357421875,1439600
2015-03-23,82.1500015258789,82.5199966430664,82.0999984741211,82.0999984741211,67.59458923339844,772900
2015-03-24,82.01000213623047,82.13999938964844,81.58999633789062,81.61000061035156,67.19115447998047,865500
2015-03-25,81.76000213623047,81.86000061035156,80.5199966430664,80.5199966430664,66.293701171875,1101600
2015-03-26,80.2300033569336,80.70999908447266,79.93000030517578,80.30999755859375,66.12081146240234,902200
2015-03-27,80.23999786376953,80.69000244140625,80.2300033569336,80.66000366210938,66.40897369384766,717200
2015-03-30,81.08000183105469,81.73999786376953,81.0199966430664,81.61000061035156,67.19115447998047,697700
2015-03-31,81.20999908447266,81.62999725341797,80.9800033569336,81.05000305175781,66.7300796508789,1010200
2015-04-01,80.98999786376953,80.98999786376953,80.33000183105469,80.83999633789062,66.55717468261719,1286800
2015-04-02,80.77999877929688,81.43000030517578,80.69000244140625,81.19999694824219,66.85358428955078,952400
2015-04-06,80.80000305175781,82.02999877929688,80.77999877929688,81.83000183105469,67.37226104736328,826900
2015-04-07,81.83999633789062,82.06999969482422,81.5199966430664,81.52999877929688,67.1252670288086,745900
2015-04-08,81.58000183105469,81.95999908447266,81.37000274658203,81.80000305175781,67.34756469726562,825500
2015-04-09,81.72000122070312,82.19999694824219,81.4800033569336,82.12000274658203,67.61103820800781,899600
2015-04-10,82.19999694824219,82.36000061035156,82.08000183105469,82.33999633789062,67.79216766357422,4363000
2015-04-13,82.29000091552734,82.47000122070312,81.91999816894531,81.93000030517578,67.45460510253906,791900
2015-04-14,81.88999938964844,82.18000030517578,81.5999984741211,82.1500015258789,67.6357421875,809300
2015-04-15,82.43000030517578,82.87999725341797,82.36000061035156,82.66000366210938,68.05561828613281,994300
2015-04-16,82.5,82.7699966430664,82.25,82.5,67.92388916015625,984300
2015-04-17,82.08999633789062,82.08999633789062,81.26000213623047,81.56999969482422,67.15821075439453,1636000
2015-04-20,82.01000213623047,82.38999938964844,81.98999786376953,82.20999908447266,67.68515014648438,768300
2015-04-21,82.4800033569336,82.58000183105469,81.94999694824219,82.11000061035156,67.60277557373047,1272200
2015-04-22,82.26000213623047,82.44999694824219,81.76000213623047,82.38999938964844,67.83332061767578,1023200
2015-04-23,82.16000366210938,82.91000366210938,82.16000366210938,82.6500015258789,68.04741668701172,965500
2015-04-24,82.70999908447266,82.70999908447266,82.37999725341797,82.55000305175781,67.96508026123047,833600
2015-04-27,82.7699966430664,82.8499984741211,82.0199966430664,82.0999984741211,67.59458923339844,1128300
2015-04-28,82.04000091552734,82.33000183105469,81.52999877929688,82.33000183105469,67.78392028808594,929900
2015-04-29,81.98999786376953,82.29000091552734,81.69999694824219,81.98999786376953,67.50396728515625,1103800
2015-04-30,81.83000183105469,81.95999908447266,81.04000091552734,81.37999725341797,67.00176239013672,1257800
2015-05-01,81.56999969482422,82.30000305175781,81.56999969482422,82.20999908447266,67.68515014648438,3225000
2015-05-04,82.44999694824219,82.66000366210938,82.29000091552734,82.5,67.92388916015625,734500
2015-05-05,82.4000015258789,82.62999725341797,81.44000244140625,81.48999786376953,67.09234619140625,2376800
2015-05-06,81.77999877929688,81.88999938964844,80.76000213623047,81.20999908447266,66.86181640625,860500
2015-05-07,81.02999877929688,81.58999633789062,80.91999816894531,81.4000015258789,67.01822662353516,990400
2015-05-08,82.0,82.51000213623047,82.0,82.4000015258789,67.8415756225586,821400
2015-05-11,82.30999755859375,82.51000213623047,82.05000305175781,82.06999969482422,67.56986999511719,756800
2015-05-12,81.7699966430664,82.05999755859375,81.37000274658203,81.83000183105469,67.37226104736328,796200
2015-05-13,82.08000183105469,82.29000091552734,81.7300033569336,81.83000183105469,67.37226104736328,536900
2015-05-14,82.33999633789062,82.54000091552734,82.0999984741211,82.5,67.92388916015625,571600
2015-05-15,82.62999725341797,82.68000030517578,82.33999633789062,82.68000030517578,68.07209777832031,647800
2015-05-18,82.5999984741211,83.05000305175781,82.55000305175781,82.98999786376953,68.32732391357422,973100
2015-05-19,82.9800033569336,82.98999786376953,82.63999938964844,82.80999755859375,68.17909240722656,1444500
2015-05-20,82.87999725341797,83.1500015258789,82.63999938964844,82.80999755859375,68.17909240722656,566700
2015-05-21,82.77999877929688,83.13999938964844,82.7300033569336,83.02999877929688,68.36022186279297,693400
2015-05-22,82.86000061035156,83.08999633789062,82.81999969482422,82.88999938964844,68.24500274658203,608700
2015-05-26,82.58000183105469,82.63999938964844,81.80000305175781,81.94000244140625,67.46284484863281,834700
2015-05-27,82.12999725341797,82.7300033569336,81.95999908447266,82.61000061035156,68.01446533203125,628000
2015-05-28,82.51000213623047,82.55999755859375,82.13999938964844,82.45999908447266,67.89095306396484,637900
2015-05-29,82.38999938964844,82.5,81.87999725341797,81.97000122070312,67.4875259399414,771000
2015-06-01,82.25,82.37000274658203,81.7300033569336,82.0999984741211,67.59458923339844,1100300
2015-06-02,81.88999938964844,82.43000030517578,81.69999694824219,82.11000061035156,67.60277557373047,1045400
2015-06-03,82.29000091552734,82.5199966430664,82.06999969482422,82.26000213623047,67.72631072998047,567500
2015-06-04,81.94000244140625,82.11000061035156,81.4000015258789,81.5199966430664,67.11702728271484,739300
2015-06-05,81.47000122070312,81.70999908447266,81.06999969482422,81.51000213623047,67.10881805419922,951400
2015-06-08,81.44999694824219,81.58000183105469,80.97000122070312,80.98999786376953,66.68070220947266,671500
2015-06-09,81.05999755859375,81.22000122070312,80.77999877929688,80.94000244140625,66.63951873779297,985800
2015-06-10,81.29000091552734,82.02999877929688,81.22000122070312,81.86000061035156,67.39695739746094,741400
2015-06-11,82.02999877929688,82.23999786376953,81.91999816894531,82.02999877929688,67.53694152832031,746000
2015-06-12,81.76000213623047,81.80999755859375,81.43000030517578,81.5199966430664,67.11702728271484,616500
2015-06-15,81.0,81.30000305175781,80.68000030517578,81.13999938964844,66.80416107177734,899900
2015-06-16,81.0199966430664,81.58999633789062,81.0199966430664,81.56999969482422,67.15821075439453,585100
2015-06-17,81.76000213623047,81.98999786376953,81.26000213623047,81.76000213623047,67.31461334228516,1072500
2015-06-18,81.98999786376953,82.76000213623047,81.98999786376953,82.5,67.92388916015625,943400
2015-06-19,82.08000183105469,82.19000244140625,81.77999877929688,81.77999877929688,67.59163665771484,1934900
2015-06-22,82.38999938964844,82.5,82.1500015258789,82.2699966430664,67.99659729003906,778100
2015-06-23,82.4000015258789,82.43000030517578,82.06999969482422,82.20999908447266,67.94703674316406,1587500
2015-06-24,82.12999725341797,82.2300033569336,81.56999969482422,81.58000183105469,67.42633819580078,785800
2015-06-25,81.81999969482422,81.81999969482422,81.2300033569336,81.26000213623047,67.161865234375,831500
2015-06-26,81.45999908447266,81.5,81.08000183105469,81.3499984741211,67.23625183105469,814900
2015-06-29,80.62999725341797,80.95999908447266,79.54000091552734,79.5999984741211,65.78985595703125,4279600
2015-06-30,80.26000213623047,80.29000091552734,79.55000305175781,79.80000305175781,65.95516204833984,1691100
2015-07-01,80.5199966430664,80.5199966430664,80.0,80.30000305175781,66.36845397949219,1991300
2015-07-02,80.47000122070312,80.66000366210938,80.05999755859375,80.2699966430664,66.34362030029297,1302100
2015-07-06,79.69999694824219,80.33999633789062,79.55000305175781,79.91000366210938,66.04609680175781,1007900
2015-07-07,80.0199966430664,80.63999938964844,79.01000213623047,80.56999969482422,66.59159851074219,1584000
2015-07-08,79.97000122070312,80.12000274658203,79.01000213623047,79.13999938964844,65.40966796875,1006800
2015-07-09,79.91999816894531,80.2300033569336,79.30999755859375,79.33000183105469,65.56668090820312,856700
2015-07-10,80.12000274658203,80.33000183105469,79.80999755859375,80.19000244140625,66.2774887084961,555800
2015-07-13,80.81999969482422,81.04000091552734,80.69000244140625,81.0,66.94696807861328,512800
2015-07-14,81.06999969482422,81.37000274658203,80.91000366210938,81.23999786376953,67.14531707763672,630900
2015-07-15,81.33000183105469,81.33000183105469,80.75,80.95999908447266,66.91390991210938,914000
2015-07-16,81.30000305175781,81.4800033569336,81.23999786376953,81.45999908447266,67.32716369628906,520600
2015-07-17,81.36000061035156,81.36000061035156,80.9000015258789,81.05000305175781,66.98831176757812,690800
2015-07-20,81.0999984741211,81.0999984741211,80.80999755859375,80.88999938964844,66.85601806640625,543800
2015-07-21,80.83999633789062,81.02999877929688,80.43000030517578,80.58999633789062,66.60809326171875,493500
2015-07-22,80.4000015258789,80.76000213623047,80.4000015258789,80.61000061035156,66.62461853027344,1236000
2015-07-23,80.7300033569336,80.80000305175781,80.06999969482422,80.2300033569336,66.310546875,736100
2015-07-24,80.19999694824219,80.19999694824219,79.19999694824219,79.33999633789062,65.57495880126953,994400
2015-07-27,79.04000091552734,79.18000030517578,78.66000366210938,78.86000061035156,65.1782455444336,989000
2015-07-28,79.19000244140625,79.94000244140625,78.79000091552734,79.8499984741211,65.99649810791016,899800
2015-07-29,79.88999938964844,80.58000183105469,79.80000305175781,80.5199966430664,66.55020904541016,795000
2015-07-30,80.20999908447266,80.61000061035156,80.0199966430664,80.55999755859375,66.58329772949219,491700
2015-07-31,80.80999755859375,80.94000244140625,80.4800033569336,80.56999969482422,66.59159851074219,528500
2015-08-03,80.58999633789062,80.58999633789062,79.9000015258789,80.26000213623047,66.33536529541016,1686600
2015-08-04,80.30000305175781,80.55999755859375,79.98999786376953,80.16999816894531,66.26094055175781,825300
2015-08-05,80.58999633789062,81.01000213623047,80.30000305175781,80.44999694824219,66.49237823486328,539500
2015-08-06,80.44000244140625,80.44999694824219,79.51000213623047,79.91000366210938,66.04609680175781,535200
2015-08-07,79.79000091552734,79.87000274658203,79.45999908447266,79.7699966430664,65.93035125732422,870100
2015-08-10,80.27999877929688,80.93000030517578,80.27999877929688,80.9000015258789,66.86431884765625,702100
2015-08-11,80.2699966430664,80.47000122070312,79.9000015258789,80.2300033569336,66.310546875,728900
2015-08-12,79.6500015258789,80.4800033569336,79.08999633789062,80.37000274658203,66.4262924194336,915000
2015-08-13,80.36000061035156,80.51000213623047,80.02999877929688,80.23999786376953,66.31881713867188,374600
2015-08-14,80.11000061035156,80.58000183105469,80.11000061035156,80.55999755859375,66.58329772949219,436400
2015-08-17,80.25,81.01000213623047,80.05999755859375,80.97000122070312,66.92215728759766,730800
2015-08-18,80.9000015258789,81.05000305175781,80.69000244140625,80.80000305175781,66.78166198730469,256400
2015-08-19,80.41000366210938,80.76000213623047,79.7699966430664,80.18000030517578,66.26924133300781,854700
2015-08-20,79.62999725341797,79.73999786376953,78.48999786376953,78.5199966430664,64.89720153808594,5048100
2015-08-21,77.88999938964844,78.12000274658203,76.3499984741211,76.37999725341797,63.12850570678711,3150300
2015-08-24,71.38999938964844,75.56999969482422,71.38999938964844,73.33000183105469,60.60768127441406,6327800
2015-08-25,75.51000213623047,75.56999969482422,72.2699966430664,72.2699966430664,59.7315559387207,4330600
2015-08-26,74.29000091552734,74.73999786376953,72.58000183105469,74.63999938964844,61.690391540527344,2139700
2015-08-27,75.61000061035156,76.7300033569336,75.1500015258789,76.55999755859375,63.277278900146484,1520300
2015-08-28,76.2300033569336,76.94000244140625,76.2300033569336,76.7300033569336,63.41778564453125,834800
2015-08-31,76.41000366210938,76.75,75.87999725341797,76.16999816894531,62.95493698120117,2712000
2015-09-01,74.41999816894531,75.12000274658203,73.5999984741211,74.0,61.161407470703125,3138200
2015-09-02,74.83999633789062,75.19999694824219,74.08999633789062,75.18000030517578,62.1367073059082,1539700
2015-09-03,75.4800033569336,76.33000183105469,75.23999786376953,75.5,62.40118408203125,1290100
2015-09-04,74.75,74.86000061035156,74.0199966430664,74.3499984741211,61.45069122314453,1090300
2015-09-08,75.55999755859375,76.29000091552734,75.30999755859375,76.2300033569336,63.00453567504883,980000
2015-09-09,76.9000015258789,76.98999786376953,75.12999725341797,75.26000213623047,62.20281982421875,1243200
2015-09-10,75.19000244140625,76.06999969482422,75.01000213623047,75.52999877929688,62.425994873046875,1056600
2015-09-11,75.31999969482422,75.81999969482422,74.95999908447266,75.81999969482422,62.665679931640625,687200
2015-09-14,75.8499984741211,75.8499984741211,75.33000183105469,75.5,62.40118408203125,792100
2015-09-15,75.77999877929688,76.55000305175781,75.54000091552734,76.4000015258789,63.145023345947266,595400
2015-09-16,76.44999694824219,77.26000213623047,76.41000366210938,77.18000030517578,63.78973388671875,809700
2015-09-17,77.08999633789062,78.23999786376953,76.9000015258789,77.04000091552734,63.67399215698242,1668900
2015-09-18,75.69999694824219,76.27999877929688,75.2300033569336,75.37000274658203,62.55518341064453,866900
2015-09-21,75.83999633789062,76.29000091552734,75.38999938964844,75.69000244140625,62.820796966552734,639400
2015-09-22,74.68000030517578,74.9000015258789,74.0999984741211,74.55000305175781,61.874637603759766,672900
2015-09-23,74.55000305175781,74.76000213623047,74.02999877929688,74.23999786376953,61.6173210144043,631700
2015-09-24,73.73999786376953,74.18000030517578,73.06999969482422,73.95999908447266,61.38492965698242,919100
2015-09-25,74.52999877929688,74.68000030517578,73.58999633789062,74.01000213623047,61.426429748535156,902400
2015-09-28,73.62000274658203,73.62000274658203,71.83999633789062,71.95999908447266,59.724979400634766,1080500
2015-09-29,71.97000122070312,72.58000183105469,71.61000061035156,72.0199966430664,59.77478790283203,1706300
2015-09-30,72.83000183105469,73.55999755859375,72.4800033569336,73.55999755859375,61.05293273925781,1129700
2015-10-01,73.5999984741211,73.75,72.58999633789062,73.4000015258789,60.920143127441406,826000
2015-10-02,72.66000366210938,74.62000274658203,72.33000183105469,74.62000274658203,61.932716369628906,899900
2015-10-05,75.06999969482422,76.23999786376953,75.06999969482422,76.1500015258789,63.202579498291016,943000
2015-10-06,76.05999755859375,76.33999633789062,75.63999938964844,75.93000030517578,63.019989013671875,563700
2015-10-07,76.38999938964844,76.87999725341797,75.87999725341797,76.70999908447266,63.6673583984375,770400
2015-10-08,76.55999755859375,77.80999755859375,76.47000122070312,77.62999725341797,64.43092346191406,1014100
2015-10-09,77.7300033569336,77.87000274658203,77.3499984741211,77.61000061035156,64.41434478759766,1683900
2015-10-12,77.61000061035156,77.61000061035156,77.27999877929688,77.48999786376953,64.31472778320312,536900
2015-10-13,77.12000274658203,77.69999694824219,76.77999877929688,76.86000061035156,63.79184341430664,933300
2015-10-14,76.9000015258789,77.18000030517578,76.47000122070312,76.58999633789062,63.567745208740234,692500
2015-10-15,76.73999786376953,77.5999984741211,76.4800033569336,77.58999633789062,64.39772033691406,583300
2015-10-16,77.69999694824219,77.7300033569336,77.20999908447266,77.69999694824219,64.48902130126953,545400
2015-10-19,77.4800033569336,77.6500015258789,77.2300033569336,77.58999633789062,64.39772033691406,522800
2015-10-20,77.41000366210938,78.0,77.41000366210938,77.69999694824219,64.48902130126953,460800
2015-10-21,77.86000061035156,78.0,77.04000091552734,77.08999633789062,63.98275375366211,548800
2015-10-22,77.5,78.44999694824219,77.45999908447266,78.27999877929688,64.97040557861328,805800
2015-10-23,78.69000244140625,78.69000244140625,78.0999984741211,78.58999633789062,65.22772979736328,1290600
2015-10-26,78.5,78.58000183105469,78.18000030517578,78.30000305175781,64.98701477050781,652700
2015-10-27,78.0199966430664,78.02999877929688,77.5199966430664,77.91999816894531,64.67161560058594,903500
2015-10-28,78.0,78.86000061035156,77.81999969482422,78.83999633789062,65.43522644042969,832200
2015-10-29,78.63999938964844,78.9000015258789,78.4800033569336,78.73999786376953,65.35221862792969,639400
2015-10-30,78.86000061035156,79.19000244140625,78.58999633789062,78.69999694824219,65.3189926147461,754100
2015-11-02,78.91000366210938,79.81999969482422,78.76000213623047,79.7300033569336,66.17391204833984,2163900
2015-11-03,79.52999877929688,80.16999816894531,79.5,79.86000061035156,66.2817611694336,1200500
2015-11-04,80.02999877929688,80.08999633789062,79.33000183105469,79.58999633789062,66.05765533447266,879100
2015-11-05,79.58000183105469,79.75,79.04000091552734,79.47000122070312,65.95807647705078,657000
2015-11-06,79.54000091552734,79.54000091552734,78.7300033569336,79.33000183105469,65.84190368652344,541400
2015-11-09,79.16000366210938,79.18000030517578,78.12999725341797,78.56999969482422,65.21112060546875,579400
2015-11-10,78.33999633789062,78.83000183105469,78.26000213623047,78.83000183105469,65.4269027709961,917800
2015-11-11,78.94999694824219,78.94999694824219,78.30999755859375,78.36000061035156,65.03680419921875,409000
2015-11-12,77.87999725341797,78.06999969482422,77.13999938964844,77.16999816894531,64.04915618896484,754200
2015-11-13,76.94999694824219,77.0999984741211,76.29000091552734,76.33999633789062,63.360260009765625,666100
2015-11-16,76.26000213623047,77.55999755859375,76.25,77.52999877929688,64.34793090820312,702800
2015-11-17,77.68000030517578,78.06999969482422,77.20999908447266,77.36000061035156,64.20686340332031,1070200
2015-11-18,77.66999816894531,78.68000030517578,77.62000274658203,78.58999633789062,65.22772979736328,553400
2015-11-19,78.55000305175781,78.73999786376953,78.36000061035156,78.51000213623047,65.16129302978516,594200
2015-11-20,78.81999969482422,79.06999969482422,78.58999633789062,78.79000091552734,65.39371490478516,808000
2015-11-23,78.83999633789062,79.1500015258789,78.5999984741211,78.79000091552734,65.39371490478516,586500
2015-11-24,78.44000244140625,79.19000244140625,78.22000122070312,79.05000305175781,65.60951232910156,579400
2015-11-25,79.04000091552734,79.22000122070312,78.8499984741211,79.0999984741211,65.65103149414062,337900
2015-11-27,79.02999877929688,79.19999694824219,78.8499984741211,79.08000183105469,65.63439178466797,219100
2015-11-30,79.08999633789062,79.22000122070312,78.83999633789062,78.94000244140625,65.51821899414062,557600
2015-12-01,79.16000366210938,79.69000244140625,79.11000061035156,79.66999816894531,66.12407684326172,2974300
2015-12-02,79.56999969482422,79.62999725341797,78.5199966430664,78.62000274658203,65.25263214111328,844200
2015-12-03,78.77999877929688,78.83999633789062,77.18000030517578,77.5,64.32304382324219,895200
2015-12-04,77.6500015258789,78.87999725341797,77.58999633789062,78.7300033569336,65.34391784667969,921900
2015-12-07,78.48999786376953,78.55000305175781,77.79000091552734,78.0999984741211,64.82103729248047,575200
2015-12-08,77.37999725341797,78.0,77.1500015258789,77.55000305175781,64.36454010009766,949800
2015-12-09,77.27999877929688,78.30999755859375,76.62999725341797,77.01000213623047,63.91636657714844,1287900
2015-12-10,77.05000305175781,77.69000244140625,76.91000366210938,77.12000274658203,64.00765228271484,676800
2015-12-11,76.16000366210938,76.48999786376953,75.48999786376953,75.62000274658203,62.762691497802734,1077500
2015-12-14,75.55999755859375,76.01000213623047,74.80000305175781,75.7300033569336,62.85398483276367,1528900
2015-12-15,76.31999969482422,76.87999725341797,76.2699966430664,76.5199966430664,63.50967788696289,1073900
2015-12-16,76.94000244140625,77.7300033569336,76.69000244140625,77.62000274658203,64.42264556884766,1718300
2015-12-17,77.69999694824219,77.76000213623047,76.30999755859375,76.30999755859375,63.335365295410156,1176600
2015-12-18,75.66999816894531,75.69999694824219,74.77999877929688,74.80999755859375,62.36581802368164,1695500
2015-12-21,75.18000030517578,75.54000091552734,74.88999938964844,75.4000015258789,62.857688903808594,820200
2015-12-22,75.7300033569336,76.41999816894531,75.37000274658203,76.2300033569336,63.549617767333984,1079100
2015-12-23,76.62999725341797,77.55000305175781,76.62999725341797,77.55000305175781,64.65007019042969,894600
2015-12-24,77.37999725341797,77.66999816894531,77.27999877929688,77.41000366210938,64.5333251953125,576100
2015-12-28,77.08000183105469,77.11000061035156,76.56999969482422,77.05000305175781,64.23322296142578,796700
2015-12-29,77.55000305175781,77.95999908447266,77.52999877929688,77.86000061035156,64.90850067138672,937700
2015-12-30,77.70999908447266,77.83000183105469,77.16999816894531,77.2300033569336,64.3832778930664,740700
2015-12-31,77.05000305175781,77.33000183105469,76.63999938964844,76.63999938964844,63.891422271728516,1114300
2016-01-04,75.4000015258789,75.80999755859375,74.83999633789062,75.79000091552734,63.18280792236328,3957900
2016-01-05,75.93000030517578,76.08000183105469,75.44000244140625,75.97000122070312,63.332862854003906,1367300
2016-01-06,74.80999755859375,75.11000061035156,74.06999969482422,74.58000183105469,62.174110412597656,2094600
2016-01-07,73.20999908447266,74.04000091552734,72.68000030517578,72.88999938964844,60.76519775390625,2613100
2016-01-08,73.23999786376953,73.47000122070312,71.91999816894531,72.0,60.023250579833984,2007800
2016-01-11,72.2699966430664,72.51000213623047,71.01000213623047,71.7699966430664,59.83149337768555,3731800
2016-01-12,72.30999755859375,72.6500015258789,71.12999725341797,72.11000061035156,60.11495590209961,2219200
2016-01-13,72.33999633789062,72.58000183105469,70.08999633789062,70.30000305175781,58.606021881103516,2761200
2016-01-14,70.48999786376953,71.72000122070312,69.68000030517578,71.26000213623047,59.40635681152344,2812000
2016-01-15,69.4000015258789,70.11000061035156,68.88999938964844,69.9000015258789,58.2725715637207,2788600
2016-01-19,70.5,70.72000122070312,69.0,69.69000244140625,58.097511291503906,2835900
2016-01-20,68.72000122070312,69.62000274658203,66.94000244140625,68.94999694824219,57.48060607910156,3984000
2016-01-21,69.20999908447266,70.37999725341797,68.6500015258789,69.58000183105469,58.00579833984375,1671100
2016-01-22,70.58999633789062,71.23999786376953,70.33000183105469,70.94999694824219,59.14791488647461,1068100
2016-01-25,70.68000030517578,70.77999877929688,69.54000091552734,69.5999984741211,58.022483825683594,1235700
2016-01-26,69.97000122070312,70.97000122070312,69.8499984741211,70.87999725341797,59.08956527709961,775400
2016-01-27,70.68000030517578,71.66000366210938,69.91000366210938,70.33999633789062,58.639381408691406,1400100
2016-01-28,70.91000366210938,71.06999969482422,69.87000274658203,70.38999938964844,58.68108367919922,1169800
2016-01-29,70.7699966430664,72.37999725341797,70.7300033569336,72.37999725341797,60.34001159667969,1000400
2016-02-01,71.83000183105469,72.72000122070312,71.55000305175781,72.3499984741211,60.31502151489258,3406400
2016-02-02,71.68000030517578,71.68000030517578,70.62999725341797,70.8499984741211,59.064537048339844,1211800
2016-02-03,71.30999755859375,71.73999786376953,69.79000091552734,71.54000091552734,59.639774322509766,2214400
2016-02-04,71.37999725341797,72.54000091552734,71.37999725341797,71.94999694824219,59.981563568115234,1521100
2016-02-05,71.70999908447266,71.7300033569336,70.51000213623047,70.7300033569336,58.96451950073242,1297900
2016-02-08,69.86000061035156,69.86000061035156,68.30000305175781,69.23999786376953,57.72235870361328,2050200
2016-02-09,68.43000030517578,69.58000183105469,68.41000366210938,69.02999877929688,57.54727554321289,2052100
2016-02-10,69.37000274658203,70.13999938964844,69.01000213623047,69.06999969482422,57.58065414428711,1236800
2016-02-11,67.91000366210938,68.5199966430664,67.3499984741211,68.08999633789062,56.76366424560547,2591000
2016-02-12,68.70999908447266,69.58000183105469,68.37000274658203,69.56999969482422,57.997474670410156,1333900
2016-02-16,70.26000213623047,70.95999908447266,69.94000244140625,70.95999908447266,59.156246185302734,1481000
2016-02-17,71.44000244140625,72.45999908447266,71.44000244140625,72.2699966430664,60.248355865478516,880600
2016-02-18,72.36000061035156,72.36000061035156,71.80999755859375,72.12000274658203,60.1233024597168,1129400
2016-02-19,71.69999694824219,71.93000030517578,71.26000213623047,71.9000015258789,59.93988037109375,819400
2016-02-22,72.5999984741211,73.18000030517578,72.5999984741211,73.16000366210938,60.990291595458984,693700
2016-02-23,72.87999725341797,73.06999969482422,72.23999786376953,72.29000091552734,60.26500701904297,590500
2016-02-24,71.66000366210938,72.83000183105469,71.19000244140625,72.72000122070312,60.62348556518555,1093400
2016-02-25,72.8499984741211,73.54000091552734,72.52999877929688,73.52999877929688,61.298744201660156,943200
2016-02-26,73.91000366210938,74.08999633789062,73.51000213623047,73.66000366210938,61.40713119506836,976400
2016-02-29,73.5999984741211,74.06999969482422,73.0999984741211,73.0999984741211,60.94029235839844,1034700
2016-03-01,73.70999908447266,74.79000091552734,73.41999816894531,74.79000091552734,62.34916687011719,2011700
2016-03-02,74.58000183105469,75.3499984741211,74.4000015258789,75.33000183105469,62.79933166503906,2157300
2016-03-03,75.22000122070312,76.05999755859375,75.13999938964844,76.0199966430664,63.37457275390625,1749800
2016-03-04,76.08999633789062,76.83999633789062,75.80000305175781,76.41000366210938,63.699684143066406,1689000
2016-03-07,76.04000091552734,76.9800033569336,76.01000213623047,76.77999877929688,64.0081558227539,1198900
2016-03-08,76.33999633789062,76.33999633789062,75.44999694824219,75.5199966430664,62.957725524902344,1358800
2016-03-09,75.80000305175781,76.12000274658203,75.5,75.91999816894531,63.291168212890625,871500
2016-03-10,76.06999969482422,76.5199966430664,75.16000366210938,76.02999877929688,63.38290786743164,1391200
2016-03-11,76.68000030517578,77.51000213623047,76.63999938964844,77.45999908447266,64.57502746582031,1308300
2016-03-14,77.19999694824219,77.5199966430664,77.02999877929688,77.3499984741211,64.48332977294922,803700
2016-03-15,76.83000183105469,76.91000366210938,76.55000305175781,76.91000366210938,64.11653137207031,534900
2016-03-16,76.70999908447266,77.77999877929688,76.70999908447266,77.63999938964844,64.72506713867188,844500
2016-03-17,77.66999816894531,78.58999633789062,77.44999694824219,78.36000061035156,65.32530212402344,989600
2016-03-18,78.16000366210938,78.52999877929688,78.0999984741211,78.31999969482422,65.62866973876953,1183000
2016-03-21,78.2300033569336,78.4800033569336,77.98999786376953,78.33999633789062,65.64541625976562,811900
2016-03-22,77.95999908447266,78.5,77.79000091552734,78.27999877929688,65.59510803222656,1498000
2016-03-23,78.12000274658203,78.12000274658203,77.41999816894531,77.4800033569336,64.92477416992188,669200
2016-03-24,76.98999786376953,77.38999938964844,76.69000244140625,77.38999938964844,64.84937286376953,982300
2016-03-28,77.56999969482422,77.70999908447266,77.16999816894531,77.5,64.94153594970703,634300
2016-03-29,77.30000305175781,78.30000305175781,77.08000183105469,78.29000091552734,65.6035385131836,749100
2016-03-30,78.69000244140625,78.9000015258789,78.30000305175781,78.52999877929688,65.80461883544922,797300
2016-03-31,78.47000122070312,78.72000122070312,78.4000015258789,78.52999877929688,65.80461883544922,1901200
2016-04-01,78.08000183105469,78.91000366210938,77.69999694824219,78.83999633789062,66.06439208984375,3030700
2016-04-04,78.83000183105469,78.91000366210938,78.23999786376953,78.33000183105469,65.63703155517578,641400
2016-04-05,77.83000183105469,77.9000015258789,77.37000274658203,77.44999694824219,64.89962768554688,929700
2016-04-06,77.4800033569336,78.30000305175781,77.31999969482422,78.2699966430664,65.58675384521484,533600
2016-04-07,77.87000274658203,78.04000091552734,76.95999908447266,77.29000091552734,64.76557159423828,647200
2016-04-08,77.83999633789062,78.13999938964844,77.43000030517578,77.62999725341797,65.05045318603516,536100
2016-04-11,77.91999816894531,78.36000061035156,77.51000213623047,77.54000091552734,64.97504425048828,696900
2016-04-12,77.62999725341797,78.5199966430664,77.44999694824219,78.37999725341797,65.67892456054688,585600
2016-04-13,78.76000213623047,79.37999725341797,78.66999816894531,79.37000274658203,66.50849914550781,1003400
2016-04-14,79.41999816894531,79.41999816894531,79.02999877929688,79.20999908447266,66.37443542480469,622500
2016-04-15,79.16000366210938,79.26000213623047,78.93000030517578,79.19000244140625,66.35767364501953,656700
2016-04-18,78.93000030517578,79.7699966430664,78.76000213623047,79.76000213623047,66.83528900146484,543100
2016-04-19,79.94000244140625,80.30999755859375,79.76000213623047,80.11000061035156,67.12859344482422,691200
2016-04-20,80.19999694824219,80.5999984741211,79.88999938964844,80.26000213623047,67.25430297851562,681100
2016-04-21,80.26000213623047,80.37999725341797,79.63999938964844,79.72000122070312,66.80179595947266,633600
2016-04-22,79.87999725341797,80.33999633789062,79.80000305175781,80.22000122070312,67.22075653076172,748000
2016-04-25,79.94000244140625,80.05999755859375,79.55000305175781,79.87999725341797,66.93586730957031,726200
2016-04-26,80.02999877929688,80.44000244140625,79.94999694824219,80.44000244140625,67.40514373779297,1199600
2016-04-27,80.37000274658203,81.11000061035156,80.33999633789062,80.95999908447266,67.84085083007812,895300
2016-04-28,80.3499984741211,80.97000122070312,79.83999633789062,80.0,67.03640747070312,933500
2016-04-29,79.77999877929688,79.83000183105469,78.83999633789062,79.51000213623047,66.6258316040039,831700
2016-05-02,79.72000122070312,80.06999969482422,79.33000183105469,79.9800033569336,67.01966094970703,734400
2016-05-03,79.37999725341797,79.37999725341797,78.7300033569336,79.08000183105469,66.26551055908203,1243200
2016-05-04,78.68000030517578,79.04000091552734,78.31999969482422,78.56999969482422,65.83815002441406,1157100
2016-05-05,78.76000213623047,79.05999755859375,78.38999938964844,78.55000305175781,65.82140350341797,599900
2016-05-06,78.2300033569336,78.87000274658203,78.12000274658203,78.80000305175781,66.03086853027344,585100
2016-05-09,78.70999908447266,78.9800033569336,78.5199966430664,78.7699966430664,66.00572967529297,481400
2016-05-10,79.05000305175781,79.76000213623047,78.9800033569336,79.73999786376953,66.81856536865234,474600
2016-05-11,79.5,79.7300033569336,78.94000244140625,78.94000244140625,66.14817810058594,519800
2016-05-12,79.31999969482422,79.47000122070312,78.43000030517578,78.91999816894531,66.13142395019531,578200
2016-05-13,78.70999908447266,79.01000213623047,78.01000213623047,78.16000366210938,65.49459838867188,785100
2016-05-16,78.2699966430664,79.16000366210938,78.26000213623047,78.95999908447266,66.16496276855469,1463200
2016-05-17,78.7699966430664,79.16999816894531,78.19000244140625,78.41999816894531,65.71243286132812,918100
2016-05-18,78.20999908447266,78.81999969482422,77.75,78.2300033569336,65.55323791503906,793300
2016-05-19,77.83000183105469,78.16999816894531,77.38999938964844,78.0,65.36051177978516,758000
2016-05-20,78.27999877929688,78.72000122070312,78.16999816894531,78.58000183105469,65.84651184082031,462200
2016-05-23,78.56999969482422,78.77999877929688,78.45999908447266,78.52999877929688,65.80461883544922,431500
2016-05-24,78.80999755859375,79.70999908447266,78.80999755859375,79.54000091552734,66.65094757080078,553400
2016-05-25,79.79000091552734,80.3499984741211,79.77999877929688,80.16000366210938,67.17049407958984,752600
2016-05-26,80.29000091552734,80.41000366210938,80.0199966430664,80.0999984741211,67.12020111083984,876700
2016-05-27,80.16000366210938,80.55999755859375,80.16000366210938,80.55999755859375,67.50565338134766,487100
2016-05-31,80.70999908447266,80.86000061035156,80.29000091552734,80.58999633789062,67.53080749511719,705800
2016-06-01,80.25,80.81999969482422,80.08999633789062,80.76000213623047,67.67327117919922,563400
2016-06-02,80.56999969482422,81.11000061035156,80.45999908447266,81.11000061035156,67.96656799316406,825200
2016-06-03,80.86000061035156,80.9800033569336,80.23999786376953,80.83000183105469,67.73191833496094,764100
2016-06-06,81.04000091552734,81.51000213623047,80.94000244140625,81.37999725341797,68.1927719116211,495700
2016-06-07,81.43000030517578,81.9000015258789,81.37999725341797,81.68000030517578,68.44418334960938,716600
2016-06-08,81.79000091552734,82.01000213623047,81.6500015258789,81.91000366210938,68.63690948486328,701400
2016-06-09,81.52999877929688,81.77999877929688,81.3499984741211,81.69999694824219,68.4609375,880200
2016-06-10,81.12000274658203,81.12000274658203,80.33999633789062,80.61000061035156,67.54757690429688,497000
2016-06-13,80.33999633789062,80.80000305175781,79.87000274658203,79.88999938964844,66.94424438476562,609100
2016-06-14,79.73999786376953,80.0199966430664,79.16000366210938,79.63999938964844,66.73477935791016,1017000
2016-06-15,79.80000305175781,80.2300033569336,79.58000183105469,79.6500015258789,66.74314880371094,836700
2016-06-16,79.23999786376953,79.80999755859375,78.6500015258789,79.73999786376953,66.81856536865234,1107800
2016-06-17,79.51000213623047,79.86000061035156,79.30000305175781,79.69000244140625,66.93362426757812,602400
2016-06-20,80.58999633789062,80.98999786376953,80.26000213623047,80.3499984741211,67.48796081542969,579300
2016-06-21,80.4800033569336,80.6500015258789,80.11000061035156,80.4000015258789,67.52996826171875,670500
2016-06-22,80.55000305175781,80.87999725341797,80.2699966430664,80.31999969482422,67.4627456665039,794700
2016-06-23,81.01000213623047,81.5,80.8499984741211,81.48999786376953,68.44547271728516,697300
2016-06-24,78.72000122070312,79.69000244140625,78.01000213623047,78.12000274658203,65.61495971679688,2750900
2016-06-27,77.47000122070312,77.48999786376953,75.79000091552734,76.13999938964844,63.951881408691406,2316800
2016-06-28,76.77999877929688,77.66000366210938,76.77999877929688,77.62999725341797,65.203369140625,2993300
2016-06-29,78.26000213623047,79.26000213623047,78.23999786376953,79.12000274658203,66.45486450195312,1657100
2016-06-30,79.30999755859375,80.36000061035156,78.98999786376953,80.3499984741211,67.48796081542969,1035900
2016-07-01,80.33999633789062,80.87000274658203,80.08999633789062,80.5999984741211,67.69793701171875,1242100
2016-07-05,80.23999786376953,80.2699966430664,79.25,79.62999725341797,66.88319396972656,1360600
2016-07-06,79.33999633789062,80.13999938964844,79.0,80.11000061035156,67.28638458251953,941700
2016-07-07,80.2300033569336,80.66999816894531,79.75,80.0999984741211,67.27798461914062,762500
2016-07-08,80.72000122070312,81.70999908447266,80.72000122070312,81.5999984741211,68.53787231445312,609100
2016-07-11,81.77999877929688,82.12000274658203,81.69000244140625,81.91999816894531,68.8066635131836,651200
2016-07-12,82.36000061035156,83.04000091552734,82.36000061035156,82.88999938964844,69.62138366699219,1601300
2016-07-13,83.05999755859375,83.16000366210938,82.4800033569336,82.83999633789062,69.57938385009766,638500
2016-07-14,83.43000030517578,83.5199966430664,83.08000183105469,83.19000244140625,69.87336730957031,705700
2016-07-15,83.44000244140625,83.44000244140625,82.94999694824219,83.13999938964844,69.83135223388672,481000
2016-07-18,83.1500015258789,83.36000061035156,82.94999694824219,83.29000091552734,69.95732116699219,421800
2016-07-19,83.08999633789062,83.11000061035156,82.81999969482422,83.06999969482422,69.77256774902344,370200
2016-07-20,83.20999908447266,83.56999969482422,82.91000366210938,83.4800033569336,70.11692810058594,540200
2016-07-21,83.43000030517578,83.66999816894531,83.0,83.16999816894531,69.85658264160156,372900
2016-07-22,83.26000213623047,83.72000122070312,83.12000274658203,83.69999694824219,70.30172729492188,489400
2016-07-25,83.56999969482422,83.61000061035156,83.25,83.51000213623047,70.14212036132812,559100
2016-07-26,83.48999786376953,83.9000015258789,83.36000061035156,83.87999725341797,70.45288848876953,565000
2016-07-27,83.91999816894531,83.93000030517578,83.06999969482422,83.44000244140625,70.08336639404297,603300
2016-07-28,83.31999969482422,83.7300033569336,83.12000274658203,83.5999984741211,70.21770477294922,513400
2016-07-29,83.33999633789062,83.80999755859375,83.08999633789062,83.68000030517578,70.284912109375,421500
2016-08-01,83.63999938964844,83.73999786376953,83.18000030517578,83.37000274658203,70.0245361328125,650800
2016-08-02,83.29000091552734,83.37000274658203,82.1500015258789,82.5199966430664,69.31059265136719,655300
2016-08-03,82.41999816894531,83.0199966430664,82.23999786376953,82.98999786376953,69.70536804199219,544400
2016-08-04,82.94999694824219,83.23999786376953,82.81999969482422,83.04000091552734,69.7473373413086,688800
2016-08-05,83.33999633789062,83.80999755859375,83.33999633789062,83.7300033569336,70.32691192626953,796700
2016-08-08,83.83999633789062,84.0999984741211,83.69999694824219,83.79000091552734,70.37730407714844,467000
2016-08-09,83.77999877929688,83.97000122070312,83.55999755859375,83.66000366210938,70.26814270019531,547400
2016-08-10,83.72000122070312,83.80000305175781,83.31999969482422,83.44000244140625,70.08336639404297,712300
2016-08-11,83.7300033569336,84.13999938964844,83.66999816894531,84.05999755859375,70.60411834716797,552000
2016-08-12,83.97000122070312,84.12999725341797,83.73999786376953,83.9800033569336,70.53691101074219,858000
2016-08-15,84.11000061035156,84.55999755859375,84.01000213623047,84.37999725341797,70.87285614013672,861500
2016-08-16,84.18000030517578,84.20999908447266,83.88999938964844,83.9000015258789,70.46971130371094,581500
2016-08-17,83.9000015258789,84.02999877929688,83.43000030517578,83.95999908447266,70.52010345458984,606200
2016-08-18,83.97000122070312,84.43000030517578,83.97000122070312,84.41000366210938,70.8980712890625,591400
2016-08-19,84.16000366210938,84.5,84.02999877929688,84.44000244140625,70.92326354980469,680400
2016-08-22,84.25,84.43000030517578,84.05999755859375,84.33999633789062,70.83928680419922,499300
2016-08-23,84.6500015258789,84.9000015258789,84.6500015258789,84.70999908447266,71.1500244140625,570400
2016-08-24,84.61000061035156,84.70999908447266,83.95999908447266,84.12000274658203,70.65446472167969,774600
2016-08-25,84.0,84.38999938964844,83.93000030517578,84.11000061035156,70.64610290527344,611300
2016-08-26,84.23999786376953,84.7300033569336,83.47000122070312,83.8499984741211,70.42769622802734,701100
2016-08-29,83.91000366210938,84.48999786376953,83.91000366210938,84.31999969482422,70.8224868774414,589700
2016-08-30,84.36000061035156,84.43000030517578,83.9000015258789,84.19000244140625,70.7132797241211,488500
2016-08-31,84.06999969482422,84.06999969482422,83.41999816894531,83.80999755859375,70.39411926269531,784300
2016-09-01,83.8499984741211,84.01000213623047,83.20999908447266,83.79000091552734,70.37730407714844,980800
2016-09-02,84.0199966430664,84.41999816894531,83.9800033569336,84.20999908447266,70.73008728027344,596900
2016-09-06,84.37000274658203,84.41999816894531,83.91000366210938,84.3499984741211,70.84765625,634000
2016-09-07,84.3499984741211,84.58999633789062,84.22000122070312,84.58999633789062,71.04926300048828,592800
2016-09-08,84.41999816894531,84.5999984741211,84.2300033569336,84.44999694824219,70.9316635131836,1255700
2016-09-09,83.83999633789062,84.06999969482422,82.12999725341797,82.16999816894531,69.0166244506836,1333900
2016-09-12,81.77999877929688,83.55999755859375,81.6500015258789,83.33000183105469,69.99093627929688,1076100
2016-09-13,82.68000030517578,82.8499984741211,81.63999938964844,81.93000030517578,68.8150405883789,1470200
2016-09-14,81.97000122070312,82.45999908447266,81.52999877929688,81.80999755859375,68.71426391601562,1055200
2016-09-15,81.73999786376953,82.80000305175781,81.62000274658203,82.62999725341797,69.40301513671875,869900
2016-09-16,82.08000183105469,82.0999984741211,81.62999725341797,81.97000122070312,69.09953308105469,797100
2016-09-19,82.30000305175781,82.69999694824219,81.9800033569336,82.16000366210938,69.25971221923828,1235100
2016-09-20,82.52999877929688,82.56999969482422,81.95999908447266,81.95999908447266,69.09109497070312,788500
2016-09-21,82.26000213623047,83.16000366210938,82.08000183105469,83.06999969482422,70.02680969238281,1297700
2016-09-22,83.4800033569336,83.8499984741211,83.33999633789062,83.72000122070312,70.57475280761719,843800
2016-09-23,83.52999877929688,83.69000244140625,83.26000213623047,83.30000305175781,70.22068786621094,509100
2016-09-26,82.95999908447266,83.08000183105469,82.61000061035156,82.66000366210938,69.68120574951172,676900
2016-09-27,82.58999633789062,83.08999633789062,82.41999816894531,83.02999877929688,69.99310302734375,630100
2016-09-28,83.19000244140625,83.69000244140625,82.69000244140625,83.61000061035156,70.48200988769531,988000
2016-09-29,83.51000213623047,83.79000091552734,82.66000366210938,82.91000366210938,69.89191436767578,1090900
2016-09-30,83.20999908447266,83.87999725341797,83.05999755859375,83.58999633789062,70.46514892578125,798900
2016-10-03,83.33999633789062,83.44999694824219,83.02999877929688,83.23999786376953,70.17010498046875,830600
2016-10-04,83.36000061035156,83.41000366210938,82.45999908447266,82.7300033569336,69.74018859863281,1684600
2016-10-05,83.01000213623047,83.41000366210938,82.8499984741211,83.22000122070312,70.15325927734375,592700
2016-10-06,83.06999969482422,83.33000183105469,82.80000305175781,83.26000213623047,70.18698120117188,736100
2016-10-07,83.33999633789062,83.48999786376953,82.5,82.80999755859375,69.80764770507812,660100
2016-10-10,83.13999938964844,83.54000091552734,83.13999938964844,83.18000030517578,70.11954498291016,464000
2016-10-11,82.93000030517578,82.93000030517578,81.61000061035156,81.94000244140625,69.07421875,869800
2016-10-12,81.95999908447266,82.27999877929688,81.73999786376953,82.05000305175781,69.1669692993164,772000
2016-10-13,81.4800033569336,82.0,80.94999694824219,81.75,68.91407012939453,632900
2016-10-14,82.18000030517578,82.44999694824219,81.69000244140625,81.69000244140625,68.8635025024414,941600
2016-10-17,81.70999908447266,81.8499984741211,81.3499984741211,81.41000366210938,68.62744903564453,560600
2016-10-18,82.13999938964844,82.19999694824219,81.76000213623047,81.97000122070312,69.09953308105469,525100
2016-10-19,82.12000274658203,82.5,81.87999725341797,82.37000274658203,69.43671417236328,578100
2016-10-20,82.19000244140625,82.47000122070312,81.88999938964844,82.20999908447266,69.30184173583984,610300
2016-10-21,81.79000091552734,82.25,81.61000061035156,82.16000366210938,69.25971221923828,470000
2016-10-24,82.55000305175781,82.76000213623047,82.2699966430664,82.41999816894531,69.47887420654297,404600
2016-10-25,82.2699966430664,82.29000091552734,81.87000274658203,81.94999694824219,69.0826644897461,766200
2016-10-26,81.6500015258789,82.11000061035156,81.56999969482422,81.91000366210938,69.04895782470703,535100
2016-10-27,82.1500015258789,82.19999694824219,81.37999725341797,81.43000030517578,68.64427947998047,447700
2016-10-28,81.41000366210938,82.0,81.12000274658203,81.41999816894531,68.63587188720703,729400
2016-10-31,81.6500015258789,81.77999877929688,81.44999694824219,81.55000305175781,68.74547576904297,605400
2016-11-01,81.75,81.75,80.33000183105469,80.87999725341797,68.18067932128906,1802400
2016-11-02,80.73999786376953,80.94000244140625,80.12000274658203,80.30000305175781,67.69174194335938,848400
2016-11-03,80.44999694824219,80.5999984741211,79.9000015258789,80.04000091552734,67.47254180908203,731800
2016-11-04,80.0999984741211,80.66000366210938,79.94000244140625,80.05000305175781,67.4809799194336,891800
2016-11-07,81.37000274658203,81.80000305175781,81.12000274658203,81.77999877929688,68.9393539428711,1131500
2016-11-08,81.68000030517578,82.33999633789062,81.38999938964844,82.08999633789062,69.20067596435547,931800
2016-11-09,81.41000366210938,83.37000274658203,80.87999725341797,83.05999755859375,70.01839447021484,2302300
2016-11-10,83.54000091552734,84.16999816894531,83.04000091552734,83.66999816894531,70.53262329101562,3215400
2016-11-11,83.45999908447266,83.73999786376953,83.06999969482422,83.66999816894531,70.53262329101562,1771600
2016-11-14,83.98999786376953,84.45999908447266,83.87999725341797,84.37000274658203,71.12268829345703,2660400
2016-11-15,84.56999969482422,84.98999786376953,84.33999633789062,84.98999786376953,71.64533996582031,1617300
2016-11-16,84.79000091552734,84.80000305175781,84.41000366210938,84.62000274658203,71.33344268798828,1455800
2016-11-17,84.73999786376953,85.11000061035156,84.62000274658203,85.06999969482422,71.71278381347656,1636100
2016-11-18,85.13999938964844,85.13999938964844,84.79000091552734,84.87000274658203,71.54419708251953,1209900
2016-11-21,85.18000030517578,85.55999755859375,85.12000274658203,85.54000091552734,72.10897064208984,2311700
2016-11-22,85.76000213623047,85.86000061035156,85.4000015258789,85.80000305175781,72.32817840576172,1528700
2016-11-23,85.66000366210938,86.04000091552734,85.52999877929688,86.01000213623047,72.50519561767578,1265400
2016-11-25,86.19000244140625,86.31999969482422,86.05000305175781,86.31999969482422,72.76651763916016,670000
2016-11-28,86.18000030517578,86.23999786376953,85.69000244140625,85.73999786376953,72.27755737304688,1302800
2016-11-29,85.79000091552734,86.0199966430664,85.54000091552734,85.80000305175781,72.32817840576172,1262100
2016-11-30,86.19000244140625,86.2699966430664,85.80999755859375,85.81999969482422,72.34502410888672,2193000
2016-12-01,86.05000305175781,86.16000366210938,85.37000274658203,85.55999755859375,72.12583923339844,2467800
2016-12-02,85.56999969482422,85.86000061035156,85.44000244140625,85.58000183105469,72.14270782470703,1186200
2016-12-05,85.9800033569336,86.4000015258789,85.9800033569336,86.22000122070312,72.68222045898438,1661300
2016-12-06,86.37999725341797,86.66999816894531,86.06999969482422,86.66000366210938,73.0531234741211,1447600
2016-12-07,86.69000244140625,87.94000244140625,86.63999938964844,87.9000015258789,74.09844207763672,1608200
2016-12-08,87.94999694824219,88.52999877929688,87.76000213623047,88.26000213623047,74.40190887451172,1743600
2016-12-09,88.38999938964844,88.51000213623047,88.16000366210938,88.51000213623047,74.61264038085938,1869700
2016-12-12,88.48999786376953,88.58000183105469,87.87999725341797,88.05000305175781,74.224853515625,1359700
2016-12-13,88.37999725341797,88.62999725341797,88.08000183105469,88.41999816894531,74.53678894042969,1563300
2016-12-14,88.30000305175781,88.54000091552734,87.29000091552734,87.5,73.76122283935547,2074700
2016-12-15,87.5,88.22000122070312,87.33999633789062,87.80999755859375,74.02255249023438,1707200
2016-12-16,87.80999755859375,87.9000015258789,87.2300033569336,87.41999816894531,73.81737518310547,1448400
2016-12-19,87.52999877929688,87.80000305175781,87.33000183105469,87.55000305175781,73.9271469116211,1233300
2016-12-20,87.75,87.9800033569336,87.66999816894531,87.83999633789062,74.17200469970703,1205800
2016-12-21,87.83999633789062,87.9000015258789,87.62000274658203,87.63999938964844,74.00313568115234,1193100
2016-12-22,87.55000305175781,87.55000305175781,87.08999633789062,87.29000091552734,73.7076187133789,1172300
2016-12-23,87.2699966430664,87.47000122070312,87.2699966430664,87.47000122070312,73.85961151123047,410100
2016-12-27,87.5,87.9000015258789,87.5,87.76000213623047,74.10447692871094,1009000
2016-12-28,87.87999725341797,87.87999725341797,86.81999969482422,86.86000061035156,73.34451293945312,839900
2016-12-29,86.88999938964844,87.11000061035156,86.69999694824219,86.88999938964844,73.36982727050781,847200
2016-12-30,87.1500015258789,87.1500015258789,86.36000061035156,86.63999938964844,73.15875244140625,1303200
2017-01-03,87.2699966430664,87.66999816894531,86.80000305175781,87.33000183105469,73.74137878417969,2197200
2017-01-04,87.51000213623047,88.29000091552734,87.51000213623047,88.18000030517578,74.45909881591797,1862200
2017-01-05,88.08999633789062,88.0999984741211,87.56999969482422,87.94000244140625,74.2564468383789,1281700
2017-01-06,88.06999969482422,88.4000015258789,87.72000122070312,88.18000030517578,74.45909881591797,993000
2017-01-09,88.1500015258789,88.1500015258789,87.66999816894531,87.69999694824219,74.05377960205078,1332700
2017-01-10,87.79000091552734,88.16000366210938,87.6500015258789,87.77999877929688,74.12135314941406,1223500
2017-01-11,87.7699966430664,88.05000305175781,87.5,88.01000213623047,74.31558227539062,1489400
2017-01-12,87.88999938964844,87.94000244140625,87.16000366210938,87.87000274658203,74.19735717773438,1093000
2017-01-13,87.87000274658203,88.18000030517578,87.87000274658203,88.05000305175781,74.3493423461914,1001700
2017-01-17,87.86000061035156,88.12999725341797,87.63999938964844,87.81999969482422,74.15512084960938,1137500
2017-01-18,87.95999908447266,88.08999633789062,87.62000274658203,88.08000183105469,74.37466430664062,929200
2017-01-19,88.06999969482422,88.20999908447266,87.41000366210938,87.63999938964844,74.00313568115234,751000
2017-01-20,87.97000122070312,88.19999694824219,87.62999725341797,87.97000122070312,74.28177642822266,827400
2017-01-23,87.9000015258789,87.97000122070312,87.37000274658203,87.70999908447266,74.062255859375,1180200
2017-01-24,87.91999816894531,88.7300033569336,87.9000015258789,88.58000183105469,74.79686737060547,1876500
2017-01-25,88.9800033569336,89.27999877929688,88.91000366210938,89.25,75.36262512207031,1293400
2017-01-26,89.25,89.31999969482422,88.93000030517578,89.01000213623047,75.15996551513672,943800
2017-01-27,89.11000061035156,89.11000061035156,88.6500015258789,88.73999786376953,74.93197631835938,910100
2017-01-30,88.44000244140625,88.44999694824219,87.66000366210938,88.23999786376953,74.50975799560547,1420000
2017-01-31,88.08000183105469,88.37999725341797,87.76000213623047,88.37999725341797,74.62799072265625,903500
2017-02-01,88.55999755859375,88.68000030517578,87.83999633789062,88.16000366210938,74.44221496582031,1089800
2017-02-02,87.9800033569336,88.47000122070312,87.86000061035156,88.3499984741211,74.60266876220703,826300
2017-02-03,88.69000244140625,89.05000305175781,88.61000061035156,88.95999908447266,75.11772918701172,794700
2017-02-06,88.8499984741211,88.9800033569336,88.56999969482422,88.72000122070312,74.91507720947266,766700
2017-02-07,88.83000183105469,88.94000244140625,88.4800033569336,88.62999725341797,74.83906555175781,830700
2017-02-08,88.62999725341797,88.86000061035156,88.30999755859375,88.81999969482422,74.99951171875,657200
2017-02-09,88.94000244140625,89.55000305175781,88.9000015258789,89.37000274658203,75.4639663696289,1169100
2017-02-10,89.63999938964844,89.97000122070312,89.58999633789062,89.87000274658203,75.88615417480469,947200
2017-02-13,90.13999938964844,90.41000366210938,90.06999969482422,90.2699966430664,76.2238998413086,856300
2017-02-14,90.16000366210938,90.55000305175781,90.01000213623047,90.51000213623047,76.42657470703125,772800
2017-02-15,90.41000366210938,91.08000183105469,90.37999725341797,90.94999694824219,76.79808044433594,794600
2017-02-16,90.98999786376953,91.0999984741211,90.44000244140625,90.72000122070312,76.60388946533203,791400
2017-02-17,90.5,90.91000366210938,90.37000274658203,90.9000015258789,76.75587463378906,668200
2017-02-21,91.04000091552734,91.62000274658203,91.04000091552734,91.54000091552734,77.2962875366211,961000
2017-02-22,91.33999633789062,91.4800033569336,91.19000244140625,91.31999969482422,77.11052703857422,671100
2017-02-23,91.58999633789062,91.61000061035156,90.91999816894531,91.16000366210938,76.97540283203125,1023100
2017-02-24,90.80000305175781,91.41000366210938,90.69999694824219,91.41000366210938,77.18653869628906,809800
2017-02-27,91.41000366210938,91.68000030517578,91.23999786376953,91.62000274658203,77.36383819580078,713400
2017-02-28,91.41000366210938,91.44000244140625,91.05000305175781,91.1500015258789,76.96699523925781,720000
2017-03-01,91.8499984741211,92.52999877929688,91.8499984741211,92.2699966430664,77.91271209716797,1166800
2017-03-02,92.19999694824219,92.19999694824219,91.63999938964844,91.66999816894531,77.40608215332031,786700
2017-03-03,91.61000061035156,91.73999786376953,91.36000061035156,91.66000366210938,77.39762878417969,645800
2017-03-06,91.29000091552734,91.5199966430664,91.01000213623047,91.25,77.05139923095703,512400
2017-03-07,91.11000061035156,91.1500015258789,90.7699966430664,90.83999633789062,76.70521545410156,942300
2017-03-08,90.9000015258789,91.12000274658203,90.55999755859375,90.62999725341797,76.52788543701172,848700
2017-03-09,90.63999938964844,90.87000274658203,90.13999938964844,90.55000305175781,76.46033477783203,1001900
2017-03-10,91.0,91.1500015258789,90.47000122070312,90.91000366210938,76.76432800292969,488000
2017-03-13,90.91000366210938,91.12000274658203,90.80000305175781,91.08999633789062,76.91632080078125,545300
2017-03-14,90.79000091552734,90.79000091552734,90.33000183105469,90.66000366210938,76.55322265625,1294300
2017-03-15,90.87999725341797,91.88999938964844,90.8499984741211,91.6500015258789,77.38919067382812,881300
2017-03-16,91.73999786376953,91.75,91.30000305175781,91.44000244140625,77.21183776855469,676300
2017-03-17,91.27999877929688,91.30999755859375,90.98999786376953,91.05999755859375,77.1864013671875,539000
2017-03-20,91.05999755859375,91.0999984741211,90.61000061035156,90.80000305175781,76.9660415649414,579300
2017-03-21,91.11000061035156,91.11000061035156,89.51000213623047,89.61000061035156,75.95732116699219,1444000
2017-03-22,89.58000183105469,89.9000015258789,89.26000213623047,89.7699966430664,76.09294128417969,873900
2017-03-23,89.75,90.37000274658203,89.63999938964844,89.80999755859375,76.12689208984375,787800
2017-03-24,89.95999908447266,90.22000122070312,89.45999908447266,89.80999755859375,76.12689208984375,682500
2017-03-27,89.0999984741211,89.79000091552734,88.87999725341797,89.6500015258789,75.99125671386719,780600
2017-03-28,89.62000274658203,90.55999755859375,89.5,90.38999938964844,76.61849212646484,764800
2017-03-29,90.31999969482422,90.75,90.19999694824219,90.69999694824219,76.88124084472656,459000
2017-03-30,90.66999816894531,91.01000213623047,90.56999969482422,90.87999725341797,77.03384399414062,512000
2017-03-31,90.81999969482422,91.08999633789062,90.72000122070312,90.81999969482422,76.98301696777344,591800
2017-04-03,90.9000015258789,90.93000030517578,89.91999816894531,90.45999908447266,76.67784118652344,2521200
2017-04-04,90.31999969482422,90.41999816894531,90.08999633789062,90.3499984741211,76.58458709716797,934000
2017-04-05,90.66999816894531,91.16999816894531,89.98999786376953,90.0999984741211,76.3726806640625,980600
2017-04-06,90.20999908447266,90.80000305175781,90.05999755859375,90.58000183105469,76.779541015625,682000
2017-04-07,90.56999969482422,90.80000305175781,90.30999755859375,90.5,76.71172332763672,400700
2017-04-10,90.58999633789062,91.02999877929688,90.43000030517578,90.70999908447266,76.8897476196289,489500
2017-04-11,90.55000305175781,90.73999786376953,90.0,90.73999786376953,76.91519165039062,617200
2017-04-12,90.62999725341797,90.6500015258789,90.06999969482422,90.18000030517578,76.44051361083984,544500
2017-04-13,90.04000091552734,90.29000091552734,89.54000091552734,89.55000305175781,75.9064712524414,605400
2017-04-17,89.81999969482422,90.30000305175781,89.63999938964844,90.27999877929688,76.52526092529297,802300
2017-04-18,89.95999908447266,90.25,89.66999816894531,90.0199966430664,76.30487060546875,607100
2017-04-19,90.33000183105469,90.55000305175781,89.93000030517578,90.05000305175781,76.330322265625,656700
2017-04-20,90.30999755859375,90.98999786376953,90.18000030517578,90.79000091552734,76.95755767822266,582100
2017-04-21,90.73999786376953,90.77999877929688,90.30999755859375,90.5,76.71172332763672,824200
2017-04-24,91.47000122070312,91.5999984741211,91.16000366210938,91.38999938964844,77.46614074707031,698500
2017-04-25,91.62999725341797,92.0,91.54000091552734,91.87000274658203,77.87300872802734,649900
2017-04-26,91.88999938964844,92.33999633789062,91.66999816894531,91.88999938964844,77.88995361328125,710200
2017-04-27,91.97000122070312,92.04000091552734,91.55999755859375,91.8499984741211,77.85606384277344,662000
2017-04-28,91.87999725341797,91.91000366210938,91.33999633789062,91.41999816894531,77.49156188964844,632900
2017-05-01,91.62999725341797,91.62999725341797,91.23999786376953,91.37999725341797,77.45767974853516,862000
2017-05-02,91.48999786376953,91.56999969482422,91.26000213623047,91.45999908447266,77.52546691894531,512600
2017-05-03,91.27999877929688,91.37999725341797,90.91000366210938,91.16999816894531,77.27964782714844,621900
2017-05-04,91.2699966430664,91.33999633789062,90.83000183105469,91.25,77.34748077392578,560800
2017-05-05,91.45999908447266,91.8499984741211,91.3499984741211,91.8499984741211,77.85606384277344,453500
2017-05-08,91.87999725341797,91.93000030517578,91.4800033569336,91.63999938964844,77.67804718017578,541000
2017-05-09,91.7300033569336,91.80000305175781,91.44999694824219,91.58000183105469,77.62718963623047,590800
2017-05-10,91.62000274658203,91.94999694824219,91.41000366210938,91.93000030517578,77.92386627197266,744200
2017-05-11,91.69000244140625,91.70999908447266,91.0,91.55000305175781,77.60177612304688,590400
2017-05-12,91.41999816894531,91.48999786376953,91.05000305175781,91.13999938964844,77.2542495727539,355700
2017-05-15,91.36000061035156,91.87000274658203,91.36000061035156,91.69000244140625,77.72042083740234,337700
2017-05-16,91.83000183105469,91.8499984741211,91.30000305175781,91.44999694824219,77.51699829101562,542500
2017-05-17,90.7699966430664,90.94999694824219,89.9800033569336,90.04000091552734,76.32181549072266,1293300
2017-05-18,89.91999816894531,90.61000061035156,89.75,90.23999786376953,76.4913558959961,949800
2017-05-19,90.4800033569336,91.2699966430664,90.2699966430664,90.97000122070312,77.11012268066406,721500
2017-05-22,91.1500015258789,91.52999877929688,91.01000213623047,91.44000244140625,77.50851440429688,418700
2017-05-23,91.62999725341797,91.66999816894531,91.3499984741211,91.45999908447266,77.52546691894531,399500
2017-05-24,91.54000091552734,91.69999694824219,91.44000244140625,91.66000366210938,77.69503021240234,318800
2017-05-25,91.88999938964844,92.20999908447266,91.81999969482422,92.02999877929688,78.00863647460938,557100
2017-05-26,91.9800033569336,92.04000091552734,91.9000015258789,92.01000213623047,77.99169158935547,592300
2017-05-30,91.87999725341797,91.98999786376953,91.68000030517578,91.83999633789062,77.84757995605469,495300
2017-05-31,91.95999908447266,91.97000122070312,91.45999908447266,91.93000030517578,77.92386627197266,527700
2017-06-01,92.12999725341797,92.9000015258789,91.94999694824219,92.87999725341797,78.7291259765625,739700
2017-06-02,92.94000244140625,93.12999725341797,92.72000122070312,93.01000213623047,78.83934783935547,517800
2017-06-05,92.93000030517578,93.0,92.73999786376953,92.80999755859375,78.66979217529297,369100
2017-06-06,92.5199966430664,92.69000244140625,92.33000183105469,92.44000244140625,78.356201171875,457300
2017-06-07,92.58000183105469,92.69999694824219,92.26000213623047,92.52999877929688,78.43247985839844,555400
2017-06-08,92.55000305175781,92.79000091552734,92.33999633789062,92.5999984741211,78.49178314208984,312900
2017-06-09,92.66999816894531,93.19999694824219,92.4800033569336,92.87999725341797,78.7291259765625,532100
2017-06-12,92.80000305175781,93.08999633789062,92.66999816894531,93.0,78.83085632324219,310200
2017-06-13,93.22000122070312,93.58999633789062,93.0999984741211,93.58999633789062,79.33094787597656,530800
2017-06-14,93.62999725341797,93.63999938964844,93.08000183105469,93.37999725341797,79.1529769897461,563500
2017-06-15,92.83000183105469,93.23999786376953,92.73999786376953,93.18000030517578,78.98342895507812,442300
2017-06-16,92.91999816894531,92.91999816894531,92.47000122070312,92.87999725341797,79.00128936767578,425300
2017-06-19,93.18000030517578,93.48999786376953,93.05000305175781,93.45999908447266,79.49461364746094,672100
2017-06-20,93.36000061035156,93.36000061035156,92.66000366210938,92.69999694824219,78.84817504882812,355100
2017-06-21,92.83000183105469,92.86000061035156,92.2300033569336,92.44000244140625,78.62706756591797,312300
2017-06-22,92.43000030517578,92.76000213623047,92.30000305175781,92.47000122070312,78.65254974365234,386300
2017-06-23,92.52999877929688,92.77999877929688,92.38999938964844,92.68000030517578,78.83116912841797,285800
2017-06-26,92.93000030517578,93.20999908447266,92.83000183105469,92.94999694824219,79.06083679199219,248700
2017-06-27,92.94999694824219,93.0999984741211,92.33000183105469,92.33000183105469,78.53348541259766,539600
2017-06-28,92.73999786376953,93.25,92.73999786376953,93.05000305175781,79.14588165283203,334500
2017-06-29,93.1500015258789,93.26000213623047,91.87000274658203,92.38999938964844,78.58450317382812,432000
2017-06-30,92.76000213623047,93.02999877929688,92.5,92.68000030517578,78.83116912841797,359600
2017-07-03,93.13999938964844,93.4000015258789,93.06999969482422,93.06999969482422,79.16288757324219,390600
2017-07-05,93.19999694824219,93.19999694824219,92.66000366210938,92.93000030517578,79.04383087158203,601100
2017-07-06,92.55999755859375,92.61000061035156,91.80999755859375,91.91000366210938,78.17623901367188,508200
2017-07-07,92.02999877929688,92.58000183105469,92.01000213623047,92.5,78.67807006835938,377000
2017-07-10,92.44000244140625,92.68000030517578,92.31999969482422,92.5199966430664,78.69507598876953,271400
2017-07-11,92.45999908447266,92.55999755859375,91.93000030517578,92.44000244140625,78.62706756591797,417500
2017-07-12,92.91999816894531,93.25,92.91999816894531,93.08000183105469,79.17140197753906,1126600
2017-07-13,93.18000030517578,93.38999938964844,93.05999755859375,93.3499984741211,79.40103149414062,594100
2017-07-14,93.44000244140625,93.93000030517578,93.30999755859375,93.76000213623047,79.7497787475586,391200
2017-07-17,93.7300033569336,94.04000091552734,93.68000030517578,93.87000274658203,79.8433609008789,358600
2017-07-18,93.75,93.75,93.43000030517578,93.66999816894531,79.67324829101562,411200
2017-07-19,93.87000274658203,94.33999633789062,93.7699966430664,94.33999633789062,80.24312591552734,538700
2017-07-20,94.45999908447266,94.45999908447266,94.12000274658203,94.29000091552734,80.20059204101562,311300
2017-07-21,94.12000274658203,94.33000183105469,94.04000091552734,94.30999755859375,80.21760559082031,272900
2017-07-24,94.26000213623047,94.41000366210938,94.08000183105469,94.23999786376953,80.15806579589844,383900
2017-07-25,94.54000091552734,94.80000305175781,94.38999938964844,94.61000061035156,80.4728012084961,261900
2017-07-26,94.66999816894531,94.66999816894531,94.33000183105469,94.41999816894531,80.3111801147461,367000
2017-07-27,94.43000030517578,94.45999908447266,93.77999877929688,94.31999969482422,80.22611999511719,552900
2017-07-28,94.13999938964844,94.26000213623047,94.01000213623047,94.19999694824219,80.12403869628906,371300
2017-07-31,94.41999816894531,94.45999908447266,94.01000213623047,94.16000366210938,80.09001159667969,494000
2017-08-01,94.41000366210938,94.43000030517578,93.97000122070312,94.26000213623047,80.17507934570312,398200
2017-08-02,94.12999725341797,94.12999725341797,93.61000061035156,93.95999908447266,79.91992950439453,449200
2017-08-03,93.87000274658203,93.95999908447266,93.62000274658203,93.72000122070312,79.71578216552734,616400
2017-08-04,93.91000366210938,93.94999694824219,93.68000030517578,93.86000061035156,79.8348388671875,487300
2017-08-07,93.87999725341797,94.0199966430664,93.80999755859375,93.95999908447266,79.91992950439453,388300
2017-08-08,93.88999938964844,94.37999725341797,93.55999755859375,93.7300033569336,79.72428131103516,477300
2017-08-09,93.44999694824219,93.62000274658203,93.27999877929688,93.5999984741211,79.61370849609375,579900
2017-08-10,93.2300033569336,93.30000305175781,92.2300033569336,92.26000213623047,78.47393035888672,670100
2017-08-11,92.12999725341797,92.58000183105469,92.12999725341797,92.27999877929688,78.49095916748047,928800
2017-08-14,92.75,93.33000183105469,92.75,93.1500015258789,79.23094177246094,423500
2017-08-15,93.2300033569336,93.2300033569336,92.83999633789062,92.9800033569336,79.08635711669922,311900
2017-08-16,93.19999694824219,93.41000366210938,93.08000183105469,93.22000122070312,79.29047393798828,322700
2017-08-17,92.9800033569336,93.1500015258789,91.79000091552734,91.79000091552734,78.07418060302734,662400
2017-08-18,91.68000030517578,92.0999984741211,91.4000015258789,91.58000183105469,77.8955307006836,1150600
2017-08-21,91.5999984741211,91.7699966430664,91.30999755859375,91.66000366210938,77.96361541748047,648700
2017-08-22,91.87999725341797,92.61000061035156,91.76000213623047,92.52999877929688,78.70361328125,658600
2017-08-23,92.19000244140625,92.44999694824219,92.1500015258789,92.26000213623047,78.47393035888672,355600
2017-08-24,92.44999694824219,92.62000274658203,92.11000061035156,92.13999938964844,78.37187194824219,390900
2017-08-25,92.44999694824219,92.70999908447266,92.37000274658203,92.45999908447266,78.6440658569336,379600
2017-08-28,92.63999938964844,92.6500015258789,92.1500015258789,92.3499984741211,78.55049896240234,625700
2017-08-29,91.7699966430664,92.37000274658203,91.7699966430664,92.26000213623047,78.47393035888672,473900
2017-08-30,92.19999694824219,92.80999755859375,92.11000061035156,92.69999694824219,78.84817504882812,301800
2017-08-31,92.91999816894531,93.3499984741211,92.91999816894531,93.22000122070312,79.29047393798828,285000
2017-09-01,93.44000244140625,93.7300033569336,93.38999938964844,93.5999984741211,79.61370849609375,355800
2017-09-05,93.37000274658203,93.55000305175781,92.5199966430664,92.95999908447266,79.0693359375,626400
2017-09-06,93.25,93.4000015258789,93.0999984741211,93.29000091552734,79.35003662109375,361200
2017-09-07,93.4000015258789,93.44999694824219,93.02999877929688,93.25,79.31598663330078,488100
2017-09-08,93.05000305175781,93.45999908447266,92.98999786376953,93.33000183105469,79.3840560913086,500400
2017-09-11,93.7699966430664,94.33000183105469,93.7699966430664,94.2699966430664,80.18358612060547,436700
2017-09-12,94.38999938964844,94.6500015258789,94.30000305175781,94.63999938964844,80.49829864501953,719700
2017-09-13,94.56999969482422,94.66999816894531,94.51000213623047,94.6500015258789,80.5068130493164,398100
2017-09-14,94.45999908447266,94.76000213623047,94.37999725341797,94.63999938964844,80.49829864501953,385000
2017-09-15,94.16000366210938,94.4000015258789,94.05000305175781,94.37000274658203,80.6178970336914,339100
2017-09-18,94.52999877929688,94.72000122070312,94.37000274658203,94.5199966430664,80.74604797363281,526700
2017-09-19,94.62000274658203,94.62000274658203,94.29000091552734,94.38999938964844,80.6349868774414,248300
2017-09-20,94.47000122070312,94.55999755859375,94.12999725341797,94.55000305175781,80.77168273925781,314600
2017-09-21,94.44999694824219,94.55999755859375,94.29000091552734,94.3499984741211,80.60082244873047,452000
2017-09-22,94.30000305175781,94.5999984741211,94.30000305175781,94.55000305175781,80.77168273925781,304700
2017-09-25,94.44999694824219,94.79000091552734,94.26000213623047,94.66000366210938,80.86563873291016,311500
2017-09-26,94.81999969482422,94.91999816894531,94.69000244140625,94.7699966430664,80.9596176147461,265700
2017-09-27,95.05999755859375,95.30000305175781,94.63999938964844,95.1500015258789,81.28424072265625,477300
2017-09-28,95.04000091552734,95.22000122070312,94.91000366210938,95.20999908447266,81.33547973632812,423000
2017-09-29,95.19000244140625,95.55000305175781,95.16999816894531,95.54000091552734,81.61740112304688,518700
2017-10-02,95.58999633789062,95.94999694824219,95.44000244140625,95.94999694824219,81.96765899658203,1314000
2017-10-03,96.02999877929688,96.16000366210938,95.81999969482422,96.11000061035156,82.10432434082031,420600
2017-10-04,96.12000274658203,96.41999816894531,96.01000213623047,96.30999755859375,82.27519989013672,362600
2017-10-05,96.44000244140625,96.77999877929688,96.37000274658203,96.69000244140625,82.59984588623047,441700
2017-10-06,96.5199966430664,96.58000183105469,96.31999969482422,96.48999786376953,82.42894744873047,442400
2017-10-09,96.55999755859375,96.55999755859375,96.05000305175781,96.1500015258789,82.13851165771484,509400
2017-10-10,96.41000366210938,96.62999725341797,96.2699966430664,96.38999938964844,82.3435287475586,525600
2017-10-11,96.33999633789062,96.43000030517578,96.23999786376953,96.41000366210938,82.36064910888672,283800
2017-10-12,96.2300033569336,96.5199966430664,96.1500015258789,96.44000244140625,82.38624572753906,2808600
2017-10-13,96.62000274658203,96.7699966430664,96.4800033569336,96.54000091552734,82.4716567993164,310000
2017-10-16,96.69000244140625,96.69999694824219,96.43000030517578,96.56999969482422,82.49729919433594,294200
2017-10-17,96.55000305175781,96.62999725341797,96.37000274658203,96.55999755859375,82.48876953125,305400
2017-10-18,96.62999725341797,96.75,96.54000091552734,96.63999938964844,82.5571060180664,302500
2017-10-19,96.23999786376953,96.76000213623047,96.08999633789062,96.76000213623047,82.65963745117188,266400
2017-10-20,97.12000274658203,97.41999816894531,96.94999694824219,97.41000366210938,83.21489715576172,273800
2017-10-23,97.55999755859375,97.61000061035156,97.02999877929688,97.08000183105469,82.9329833984375,346400
2017-10-24,97.13999938964844,97.30999755859375,97.06999969482422,97.18000030517578,83.01839447021484,382100
2017-10-25,96.91000366210938,97.25,95.98999786376953,96.52999877929688,82.463134765625,392100
2017-10-26,96.73999786376953,96.91000366210938,96.55000305175781,96.72000122070312,82.62543487548828,355700
2017-10-27,96.61000061035156,96.87000274658203,96.26000213623047,96.87000274658203,82.75360870361328,323200
2017-10-30,96.61000061035156,96.70999908447266,96.29000091552734,96.4000015258789,82.35208892822266,463500
2017-10-31,96.5,96.69999694824219,96.41000366210938,96.58000183105469,82.50585174560547,509700
2017-11-01,96.9000015258789,97.0999984741211,96.5199966430664,96.61000061035156,82.53146362304688,376200
2017-11-02,96.55000305175781,96.72000122070312,96.19999694824219,96.58999633789062,82.51439666748047,282300
2017-11-03,96.48999786376953,96.7699966430664,96.38999938964844,96.7300033569336,82.63397979736328,412000
2017-11-06,96.72000122070312,97.18000030517578,96.70999908447266,97.12999725341797,82.97570037841797,559800
2017-11-07,97.19000244140625,97.36000061035156,96.79000091552734,96.9800033569336,82.84756469726562,415600
2017-11-08,96.83999633789062,97.16999816894531,96.7300033569336,97.0999984741211,82.95008087158203,264100
2017-11-09,96.58000183105469,97.0,96.26000213623047,96.83999633789062,82.72796630859375,577900
2017-11-10,96.62000274658203,96.91999816894531,96.55999755859375,96.9000015258789,82.77920532226562,236500
2017-11-13,96.63999938964844,97.13999938964844,96.61000061035156,97.05000305175781,82.9073486328125,237000
2017-11-14,96.72000122070312,97.01000213623047,96.55999755859375,97.0,82.86463165283203,394400
2017-11-15,96.58000183105469,96.73999786376953,96.0999984741211,96.47000122070312,82.41187286376953,422100
2017-11-16,96.69000244140625,97.47000122070312,96.69000244140625,97.30000305175781,83.12092590332031,313900
2017-11-17,97.23999786376953,97.5999984741211,97.23999786376953,97.47000122070312,83.26616668701172,518900
2017-11-20,97.5199966430664,97.68000030517578,97.41999816894531,97.62000274658203,83.39429473876953,341900
2017-11-21,97.87000274658203,98.0199966430664,97.80999755859375,97.9800033569336,83.70185089111328,390900
2017-11-22,97.98999786376953,98.08999633789062,97.9000015258789,97.94000244140625,83.66767883300781,278300
2017-11-24,98.08000183105469,98.18000030517578,97.9800033569336,97.98999786376953,83.71036529541016,204200
2017-11-27,97.98999786376953,98.05999755859375,97.79000091552734,97.88999938964844,83.62494659423828,320900
2017-11-28,98.01000213623047,99.0199966430664,97.9800033569336,99.0199966430664,84.59027099609375,416500
2017-11-29,99.02999877929688,99.62000274658203,99.02999877929688,99.4800033569336,84.9832534790039,321300
2017-11-30,99.7300033569336,100.70999908447266,99.7300033569336,100.25,85.64100646972656,477800
2017-12-01,100.2699966430664,100.4800033569336,98.55999755859375,100.05000305175781,85.47018432617188,681200
2017-12-04,100.69999694824219,101.05999755859375,100.26000213623047,100.26000213623047,85.64959716796875,714100
2017-12-05,100.4000015258789,100.4000015258789,99.5999984741211,99.62000274658203,85.10285186767578,482300
2017-12-06,99.5,99.6500015258789,99.3499984741211,99.44000244140625,84.94905853271484,397400
2017-12-07,99.31999969482422,99.94000244140625,99.31999969482422,99.88999938964844,85.33348846435547,372700
2017-12-08,100.23999786376953,100.5199966430664,100.06999969482422,100.51000213623047,85.86314392089844,327100
2017-12-11,100.48999786376953,100.69999694824219,100.38999938964844,100.5999984741211,85.94001007080078,669700
2017-12-12,100.69999694824219,100.83999633789062,100.55999755859375,100.61000061035156,85.94860076904297,382600
2017-12-13,100.66999816894531,100.87999725341797,100.48999786376953,100.5199966430664,85.87167358398438,472400
2017-12-14,100.55000305175781,100.68000030517578,99.91000366210938,99.91000366210938,85.35057830810547,411300
2017-12-15,99.91000366210938,100.61000061035156,99.75,100.33999633789062,86.11266326904297,401100
2017-12-18,100.93000030517578,101.19999694824219,100.58999633789062,101.0999984741211,86.764892578125,501900
2017-12-19,101.26000213623047,101.27999877929688,100.75,100.76000213623047,86.4731216430664,501200
2017-12-20,101.1500015258789,101.1500015258789,100.62999725341797,100.7699966430664,86.4817123413086,640900
2017-12-21,100.94999694824219,101.19999694824219,100.80999755859375,100.97000122070312,86.65335083007812,427200
2017-12-22,101.02999877929688,101.16999816894531,100.81999969482422,101.06999969482422,86.73918151855469,302000
2017-12-26,101.01000213623047,101.33999633789062,101.01000213623047,101.19000244140625,86.84215545654297,259600
2017-12-27,101.30000305175781,101.36000061035156,101.08999633789062,101.19000244140625,86.84215545654297,645000
2017-12-28,101.33000183105469,101.55000305175781,101.08999633789062,101.44000244140625,87.05671691894531,418300
2017-12-29,101.80999755859375,101.80999755859375,100.9800033569336,101.02999877929688,86.7048110961914,567100
2018-01-02,101.33999633789062,101.80000305175781,101.2300033569336,101.77999877929688,87.34849548339844,1132600
2018-01-03,101.94999694824219,102.37999725341797,101.69999694824219,102.30000305175781,87.79476165771484,553300
2018-01-04,102.58000183105469,102.76000213623047,102.47000122070312,102.6500015258789,88.0951156616211,577300
2018-01-05,102.91999816894531,103.19999694824219,102.69999694824219,103.13999938964844,88.51566314697266,727800
2018-01-08,103.13999938964844,103.54000091552734,103.04000091552734,103.4800033569336,88.80744171142578,558300
2018-01-09,103.62000274658203,103.86000061035156,103.37000274658203,103.52999877929688,88.85035705566406,835100
2018-01-10,103.18000030517578,103.38999938964844,102.87999725341797,103.22000122070312,88.58428955078125,593900
2018-01-11,103.4800033569336,104.22000122070312,103.43000030517578,104.20999908447266,89.43394470214844,361900
2018-01-12,104.43000030517578,104.93000030517578,104.2300033569336,104.87999725341797,90.00895690917969,475600
2018-01-16,105.27999877929688,105.43000030517578,103.91999816894531,104.16999816894531,89.39960479736328,794000
2018-01-17,104.58000183105469,105.27999877929688,104.31999969482422,105.04000091552734,90.1462631225586,403900
2018-01-18,104.95999908447266,105.08999633789062,104.56999969482422,104.75,89.89736938476562,522900
2018-01-19,105.01000213623047,105.44000244140625,104.86000061035156,105.44000244140625,90.48953247070312,500000
2018-01-22,105.4000015258789,106.19000244140625,105.3499984741211,106.19000244140625,91.1331787109375,422500
2018-01-23,106.19000244140625,106.5999984741211,106.04000091552734,106.4800033569336,91.382080078125,587900
2018-01-24,106.72000122070312,107.02999877929688,106.06999969482422,106.52999877929688,91.42498779296875,613000
2018-01-25,106.87999725341797,106.87999725341797,106.12000274658203,106.44000244140625,91.34774017333984,482500
2018-01-26,106.70999908447266,107.44000244140625,106.58000183105469,107.43000030517578,92.19738006591797,400400
2018-01-29,107.26000213623047,107.41000366210938,106.62000274658203,106.66000366210938,91.53654479980469,610900
2018-01-30,105.9000015258789,106.19999694824219,105.37000274658203,105.4800033569336,90.52386474609375,1048500
2018-01-31,105.79000091552734,106.02999877929688,104.9800033569336,105.45999908447266,90.5067138671875,548400
2018-02-01,105.12000274658203,105.68000030517578,104.91000366210938,105.20999908447266,90.29216003417969,798900
2018-02-02,104.62000274658203,104.73999786376953,103.02999877929688,103.05000305175781,88.43840789794922,1473400
2018-02-05,102.5,103.18000030517578,99.1500015258789,99.2300033569336,85.1600570678711,1753800
2018-02-06,97.55000305175781,100.87999725341797,96.77999877929688,100.58999633789062,86.32725524902344,1568400
2018-02-07,100.41000366210938,101.91000366210938,100.0999984741211,100.31999969482422,86.09549713134766,2255100
2018-02-08,100.33000183105469,100.33999633789062,96.79000091552734,96.79000091552734,83.0660400390625,1403400
2018-02-09,97.80000305175781,98.79000091552734,94.97000122070312,98.12000274658203,84.20745849609375,3589600
2018-02-12,98.68000030517578,99.94000244140625,98.08000183105469,99.33000183105469,85.24591064453125,1640700
2018-02-13,98.87999725341797,99.77999877929688,98.72000122070312,99.56999969482422,85.45183563232422,720800
2018-02-14,99.0,101.19999694824219,99.0,101.08000183105469,86.74773406982422,1157000
2018-02-15,101.68000030517578,102.12999725341797,100.70999908447266,102.12999725341797,87.64886474609375,946800
2018-02-16,101.86000061035156,102.88999938964844,101.8499984741211,102.18000030517578,87.6917724609375,814400
2018-02-20,101.77999877929688,102.3499984741211,101.20999908447266,101.52999877929688,87.13394165039062,636700
2018-02-21,101.56999969482422,102.63999938964844,100.91999816894531,100.91999816894531,86.61043548583984,700500
2018-02-22,101.2300033569336,102.02999877929688,100.73999786376953,100.97000122070312,86.65335083007812,584800
2018-02-23,101.5,102.5199966430664,101.27999877929688,102.51000213623047,87.9749755859375,584700
2018-02-26,102.81999969482422,103.33999633789062,102.36000061035156,103.27999877929688,88.63577270507812,889500
2018-02-27,103.33999633789062,103.72000122070312,101.93000030517578,101.94000244140625,87.48582458496094,671600
2018-02-28,102.30000305175781,102.52999877929688,100.83000183105469,100.83000183105469,86.53318786621094,547200
2018-03-01,100.81999969482422,101.44000244140625,99.12999725341797,99.75,85.6063232421875,984800
2018-03-02,99.18000030517578,100.58999633789062,98.81999969482422,100.41000366210938,86.17274475097656,923500
2018-03-05,99.95999908447266,101.8499984741211,99.88999938964844,101.62000274658203,87.21118927001953,614900
2018-03-06,101.91000366210938,102.13999938964844,101.33000183105469,102.06999969482422,87.59738159179688,556600
2018-03-07,101.26000213623047,102.12000274658203,101.18000030517578,101.9800033569336,87.52013397216797,507800
2018-03-08,102.27999877929688,102.4000015258789,101.7300033569336,102.33000183105469,87.82051849365234,515200
2018-03-09,102.87000274658203,103.94999694824219,102.69000244140625,103.91999816894531,89.18506622314453,492600
2018-03-12,104.01000213623047,104.20999908447266,103.5999984741211,103.77999877929688,89.06491088867188,316800
2018-03-13,104.22000122070312,104.41000366210938,103.12000274658203,103.33999633789062,88.68729400634766,596000
2018-03-14,103.69999694824219,103.77999877929688,102.52999877929688,102.72000122070312,88.15520477294922,904100
2018-03-15,102.91999816894531,103.0,102.2300033569336,102.44999694824219,87.9234619140625,420600
2018-03-16,102.1500015258789,102.75,102.1500015258789,102.44000244140625,88.28458404541016,305500
2018-03-19,102.16000366210938,102.44000244140625,100.6500015258789,101.29000091552734,87.29349517822266,947300
2018-03-20,101.58000183105469,101.70999908447266,101.16999816894531,101.4000015258789,87.38832092285156,515500
2018-03-21,101.33999633789062,102.22000122070312,101.30000305175781,101.43000030517578,87.41413116455078,494900
2018-03-22,100.69000244140625,101.05999755859375,99.12000274658203,99.18000030517578,85.47506713867188,847000
2018-03-23,99.37999725341797,99.58999633789062,97.19999694824219,97.29000091552734,83.84622955322266,888000
2018-03-26,98.5,99.62000274658203,97.79000091552734,99.52999877929688,85.77669525146484,638400
2018-03-27,99.88999938964844,100.16000366210938,97.8499984741211,98.3499984741211,84.7597427368164,1451700
2018-03-28,98.48999786376953,99.01000213623047,97.97000122070312,98.2300033569336,84.6563491821289,865000
2018-03-29,98.69999694824219,100.01000213623047,98.61000061035156,99.4800033569336,85.73360443115234,1132300
2018-04-02,99.27999877929688,99.43000030517578,96.37000274658203,97.30000305175781,83.85485076904297,1341100
2018-04-03,97.69000244140625,98.63999938964844,97.19999694824219,98.47000122070312,84.8631820678711,905700
2018-04-04,97.26000213623047,99.7699966430664,97.19999694824219,99.62000274658203,85.8542709350586,1166600
2018-04-05,100.11000061035156,100.56999969482422,99.72000122070312,100.26000213623047,86.40581512451172,454400
2018-04-06,99.43000030517578,100.0,97.41999816894531,98.13999938964844,84.5787582397461,737000
2018-04-09,98.72000122070312,99.69999694824219,98.2699966430664,98.33999633789062,84.75113677978516,279600
2018-04-10,99.45999908447266,100.08999633789062,99.1500015258789,99.73999786376953,85.95769500732422,606100
2018-04-11,98.9800033569336,99.97000122070312,98.9800033569336,99.38999938964844,85.65605163574219,509100
2018-04-12,99.83000183105469,100.22000122070312,99.62000274658203,99.86000061035156,86.06111145019531,489300
2018-04-13,100.36000061035156,100.5199966430664,99.27999877929688,99.6500015258789,85.88009643554688,539900
2018-04-16,100.19999694824219,100.91999816894531,100.0,100.61000061035156,86.70746612548828,720100
2018-04-17,101.19999694824219,101.68000030517578,100.98999786376953,101.43000030517578,87.41413116455078,677600
2018-04-18,101.73999786376953,102.16999816894531,101.58000183105469,101.69999694824219,87.6468505859375,342600
2018-04-19,101.55999755859375,101.55999755859375,100.55999755859375,100.98999786376953,87.03495788574219,386000
2018-04-20,101.0,101.11000061035156,99.93000030517578,100.27999877929688,86.42305755615234,338500
2018-04-23,100.36000061035156,100.83999633789062,100.0,100.41000366210938,86.53511047363281,274000
2018-04-24,100.8499984741211,100.9800033569336,98.81999969482422,99.44999694824219,85.70777130126953,482400
2018-04-25,99.37000274658203,99.91000366210938,98.76000213623047,99.7300033569336,85.94906616210938,370300
2018-04-26,99.97000122070312,100.75,99.72000122070312,100.5,86.61267852783203,278900
2018-04-27,100.5,100.93000030517578,100.31999969482422,100.7699966430664,86.8453598022461,196300
2018-04-30,100.86000061035156,101.1500015258789,99.8499984741211,99.8499984741211,86.05245971679688,606200
2018-05-01,99.66000366210938,99.9000015258789,98.91999816894531,99.88999938964844,86.08696746826172,602800
2018-05-02,99.62000274658203,99.94999694824219,98.93000030517578,99.05999755859375,85.37163543701172,260400
2018-05-03,98.80999755859375,98.97000122070312,97.52999877929688,98.7300033569336,85.0872573852539,606300
2018-05-04,98.29000091552734,100.18000030517578,98.22000122070312,99.83000183105469,86.03523254394531,482500
2018-05-07,100.08000183105469,100.37999725341797,99.76000213623047,100.0,86.18175506591797,353300
2018-05-08,99.83000183105469,100.11000061035156,99.38999938964844,99.93000030517578,86.1214370727539,322000
2018-05-09,100.20999908447266,100.91999816894531,100.06999969482422,100.73999786376953,86.81949615478516,311800
2018-05-10,101.0999984741211,101.75,100.93000030517578,101.62000274658203,87.57792663574219,432100
2018-05-11,101.56999969482422,101.9800033569336,101.44000244140625,101.72000122070312,87.66407012939453,218500
2018-05-14,101.9800033569336,102.16999816894531,101.5199966430664,101.76000213623047,87.69857788085938,429200
2018-05-15,101.29000091552734,101.37000274658203,100.91999816894531,101.25,87.259033203125,485500
2018-05-16,101.37999725341797,102.0,101.37999725341797,101.80999755859375,87.74164581298828,361200
2018-05-17,101.80999755859375,102.23999786376953,101.54000091552734,101.94000244140625,87.85369873046875,489500
2018-05-18,101.75,101.88999938964844,101.52999877929688,101.7300033569336,87.67272186279297,336600
2018-05-21,102.26000213623047,102.56999969482422,102.18000030517578,102.38999938964844,88.24150085449219,260300
2018-05-22,102.56999969482422,102.75,101.91000366210938,102.0,87.90540313720703,383800
2018-05-23,101.66999816894531,102.19000244140625,101.52999877929688,102.19000244140625,88.06913757324219,375700
2018-05-24,102.0199966430664,102.22000122070312,101.48999786376953,102.16999816894531,88.0519027709961,554400
2018-05-25,101.93000030517578,102.13999938964844,101.7300033569336,101.94999694824219,87.8623046875,301100
2018-05-29,101.38999938964844,101.52999877929688,100.43000030517578,100.87000274658203,86.9315414428711,812200
2018-05-30,101.3499984741211,102.44000244140625,101.33999633789062,102.20999908447266,88.08638000488281,510400
2018-05-31,102.08000183105469,102.08000183105469,101.05000305175781,101.30000305175781,87.30213165283203,714300
2018-06-01,101.80999755859375,102.29000091552734,101.76000213623047,102.16000366210938,88.04329681396484,566400
2018-06-04,102.5,102.66999816894531,102.19000244140625,102.51000213623047,88.34490966796875,399600
2018-06-05,102.55000305175781,102.80000305175781,102.33000183105469,102.69999694824219,88.50865936279297,451100
2018-06-06,102.86000061035156,103.4800033569336,102.62000274658203,103.4800033569336,89.18090057373047,544000
2018-06-07,103.58000183105469,103.91000366210938,103.19999694824219,103.52999877929688,89.22398376464844,400700
2018-06-08,103.37000274658203,104.0199966430664,103.33000183105469,104.0199966430664,89.6462631225586,324800
2018-06-11,104.08000183105469,104.4800033569336,104.08000183105469,104.23999786376953,89.83587646484375,385500
2018-06-12,104.43000030517578,104.6500015258789,104.20999908447266,104.54000091552734,90.09442901611328,422200
2018-06-13,104.62000274658203,104.63999938964844,103.9800033569336,104.0199966430664,89.6462631225586,432900
2018-06-14,104.25,104.55000305175781,104.06999969482422,104.29000091552734,89.87896728515625,473600
2018-06-15,103.58999633789062,103.91000366210938,103.16999816894531,103.88999938964844,89.88066101074219,482600
2018-06-18,103.31999969482422,103.75,103.18000030517578,103.69999694824219,89.71630096435547,395700
2018-06-19,102.80999755859375,103.3499984741211,102.44999694824219,103.27999877929688,89.35293579101562,446200
2018-06-20,103.56999969482422,103.72000122070312,103.29000091552734,103.56999969482422,89.60385131835938,443100
2018-06-21,103.55999755859375,103.56999969482422,102.77999877929688,102.97000122070312,89.08475494384766,292000
2018-06-22,103.5,103.5999984741211,103.16000366210938,103.23999786376953,89.31834411621094,589800
2018-06-25,102.86000061035156,102.91999816894531,101.55000305175781,102.11000061035156,88.34071350097656,865800
2018-06-26,102.26000213623047,102.51000213623047,101.94000244140625,102.20999908447266,88.4272232055664,497200
2018-06-27,102.33999633789062,102.88999938964844,101.30000305175781,101.30000305175781,87.63996124267578,597500
2018-06-28,101.19999694824219,101.97000122070312,100.8499984741211,101.70999908447266,87.99465942382812,535900
2018-06-29,102.04000091552734,102.62999725341797,101.83000183105469,101.88999938964844,88.1503677368164,740900
2018-07-02,101.30999755859375,101.88999938964844,100.98999786376953,101.8499984741211,88.11578369140625,889800
2018-07-03,102.20999908447266,102.41999816894531,101.62000274658203,101.80000305175781,88.07251739501953,310700
2018-07-05,102.18000030517578,102.56999969482422,101.76000213623047,102.55999755859375,88.73003387451172,476500
2018-07-06,102.56999969482422,103.5199966430664,102.45999908447266,103.33999633789062,89.40485382080078,584300
2018-07-09,103.73999786376953,104.18000030517578,103.73999786376953,104.12999725341797,90.08831787109375,421000
2018-07-10,104.31999969482422,104.45999908447266,104.08000183105469,104.4000015258789,90.32190704345703,557900
2018-07-11,103.88999938964844,104.01000213623047,103.44000244140625,103.58000183105469,89.61247253417969,317900
2018-07-12,104.04000091552734,104.25,103.66000366210938,104.16000366210938,90.1142807006836,665200
2018-07-13,104.13999938964844,104.44999694824219,104.0999984741211,104.26000213623047,90.20079803466797,384300
2018-07-16,104.25,104.33000183105469,103.7699966430664,103.94999694824219,89.93258666992188,572200
2018-07-17,103.73999786376953,104.43000030517578,103.73999786376953,104.27999877929688,90.21807098388672,322500
2018-07-18,104.27999877929688,104.55999755859375,104.13999938964844,104.5199966430664,90.42570495605469,280700
2018-07-19,104.25,104.73999786376953,103.9800033569336,104.5,90.40843963623047,483500
2018-07-20,104.25,104.38999938964844,104.08000183105469,104.16000366210938,90.1142807006836,208300
2018-07-23,104.0999984741211,104.27999877929688,103.87000274658203,104.16999816894531,90.1229248046875,206300
2018-07-24,104.45999908447266,104.5999984741211,103.83999633789062,104.12000274658203,90.07968139648438,1505300
2018-07-25,104.05000305175781,105.08000183105469,104.02999877929688,105.04000091552734,90.87560272216797,447600
2018-07-26,105.05999755859375,105.61000061035156,104.95999908447266,105.41000366210938,91.19573974609375,377000
2018-07-27,105.55000305175781,105.5999984741211,104.4800033569336,104.79000091552734,90.65933227539062,301300
2018-07-30,104.7300033569336,105.06999969482422,104.26000213623047,104.33999633789062,90.27000427246094,303800
2018-07-31,104.69999694824219,105.22000122070312,104.6500015258789,105.05000305175781,90.8842544555664,1085700
2018-08-01,104.94000244140625,104.94000244140625,104.16999816894531,104.37000274658203,90.29596710205078,405400
2018-08-02,103.8499984741211,104.87000274658203,103.69000244140625,104.79000091552734,90.65933227539062,383300
2018-08-03,104.88999938964844,105.33999633789062,104.80999755859375,105.31999969482422,91.11783599853516,309500
2018-08-06,105.27999877929688,105.72000122070312,105.16000366210938,105.56999969482422,91.3341293334961,398200
2018-08-07,105.73999786376953,105.93000030517578,105.61000061035156,105.77999877929688,91.51583862304688,451700
2018-08-08,105.7300033569336,105.7300033569336,105.41999816894531,105.58999633789062,91.3514633178711,277200
2018-08-09,105.66000366210938,105.86000061035156,105.41999816894531,105.47000122070312,91.24761962890625,291600
2018-08-10,104.95999908447266,105.12000274658203,104.55000305175781,104.76000213623047,90.63334655761719,319400
2018-08-13,104.87000274658203,104.94000244140625,104.05999755859375,104.22000122070312,90.16618347167969,1100300
2018-08-14,104.54000091552734,105.23999786376953,104.54000091552734,105.0999984741211,90.92752075195312,286800
2018-08-15,104.5999984741211,104.5999984741211,103.80999755859375,104.4000015258789,90.32190704345703,396700
2018-08-16,104.81999969482422,105.5199966430664,104.81999969482422,105.2300033569336,91.0400161743164,366600
2018-08-17,105.08999633789062,105.95999908447266,105.08999633789062,105.79000091552734,91.52448272705078,275600
2018-08-20,105.97000122070312,106.37000274658203,105.95999908447266,106.29000091552734,91.95703887939453,399900
2018-08-21,106.41000366210938,106.80999755859375,106.38999938964844,106.55999755859375,92.1906509399414,345100
2018-08-22,106.45999908447266,106.54000091552734,106.22000122070312,106.33000183105469,91.99166870117188,331600
2018-08-23,106.2300033569336,106.41000366210938,105.95999908447266,106.06999969482422,91.76671600341797,273600
2018-08-24,106.26000213623047,106.69000244140625,106.19000244140625,106.63999938964844,92.25984191894531,206500
2018-08-27,107.02999877929688,107.4000015258789,107.02999877929688,107.23999786376953,92.7789535522461,1752900
2018-08-28,107.43000030517578,107.54000091552734,107.05999755859375,107.33999633789062,92.86544036865234,1666600
2018-08-29,107.41000366210938,107.88999938964844,107.2300033569336,107.76000213623047,93.22884368896484,767900
2018-08-30,107.52999877929688,107.56999969482422,106.87000274658203,107.06999969482422,92.63187408447266,399400
2018-08-31,106.9000015258789,107.25,106.73999786376953,107.11000061035156,92.66647338867188,376300
2018-09-04,107.0,107.19000244140625,106.61000061035156,107.01000213623047,92.5799789428711,718200
2018-09-05,106.86000061035156,107.18000030517578,106.48999786376953,107.05999755859375,92.62321472167969,430400
2018-09-06,107.0999984741211,107.3499984741211,106.58999633789062,106.86000061035156,92.4501953125,579300
2018-09-07,106.48999786376953,106.87999725341797,106.2699966430664,106.4800033569336,92.12142181396484,474600
2018-09-10,106.87000274658203,107.18000030517578,106.80999755859375,106.87999725341797,92.46747589111328,443900
2018-09-11,106.62999725341797,107.19999694824219,106.45999908447266,106.95999908447266,92.53670501708984,1394500
2018-09-12,106.93000030517578,107.2699966430664,106.7300033569336,107.1500015258789,92.70108795166016,2770000
2018-09-13,107.45999908447266,107.72000122070312,107.33999633789062,107.5999984741211,93.09040069580078,1526600
2018-09-14,107.63999938964844,107.83999633789062,107.44000244140625,107.73999786376953,93.2115249633789,423300
2018-09-17,107.80000305175781,107.83999633789062,107.29000091552734,107.37999725341797,92.90005493164062,372400
2018-09-18,107.44999694824219,108.02999877929688,107.33999633789062,107.87999725341797,93.3326416015625,478300
2018-09-19,107.91000366210938,108.22000122070312,107.77999877929688,107.83000183105469,93.28939056396484,514800
2018-09-20,108.18000030517578,108.61000061035156,108.16000366210938,108.51000213623047,93.87770080566406,439600
2018-09-21,108.76000213623047,108.88999938964844,108.54000091552734,108.58000183105469,93.93826293945312,397900
2018-09-24,107.93000030517578,107.9800033569336,107.18000030517578,107.33000183105469,93.27430725097656,380000
2018-09-25,107.52999877929688,107.5999984741211,106.95999908447266,107.04000091552734,93.02226257324219,432200
2018-09-26,107.06999969482422,107.48999786376953,106.51000213623047,106.62999725341797,92.66594696044922,920100
2018-09-27,106.69999694824219,107.12999725341797,106.5199966430664,106.63999938964844,92.67464447021484,598000
2018-09-28,106.48999786376953,106.98999786376953,106.45999908447266,106.80999755859375,92.82239532470703,444400
2018-10-01,107.2300033569336,107.37000274658203,106.61000061035156,106.80999755859375,92.82239532470703,1042700
2018-10-02,106.75,107.02999877929688,106.48999786376953,106.66000366210938,92.69205474853516,522600
2018-10-03,107.01000213623047,107.12999725341797,106.5199966430664,106.66999816894531,92.70074462890625,637000
2018-10-04,106.47000122070312,106.5,105.38999938964844,105.93000030517578,92.05762481689453,964300
2018-10-05,105.91999816894531,106.27999877929688,104.91000366210938,105.41000366210938,91.60575866699219,1082000
2018-10-08,105.19000244140625,105.68000030517578,104.86000061035156,105.54000091552734,91.7187271118164,486200
2018-10-09,105.37999725341797,105.62999725341797,105.0,105.04000091552734,91.28418731689453,607900
2018-10-10,104.81999969482422,105.18000030517578,101.95999908447266,102.02999877929688,88.66839599609375,1317400
2018-10-11,101.7300033569336,102.19999694824219,99.33999633789062,99.7699966430664,86.70433044433594,2233600
2018-10-12,101.12000274658203,101.19000244140625,99.5,100.63999938964844,87.46038818359375,1857900
2018-10-15,100.5,101.44000244140625,100.47000122070312,100.5999984741211,87.42566680908203,1018500
2018-10-16,101.16999816894531,102.75,100.93000030517578,102.62000274658203,89.18111419677734,906000
2018-10-17,102.55000305175781,102.69000244140625,101.45999908447266,102.41000366210938,88.99861907958984,801500
2018-10-18,102.02999877929688,102.4000015258789,100.58999633789062,101.0999984741211,87.86016082763672,895600
2018-10-19,101.19000244140625,101.94999694824219,100.58999633789062,100.80000305175781,87.59947204589844,713800
2018-10-22,100.98999786376953,101.1500015258789,100.05999755859375,100.12999725341797,87.0171890258789,603000
2018-10-23,98.76000213623047,100.01000213623047,97.80999755859375,99.48999786376953,86.46100616455078,1527900
2018-10-24,99.43000030517578,99.76000213623047,96.72000122070312,96.8499984741211,84.16671752929688,1818100
2018-10-25,97.3499984741211,98.76000213623047,97.01000213623047,98.12000274658203,85.27043151855469,3390500
2018-10-26,96.93000030517578,97.75,95.5,96.58999633789062,83.94078063964844,2564400
2018-10-29,97.86000061035156,98.54000091552734,95.4000015258789,96.62999725341797,83.97553253173828,2543200
2018-10-30,96.76000213623047,98.5999984741211,96.7300033569336,98.5,85.60063934326172,2558500
2018-10-31,99.36000061035156,100.06999969482422,99.04000091552734,99.06999969482422,86.09600067138672,3480300
2018-11-01,99.31999969482422,100.62999725341797,99.19999694824219,100.51000213623047,87.3474349975586,4104000
2018-11-02,101.19999694824219,101.30999755859375,99.33999633789062,100.1500015258789,87.03459930419922,2029000
2018-11-05,100.36000061035156,101.11000061035156,100.08000183105469,100.9000015258789,87.68633270263672,834100
2018-11-06,100.88999938964844,101.62999725341797,100.88999938964844,101.5999984741211,88.29469299316406,624900
2018-11-07,102.31999969482422,103.23999786376953,101.8499984741211,103.16000366210938,89.650390625,941200
2018-11-08,102.91999816894531,103.36000061035156,102.66999816894531,103.08000183105469,89.58087158203125,634700
2018-11-09,102.58000183105469,102.6500015258789,101.52999877929688,102.16999816894531,88.7900619506836,519700
2018-11-12,101.98999786376953,102.0,100.45999908447266,100.61000061035156,87.43433380126953,746400
2018-11-13,100.9000015258789,101.6500015258789,100.25,100.56999969482422,87.3995590209961,830900
2018-11-14,101.13999938964844,101.4800033569336,99.33000183105469,99.93000030517578,86.8433837890625,935200
2018-11-15,99.38999938964844,100.95999908447266,98.77999877929688,100.77999877929688,87.58206939697266,1253800
2018-11-16,100.44999694824219,101.44999694824219,100.3499984741211,101.0999984741211,87.86016082763672,856300
2018-11-19,100.94999694824219,101.18000030517578,99.41000366210938,99.77999877929688,86.71302795410156,947600
2018-11-20,98.68000030517578,99.02999877929688,97.76000213623047,98.02999877929688,85.19218444824219,1285000
2018-11-21,98.47000122070312,99.33999633789062,98.44000244140625,98.63999938964844,85.72233581542969,683300
2018-11-23,98.0,98.83000183105469,97.9800033569336,98.3499984741211,85.47032165527344,151200
2018-11-26,99.2300033569336,99.69999694824219,98.97000122070312,99.68000030517578,86.62610626220703,610000
2018-11-27,99.30999755859375,99.76000213623047,99.13999938964844,99.7300033569336,86.6695785522461,596000
2018-11-28,100.05999755859375,101.55000305175781,99.5,101.55000305175781,88.25123596191406,818200
2018-11-29,101.26000213623047,101.81999969482422,100.73999786376953,101.25,87.99051666259766,528700
2018-11-30,101.19000244140625,101.87999725341797,101.02999877929688,101.66000366210938,88.34683227539062,689600
2018-12-03,103.04000091552734,103.33999633789062,102.11000061035156,102.88999938964844,89.4157485961914,1289600
2018-12-04,102.7300033569336,102.87999725341797,99.5999984741211,99.80000305175781,86.73041534423828,1194500
2018-12-06,98.41000366210938,99.5,96.87000274658203,99.5,86.46971130371094,2091100
2018-12-07,99.36000061035156,99.9800033569336,96.97000122070312,97.33999633789062,84.59255981445312,1373100
2018-12-10,97.33999633789062,97.52999877929688,95.37999725341797,97.16000366210938,84.43614196777344,1665000
2018-12-11,98.31999969482422,98.6500015258789,96.61000061035156,97.08999633789062,84.37530517578125,711900
2018-12-12,98.29000091552734,98.72000122070312,97.55999755859375,97.58000183105469,84.80113983154297,670500
2018-12-13,97.83999633789062,98.06999969482422,96.80000305175781,97.12000274658203,84.4013900756836,655600
2018-12-14,96.25,96.87999725341797,95.48999786376953,95.73999786376953,83.20209503173828,982700
2018-12-17,95.41999816894531,95.7300033569336,93.16000366210938,93.66999816894531,81.4031753540039,1721100
2018-12-18,94.29000091552734,94.7699966430664,92.97000122070312,93.54000091552734,81.29021453857422,2954100
2018-12-19,93.54000091552734,95.0199966430664,91.58000183105469,92.06999969482422,80.0127182006836,2041300
2018-12-20,91.68000030517578,92.26000213623047,89.66999816894531,90.62000274658203,78.75261688232422,2758600
2018-12-21,90.88999938964844,92.12999725341797,88.81999969482422,89.01000213623047,77.35344696044922,2648200
2018-12-24,87.95999908447266,88.16000366210938,86.16000366210938,86.19000244140625,75.35311126708984,1472700
2018-12-26,86.61000061035156,90.08999633789062,85.76000213623047,90.08999633789062,78.76275634765625,2744400
2018-12-27,88.91000366210938,90.9000015258789,87.66000366210938,90.9000015258789,79.47093200683594,2794700
2018-12-28,91.18000030517578,91.87000274658203,90.20999908447266,90.66999816894531,79.26984405517578,2436600
2018-12-31,91.19000244140625,91.43000030517578,90.36000061035156,91.4000015258789,79.9080581665039,3096200
2019-01-02,90.05999755859375,91.79000091552734,89.9000015258789,91.44999694824219,79.9517593383789,1783300
2019-01-03,90.98999786376953,91.11000061035156,89.47000122070312,89.68000030517578,78.40432739257812,1738900
2019-01-04,90.76000213623047,92.91999816894531,90.72000122070312,92.66000366210938,81.00960540771484,1308100
2019-01-07,92.77999877929688,94.33999633789062,92.44000244140625,93.62999725341797,81.85767364501953,1055100
2019-01-08,94.45999908447266,94.69000244140625,93.55999755859375,94.63999938964844,82.7406997680664,1195800
2019-01-09,94.97000122070312,95.66000366210938,94.62000274658203,95.30999755859375,83.32642364501953,1142400
2019-01-10,94.72000122070312,95.91999816894531,94.4800033569336,95.88999938964844,83.83352661132812,1420600
2019-01-11,95.44999694824219,96.04000091552734,95.19999694824219,95.95999908447266,83.89472961425781,1933000
2019-01-14,95.27999877929688,95.80000305175781,95.06999969482422,95.44000244140625,83.44010162353516,754700
2019-01-15,95.5199966430664,96.30999755859375,95.5199966430664,96.16999816894531,84.07831573486328,891700
2019-01-16,96.26000213623047,96.77999877929688,96.16999816894531,96.41000366210938,84.28813934326172,764600
2019-01-17,96.0999984741211,97.63999938964844,96.04000091552734,97.30999755859375,85.07496643066406,947700
2019-01-18,97.94000244140625,98.91999816894531,97.81999969482422,98.79000091552734,86.368896484375,1057900
2019-01-22,98.23999786376953,98.25,96.88999938964844,97.47000122070312,85.21488189697266,3144100
2019-01-23,97.83000183105469,98.05999755859375,96.47000122070312,97.38999938964844,85.14493560791016,1446300
2019-01-24,97.3499984741211,98.05999755859375,97.29000091552734,97.83999633789062,85.53832244873047,1133200
2019-01-25,98.56999969482422,99.12999725341797,98.54000091552734,98.87999725341797,86.44757080078125,926000
2019-01-28,98.12000274658203,98.5199966430664,97.72000122070312,98.48999786376953,86.10662078857422,1084700
2019-01-29,98.62999725341797,98.81999969482422,98.23999786376953,98.66000366210938,86.25521850585938,809500
2019-01-30,99.0199966430664,100.06999969482422,98.4800033569336,99.70999908447266,87.1732177734375,1086100
2019-01-31,99.58999633789062,100.47000122070312,99.48999786376953,100.37000274658203,87.75025177001953,1924000
2019-02-01,100.5,100.80999755859375,100.22000122070312,100.62000274658203,87.96882629394531,1213900
2019-02-04,100.66999816894531,101.16999816894531,100.16000366210938,101.16999816894531,88.44965362548828,803800
2019-02-05,101.30000305175781,101.62999725341797,101.05999755859375,101.55999755859375,88.79059600830078,1752700
2019-02-06,101.41000366210938,101.63999938964844,101.22000122070312,101.47000122070312,88.71192932128906,661500
2019-02-07,100.93000030517578,101.25,100.05000305175781,100.73999786376953,88.07371520996094,1118200
2019-02-08,100.41999816894531,100.93000030517578,99.91000366210938,100.93000030517578,88.23983764648438,787200
2019-02-11,101.16000366210938,101.30000305175781,100.9000015258789,101.20999908447266,88.48461151123047,457900
2019-02-12,101.87000274658203,102.66000366210938,101.8499984741211,102.45999908447266,89.57744598388672,1003600
2019-02-13,102.75,103.12999725341797,102.56999969482422,102.91000366210938,89.9708480834961,804000
2019-02-14,102.44999694824219,103.1500015258789,102.12999725341797,102.66999816894531,89.76106262207031,703800
2019-02-15,103.36000061035156,103.81999969482422,103.33999633789062,103.81999969482422,90.7664566040039,742100
2019-02-19,103.54000091552734,104.29000091552734,103.27999877929688,104.01000213623047,90.93257141113281,1337600
2019-02-20,104.05000305175781,104.58999633789062,103.98999786376953,104.37999725341797,91.25605010986328,700300
2019-02-21,104.20999908447266,104.33000183105469,103.5999984741211,103.9800033569336,90.90634155273438,547500
2019-02-22,104.20999908447266,104.61000061035156,104.08000183105469,104.52999877929688,91.38719177246094,729800
2019-02-25,105.05000305175781,105.26000213623047,104.5,104.55000305175781,91.4046859741211,696600
2019-02-26,104.43000030517578,104.73999786376953,104.26000213623047,104.2699966430664,91.15986633300781,701100
2019-02-27,104.0199966430664,104.41999816894531,103.76000213623047,104.30000305175781,91.18608856201172,636300
2019-02-28,104.16999816894531,104.33000183105469,103.87999725341797,104.05000305175781,90.96754455566406,1383000
2019-03-01,104.7699966430664,105.04000091552734,104.12000274658203,104.75,91.57952117919922,911100
2019-03-04,105.11000061035156,105.13999938964844,103.27999877929688,104.25,91.14241027832031,1636500
2019-03-05,104.30000305175781,104.30999755859375,103.83999633789062,103.93000030517578,90.86262512207031,314200
2019-03-06,103.9000015258789,103.94000244140625,102.93000030517578,103.0199966430664,90.06704711914062,512200
2019-03-07,102.86000061035156,102.86000061035156,101.87999725341797,102.22000122070312,89.36764526367188,1083100
2019-03-08,101.55000305175781,101.93000030517578,101.20999908447266,101.9000015258789,89.0878677368164,1117500
2019-03-11,102.12999725341797,103.25,102.12999725341797,103.22000122070312,90.24186706542969,641800
2019-03-12,103.38999938964844,103.77999877929688,103.31999969482422,103.55999755859375,90.5391616821289,636600
2019-03-13,103.87000274658203,104.55000305175781,103.81999969482422,104.18000030517578,91.08116149902344,725300
2019-03-14,104.22000122070312,104.36000061035156,103.83999633789062,104.02999877929688,90.95003509521484,326400
2019-03-15,104.18000030517578,104.7699966430664,104.11000061035156,104.41000366210938,91.28228759765625,491300
2019-03-18,104.08999633789062,104.4800033569336,103.7300033569336,104.41999816894531,91.71174621582031,608800
2019-03-19,104.73999786376953,105.05000305175781,103.9000015258789,104.23999786376953,91.55366516113281,734100
2019-03-20,104.12999725341797,104.33999633789062,103.11000061035156,103.51000213623047,90.91251373291016,1057300
2019-03-21,103.25,105.05000305175781,103.25,104.83999633789062,92.0806655883789,722200
2019-03-22,104.37000274658203,104.44999694824219,102.6500015258789,102.69000244140625,90.19231414794922,920100
2019-03-25,102.62000274658203,103.18000030517578,102.12000274658203,102.72000122070312,90.21868133544922,661700
2019-03-26,103.30000305175781,103.91000366210938,102.97000122070312,103.58000183105469,90.97400665283203,523800
2019-03-27,103.5999984741211,103.87000274658203,102.62999725341797,103.23999786376953,90.67537689208984,771200
2019-03-28,103.43000030517578,103.97000122070312,103.08999633789062,103.81999969482422,91.18478393554688,736700
2019-03-29,104.38999938964844,104.5999984741211,104.05999755859375,104.44000244140625,91.7293472290039,782900
2019-04-01,105.19000244140625,105.8499984741211,105.12000274658203,105.7699966430664,92.89746856689453,1259600
2019-04-02,105.80999755859375,105.83999633789062,105.38999938964844,105.69000244140625,92.82720947265625,722400
2019-04-03,106.19999694824219,106.43000030517578,105.69999694824219,105.9800033569336,93.08191680908203,912000
2019-04-04,106.01000213623047,106.36000061035156,105.86000061035156,106.33000183105469,93.38932800292969,1785900
2019-04-05,106.58999633789062,107.04000091552734,106.5199966430664,107.0199966430664,93.99532318115234,851900
2019-04-08,106.9000015258789,107.0999984741211,106.61000061035156,107.08999633789062,94.05682373046875,836000
2019-04-09,106.70999908447266,106.70999908447266,106.04000091552734,106.25,93.31906127929688,535500
2019-04-10,106.4000015258789,106.80999755859375,106.2300033569336,106.7699966430664,93.77577209472656,471800
2019-04-11,106.9800033569336,107.08999633789062,106.58999633789062,106.91000366210938,93.89874267578125,462900
2019-04-12,107.56999969482422,107.9000015258789,107.37000274658203,107.7699966430664,94.65406799316406,456700
2019-04-15,107.86000061035156,107.86000061035156,107.33999633789062,107.47000122070312,94.39055633544922,423300
2019-04-16,107.86000061035156,107.86000061035156,107.27999877929688,107.51000213623047,94.42571258544922,544700
2019-04-17,107.9000015258789,108.0,106.73999786376953,106.87999725341797,93.87237548828125,463200
2019-04-18,107.1500015258789,107.2300033569336,106.62000274658203,107.12999725341797,94.09194946289062,529800
2019-04-22,106.87999725341797,106.9800033569336,106.6500015258789,106.86000061035156,93.85482025146484,474500
2019-04-23,107.01000213623047,107.97000122070312,107.01000213623047,107.8499984741211,94.72431945800781,530800
2019-04-24,107.87000274658203,108.12000274658203,107.72000122070312,107.81999969482422,94.69799041748047,573700
2019-04-25,107.16000366210938,107.51000213623047,106.69000244140625,107.19000244140625,94.14464569091797,564500
2019-04-26,107.26000213623047,107.83999633789062,107.0199966430664,107.83999633789062,94.7155532836914,520600
2019-04-29,107.87999725341797,108.13999938964844,107.79000091552734,107.83000183105469,94.7067642211914,365900
2019-04-30,107.94999694824219,108.30000305175781,107.30999755859375,108.19000244140625,95.02295684814453,671800
2019-05-01,108.29000091552734,108.48999786376953,107.0999984741211,107.0999984741211,94.06558990478516,866600
2019-05-02,106.97000122070312,107.51000213623047,106.38999938964844,107.11000061035156,94.07437896728516,600400
2019-05-03,107.5,108.12999725341797,107.37999725341797,108.06999969482422,94.91755676269531,440900
2019-05-06,106.4000015258789,107.75,106.2300033569336,107.55999755859375,94.46961975097656,522600
2019-05-07,106.69999694824219,106.83999633789062,105.08999633789062,105.83000183105469,92.9501724243164,1552600
2019-05-08,105.69000244140625,106.30000305175781,105.45999908447266,105.66000366210938,92.80085754394531,904200
2019-05-09,104.94000244140625,105.7300033569336,104.20999908447266,105.52999877929688,92.68667602539062,637300
2019-05-10,105.16999816894531,106.2699966430664,103.9000015258789,105.98999786376953,93.0906982421875,977700
2019-05-13,104.20999908447266,104.29000091552734,102.9000015258789,103.3499984741211,90.77198028564453,1200800
2019-05-14,103.72000122070312,104.95999908447266,103.5999984741211,104.37000274658203,91.66785430908203,827600
2019-05-15,103.75,104.97000122070312,103.51000213623047,104.69999694824219,91.95768737792969,871000
2019-05-16,104.93000030517578,105.97000122070312,104.93000030517578,105.41000366210938,92.58129119873047,701000
2019-05-17,104.58000183105469,105.68000030517578,104.58000183105469,104.70999908447266,91.96647644042969,684800
2019-05-20,104.12000274658203,104.52999877929688,103.75,104.05000305175781,91.38681030273438,410900
2019-05-21,104.66999816894531,105.31999969482422,104.63999938964844,105.16999816894531,92.37049102783203,423000
2019-05-22,104.80000305175781,105.05999755859375,104.44999694824219,104.63999938964844,91.90499877929688,651500
2019-05-23,103.7699966430664,103.7699966430664,102.7699966430664,103.33000183105469,90.7544174194336,972900
2019-05-24,103.83000183105469,104.05000305175781,103.20999908447266,103.5199966430664,90.9212875366211,715500
2019-05-28,103.62000274658203,103.95999908447266,102.38999938964844,102.38999938964844,89.92882537841797,552600
2019-05-29,101.94999694824219,102.0999984741211,101.12000274658203,101.69000244140625,89.31401062011719,735200
2019-05-30,101.94999694824219,102.44000244140625,101.45999908447266,101.8499984741211,89.45452880859375,705300
2019-05-31,100.86000061035156,101.19999694824219,100.5,100.69000244140625,88.43572235107422,1224500
2019-06-03,100.75,101.70999908447266,100.73999786376953,101.2699966430664,88.94512176513672,1346300
2019-06-04,102.12000274658203,103.58000183105469,102.12000274658203,103.54000091552734,90.93887329101562,659500
2019-06-05,104.0999984741211,104.41000366210938,103.27999877929688,104.36000061035156,91.6590805053711,580900
2019-06-06,104.44999694824219,105.12999725341797,104.16000366210938,104.87999725341797,92.11579132080078,518400
2019-06-07,105.25,105.9800033569336,105.20999908447266,105.55999755859375,92.71302795410156,663400
2019-06-10,106.04000091552734,106.5,105.8499984741211,105.88999938964844,93.00287628173828,391800
2019-06-11,106.5199966430664,106.75,105.5,105.77999877929688,92.9062271118164,436600
2019-06-12,105.68000030517578,105.91000366210938,105.44000244140625,105.6500015258789,92.79208374023438,1951000
2019-06-13,105.94999694824219,106.33000183105469,105.80999755859375,106.2699966430664,93.33660125732422,960200
2019-06-14,106.22000122070312,106.22000122070312,105.69999694824219,105.9800033569336,93.08191680908203,308700
2019-06-17,106.0999984741211,106.19000244140625,105.7699966430664,105.80999755859375,92.93260192871094,287900
2019-06-18,106.38999938964844,107.33000183105469,106.38999938964844,106.8499984741211,93.84603881835938,564800
2019-06-19,106.9000015258789,107.41999816894531,106.66999816894531,107.23999786376953,94.1885757446289,610900
2019-06-20,108.22000122070312,108.33000183105469,107.33999633789062,108.18000030517578,95.01417541503906,853800
2019-06-21,108.08000183105469,108.30000305175781,107.73999786376953,107.93000030517578,94.7945785522461,620400
2019-06-24,107.45999908447266,107.5199966430664,106.94999694824219,106.9800033569336,94.38871765136719,428700
2019-06-25,107.06999969482422,107.11000061035156,106.27999877929688,106.33000183105469,93.81523895263672,358000
2019-06-26,106.5999984741211,106.75,106.12000274658203,106.1500015258789,93.65641784667969,383000
2019-06-27,106.43000030517578,106.91999816894531,106.43000030517578,106.81999969482422,94.24754333496094,404400
2019-06-28,107.16000366210938,107.87999725341797,107.1500015258789,107.80000305175781,95.11222076416016,447000
2019-07-01,109.0,109.23999786376953,108.01000213623047,108.56999969482422,95.79159545898438,1172000
2019-07-02,108.48999786376953,108.56999969482422,108.0199966430664,108.44999694824219,95.68570709228516,813100
2019-07-03,108.77999877929688,109.44999694824219,108.7699966430664,109.44000244140625,96.5591812133789,228800
2019-07-05,108.95999908447266,109.33000183105469,108.29000091552734,109.30000305175781,96.43566131591797,388400
2019-07-08,108.9000015258789,109.13999938964844,108.45999908447266,108.69999694824219,95.90628814697266,349600
2019-07-09,108.22000122070312,108.70999908447266,108.1500015258789,108.66000366210938,95.87101745605469,370900
2019-07-10,109.01000213623047,109.26000213623047,108.55000305175781,108.77999877929688,95.97689056396484,741100
2019-07-11,108.94000244140625,109.05000305175781,108.44999694824219,109.0,96.17097473144531,345300
2019-07-12,109.16000366210938,109.77999877929688,109.12000274658203,109.73999786376953,96.82389068603516,379500
2019-07-15,109.8499984741211,109.8499984741211,109.41999816894531,109.6500015258789,96.74447631835938,330400
2019-07-16,109.62999725341797,109.8499984741211,109.33999633789062,109.43000030517578,96.55036926269531,478500
2019-07-17,109.43000030517578,109.43000030517578,108.5199966430664,108.5199966430664,95.7474594116211,319200
2019-07-18,108.30999755859375,109.11000061035156,108.19000244140625,108.94000244140625,96.1180419921875,271700
2019-07-19,109.2699966430664,109.41000366210938,108.44000244140625,108.4800033569336,95.71218872070312,410100
2019-07-22,108.68000030517578,108.81999969482422,108.33000183105469,108.51000213623047,95.73865509033203,413800
2019-07-23,108.83000183105469,109.4800033569336,108.72000122070312,109.44999694824219,96.56800842285156,410700
2019-07-24,109.30999755859375,110.23999786376953,109.18000030517578,110.18000030517578,97.21208953857422,359100
2019-07-25,110.0,110.0,109.2300033569336,109.47000122070312,96.5856704711914,417000
2019-07-26,109.62999725341797,110.06999969482422,109.4800033569336,110.0199966430664,97.07090759277344,1105900
2019-07-29,110.0199966430664,110.0199966430664,109.55000305175781,109.69999694824219,96.7885971069336,493700
2019-07-30,109.11000061035156,109.80000305175781,108.87000274658203,109.80000305175781,96.87686157226562,260900
2019-07-31,109.75,109.91000366210938,107.87000274658203,108.70999908447266,95.91508483886719,564000
2019-08-01,108.66999816894531,109.43000030517578,106.91000366210938,107.31999969482422,94.688720703125,921900
2019-08-02,107.0199966430664,107.02999877929688,105.93000030517578,106.45999908447266,93.92994689941406,651000
2019-08-05,104.98999786376953,104.98999786376953,102.58999633789062,103.44000244140625,91.26538848876953,1455800
2019-08-06,104.01000213623047,104.6500015258789,103.20999908447266,104.58999633789062,92.280029296875,1056900
2019-08-07,103.3499984741211,104.98999786376953,102.63999938964844,104.7300033569336,92.4035415649414,1022800
2019-08-08,105.22000122070312,106.66999816894531,105.13999938964844,106.62000274658203,94.07109832763672,456700
2019-08-09,106.19999694824219,106.33000183105469,105.12999725341797,105.63999938964844,93.20645141601562,440400
2019-08-12,105.05999755859375,105.12999725341797,103.91999816894531,104.29000091552734,92.01535034179688,439900
2019-08-13,104.0999984741211,106.43000030517578,103.9000015258789,105.63999938964844,93.20645141601562,412000
2019-08-14,104.05000305175781,104.08000183105469,102.30000305175781,102.4000015258789,90.34778594970703,701300
2019-08-15,102.70999908447266,102.8499984741211,101.7300033569336,102.43000030517578,90.37425231933594,768800
2019-08-16,102.97000122070312,104.2300033569336,102.97000122070312,104.08999633789062,91.8388671875,564200
2019-08-19,105.19999694824219,105.62000274658203,105.0,105.29000091552734,92.89765930175781,455700
2019-08-20,105.05999755859375,105.1500015258789,104.38999938964844,104.44000244140625,92.14768981933594,442400
2019-08-21,105.23999786376953,105.4000015258789,105.05000305175781,105.29000091552734,92.89765930175781,324800
2019-08-22,105.5199966430664,105.80999755859375,104.7699966430664,105.36000061035156,92.95938873291016,337500
2019-08-23,104.79000091552734,105.33999633789062,102.08000183105469,102.51000213623047,90.44483184814453,856800
2019-08-26,103.36000061035156,103.54000091552734,102.7300033569336,103.41000366210938,91.2389144897461,636000
2019-08-27,103.9000015258789,104.05999755859375,102.66999816894531,102.83000183105469,90.72716522216797,440400
2019-08-28,102.58000183105469,103.80999755859375,102.4000015258789,103.72000122070312,91.5124282836914,420000
2019-08-29,104.7300033569336,105.33000183105469,104.45999908447266,105.12000274658203,92.74763488769531,570700
2019-08-30,105.5999984741211,105.86000061035156,104.93000030517578,105.16000366210938,92.78292846679688,1026700
2019-09-03,104.48999786376953,104.80999755859375,103.95999908447266,104.56999969482422,92.26238250732422,422400
2019-09-04,105.41000366210938,105.83999633789062,105.25,105.80999755859375,93.35643768310547,540000
2019-09-05,106.83999633789062,107.69000244140625,106.79000091552734,107.36000061035156,94.72400665283203,525600
2019-09-06,107.52999877929688,107.86000061035156,107.27999877929688,107.62000274658203,94.95339965820312,388400
2019-09-09,107.94999694824219,108.22000122070312,107.69999694824219,108.20999908447266,95.47396087646484,380100
2019-09-10,107.95999908447266,108.70999908447266,107.66999816894531,108.70999908447266,95.91508483886719,510600
2019-09-11,108.7699966430664,109.56999969482422,108.2699966430664,109.54000091552734,96.64739990234375,643500
2019-09-12,109.81999969482422,110.01000213623047,109.26000213623047,109.66999816894531,96.7621078491211,522800
2019-09-13,109.94999694824219,110.25,109.63999938964844,109.69000244140625,96.77977752685547,282500
2019-09-16,109.44000244140625,109.86000061035156,109.2699966430664,109.7699966430664,96.85035705566406,331500
2019-09-17,109.69000244140625,109.81999969482422,109.31999969482422,109.79000091552734,96.86799621582031,283000
2019-09-18,109.58999633789062,109.68000030517578,108.70999908447266,109.66999816894531,96.7621078491211,394200
2019-09-19,109.77999877929688,109.9800033569336,109.25,109.37000274658203,96.49742889404297,250200
2019-09-20,109.56999969482422,109.80000305175781,108.75,108.87999725341797,96.06511688232422,1150800
2019-09-23,108.08999633789062,108.72000122070312,107.9800033569336,108.4800033569336,96.17150115966797,289500
2019-09-24,108.83000183105469,108.87999725341797,107.20999908447266,107.5999984741211,95.39132690429688,870400
2019-09-25,107.5999984741211,108.36000061035156,107.19000244140625,108.20999908447266,95.93211364746094,325500
2019-09-26,108.23999786376953,108.23999786376953,107.43000030517578,107.94999694824219,95.70162963867188,401700
2019-09-27,108.2300033569336,108.4000015258789,106.9800033569336,107.56999969482422,95.36474609375,371800
2019-09-30,107.75,108.30000305175781,107.75,108.08000183105469,95.81687927246094,1065400
2019-10-01,108.26000213623047,108.55999755859375,106.26000213623047,106.4000015258789,94.32747650146484,903600
2019-10-02,105.7699966430664,105.86000061035156,103.95999908447266,104.38999938964844,92.54557037353516,721200
2019-10-03,104.2300033569336,105.1500015258789,103.13999938964844,105.1500015258789,93.21932220458984,720400
2019-10-04,105.30999755859375,106.36000061035156,105.2300033569336,106.31999969482422,94.25656127929688,303600
2019-10-07,106.0,106.58000183105469,105.69999694824219,105.75,93.75123596191406,446100
2019-10-08,105.02999877929688,105.02999877929688,103.91999816894531,103.91999816894531,92.1288833618164,574700
2019-10-09,104.73999786376953,105.20999908447266,104.41000366210938,104.83999633789062,92.94450378417969,380900
2019-10-10,104.80000305175781,105.91000366210938,104.80000305175781,105.62999725341797,93.64485168457031,325700
2019-10-11,106.69000244140625,107.94999694824219,106.69000244140625,107.06999969482422,94.92145538330078,695500
2019-10-14,106.9000015258789,107.0,106.58000183105469,106.83000183105469,94.70870971679688,229300
2019-10-15,107.16999816894531,108.05999755859375,107.04000091552734,107.73999786376953,95.51546478271484,429900
2019-10-16,107.5999984741211,107.94999694824219,107.44000244140625,107.55999755859375,95.35587310791016,358400
2019-10-17,107.98999786376953,108.33000183105469,107.72000122070312,107.97000122070312,95.71937561035156,356300
2019-10-18,107.68000030517578,108.08999633789062,107.44000244140625,107.83999633789062,95.6041030883789,272300
2019-10-21,108.41000366210938,108.69999694824219,108.25,108.66000366210938,96.33106231689453,276700
2019-10-22,108.83999633789062,109.25,108.58999633789062,108.66999816894531,96.33991241455078,384200
2019-10-23,108.48999786376953,109.0,108.33999633789062,108.9800033569336,96.61477661132812,353500
2019-10-24,109.29000091552734,109.37999725341797,108.56999969482422,109.02999877929688,96.6590805053711,213000
2019-10-25,108.91000366210938,109.66000366210938,108.87999725341797,109.43000030517578,97.0136947631836,335100
2019-10-28,109.80999755859375,110.12000274658203,109.73999786376953,109.7699966430664,97.31510925292969,363500
2019-10-29,109.55000305175781,110.29000091552734,109.4800033569336,109.97000122070312,97.492431640625,305800
2019-10-30,110.0,110.08000183105469,109.30999755859375,109.9800033569336,97.50128173828125,318500
2019-10-31,109.79000091552734,109.79000091552734,108.80000305175781,109.41000366210938,96.99596405029297,392200
2019-11-01,110.0,110.77999877929688,109.98999786376953,110.76000213623047,98.19278717041016,359900
2019-11-04,111.33000183105469,111.48999786376953,111.18000030517578,111.4000015258789,98.76016998291016,385300
2019-11-05,111.51000213623047,111.94000244140625,111.2300033569336,111.4000015258789,98.76016998291016,369500
2019-11-06,111.44000244140625,111.44000244140625,110.94999694824219,111.27999877929688,98.65379333496094,655900
2019-11-07,111.83000183105469,112.16000366210938,111.37999725341797,111.55000305175781,98.89317321777344,595900
2019-11-08,111.36000061035156,111.80999755859375,111.0,111.80999755859375,99.12364196777344,324500
2019-11-11,111.2300033569336,111.5999984741211,111.11000061035156,111.51000213623047,98.85769653320312,401000
2019-11-12,111.5999984741211,112.05999755859375,111.37999725341797,111.56999969482422,98.91089630126953,255800
2019-11-13,111.1500015258789,111.66999816894531,110.9800033569336,111.48999786376953,98.8399658203125,338800
2019-11-14,111.44000244140625,111.76000213623047,111.31999969482422,111.73999786376953,99.06159973144531,298700
2019-11-15,112.29000091552734,112.55999755859375,112.0199966430664,112.55999755859375,99.7885513305664,275000
2019-11-18,112.4000015258789,112.5,112.20999908447266,112.41999816894531,99.66442108154297,386600
2019-11-19,112.62999725341797,112.69000244140625,112.0,112.33000183105469,99.58465576171875,428300
2019-11-20,112.01000213623047,112.31999969482422,111.37000274658203,111.9000015258789,99.20346069335938,496900
2019-11-21,112.02999877929688,112.02999877929688,111.41000366210938,111.66999816894531,98.9995346069336,289700
2019-11-22,111.9000015258789,112.06999969482422,111.58999633789062,112.0,99.29209899902344,377800
2019-11-25,112.4000015258789,113.02999877929688,112.31999969482422,113.01000213623047,100.18750762939453,358400
2019-11-26,112.94000244140625,113.20999908447266,112.80000305175781,113.13999938964844,100.30274963378906,479400
2019-11-27,113.38999938964844,113.63999938964844,113.16000366210938,113.62000274658203,100.72831726074219,272500
2019-11-29,113.44000244140625,113.45999908447266,113.0,113.12999725341797,100.29386138916016,151000
2019-12-02,113.16000366210938,113.16000366210938,112.12000274658203,112.18000030517578,99.45167541503906,834800
2019-12-03,111.16999816894531,111.31999969482422,110.5199966430664,111.2699966430664,98.64493560791016,808500
2019-12-04,111.5999984741211,112.44999694824219,111.47000122070312,112.08000183105469,99.36302947998047,319500
2019-12-05,112.31999969482422,112.33000183105469,111.83999633789062,112.2699966430664,99.53146362304688,369100
2019-12-06,113.04000091552734,113.5199966430664,113.04000091552734,113.30999755859375,100.4534683227539,371400
2019-12-09,113.16000366210938,113.37000274658203,112.95999908447266,112.95999908447266,100.14318084716797,207600
2019-12-10,112.95999908447266,113.2300033569336,112.68000030517578,112.83999633789062,100.03679656982422,378100
2019-12-11,113.01000213623047,113.25,112.8499984741211,113.16999816894531,100.32933807373047,400500
2019-12-12,113.19000244140625,114.58999633789062,113.05999755859375,114.36000061035156,101.38431549072266,618100
2019-12-13,114.2699966430664,114.81999969482422,113.69000244140625,114.04000091552734,101.10063171386719,551500
2019-12-16,114.77999877929688,115.06999969482422,114.63999938964844,114.76000213623047,101.73893737792969,381700
2019-12-17,114.88999938964844,114.94999694824219,114.7300033569336,114.77999877929688,101.75667572021484,529600
2019-12-18,114.9000015258789,115.08000183105469,114.7300033569336,114.94999694824219,101.90738677978516,302500
2019-12-19,115.05000305175781,115.41999816894531,114.95999908447266,115.33999633789062,102.25312042236328,1710700
2019-12-20,115.70999908447266,116.04000091552734,115.6500015258789,115.93000030517578,102.77619171142578,434400
2019-12-23,115.73999786376953,115.8499984741211,115.41999816894531,115.5199966430664,102.82869720458984,330000
2019-12-24,115.62000274658203,115.66999816894531,115.4800033569336,115.5999984741211,102.89990997314453,213700
2019-12-26,115.73999786376953,115.87000274658203,115.54000091552734,115.8499984741211,103.12244415283203,335100
2019-12-27,116.12999725341797,116.12999725341797,115.55000305175781,115.69000244140625,102.98001098632812,372600
2019-12-30,115.73999786376953,115.80000305175781,115.12999725341797,115.29000091552734,102.62396240234375,582400
2019-12-31,115.13999938964844,115.75,115.01000213623047,115.72000122070312,103.0067367553711,328700
2020-01-02,116.2699966430664,116.37000274658203,115.37000274658203,116.05000305175781,103.30047607421875,700900
2020-01-03,114.98999786376953,115.58000183105469,114.91999816894531,115.38999938964844,102.71297454833984,542900
2020-01-06,114.7699966430664,115.56999969482422,114.7699966430664,115.54000091552734,102.84650421142578,570000
2020-01-07,115.41000366210938,115.69000244140625,115.12000274658203,115.44000244140625,102.75749969482422,477700
2020-01-08,115.5,116.25,115.3499984741211,115.77999877929688,103.06014251708984,498300
2020-01-09,116.19000244140625,116.3499984741211,115.91999816894531,116.30999755859375,103.53190612792969,518700
2020-01-10,116.5199966430664,116.5199966430664,115.80000305175781,115.94999694824219,103.21146392822266,353000
2020-01-13,116.12000274658203,116.69999694824219,115.97000122070312,116.66999816894531,103.85235595703125,293500
2020-01-14,116.58000183105469,117.19000244140625,116.51000213623047,116.9000015258789,104.05709075927734,350900
2020-01-15,116.77999877929688,117.5,116.77999877929688,117.08000183105469,104.21732330322266,346600
2020-01-16,117.52999877929688,118.19999694824219,117.52999877929688,118.16999816894531,105.18757629394531,281600
2020-01-17,118.3499984741211,118.47000122070312,118.20999908447266,118.4000015258789,105.39229583740234,342300
2020-01-21,117.94000244140625,118.25,117.79000091552734,117.91000366210938,104.95613098144531,415000
2020-01-22,118.2300033569336,118.41000366210938,117.66000366210938,117.76000213623047,104.8226089477539,315100
2020-01-23,117.41000366210938,118.08999633789062,116.79000091552734,118.0199966430664,105.05404663085938,449900
2020-01-24,118.18000030517578,118.18000030517578,116.18000030517578,116.80999755859375,103.97698211669922,473800
2020-01-27,114.9000015258789,115.44999694824219,114.72000122070312,114.88999938964844,102.26790618896484,536500
2020-01-28,115.43000030517578,116.36000061035156,115.22000122070312,115.95999908447266,103.22036743164062,859500
2020-01-29,116.31999969482422,116.43000030517578,115.58000183105469,115.5999984741211,102.89990997314453,701500
2020-01-30,114.6500015258789,115.9000015258789,114.38999938964844,115.8499984741211,103.12244415283203,482500
2020-01-31,115.27999877929688,115.31999969482422,113.2300033569336,113.54000091552734,101.06625366210938,747600
2020-02-03,114.13999938964844,115.11000061035156,114.13999938964844,114.30000305175781,101.74275207519531,519600
2020-02-04,115.70999908447266,116.4000015258789,115.69999694824219,115.9800033569336,103.23817443847656,431200
2020-02-05,117.02999877929688,117.75,116.91000366210938,117.66999816894531,104.74250030517578,384800
2020-02-06,118.05000305175781,118.13999938964844,117.54000091552734,117.63999938964844,104.71578979492188,449200
2020-02-07,117.18000030517578,117.18000030517578,116.5199966430664,116.69000244140625,103.87016296386719,416900
2020-02-10,116.41000366210938,117.19999694824219,116.33000183105469,117.19999694824219,104.32413482666016,364100
2020-02-11,117.72000122070312,118.29000091552734,117.66999816894531,117.9000015258789,104.9472427368164,330300
2020-02-12,118.44999694824219,118.81999969482422,118.43000030517578,118.70999908447266,105.66825866699219,450500
2020-02-13,118.20999908447266,118.77999877929688,117.97000122070312,118.5999984741211,105.57032775878906,306400
2020-02-14,118.6500015258789,118.70999908447266,118.19999694824219,118.62000274658203,105.58814239501953,547300
2020-02-18,118.37999725341797,118.51000213623047,117.72000122070312,118.26000213623047,105.26766967773438,438100
2020-02-19,118.61000061035156,118.91999816894531,118.52999877929688,118.68000030517578,105.64154815673828,348400
2020-02-20,118.45999908447266,118.9800033569336,117.55000305175781,118.6500015258789,105.6148452758789,349600
2020-02-21,118.05999755859375,118.1500015258789,117.31999969482422,117.56999969482422,104.65348815917969,371600
2020-02-24,114.41000366210938,114.9000015258789,113.51000213623047,114.01000213623047,101.4845962524414,1197800
2020-02-25,114.47000122070312,114.47000122070312,109.91000366210938,110.18000030517578,98.07535552978516,1797500
2020-02-26,110.76000213623047,111.75,109.05999755859375,109.12999725341797,97.14070892333984,1428800
2020-02-27,107.12999725341797,108.87000274658203,104.58000183105469,104.58000183105469,93.09060668945312,2006200
2020-02-28,101.69000244140625,103.62000274658203,100.44999694824219,103.47000122070312,92.1025390625,5815800
2020-03-02,103.87000274658203,107.45999908447266,102.58000183105469,107.41999816894531,95.61857604980469,2376700
2020-03-03,107.44999694824219,109.33999633789062,103.80999755859375,104.73999786376953,93.2330322265625,1795400
2020-03-04,106.58000183105469,108.88999938964844,105.75,108.87000274658203,96.90928649902344,1295600
2020-03-05,106.05999755859375,106.97000122070312,104.11000061035156,104.97000122070312,93.43773651123047,932400
2020-03-06,101.7699966430664,103.51000213623047,100.45999908447266,102.81999969482422,91.52395629882812,2283300
2020-03-09,95.56999969482422,97.25,93.43000030517578,93.91000366210938,83.59284973144531,2468700
2020-03-10,97.02999877929688,98.48999786376953,93.25,98.43000030517578,87.61625671386719,2283500
2020-03-11,95.6500015258789,96.08999633789062,92.0,93.12000274658203,82.88961029052734,2959400
2020-03-12,86.69000244140625,89.69000244140625,82.7300033569336,83.72000122070312,74.52233123779297,3807400
2020-03-13,88.5199966430664,90.52999877929688,83.4800033569336,90.5199966430664,80.57526397705078,2484000
2020-03-16,80.69000244140625,85.33000183105469,78.9000015258789,79.62000274658203,70.87274932861328,3294000
2020-03-17,81.06999969482422,84.87000274658203,78.2699966430664,84.12999725341797,74.88728332519531,3632900
2020-03-18,78.58000183105469,80.66999816894531,74.12000274658203,78.6500015258789,70.00933074951172,2692000
2020-03-19,77.5199966430664,80.41999816894531,75.0199966430664,78.86000061035156,70.19624328613281,2218600
2020-03-20,79.5199966430664,80.55000305175781,74.81999969482422,75.02999877929688,66.78703308105469,2544900
2020-03-23,74.12999725341797,74.30000305175781,70.55999755859375,71.66000366210938,64.41397857666016,2958200
2020-03-24,75.44999694824219,79.47000122070312,75.41999816894531,79.30999755859375,71.29043579101562,2508800
2020-03-25,79.66999816894531,84.41999816894531,78.05000305175781,81.30000305175781,73.0792007446289,1991500
2020-03-26,82.12999725341797,86.58000183105469,82.11000061035156,85.9800033569336,77.28598022460938,2197200
2020-03-27,83.2300033569336,85.69000244140625,82.33000183105469,83.41999816894531,74.98484802246094,3237500
2020-03-30,83.83000183105469,85.87999725341797,82.80999755859375,85.61000061035156,76.9533920288086,2380700
2020-03-31,85.25,85.8499984741211,83.54000091552734,84.0199966430664,75.5241470336914,1201700
2020-04-01,80.73999786376953,81.4000015258789,79.08000183105469,79.87999725341797,71.80280303955078,2655800
2020-04-02,79.33000183105469,82.38999938964844,79.22000122070312,81.13999938964844,72.93538665771484,1391900
2020-04-03,80.76000213623047,81.68000030517578,79.0,79.83000183105469,71.75785064697266,1199400
2020-04-06,82.83000183105469,86.41000366210938,82.83000183105469,85.87000274658203,77.18711853027344,2226700
2020-04-07,88.91000366210938,89.80000305175781,86.45999908447266,86.55999755859375,77.80733489990234,1564200
2020-04-08,87.47000122070312,90.58000183105469,86.81999969482422,90.13999938964844,81.02536010742188,1586000
2020-04-09,91.5199966430664,93.56999969482422,91.12999725341797,92.22000122070312,82.89501953125,2168100
2020-04-13,91.86000061035156,91.91999816894531,89.11000061035156,90.2300033569336,81.10626220703125,2221400
2020-04-14,92.01000213623047,93.02999877929688,91.48999786376953,92.62000274658203,83.25457000732422,1499800
2020-04-15,90.12999725341797,90.20999908447266,88.87999725341797,89.62999725341797,80.5669174194336,1203300
2020-04-16,89.87000274658203,90.05999755859375,88.54000091552734,89.62999725341797,80.5669174194336,1633800
2020-04-17,92.08999633789062,93.19999694824219,91.44999694824219,92.9800033569336,83.57817840576172,985400
2020-04-20,91.4000015258789,92.69999694824219,90.77999877929688,91.06999969482422,81.86131286621094,1086500
2020-04-21,89.0199966430664,90.04000091552734,88.11000061035156,88.41000366210938,79.47027587890625,1148800
2020-04-22,90.05999755859375,90.69999694824219,89.33999633789062,90.06999969482422,80.96241760253906,1177100
2020-04-23,90.47000122070312,91.80999755859375,90.0999984741211,90.1500015258789,81.0343246459961,904900
2020-04-24,90.75,91.80999755859375,89.9800033569336,91.44000244140625,82.19388580322266,1099200
2020-04-27,92.05999755859375,94.41999816894531,91.9800033569336,94.06999969482422,84.5579605102539,1562900
2020-04-28,95.72000122070312,96.75,94.51000213623047,95.37000274658203,85.72650909423828,2456500
2020-04-29,97.61000061035156,99.1500015258789,97.31999969482422,98.68000030517578,88.70179748535156,1928100
2020-04-30,97.43000030517578,97.43000030517578,95.69999694824219,96.13999938964844,86.41865539550781,2126900
2020-05-01,94.08000183105469,94.2699966430664,92.18000030517578,92.66999816894531,83.29949951171875,1327800
2020-05-04,91.55999755859375,92.86000061035156,90.83000183105469,92.73999786376953,83.36243438720703,2316300
2020-05-05,93.97000122070312,94.77999877929688,92.98999786376953,93.16000366210938,83.73995971679688,1218400
2020-05-06,93.70999908447266,94.05000305175781,91.77999877929688,91.81999969482422,82.53546905517578,1284700
2020-05-07,93.13999938964844,94.69999694824219,93.13999938964844,93.47000122070312,84.01862335205078,1749500
2020-05-08,94.9000015258789,96.19000244140625,94.55999755859375,96.02999877929688,86.31975555419922,1453400
2020-05-11,94.98999786376953,95.6500015258789,94.0999984741211,94.88999938964844,85.29503631591797,1370000
2020-05-12,95.23999786376953,95.54000091552734,92.41000366210938,92.41000366210938,83.06582641601562,2404800
2020-05-13,92.0,92.01000213623047,88.9000015258789,89.69999694824219,80.62982177734375,2939300
2020-05-14,88.45999908447266,91.12000274658203,87.0,91.08999633789062,81.87928009033203,3231100
2020-05-15,90.22000122070312,91.5999984741211,89.6500015258789,91.26000213623047,82.03211212158203,1013400
2020-05-18,94.3499984741211,96.77999877929688,94.31999969482422,96.25,86.51750183105469,1905200
2020-05-19,95.93000030517578,96.55000305175781,94.86000061035156,94.91999816894531,85.32197570800781,1549300
2020-05-20,96.2699966430664,97.18000030517578,96.19999694824219,96.6500015258789,86.8770523071289,924800
2020-05-21,96.4800033569336,97.0999984741211,95.63999938964844,96.22000122070312,86.49054718017578,662800
2020-05-22,96.2300033569336,96.37999725341797,95.33999633789062,96.30000305175781,86.5624771118164,947900
2020-05-26,99.04000091552734,100.16999816894531,99.04000091552734,99.41999816894531,89.36697387695312,1638300
2020-05-27,101.5,101.93000030517578,99.44000244140625,101.87999725341797,91.57820892333984,2545100
2020-05-28,102.77999877929688,102.77999877929688,100.5999984741211,100.86000061035156,90.6613540649414,1381300
2020-05-29,100.25,101.04000091552734,99.12000274658203,100.70999908447266,90.52653503417969,1500200
2020-06-01,100.54000091552734,102.22000122070312,100.41999816894531,101.88999938964844,91.58721160888672,1369900
2020-06-02,102.52999877929688,103.18000030517578,102.08000183105469,103.18000030517578,92.74677276611328,1442500
2020-06-03,104.0999984741211,106.33000183105469,104.0999984741211,105.97000122070312,95.25465393066406,4706600
2020-06-04,105.5,106.80000305175781,105.05999755859375,106.51000213623047,95.74007415771484,2275000
2020-06-05,110.54000091552734,111.83999633789062,109.93000030517578,110.44000244140625,99.2726821899414,5838300
2020-06-08,111.91000366210938,113.16000366210938,111.44999694824219,113.08999633789062,101.65470886230469,1944000
2020-06-09,111.48999786376953,111.48999786376953,109.66000366210938,110.26000213623047,99.11084747314453,4173000
2020-06-10,110.0,110.0,107.43000030517578,107.54000091552734,96.66592407226562,2135600
2020-06-11,103.0999984741211,104.02999877929688,99.7300033569336,100.0999984741211,89.97821807861328,2533700
2020-06-12,103.33999633789062,103.91999816894531,99.75,102.0999984741211,91.7760009765625,3291700
2020-06-15,99.41999816894531,103.75,98.61000061035156,103.2300033569336,92.7917251586914,1740400
2020-06-16,107.0,107.27999877929688,103.52999877929688,105.37999725341797,94.72432708740234,1438300
2020-06-17,105.58999633789062,105.58999633789062,103.98999786376953,104.19999694824219,93.66362762451172,1013800
2020-06-18,103.20999908447266,104.76000213623047,103.0199966430664,104.12999725341797,93.60073852539062,733300
2020-06-19,105.75,105.80999755859375,102.48999786376953,103.05000305175781,92.62992858886719,1534200
2020-06-22,102.19000244140625,103.02999877929688,101.37999725341797,102.73999786376953,92.73373413085938,2112100
2020-06-23,103.81999969482422,103.98999786376953,102.80000305175781,102.86000061035156,92.84203338623047,799100
2020-06-24,101.8499984741211,101.8499984741211,98.73999786376953,99.45999908447266,89.77317810058594,1681200
2020-06-25,99.0,100.58999633789062,98.37000274658203,100.4800033569336,90.69383239746094,1116900
2020-06-26,100.08999633789062,100.26000213623047,98.05999755859375,98.44000244140625,88.8525390625,1577600
2020-06-29,99.16999816894531,100.5,98.43000030517578,100.4000015258789,90.62162017822266,798600
2020-06-30,100.30000305175781,102.30000305175781,100.05999755859375,101.76000213623047,91.84918212890625,972800
2020-07-01,102.04000091552734,102.77999877929688,101.13999938964844,101.62000274658203,91.7228012084961,1211400
2020-07-02,103.16000366210938,103.76000213623047,102.0199966430664,102.2300033569336,92.27339935302734,819200
2020-07-06,103.77999877929688,104.2699966430664,102.95999908447266,103.3499984741211,93.28431701660156,752100
2020-07-07,102.55999755859375,102.87999725341797,101.56999969482422,101.69999694824219,91.79501342773438,614500
2020-07-08,101.83000183105469,102.31999969482422,101.0,102.0,92.06581115722656,1398200
2020-07-09,101.98999786376953,102.05000305175781,99.4000015258789,100.37999725341797,90.60358428955078,5261000
2020-07-10,100.30000305175781,102.08999633789062,100.27999877929688,102.06999969482422,92.12899017333984,4634900
2020-07-13,102.66999816894531,103.73999786376953,101.51000213623047,101.58999633789062,91.69573211669922,3302900
2020-07-14,101.26000213623047,103.3499984741211,100.97000122070312,103.23999786376953,93.18502044677734,1397000
2020-07-15,105.0,105.95999908447266,104.5199966430664,105.62999725341797,95.34223937988281,1351300
2020-07-16,105.01000213623047,105.94000244140625,104.7300033569336,105.4800033569336,95.20687103271484,977100
2020-07-17,105.87000274658203,106.13999938964844,105.22000122070312,105.83999633789062,95.53179168701172,650000
2020-07-20,105.61000061035156,105.83999633789062,104.91000366210938,105.27999877929688,95.0263442993164,1220700
2020-07-21,105.95999908447266,106.93000030517578,105.9000015258789,106.33000183105469,95.97406005859375,1767200
2020-07-22,106.08999633789062,107.23999786376953,105.94999694824219,107.18000030517578,96.74127960205078,1107500
2020-07-23,107.08999633789062,107.91999816894531,106.37999725341797,107.0,96.57879638671875,1294300
2020-07-24,106.66999816894531,106.83999633789062,105.8499984741211,106.22000122070312,95.87478637695312,2315900
2020-07-27,106.29000091552734,106.72000122070312,105.56999969482422,106.6500015258789,96.2629165649414,1007100
2020-07-28,106.30999755859375,106.77999877929688,105.87000274658203,106.0,95.67621612548828,787200
2020-07-29,106.4000015258789,107.97000122070312,106.4000015258789,107.73999786376953,97.24676513671875,826500
2020-07-30,106.55999755859375,107.06999969482422,105.66000366210938,106.88999938964844,96.47953796386719,1173800
2020-07-31,106.75,106.83999633789062,105.20999908447266,106.83999633789062,96.43440246582031,1888700
2020-08-03,107.0199966430664,107.44999694824219,106.43000030517578,107.0999984741211,96.6690902709961,1053600
2020-08-04,106.95999908447266,107.72000122070312,106.9000015258789,107.62999725341797,97.14747619628906,710400
2020-08-05,108.31999969482422,108.5999984741211,108.16000366210938,108.5,97.93273162841797,1429600
2020-08-06,108.12999725341797,108.56999969482422,107.87999725341797,108.41999816894531,97.86051177978516,1786000
2020-08-07,108.02999877929688,109.5199966430664,107.97000122070312,109.5199966430664,98.8533706665039,1620000
2020-08-10,109.7300033569336,110.77999877929688,109.69999694824219,110.66999816894531,99.89137268066406,3978700
2020-08-11,111.80999755859375,112.30000305175781,110.2300033569336,110.55000305175781,99.78307342529297,4910300
2020-08-12,111.5199966430664,111.69999694824219,110.80000305175781,111.19999694824219,100.3697738647461,1522100
2020-08-13,110.69999694824219,111.22000122070312,110.3499984741211,110.66000366210938,99.88236999511719,1583500
2020-08-14,110.37000274658203,111.30000305175781,110.2699966430664,110.9800033569336,100.17120361328125,649800
2020-08-17,111.13999938964844,111.19000244140625,110.72000122070312,111.02999877929688,100.2163314819336,821400
2020-08-18,111.0,111.02999877929688,110.20999908447266,110.38999938964844,99.63864135742188,696900
2020-08-19,110.54000091552734,110.86000061035156,109.7300033569336,109.95999908447266,99.25053405761719,981900
2020-08-20,109.20999908447266,109.73999786376953,108.87999725341797,109.44999694824219,98.79021453857422,613500
2020-08-21,109.30999755859375,109.41000366210938,108.9000015258789,109.25,98.60969543457031,574500
2020-08-24,109.88999938964844,111.04000091552734,109.55999755859375,111.04000091552734,100.22534942626953,967200
2020-08-25,111.5,111.5999984741211,110.41000366210938,111.04000091552734,100.22534942626953,1465200
2020-08-26,110.9000015258789,111.11000061035156,110.44000244140625,110.8499984741211,100.05387115478516,935800
2020-08-27,111.25,111.87999725341797,111.02999877929688,111.41999816894531,100.56832885742188,1743600
2020-08-28,111.83000183105469,112.41000366210938,111.30999755859375,112.33999633789062,101.39872741699219,720400
2020-08-31,112.12999725341797,112.30000305175781,111.4000015258789,111.4000015258789,100.55029296875,1603200
2020-09-01,111.12000274658203,111.98999786376953,110.70999908447266,111.97000122070312,101.06478118896484,2348400
2020-09-02,112.20999908447266,114.30999755859375,112.08999633789062,113.95999908447266,102.86096954345703,1904800
2020-09-03,113.8499984741211,114.44999694824219,110.48999786376953,111.33999633789062,100.49613189697266,1864800
2020-09-04,112.12999725341797,112.4000015258789,109.44999694824219,111.08000183105469,100.2614517211914,3138700
2020-09-08,109.97000122070312,109.97000122070312,108.54000091552734,108.7699966430664,98.17644500732422,1584400
2020-09-09,109.62000274658203,110.86000061035156,109.37999725341797,110.02999877929688,99.31371307373047,1899000
2020-09-10,110.30000305175781,110.94000244140625,108.2699966430664,108.44999694824219,97.8875961303711,2408900
2020-09-11,109.01000213623047,109.5,108.05999755859375,109.0199966430664,98.40208435058594,1330100
2020-09-14,109.9000015258789,111.13999938964844,109.77999877929688,110.77999877929688,99.99066925048828,984900
2020-09-15,111.33999633789062,111.72000122070312,110.75,110.88999938964844,100.0899429321289,1354700
2020-09-16,111.5,112.94000244140625,111.30000305175781,111.62999725341797,100.75786590576172,1321900
2020-09-17,110.23999786376953,111.55999755859375,109.70999908447266,111.1500015258789,100.32463073730469,1613000
2020-09-18,111.2300033569336,111.31999969482422,109.2300033569336,109.80999755859375,99.11514282226562,1173500
2020-09-21,107.51000213623047,107.62000274658203,105.41000366210938,106.55999755859375,96.61896514892578,1780800
2020-09-22,106.66999816894531,107.48999786376953,106.12999725341797,107.05999755859375,97.07231903076172,1372500
2020-09-23,107.30999755859375,107.83999633789062,104.70999908447266,104.76000213623047,94.98689270019531,1508300
2020-09-24,104.5,106.13999938964844,103.4800033569336,104.93000030517578,95.14103698730469,2346200
2020-09-25,104.5,106.66999816894531,104.30000305175781,106.38999938964844,96.46482849121094,1121600
2020-09-28,107.75,108.80999755859375,107.62999725341797,108.44000244140625,98.32359313964844,1276600
2020-09-29,108.41999816894531,108.45999908447266,107.02999877929688,107.56999969482422,97.5347671508789,1128000
2020-09-30,107.9000015258789,109.2300033569336,107.41000366210938,108.11000061035156,98.02438354492188,1771400
2020-10-01,108.6500015258789,109.20999908447266,107.70999908447266,108.5,98.37799072265625,1076600
2020-10-02,106.7699966430664,109.4000015258789,106.70999908447266,108.9800033569336,98.81322479248047,1907300
2020-10-05,109.72000122070312,111.01000213623047,109.72000122070312,110.88999938964844,100.5450210571289,1204000
2020-10-06,111.44999694824219,112.38999938964844,109.56999969482422,109.75,99.51139068603516,2366500
2020-10-07,110.83999633789062,112.05999755859375,110.83999633789062,111.75,101.32479858398438,2988700
2020-10-08,112.41000366210938,113.41999816894531,112.27999877929688,113.4000015258789,102.82087707519531,4542400
2020-10-09,114.0199966430664,114.30999755859375,113.2300033569336,113.56999969482422,102.97501373291016,1831000
2020-10-12,114.05999755859375,114.68000030517578,113.73999786376953,114.44999694824219,103.77291870117188,1469700
2020-10-13,113.94999694824219,114.1500015258789,112.95999908447266,113.29000091552734,102.72114562988281,992400
2020-10-14,113.44999694824219,114.12999725341797,112.87000274658203,112.9800033569336,102.44005584716797,764800
2020-10-15,111.73999786376953,113.58000183105469,111.56999969482422,113.5,102.91154479980469,1052000
2020-10-16,113.76000213623047,114.08000183105469,113.2699966430664,113.4000015258789,102.82087707519531,896000
2020-10-19,113.62000274658203,114.0,111.66000366210938,111.88999938964844,101.45173645019531,1286200
2020-10-20,112.48999786376953,113.66000366210938,112.33999633789062,112.5,102.00483703613281,1585100
2020-10-21,112.43000030517578,113.0,112.05000305175781,112.12000274658203,101.66028594970703,1077800
2020-10-22,112.23999786376953,113.66000366210938,111.86000061035156,113.55000305175781,102.95689392089844,1227500
2020-10-23,114.12999725341797,114.25,113.20999908447266,114.1500015258789,103.50091552734375,1280900
2020-10-26,112.91999816894531,112.91999816894531,110.38999938964844,111.48999786376953,101.08905792236328,1813300
2020-10-27,111.51000213623047,111.61000061035156,110.12999725341797,110.1500015258789,99.87406921386719,1244700
2020-10-28,108.04000091552734,108.80000305175781,106.62000274658203,106.77999877929688,96.8184585571289,2317500
2020-10-29,106.61000061035156,108.68000030517578,105.94999694824219,107.86000061035156,97.7977066040039,1970700
2020-10-30,107.25,107.94999694824219,106.0,107.51000213623047,97.48035430908203,1844600
2020-11-02,108.98999786376953,110.05999755859375,108.27999877929688,109.91000366210938,99.65644836425781,1862200
2020-11-03,111.37999725341797,112.81999969482422,111.27999877929688,112.19999694824219,101.7328109741211,2303200
2020-11-04,112.68000030517578,114.18000030517578,111.30000305175781,112.29000091552734,101.81442260742188,3016900
2020-11-05,113.61000061035156,115.05999755859375,113.51000213623047,114.47000122070312,103.7910385131836,2319800
2020-11-06,114.37999725341797,114.81999969482422,113.69000244140625,114.0,103.36489868164062,1548100
2020-11-09,121.12999725341797,122.45999908447266,118.73999786376953,118.88999938964844,107.7987060546875,4505900
2020-11-10,118.93000030517578,119.80000305175781,118.41000366210938,119.54000091552734,108.3880615234375,3757600
2020-11-11,120.33000183105469,120.36000061035156,118.7300033569336,119.31999969482422,108.1885986328125,2885600
2020-11-12,118.55999755859375,118.86000061035156,116.5,117.45999908447266,106.50211334228516,2249900
2020-11-13,118.33000183105469,120.3499984741211,118.19999694824219,120.05000305175781,108.8504867553711,3897800
2020-11-16,122.33000183105469,122.61000061035156,121.12999725341797,122.55999755859375,111.12632751464844,3030400
2020-11-17,121.75,122.55999755859375,120.6500015258789,122.2699966430664,110.8633804321289,1795000
2020-11-18,122.54000091552734,123.01000213623047,120.7699966430664,120.81999969482422,109.54864501953125,2234300
2020-11-19,120.44000244140625,121.48999786376953,119.81999969482422,121.43000030517578,110.10176086425781,1785400
2020-11-20,121.38999938964844,121.5,120.56999969482422,120.73999786376953,109.47613525390625,1435500
2020-11-23,121.6500015258789,122.88999938964844,121.55000305175781,122.52999877929688,111.0991439819336,1635000
2020-11-24,124.22000122070312,125.43000030517578,123.80999755859375,125.19999694824219,113.5200424194336,2984800
2020-11-25,124.87000274658203,124.87000274658203,123.7699966430664,124.2699966430664,112.67680358886719,3255500
2020-11-27,124.56999969482422,124.68000030517578,123.88999938964844,124.20999908447266,112.62240600585938,861400
2020-11-30,123.87999725341797,123.95999908447266,122.37999725341797,122.87999725341797,111.4164810180664,1823300
2020-12-01,124.41999816894531,124.9800033569336,123.91999816894531,124.0199966430664,112.45011901855469,4167500
2020-12-02,123.70999908447266,124.5,123.30000305175781,124.37000274658203,112.76748657226562,2231800
2020-12-03,124.5999984741211,125.75,124.4000015258789,125.06999969482422,113.40217590332031,1534900
2020-12-04,125.66000366210938,127.0999984741211,125.66000366210938,127.08000183105469,115.22466278076172,1117400
2020-12-07,126.87000274658203,126.88999938964844,125.9800033569336,126.44999694824219,114.6534194946289,3665800
2020-12-08,125.70999908447266,127.06999969482422,125.62999725341797,126.80000305175781,114.97078704833984,2336600
2020-12-09,127.33000183105469,127.44999694824219,125.66999816894531,126.38999938964844,114.5990219116211,2372100
2020-12-10,125.63999938964844,126.66999816894531,125.51000213623047,126.5,114.69876098632812,2550300
2020-12-11,125.66999816894531,126.19000244140625,124.83000183105469,125.72000122070312,113.99153137207031,1805500
2020-12-14,127.01000213623047,127.2300033569336,124.76000213623047,124.81999969482422,113.17549896240234,2101300
2020-12-15,125.6500015258789,126.91999816894531,125.20999908447266,126.88999938964844,115.05237579345703,2874200
2020-12-16,127.0999984741211,127.0999984741211,126.19000244140625,126.62000274658203,114.80757141113281,2062400
2020-12-17,127.20999908447266,127.38999938964844,126.69999694824219,127.33999633789062,115.46040344238281,2290200
2020-12-18,127.54000091552734,127.61000061035156,126.1500015258789,127.04000091552734,115.18838500976562,4389300
2020-12-21,124.58000183105469,125.91999816894531,123.5199966430664,125.58999633789062,114.27125549316406,2145400
2020-12-22,125.66000366210938,125.68000030517578,124.91000366210938,125.11000061035156,113.8344955444336,1177400
2020-12-23,125.5999984741211,126.44000244140625,125.54000091552734,125.83999633789062,114.49870300292969,3870400
2020-12-24,125.98999786376953,126.16000366210938,125.44999694824219,126.08000183105469,114.71708679199219,886000
2020-12-28,127.0199966430664,127.23999786376953,126.31999969482422,126.45999908447266,115.06283569335938,1272600
2020-12-29,126.94000244140625,127.11000061035156,125.44000244140625,125.83000183105469,114.48961639404297,1986700
2020-12-30,126.02999877929688,127.01000213623047,126.02999877929688,126.7300033569336,115.30848693847656,832600
2020-12-31,126.70999908447266,127.69999694824219,126.08999633789062,127.54000091552734,116.0455093383789,1614900
2021-01-04,127.95999908447266,128.22000122070312,124.62000274658203,125.69999694824219,114.37132263183594,3623900
2021-01-05,125.55999755859375,127.4000015258789,125.54000091552734,126.7699966430664,115.34490203857422,3296600
2021-01-06,127.36000061035156,130.6300048828125,127.33999633789062,129.8000030517578,118.10181427001953,4797800
2021-01-07,130.6999969482422,131.5,130.42999267578125,131.08999633789062,119.27555847167969,2602400
2021-01-08,131.6199951171875,131.67999267578125,129.94000244140625,131.32000732421875,119.48481750488281,1470800
2021-01-11,130.10000610351562,131.4600067138672,129.92999267578125,131.1699981689453,119.34833526611328,1723700
2021-01-12,131.3300018310547,132.33999633789062,131.10000610351562,132.1999969482422,120.2854995727539,1513300
2021-01-13,132.07000732421875,132.24000549316406,131.32000732421875,131.77000427246094,119.89425659179688,2199800
2021-01-14,132.3000030517578,132.97999572753906,132.05999755859375,132.2100067138672,120.29461669921875,1925000
2021-01-15,131.30999755859375,131.6199951171875,130.00999450683594,131.22000122070312,119.39381408691406,2199200
2021-01-19,132.14999389648438,132.2100067138672,131.41000366210938,131.85000610351562,119.96707153320312,1689700
2021-01-20,132.27000427246094,132.83999633789062,131.83999633789062,132.6699981689453,120.71314239501953,1676100
2021-01-21,132.52000427246094,132.80999755859375,131.75999450683594,132.0,120.10356903076172,2770800
2021-01-22,131.2100067138672,131.6999969482422,130.63999938964844,131.44000244140625,119.59400939941406,1547200
2021-01-25,131.0,131.75,129.82000732421875,131.32000732421875,119.48481750488281,2302800
2021-01-26,131.7899932861328,132.0,130.47999572753906,130.6699981689453,118.89337158203125,2425700
2021-01-27,128.8800048828125,129.25999450683594,127.01000213623047,127.66000366210938,116.1546859741211,3483000
2021-01-28,128.47000122070312,129.9199981689453,128.4499969482422,128.7899932861328,117.18282318115234,2472600
2021-01-29,128.4600067138672,128.86000061035156,125.83000183105469,126.5,115.09922790527344,2603600
2021-02-01,127.54000091552734,128.52999877929688,126.73999786376953,128.17999267578125,116.62782287597656,1905300
2021-02-02,129.35000610351562,130.5399932861328,129.19000244140625,129.8699951171875,118.16549682617188,2524400
2021-02-03,129.63999938964844,130.47000122070312,129.27999877929688,130.2100067138672,118.47486114501953,2945000
2021-02-04,130.5,131.88999938964844,130.3800048828125,131.8699951171875,119.9852523803711,1358100
2021-02-05,132.75999450683594,132.97999572753906,132.30999755859375,132.5500030517578,120.60398864746094,1398200
2021-02-08,133.24000549316406,134.10000610351562,132.97000122070312,134.10000610351562,122.01427459716797,908200
2021-02-09,133.8800048828125,134.33999633789062,133.47000122070312,134.0500030517578,121.96880340576172,1483700
2021-02-10,134.6699981689453,134.9199981689453,133.5500030517578,134.4600067138672,122.34184265136719,2615000
2021-02-11,134.7100067138672,135.0500030517578,133.3800048828125,134.5,122.37822723388672,2329100
2021-02-12,134.14999389648438,135.3699951171875,134.08999633789062,135.30999755859375,123.11521911621094,1676600
2021-02-16,135.94000244140625,136.02999877929688,135.10000610351562,135.41000366210938,123.20622253417969,949600
2021-02-17,134.97999572753906,135.38999938964844,134.32000732421875,135.33999633789062,123.14249420166016,1569000
2021-02-18,134.5500030517578,134.9199981689453,133.8000030517578,134.5800018310547,122.45104217529297,1767400
2021-02-19,135.25999450683594,135.97999572753906,135.22999572753906,135.60000610351562,123.37910461425781,1586500
2021-02-22,134.99000549316406,136.61000061035156,134.99000549316406,135.8300018310547,123.5883560180664,3109800
2021-02-23,135.69000244140625,136.64999389648438,133.85000610351562,136.19000244140625,123.91593170166016,3126800
2021-02-24,136.1300048828125,138.5399932861328,135.99000549316406,138.33999633789062,125.87216186523438,3127000
2021-02-25,138.2899932861328,138.42999267578125,134.57000732421875,135.1199951171875,122.94235229492188,2648200
2021-02-26,135.47999572753906,135.75,133.1300048828125,134.1999969482422,122.10527801513672,3919800
2021-03-01,135.9600067138672,137.9499969482422,135.9600067138672,137.24000549316406,124.87128448486328,1647800
2021-03-02,137.27999877929688,137.49000549316406,136.30999755859375,136.55999755859375,124.25252532958984,7091100
2021-03-03,136.61000061035156,137.47999572753906,135.86000061035156,135.86000061035156,123.61563110351562,3769200
2021-03-04,135.8300018310547,136.39999389648438,132.0,134.00999450683594,121.93238830566406,4664600
2021-03-05,135.77000427246094,137.4600067138672,132.60000610351562,137.07000732421875,124.7166519165039,4718900
2021-03-08,137.63999938964844,139.75,137.14999389648438,137.97000122070312,125.53553009033203,5378700
2021-03-09,139.0800018310547,139.50999450683594,138.05999755859375,138.1699981689453,125.71748352050781,4569400
2021-03-10,138.72999572753906,140.1699981689453,138.66000366210938,139.58999633789062,127.00951385498047,4141500
2021-03-11,140.1300048828125,141.3699951171875,139.82000732421875,140.52999877929688,127.86475372314453,2886800
2021-03-12,140.6999969482422,141.6199951171875,140.5,141.60000610351562,128.8383331298828,2890300
2021-03-15,141.88999938964844,142.8800048828125,141.10000610351562,142.8000030517578,129.93020629882812,3732300
2021-03-16,142.60000610351562,142.6300048828125,141.13999938964844,141.47999572753906,128.72914123535156,2960800
2021-03-17,141.19000244140625,142.25,140.55999755859375,142.2100067138672,129.39337158203125,2329200
2021-03-18,141.75999450683594,142.92999267578125,140.52000427246094,140.82000732421875,128.12864685058594,3131300
2021-03-19,140.8000030517578,141.47999572753906,139.41000366210938,140.55999755859375,127.89207458496094,4131100
2021-03-22,140.16000366210938,140.55999755859375,139.4499969482422,140.10000610351562,128.06210327148438,3249100
2021-03-23,139.58999633789062,139.86000061035156,137.6300048828125,138.0800018310547,126.21562194824219,3110600
2021-03-24,138.75999450683594,139.82000732421875,137.89999389648438,137.89999389648438,126.05111694335938,3069000
2021-03-25,137.47000122070312,139.8699951171875,136.55999755859375,139.55999755859375,127.56851196289062,4005600
2021-03-26,140.3800048828125,142.27000427246094,139.97999572753906,142.1699981689453,129.95425415039062,3298800
2021-03-29,141.64999389648438,142.08999633789062,140.6699981689453,141.42999267578125,129.27781677246094,2355900
2021-03-30,141.0500030517578,141.97000122070312,140.9499969482422,141.6999969482422,129.5246124267578,3239900
2021-03-31,141.8800048828125,142.3699951171875,141.47000122070312,141.66000366210938,129.4880828857422,5188800
2021-04-01,142.13999938964844,143.08999633789062,141.77000427246094,143.0800018310547,130.7860107421875,4569200
2021-04-05,144.17999267578125,144.58999633789062,143.77000427246094,144.3800048828125,131.9743194580078,2611300
2021-04-06,144.2899932861328,144.97000122070312,144.22999572753906,144.57000732421875,132.1480255126953,2715600
2021-04-07,144.64999389648438,144.75999450683594,143.66000366210938,144.02999877929688,131.65443420410156,2521700
2021-04-08,144.2899932861328,144.3300018310547,143.42999267578125,144.3000030517578,131.90121459960938,2442900
2021-04-09,144.50999450683594,145.16000366210938,144.1699981689453,145.1300048828125,132.65992736816406,2340100
2021-04-12,145.14999389648438,145.4600067138672,144.85000610351562,145.3800048828125,132.88839721679688,1682800
2021-04-13,145.0500030517578,145.38999938964844,144.38999938964844,145.1300048828125,132.65992736816406,2648000
2021-04-14,145.1699981689453,146.08999633789062,145.08999633789062,145.36000061035156,132.87013244628906,2033500
2021-04-15,146.07000732421875,146.58999633789062,145.55999755859375,146.5,133.91217041015625,2824300
2021-04-16,147.22000122070312,147.39999389648438,146.74000549316406,147.14999389648438,134.5063018798828,1578600
2021-04-19,146.97999572753906,147.02000427246094,146.02999877929688,146.4600067138672,133.87562561035156,1987600
2021-04-20,146.11000061035156,146.1999969482422,144.80999755859375,145.3699951171875,132.87928771972656,3054400
2021-04-21,145.27000427246094,147.35000610351562,145.11000061035156,147.2899932861328,134.63429260253906,3009300
2021-04-22,147.3800048828125,147.7899932861328,145.97999572753906,146.36000061035156,133.78421020507812,2459100
2021-04-23,146.58999633789062,148.35000610351562,146.44000244140625,147.94000244140625,135.22842407226562,1597400
2021-04-26,148.1999969482422,148.66000366210938,147.89999389648438,148.19000244140625,135.45693969726562,1721400
2021-04-27,148.19000244140625,148.49000549316406,147.85000610351562,148.35000610351562,135.6032257080078,1416700
2021-04-28,148.4600067138672,148.75999450683594,148.14999389648438,148.38999938964844,135.6397705078125,1678200
2021-04-29,149.19000244140625,149.52000427246094,148.27000427246094,149.36000061035156,136.52642822265625,2276800
2021-04-30,148.66000366210938,148.94000244140625,147.91000366210938,148.27999877929688,135.53919982910156,1766000
2021-05-03,149.13999938964844,149.80999755859375,148.77000427246094,149.16000366210938,136.34364318847656,2499100
2021-05-04,148.63999938964844,149.0,147.63999938964844,148.99000549316406,136.18821716308594,3329900
2021-05-05,149.42999267578125,149.72999572753906,148.42999267578125,149.3000030517578,136.47158813476562,2963500
2021-05-06,149.30999755859375,150.1199951171875,148.3699951171875,150.05999755859375,137.16629028320312,2270800
2021-05-07,149.8800048828125,151.72000122070312,149.6699981689453,151.63999938964844,138.6105499267578,3671100
2021-05-10,152.0399932861328,152.85000610351562,151.0500030517578,151.1300048828125,138.1443328857422,4154400
2021-05-11,149.5399932861328,150.1699981689453,148.00999450683594,149.30999755859375,136.480712890625,4273700
2021-05-12,148.6699981689453,149.0800018310547,145.77999877929688,146.0,133.4551239013672,4357100
2021-05-13,146.27000427246094,148.69000244140625,146.07000732421875,147.97000122070312,135.255859375,2993700
2021-05-14,148.86000061035156,150.63999938964844,148.82000732421875,150.2899932861328,137.37652587890625,2992200
2021-05-17,149.91000366210938,150.38999938964844,149.22000122070312,150.1300048828125,137.23025512695312,3319500
2021-05-18,150.32000732421875,150.36000061035156,148.7899932861328,148.8000030517578,136.01455688476562,2383100
2021-05-19,147.05999755859375,148.0800018310547,145.92999267578125,148.02999877929688,135.31069946289062,3919400
2021-05-20,148.3000030517578,149.64999389648438,148.02999877929688,149.14999389648438,136.33444213867188,2460200
2021-05-21,149.6699981689453,150.47000122070312,149.00999450683594,149.35000610351562,136.517333984375,2968500
2021-05-24,150.1199951171875,150.7100067138672,149.77999877929688,150.2100067138672,137.30337524414062,3187600
2021-05-25,150.63999938964844,150.7899932861328,149.36000061035156,149.5800018310547,136.7275390625,1637300
2021-05-26,149.7899932861328,150.19000244140625,149.55999755859375,150.08999633789062,137.19369506835938,3546000
2021-05-27,150.8000030517578,151.02000427246094,150.60000610351562,150.8300018310547,137.8701171875,1843300
2021-05-28,151.35000610351562,151.49000549316406,150.77000427246094,151.1199951171875,138.1351776123047,1552200
2021-06-01,152.19000244140625,152.3300018310547,151.22999572753906,151.6199951171875,138.59225463867188,2395400
2021-06-02,151.89999389648438,151.97999572753906,151.22000122070312,151.72999572753906,138.6927947998047,1741100
2021-06-03,151.07000732421875,151.7899932861328,150.41000366210938,151.50999450683594,138.49171447753906,2884300
2021-06-04,152.1300048828125,152.42999267578125,151.6199951171875,152.25999450683594,139.17727661132812,2075800
2021-06-07,152.52999877929688,152.52999877929688,151.75,151.99000549316406,138.93045043945312,2400100
2021-06-08,152.14999389648438,152.3800048828125,151.27999877929688,152.17999267578125,139.10411071777344,1646000
2021-06-09,152.3800048828125,152.3800048828125,151.49000549316406,151.49000549316406,138.47341918945312,1600900
2021-06-10,152.1699981689453,152.47000122070312,151.22000122070312,151.77999877929688,138.7384796142578,1756400
2021-06-11,152.02000427246094,152.2899932861328,151.60000610351562,152.17999267578125,139.10411071777344,1315500
2021-06-14,152.14999389648438,152.25999450683594,150.97999572753906,151.7100067138672,138.67454528808594,1441900
2021-06-15,151.85000610351562,152.07000732421875,151.1699981689453,151.72999572753906,138.6927947998047,2714500
2021-06-16,151.6199951171875,151.72000122070312,150.0399932861328,150.6999969482422,137.75128173828125,2776700
2021-06-17,150.50999450683594,150.91000366210938,148.19000244140625,149.22000122070312,136.39846801757812,3518800
2021-06-18,147.8800048828125,148.00999450683594,146.5800018310547,146.64999389648438,134.0492706298828,2341900
2021-06-21,147.17999267578125,149.1199951171875,147.0800018310547,149.0500030517578,136.6343536376953,4364700
2021-06-22,149.10000610351562,149.75999450683594,148.4199981689453,149.36000061035156,136.91856384277344,2095500
2021-06-23,149.49000549316406,149.75999450683594,149.07000732421875,149.11000061035156,136.68939208984375,2445700
2021-06-24,149.85000610351562,150.25999450683594,149.47000122070312,150.08999633789062,137.58775329589844,1848400
2021-06-25,150.49000549316406,151.32000732421875,150.32000732421875,151.13999938964844,138.55027770996094,2162900
2021-06-28,151.39999389648438,151.4199981689453,149.97999572753906,150.50999450683594,137.97276306152344,2222200
2021-06-29,150.8000030517578,151.27000427246094,150.3000030517578,150.39999389648438,137.87191772460938,1883000
2021-06-30,150.32000732421875,150.9499969482422,150.32000732421875,150.72999572753906,138.17442321777344,2614000
2021-07-01,151.22999572753906,151.97999572753906,151.13999938964844,151.77999877929688,139.13694763183594,2159200
2021-07-02,152.07000732421875,152.36000061035156,151.6199951171875,152.22999572753906,139.5494842529297,1228400
2021-07-06,152.11000061035156,152.11000061035156,149.8699951171875,150.89999389648438,138.33023071289062,2424500
2021-07-07,150.83999633789062,151.42999267578125,150.0800018310547,151.25999450683594,138.6602783203125,2481700
2021-07-08,149.33999633789062,150.4499969482422,148.6199951171875,149.8699951171875,137.3860626220703,3747100
2021-07-09,150.80999755859375,152.11000061035156,150.75,152.0,139.3386688232422,3006800
2021-07-12,151.6300048828125,152.5399932861328,151.22000122070312,152.49000549316406,139.787841796875,1809600
2021-07-13,152.1699981689453,152.25,151.00999450683594,151.0500030517578,138.46775817871094,2234300
2021-07-14,151.52999877929688,152.13999938964844,150.49000549316406,150.8300018310547,138.26614379882812,2338600
2021-07-15,150.1199951171875,150.7899932861328,149.66000366210938,150.42999267578125,137.8994140625,5040600
2021-07-16,150.92999267578125,151.08999633789062,149.1199951171875,149.30999755859375,136.87271118164062,2092400
2021-07-19,147.19000244140625,147.4199981689453,145.61000061035156,146.61000061035156,134.3975830078125,6121100
2021-07-20,146.9600067138672,149.86000061035156,146.77999877929688,149.38999938964844,136.94610595703125,2391600
2021-07-21,150.14999389648438,151.08999633789062,150.1300048828125,150.88999938964844,138.32110595703125,1733600
2021-07-22,150.8800048828125,150.8800048828125,149.91000366210938,150.47000122070312,137.9361114501953,1664700
2021-07-23,151.2100067138672,151.8699951171875,150.67999267578125,151.72000122070312,139.08200073242188,2106100
2021-07-26,151.58999633789062,152.38999938964844,151.5,152.14999389648438,139.4761505126953,2110500
2021-07-27,151.66000366210938,152.00999450683594,151.0,151.8800048828125,139.2286376953125,4277300
2021-07-28,152.13999938964844,152.55999755859375,151.07000732421875,151.9600067138672,139.30201721191406,2638000
2021-07-29,152.66000366210938,153.58999633789062,152.5399932861328,153.10000610351562,140.34703063964844,2714100
2021-07-30,152.52000427246094,153.6300048828125,152.47999572753906,152.67999267578125,139.96200561523438,2070000
2021-08-02,153.3800048828125,154.3000030517578,152.3800048828125,152.4499969482422,139.75115966796875,2172000
2021-08-03,152.72000122070312,153.75,151.52999877929688,153.72999572753906,140.92454528808594,2180700
2021-08-04,152.97000122070312,153.38999938964844,152.27999877929688,152.27999877929688,139.59532165527344,2270300
2021-08-05,152.83999633789062,153.42999267578125,152.75999450683594,153.42999267578125,140.64952087402344,1476400
2021-08-06,153.9199981689453,154.3699951171875,153.63999938964844,154.05999755859375,141.22708129882812,1910600
2021-08-09,153.82000732421875,154.0800018310547,153.25999450683594,153.7100067138672,140.90621948242188,1861900
2021-08-10,153.91000366210938,154.83999633789062,153.7100067138672,154.42999267578125,141.5662078857422,1845700
2021-08-11,154.75,155.42999267578125,154.27000427246094,155.4199981689453,142.4737548828125,2127200
2021-08-12,155.35000610351562,155.4600067138672,154.6300048828125,155.33999633789062,142.400390625,1601800
2021-08-13,155.47999572753906,155.6199951171875,155.1300048828125,155.32000732421875,142.38209533691406,1672800
2021-08-16,154.75,155.4199981689453,154.0800018310547,155.3699951171875,142.42791748046875,2458800
2021-08-17,154.47999572753906,154.52999877929688,152.94000244140625,154.1999969482422,141.3553924560547,3097700
2021-08-18,153.83999633789062,154.3800048828125,152.50999450683594,152.61000061035156,139.89784240722656,1788100
2021-08-19,151.4499969482422,152.80999755859375,151.22000122070312,152.27000427246094,139.586181640625,2900600
2021-08-20,152.22999572753906,153.5399932861328,151.97000122070312,153.3699951171875,140.59454345703125,2207100
2021-08-23,154.25,154.8699951171875,154.16000366210938,154.52000427246094,141.6487579345703,1745500
2021-08-24,154.8800048828125,155.44000244140625,154.8000030517578,155.14999389648438,142.22628784179688,1144400
2021-08-25,155.3000030517578,156.35000610351562,154.88999938964844,155.97000122070312,142.9779510498047,1225400
2021-08-26,155.85000610351562,155.88999938964844,154.75,154.89999389648438,141.9970703125,1735300
2021-08-27,155.25,156.8000030517578,155.25,156.55999755859375,143.51881408691406,1623800
2021-08-30,156.69000244140625,156.8800048828125,156.1699981689453,156.3300018310547,143.30796813964844,1514900
2021-08-31,156.3300018310547,156.50999450683594,155.9600067138672,156.3000030517578,143.2804718017578,1477800
2021-09-01,156.69000244140625,156.69000244140625,155.77000427246094,156.3300018310547,143.30796813964844,1300100
2021-09-02,156.9199981689453,157.4600067138672,156.83999633789062,157.38999938964844,144.2796630859375,1321600
2021-09-03,157.0800018310547,157.22000122070312,156.7100067138672,156.8800048828125,143.8121795654297,1118900
2021-09-07,156.61000061035156,156.86000061035156,155.42999267578125,155.57000732421875,142.61129760742188,1626100
2021-09-08,155.32000732421875,155.89999389648438,154.82000732421875,155.47000122070312,142.5196075439453,1438600
2021-09-09,155.35000610351562,156.24000549316406,154.97000122070312,155.02999877929688,142.1162567138672,1464200
2021-09-10,155.7899932861328,155.89999389648438,153.97000122070312,154.00999450683594,141.1811981201172,1987200
2021-09-13,155.14999389648438,155.3300018310547,153.6699981689453,154.44000244140625,141.57540893554688,2194700
2021-09-14,154.91000366210938,155.00999450683594,153.00999450683594,153.33999633789062,140.56703186035156,2146300
2021-09-15,153.3699951171875,154.92999267578125,153.0500030517578,154.6999969482422,141.81370544433594,2816800
2021-09-16,154.6300048828125,155.0,153.60000610351562,154.41000366210938,141.5478973388672,2159100
2021-09-17,154.0399932861328,154.42999267578125,152.94000244140625,153.0399932861328,140.29202270507812,3120900
2021-09-20,150.14999389648438,150.72999572753906,148.39999389648438,150.17999267578125,138.17315673828125,4130100
2021-09-21,151.0500030517578,151.30999755859375,149.44000244140625,149.63999938964844,137.6763458251953,2452700
2021-09-22,150.66000366210938,152.3000030517578,150.55999755859375,151.32000732421875,139.2220001220703,3319000
2021-09-23,152.1300048828125,154.39999389648438,152.0800018310547,153.5399932861328,141.26454162597656,3218400
2021-09-24,153.08999633789062,154.16000366210938,153.05999755859375,153.8000030517578,141.5037384033203,2444000
2021-09-27,154.10000610351562,155.13999938964844,154.02999877929688,154.30999755859375,141.97296142578125,3239300
2021-09-28,153.8699951171875,153.97999572753906,151.7899932861328,152.0,139.84765625,4857900
2021-09-29,152.5,153.08999633789062,152.00999450683594,152.3300018310547,140.15127563476562,2633500
2021-09-30,152.75999450683594,152.75999450683594,149.77000427246094,149.82000732421875,137.84193420410156,4426400
2021-10-01,150.5800018310547,152.6300048828125,149.41000366210938,151.83999633789062,139.70042419433594,3351600
2021-10-04,151.57000732421875,152.50999450683594,150.22000122070312,150.8800048828125,138.81715393066406,4596900
2021-10-05,151.44000244140625,152.91000366210938,150.88999938964844,151.9600067138672,139.8108673095703,2497600
2021-10-06,150.66000366210938,152.17999267578125,149.63999938964844,152.1699981689453,140.0040283203125,2846900
2021-10-07,153.22000122070312,154.49000549316406,153.22000122070312,153.4600067138672,141.19091796875,2243800
2021-10-08,153.6699981689453,153.9199981689453,152.97999572753906,153.10000610351562,140.8596954345703,1861000
2021-10-11,153.2100067138672,154.1199951171875,152.22999572753906,152.25999450683594,140.08685302734375,1408300
2021-10-12,152.42999267578125,153.16000366210938,151.92999267578125,152.3000030517578,140.1236572265625,1524000
2021-10-13,152.3300018310547,152.99000549316406,151.0500030517578,152.5500030517578,140.3537139892578,2283400
2021-10-14,153.8300018310547,155.17999267578125,153.6699981689453,155.1699981689453,142.7642364501953,1646800
2021-10-15,156.08999633789062,156.57000732421875,155.6300048828125,155.6999969482422,143.2518310546875,2032700
2021-10-18,155.05999755859375,156.08999633789062,154.69000244140625,155.75999450683594,143.30702209472656,1658200
2021-10-19,156.39999389648438,156.74000549316406,155.88999938964844,156.6699981689453,144.1442413330078,1576200
2021-10-20,156.64999389648438,158.00999450683594,156.6300048828125,157.8699951171875,145.2483367919922,1919700
2021-10-21,157.63999938964844,158.0800018310547,157.13999938964844,158.05999755859375,145.42315673828125,1870600
2021-10-22,158.25,159.0399932861328,157.8000030517578,158.50999450683594,145.837158203125,1547500
2021-10-25,158.85000610351562,159.35000610351562,158.27000427246094,158.8699951171875,146.1683807373047,2595000
2021-10-26,159.2899932861328,159.38999938964844,158.50999450683594,158.55999755859375,145.88316345214844,2502700
2021-10-27,158.50999450683594,158.55999755859375,156.4199981689453,156.4499969482422,143.94187927246094,2476600
2021-10-28,156.8000030517578,158.05999755859375,156.75,158.0399932861328,145.4047393798828,1758500
2021-10-29,157.69000244140625,158.24000549316406,157.22999572753906,157.75999450683594,145.1471710205078,1324400
2021-11-01,158.27999877929688,159.10000610351562,158.11000061035156,159.02000427246094,146.30642700195312,2186400
2021-11-02,159.36000061035156,159.6199951171875,158.82000732421875,159.4600067138672,146.7112274169922,1759200
2021-11-03,158.99000549316406,160.55999755859375,158.97000122070312,160.39999389648438,147.57606506347656,2342600
2021-11-04,160.52999877929688,160.97999572753906,159.50999450683594,160.07000732421875,147.2724609375,2505200
2021-11-05,161.3000030517578,162.13999938964844,160.72999572753906,161.2899932861328,148.39488220214844,2047600
2021-11-08,162.0,162.25999450683594,161.1999969482422,161.52999877929688,148.61572265625,1344700
2021-11-09,161.5399932861328,161.8699951171875,160.85000610351562,161.50999450683594,148.59730529785156,1152300
2021-11-10,161.10000610351562,161.75999450683594,160.05999755859375,160.47999572753906,147.64967346191406,2132400
2021-11-11,160.77000427246094,161.02000427246094,160.4499969482422,160.8699951171875,148.0084686279297,1083100
2021-11-12,161.3000030517578,161.85000610351562,160.85000610351562,161.64999389648438,148.72610473632812,1188500
2021-11-15,162.1699981689453,162.22999572753906,161.61000061035156,161.92999267578125,148.9837188720703,1194200
2021-11-16,162.00999450683594,162.8000030517578,161.85000610351562,162.13999938964844,149.1769256591797,1732100
2021-11-17,161.97000122070312,162.05999755859375,160.89999389648438,161.27999877929688,148.38571166992188,1608600
2021-11-18,161.6300048828125,161.6300048828125,159.9199981689453,160.69000244140625,147.8428955078125,1280400
2021-11-19,160.3699951171875,160.4499969482422,159.52999877929688,159.64999389648438,146.8860321044922,1595000
2021-11-22,160.25,161.2899932861328,159.86000061035156,159.89999389648438,147.11605834960938,2230300
2021-11-23,160.07000732421875,160.77000427246094,159.36000061035156,160.55999755859375,147.72325134277344,2112100
2021-11-24,159.82000732421875,160.77999877929688,159.67999267578125,160.63999938964844,147.796875,1595200
2021-11-26,157.24000549316406,157.57000732421875,155.77999877929688,156.4600067138672,143.95111083984375,3644300
2021-11-29,158.27999877929688,158.6699981689453,156.67999267578125,157.77000427246094,145.1563262939453,2657000
2021-11-30,156.57000732421875,156.75,153.5399932861328,153.58999633789062,141.3105010986328,4223100
2021-12-01,155.9199981689453,156.91000366210938,151.57000732421875,151.67999267578125,139.55322265625,6193400
2021-12-02,152.25,155.9600067138672,152.10000610351562,155.35000610351562,142.9298553466797,5321200
2021-12-03,156.0800018310547,156.35000610351562,153.1699981689453,154.5,142.1477508544922,5924200
2021-12-06,155.91000366210938,157.82000732421875,155.3000030517578,156.7899932861328,144.2546844482422,4885400
2021-12-07,158.3800048828125,160.1999969482422,158.27999877929688,159.44000244140625,146.69281005859375,2510800
2021-12-08,159.72000122070312,160.19000244140625,159.27000427246094,159.85000610351562,147.07003784179688,3000100
2021-12-09,159.2100067138672,159.64999389648438,158.69000244140625,158.7100067138672,146.0211639404297,1829500
2021-12-10,159.6699981689453,159.86000061035156,158.49000549316406,159.74000549316406,146.96884155273438,2200800
2021-12-13,159.5399932861328,159.5399932861328,157.99000549316406,158.5800018310547,145.90158081054688,3743000
2021-12-14,157.5500030517578,158.82000732421875,157.14999389648438,157.6300048828125,145.02752685546875,3265000
2021-12-15,157.75,159.47999572753906,156.74000549316406,159.35000610351562,146.61001586914062,4800700
2021-12-16,160.19000244140625,160.8699951171875,158.5500030517578,159.07000732421875,146.35240173339844,4805000
2021-12-17,158.49000549316406,159.27999877929688,155.80999755859375,156.9600067138672,144.41107177734375,6970300
2021-12-20,155.0,155.11000061035156,153.4199981689453,154.89999389648438,142.92918395996094,6794600
2021-12-21,156.16000366210938,158.11000061035156,156.0,158.0399932861328,145.82652282714844,3589700
2021-12-22,157.91000366210938,159.19000244140625,157.7899932861328,159.14999389648438,146.8507537841797,1855000
2021-12-23,159.66000366210938,160.72999572753906,159.66000366210938,160.22999572753906,147.84730529785156,1614100
2021-12-27,160.50999450683594,162.2899932861328,160.24000549316406,162.27999877929688,149.7388916015625,2518200
2021-12-28,162.24000549316406,163.10000610351562,162.13999938964844,162.52999877929688,149.96954345703125,2754600
2021-12-29,162.5399932861328,163.32000732421875,162.36000061035156,163.00999450683594,150.41244506835938,2915200
2021-12-30,163.19000244140625,163.86000061035156,162.5800018310547,162.75,150.17257690429688,2090100
2021-12-31,162.5800018310547,163.4499969482422,162.4600067138672,162.75,150.17257690429688,3194700
2022-01-03,163.1300048828125,163.47000122070312,161.8000030517578,162.88999938964844,150.30172729492188,3841500
2022-01-04,163.60000610351562,164.6199951171875,163.58999633789062,164.1999969482422,151.510498046875,3532000
2022-01-05,164.32000732421875,164.89999389648438,161.60000610351562,161.6699981689453,149.17601013183594,5266400
2022-01-06,162.35000610351562,163.02000427246094,161.16000366210938,162.02999877929688,149.5081787109375,3597700
2022-01-07,162.0399932861328,162.57000732421875,161.4199981689453,161.77000427246094,149.26828002929688,4051800
2022-01-10,161.08999633789062,161.27999877929688,158.8000030517578,160.9600067138672,148.5208740234375,5845200
2022-01-11,161.13999938964844,162.52999877929688,159.9600067138672,162.47999572753906,149.9234161376953,4053700
2022-01-12,162.97999572753906,163.4600067138672,161.85000610351562,162.61000061035156,150.04335021972656,3526500
2022-01-13,163.02999877929688,163.6699981689453,161.49000549316406,161.86000061035156,149.3513641357422,3157800
2022-01-14,160.7899932861328,161.72999572753906,159.75,161.5800018310547,149.09295654296875,3948500
2022-01-18,160.5,160.5500030517578,158.5399932861328,159.00999450683594,146.72157287597656,4653200
2022-01-19,159.7100067138672,160.0,157.3000030517578,157.36000061035156,145.19906616210938,4899600
2022-01-20,157.77999877929688,159.58999633789062,155.2100067138672,155.36000061035156,143.35365295410156,7227200
2022-01-21,155.14999389648438,156.0399932861328,152.82000732421875,153.08999633789062,141.25904846191406,8646900
2022-01-24,151.0399932861328,154.47999572753906,148.16000366210938,154.24000549316406,142.32022094726562,10105000
2022-01-25,152.0500030517578,154.3000030517578,149.63999938964844,152.77999877929688,140.9730224609375,6199200
2022-01-26,154.0800018310547,155.36000061035156,150.14999389648438,151.5500030517578,139.83810424804688,8083200
2022-01-27,153.1300048828125,154.49000549316406,149.86000061035156,150.6999969482422,139.0537567138672,5311300
2022-01-28,150.44000244140625,153.27999877929688,148.97000122070312,153.27999877929688,141.43441772460938,5525700
2022-01-31,152.5399932861328,155.75999450683594,152.2899932861328,155.63999938964844,143.61199951171875,5070600
2022-02-01,155.6999969482422,157.02999877929688,154.64999389648438,156.85000610351562,144.72848510742188,5615600
2022-02-02,156.97999572753906,158.1699981689453,156.27000427246094,157.8699951171875,145.669677734375,4974300
2022-02-03,156.8699951171875,157.6199951171875,155.66000366210938,155.8699951171875,143.82421875,5293900
2022-02-04,155.24000549316406,156.92999267578125,154.16000366210938,155.72999572753906,143.695068359375,5358900
2022-02-07,155.9199981689453,157.00999450683594,155.50999450683594,155.8300018310547,143.78732299804688,2881100
2022-02-08,155.9600067138672,157.55999755859375,155.42999267578125,157.25999450683594,145.10678100585938,3488800
2022-02-09,158.75999450683594,160.07000732421875,158.5800018310547,159.9199981689453,147.56124877929688,3969700
2022-02-10,158.0,160.4499969482422,156.6699981689453,157.39999389648438,145.23599243164062,4940500
2022-02-11,157.47999572753906,158.52000427246094,154.74000549316406,155.32000732421875,143.31674194335938,4224800
2022-02-14,155.3800048828125,155.75,153.07000732421875,154.0800018310547,142.1725616455078,4231900
2022-02-15,155.39999389648438,156.55999755859375,155.22999572753906,156.42999267578125,144.3409423828125,2927000
2022-02-16,155.8000030517578,157.38999938964844,155.4600067138672,156.9499969482422,144.82078552246094,4015700
2022-02-17,155.75999450683594,156.0,153.8699951171875,154.1300048828125,142.2186737060547,3052100
2022-02-18,154.00999450683594,155.1199951171875,152.85000610351562,153.5500030517578,141.68353271484375,3681700
2022-02-22,153.3000030517578,153.99000549316406,150.97000122070312,152.02000427246094,140.27178955078125,4534400
2022-02-23,153.00999450683594,153.42999267578125,149.49000549316406,149.6699981689453,138.1033477783203,4773700
2022-02-24,146.5399932861328,151.27000427246094,146.1199951171875,151.10000610351562,139.42286682128906,8030900
2022-02-25,151.47999572753906,155.17999267578125,151.4600067138672,155.16000366210938,143.16912841796875,6433300
2022-02-28,152.89999389648438,154.9600067138672,152.39999389648438,154.25,142.3294677734375,6172900
2022-03-01,153.5800018310547,154.47999572753906,150.6199951171875,151.60000610351562,139.88421630859375,7314500
2022-03-02,152.49000549316406,155.4600067138672,152.4600067138672,154.8300018310547,142.86460876464844,5611900
2022-03-03,155.5500030517578,155.8699951171875,153.41000366210938,154.50999450683594,142.56932067871094,4578400
2022-03-04,153.0399932861328,153.67999267578125,151.77000427246094,153.5800018310547,141.71121215820312,4066500
2022-03-07,153.13999938964844,153.35000610351562,149.22000122070312,149.3300018310547,137.78961181640625,4467100
2022-03-08,149.63999938964844,151.77000427246094,148.24000549316406,148.25999450683594,136.80233764648438,5654700
2022-03-09,150.91000366210938,152.27000427246094,150.5,151.39999389648438,139.69964599609375,4120100
2022-03-10,149.6699981689453,151.3800048828125,149.39999389648438,151.11000061035156,139.4320831298828,2684000
2022-03-11,151.9499969482422,152.41000366210938,149.41000366210938,149.52000427246094,137.96498107910156,2091100
2022-03-14,150.1699981689453,151.05999755859375,148.36000061035156,148.97000122070312,137.45751953125,2753400
2022-03-15,149.6199951171875,151.60000610351562,149.38999938964844,151.3699951171875,139.6719970703125,3326000
2022-03-16,152.47000122070312,154.24000549316406,150.8800048828125,154.22999572753906,142.31097412109375,4260500
2022-03-17,153.58999633789062,156.1699981689453,153.44000244140625,156.1699981689453,144.10104370117188,3085000
2022-03-18,155.6300048828125,157.33999633789062,155.30999755859375,157.1699981689453,145.0238037109375,2489600
2022-03-21,156.3699951171875,157.25,155.05999755859375,156.0800018310547,144.61984252929688,2529300
2022-03-22,156.77000427246094,157.7100067138672,156.72000122070312,157.38999938964844,145.8335723876953,2010300
2022-03-23,156.6999969482422,156.9199981689453,155.11000061035156,155.13999938964844,143.74880981445312,1802700
2022-03-24,155.7100067138672,156.97000122070312,155.17999267578125,156.9499969482422,145.42591857910156,953200
2022-03-25,157.33999633789062,158.08999633789062,156.58999633789062,158.02000427246094,146.4173126220703,988100
2022-03-28,157.77000427246094,158.49000549316406,156.72999572753906,158.49000549316406,146.85284423828125,1943100
2022-03-29,159.86000061035156,161.24000549316406,159.57000732421875,161.1199951171875,149.28970336914062,1903100
2022-03-30,160.69000244140625,161.00999450683594,159.1199951171875,159.88999938964844,148.15005493164062,2053100
2022-03-31,159.6699981689453,160.1999969482422,157.6300048828125,157.7100067138672,146.13011169433594,2252000
2022-04-01,158.4199981689453,158.5500030517578,156.92999267578125,158.22000122070312,146.6026611328125,2171600
2022-04-04,158.30999755859375,158.67999267578125,157.49000549316406,158.55999755859375,146.91769409179688,1814300
2022-04-05,158.2100067138672,159.0800018310547,156.4499969482422,156.8699951171875,145.35177612304688,1669600
2022-04-06,155.7899932861328,156.57000732421875,154.94000244140625,156.0800018310547,144.61984252929688,2000700
2022-04-07,155.91000366210938,157.1999969482422,154.7899932861328,156.55999755859375,145.06455993652344,1312300
2022-04-08,156.5,157.80999755859375,155.99000549316406,156.88999938964844,145.37030029296875,2334800
2022-04-11,156.1199951171875,157.02999877929688,155.19000244140625,155.3699951171875,143.96189880371094,1553500
2022-04-12,155.92999267578125,157.27000427246094,154.35000610351562,154.85000610351562,143.48011779785156,2301400
2022-04-13,154.99000549316406,156.7899932861328,154.99000549316406,156.60000610351562,145.1016387939453,1957000
2022-04-14,156.8000030517578,157.5399932861328,155.47999572753906,155.52999877929688,144.1101531982422,1735500
2022-04-18,155.1999969482422,156.0399932861328,154.5,155.1999969482422,143.80438232421875,1922500
2022-04-19,155.3000030517578,158.2100067138672,155.3000030517578,157.9499969482422,146.35247802734375,2264000
2022-04-20,158.6199951171875,159.77000427246094,158.38999938964844,158.9600067138672,147.28834533691406,2557200
2022-04-21,160.25,160.47999572753906,156.33999633789062,156.66000366210938,145.15724182128906,2620800
2022-04-22,156.07000732421875,156.16000366210938,152.27000427246094,152.38999938964844,141.2007293701172,3873000
2022-04-25,151.5,153.02999877929688,149.41000366210938,152.85000610351562,141.626953125,3456600
2022-04-26,151.94000244140625,152.2100067138672,149.1300048828125,149.19000244140625,138.23568725585938,2998400
2022-04-27,149.52999877929688,151.02999877929688,148.57000732421875,149.47000122070312,138.49510192871094,3588900
2022-04-28,150.74000549316406,152.7100067138672,148.72999572753906,152.07000732421875,140.90423583984375,4006200
2022-04-29,151.4199981689453,152.27000427246094,147.19000244140625,147.4499969482422,136.6234130859375,4108000
2022-05-02,147.60000610351562,148.8300018310547,144.74000549316406,147.85000610351562,136.99407958984375,5308800
2022-05-03,148.1199951171875,150.02999877929688,147.9199981689453,149.07000732421875,138.12452697753906,2430400
2022-05-04,149.3000030517578,153.4600067138672,148.1699981689453,153.22000122070312,141.96978759765625,2935800
2022-05-05,151.91000366210938,152.14999389648438,147.17999267578125,148.61000061035156,137.69830322265625,5450600
2022-05-06,147.77000427246094,148.2100067138672,145.2100067138672,147.25,136.43814086914062,3421500
2022-05-09,145.27000427246094,145.77000427246094,142.32000732421875,142.8800048828125,132.38900756835938,4993600
2022-05-10,144.72999572753906,145.3300018310547,140.66000366210938,142.50999450683594,132.04612731933594,5322100
2022-05-11,142.49000549316406,144.8699951171875,140.52000427246094,140.6699981689453,130.34127807617188,3826000
2022-05-12,140.0,142.25,138.8800048828125,141.27000427246094,130.89723205566406,4555100
2022-05-13,142.58999633789062,145.08999633789062,142.47999572753906,144.5,133.89007568359375,2373400
2022-05-16,144.02000427246094,145.1300048828125,142.97000122070312,143.99000549316406,133.41751098632812,2105600
2022-05-17,146.02999877929688,147.07000732421875,144.9499969482422,147.0399932861328,136.2435760498047,5057700
2022-05-18,145.55999755859375,145.58999633789062,141.00999450683594,141.50999450683594,131.1195831298828,2108300
2022-05-19,140.1999969482422,142.77999877929688,139.8800048828125,141.19000244140625,130.82305908203125,2515000
2022-05-20,142.36000061035156,142.57000732421875,138.1199951171875,141.19000244140625,130.82305908203125,4302400
2022-05-23,142.5800018310547,143.58999633789062,141.1699981689453,143.17999267578125,132.6669464111328,2905500
2022-05-24,142.2100067138672,142.6999969482422,139.80999755859375,142.2899932861328,131.84231567382812,4026400
2022-05-25,141.83999633789062,144.47000122070312,141.77000427246094,143.92999267578125,133.3618927001953,1937100
2022-05-26,144.77000427246094,147.61000061035156,144.77000427246094,146.97000122070312,136.1786651611328,3162500
2022-05-27,147.77999877929688,150.33999633789062,147.75,150.33999633789062,139.3012237548828,3196700
2022-05-31,149.4600067138672,150.1199951171875,148.13999938964844,148.92999267578125,137.99478149414062,2746200
2022-06-01,149.5800018310547,149.88999938964844,146.1300048828125,147.35000610351562,136.5308074951172,2113400
2022-06-02,147.4499969482422,149.97999572753906,146.69000244140625,149.94000244140625,138.93063354492188,1872400
2022-06-03,148.6199951171875,149.1699981689453,147.88999938964844,148.1699981689453,137.29055786132812,1591900
2022-06-06,149.3699951171875,149.91000366210938,148.35000610351562,148.7100067138672,137.7909393310547,2004800
2022-06-07,147.4199981689453,150.27999877929688,147.27999877929688,150.1300048828125,139.10667419433594,1581100
2022-06-08,149.42999267578125,149.72000122070312,147.7100067138672,148.00999450683594,137.14231872558594,1370300
2022-06-09,147.41000366210938,147.7100067138672,144.64999389648438,144.64999389648438,134.02903747558594,1182100
2022-06-10,142.38999938964844,142.5,140.7100067138672,140.7100067138672,130.3783416748047,2594700
2022-06-13,137.4199981689453,137.88999938964844,134.38999938964844,135.0500030517578,125.1339111328125,3705400
2022-06-14,135.7899932861328,136.1199951171875,133.16000366210938,134.35000610351562,124.48532104492188,3562600
2022-06-15,135.5500030517578,137.4199981689453,133.4499969482422,135.63999938964844,125.68058776855469,2899900
2022-06-16,132.85000610351562,132.85000610351562,129.9199981689453,130.83999633789062,121.23303985595703,2967400
2022-06-17,131.14999389648438,132.25999450683594,129.55999755859375,131.13999938964844,121.51101684570312,3359100
2022-06-21,132.3800048828125,133.25999450683594,132.0399932861328,132.69000244140625,123.60984802246094,1833300
2022-06-22,131.07000732421875,133.82000732421875,130.88999938964844,132.6199951171875,123.54463958740234,3062800
2022-06-23,133.22000122070312,133.97000122070312,131.99000549316406,133.72000122070312,124.56937408447266,2607900
2022-06-24,134.85000610351562,138.1199951171875,134.8000030517578,138.07000732421875,128.62167358398438,2259500
2022-06-27,138.49000549316406,138.77999877929688,137.27000427246094,138.0,128.55648803710938,2063000
2022-06-28,138.75,139.94000244140625,135.77999877929688,135.89999389648438,126.60015869140625,1664200
2022-06-29,135.94000244140625,135.97000122070312,134.3000030517578,135.07000732421875,125.8270034790039,2203500
2022-06-30,133.5399932861328,135.4499969482422,132.5,134.22999572753906,125.04444885253906,1868600
2022-07-01,133.97999572753906,136.17999267578125,133.1999969482422,135.8699951171875,126.57219696044922,2679100
2022-07-05,134.02999877929688,135.57000732421875,132.4600067138672,135.5500030517578,126.27409362792969,1646500
2022-07-06,135.52000427246094,136.50999450683594,134.39999389648438,135.5800018310547,126.30204772949219,1318500
2022-07-07,136.4499969482422,137.85000610351562,136.42999267578125,137.5500030517578,128.13726806640625,1481400
2022-07-08,137.3699951171875,137.94000244140625,136.27999877929688,137.0399932861328,127.66214752197266,1120400
2022-07-11,136.0399932861328,136.52999877929688,135.5500030517578,135.77999877929688,126.48835754394531,1346600
2022-07-12,135.25,136.69000244140625,134.50999450683594,135.1300048828125,125.88288116455078,1622200
2022-07-13,133.30999755859375,135.22000122070312,132.8000030517578,134.3800048828125,125.18415069580078,1679700
2022-07-14,132.24000549316406,133.49000549316406,131.47999572753906,133.32000732421875,124.19670867919922,1818900
2022-07-15,134.91000366210938,135.88999938964844,133.86000061035156,135.85000610351562,126.55360412597656,1669400
2022-07-18,136.9600067138672,137.2899932861328,134.8000030517578,135.25999450683594,126.00395202636719,1122600
2022-07-19,136.67999267578125,139.4199981689453,136.67999267578125,139.13999938964844,129.61843872070312,1441400
2022-07-20,138.97000122070312,140.41000366210938,138.7100067138672,140.07000732421875,130.48480224609375,2179800
2022-07-21,139.58999633789062,141.16000366210938,138.91000366210938,141.16000366210938,131.5001983642578,1331500
2022-07-22,141.41000366210938,141.97000122070312,139.4600067138672,140.33999633789062,130.73631286621094,1215400
2022-07-25,140.60000610351562,140.97000122070312,139.7100067138672,140.69000244140625,131.0623779296875,1571600
2022-07-26,140.25,140.25999450683594,139.25,139.58999633789062,130.03765869140625,903500
2022-07-27,140.3300018310547,142.82000732421875,140.08999633789062,142.3000030517578,132.5622100830078,2192800
2022-07-28,142.63999938964844,144.67999267578125,141.5399932861328,144.5500030517578,134.65823364257812,2438200
2022-07-29,144.52999877929688,146.1999969482422,144.2100067138672,145.83999633789062,135.85995483398438,1981900
2022-08-01,145.11000061035156,146.0399932861328,144.36000061035156,145.55999755859375,135.59915161132812,2047000
2022-08-02,145.02000427246094,146.25999450683594,144.24000549316406,144.52999877929688,134.63963317871094,1446900
2022-08-03,145.27999877929688,146.41000366210938,144.77000427246094,146.02999877929688,136.03692626953125,1772500
2022-08-04,145.85000610351562,146.17999267578125,145.5,145.72000122070312,135.74818420410156,1662700
2022-08-05,144.4199981689453,146.07000732421875,144.30999755859375,145.8800048828125,135.897216796875,1454500
2022-08-08,146.67999267578125,147.6999969482422,146.02999877929688,146.2899932861328,136.27914428710938,1441500
2022-08-09,146.10000610351562,146.2100067138672,145.00999450683594,145.44000244140625,135.48733520507812,1237700
2022-08-10,147.83999633789062,148.75999450683594,147.6300048828125,148.5500030517578,138.38449096679688,3283100
2022-08-11,149.58999633789062,150.89999389648438,148.9499969482422,149.2100067138672,138.99935913085938,3091600
2022-08-12,149.88999938964844,151.63999938964844,149.67999267578125,151.6199951171875,141.2444305419922,2342600
2022-08-15,150.72000122070312,152.1300048828125,150.63999938964844,151.9499969482422,141.55186462402344,2753200
2022-08-16,151.50999450683594,153.10000610351562,151.38999938964844,152.38999938964844,141.9617462158203,1361700
2022-08-17,151.02999877929688,151.80999755859375,150.1300048828125,150.9600067138672,140.62962341308594,1394100
2022-08-18,151.0500030517578,151.63999938964844,150.66000366210938,151.44000244140625,141.07675170898438,1148500
2022-08-19,150.41000366210938,150.55999755859375,149.02000427246094,149.44000244140625,139.2135772705078,997400
2022-08-22,147.75,147.75,145.94000244140625,146.32000732421875,136.30712890625,2248300
2022-08-23,146.38999938964844,147.1699981689453,145.75999450683594,145.94000244140625,135.953125,1557400
2022-08-24,145.97000122070312,147.1699981689453,145.72000122070312,146.6699981689453,136.6331787109375,878800
2022-08-25,147.27000427246094,148.92999267578125,147.07000732421875,148.92999267578125,138.73851013183594,1779700
2022-08-26,149.10000610351562,149.1300048828125,144.07000732421875,144.1300048828125,134.26699829101562,1560500
2022-08-29,143.07000732421875,144.47000122070312,142.69000244140625,143.2899932861328,133.48443603515625,2167300
2022-08-30,143.72999572753906,143.77999877929688,141.17999267578125,141.77999877929688,132.0778045654297,2164600
2022-08-31,142.27999877929688,142.72000122070312,140.61000061035156,140.75999450683594,131.1276092529297,2165500
2022-09-01,139.80999755859375,140.99000549316406,138.63999938964844,140.8800048828125,131.2393798828125,1838600
2022-09-02,142.33999633789062,142.9499969482422,139.2100067138672,139.86000061035156,130.2891845703125,1296200
2022-09-06,140.3000030517578,140.49000549316406,138.52999877929688,139.47000122070312,129.9258575439453,1868500
2022-09-07,139.35000610351562,142.75999450683594,139.3300018310547,142.52999877929688,132.77645874023438,2094900
2022-09-08,141.69000244140625,143.82000732421875,141.1199951171875,143.75999450683594,133.92225646972656,2110200
2022-09-09,144.72999572753906,146.11000061035156,144.5,145.74000549316406,135.76681518554688,1548200
2022-09-12,146.58999633789062,147.4499969482422,146.25999450683594,147.10000610351562,137.0337371826172,1844600
2022-09-13,143.9600067138672,144.35000610351562,140.8699951171875,141.27999877929688,131.61199951171875,2008000
2022-09-14,141.5500030517578,141.8000030517578,140.07000732421875,141.27000427246094,131.60269165039062,1575900
2022-09-15,140.86000061035156,142.25999450683594,139.7899932861328,140.14999389648438,130.55935668945312,1678700
2022-09-16,138.61000061035156,139.0399932861328,137.5800018310547,138.75,129.25514221191406,2430900
2022-09-19,136.86000061035156,139.22000122070312,136.86000061035156,139.14999389648438,130.21902465820312,1283100
2022-09-20,138.00999450683594,138.10000610351562,135.9199981689453,136.91000366210938,128.12278747558594,1497600
2022-09-21,137.63999938964844,138.8000030517578,134.63999938964844,134.63999938964844,125.99848937988281,2226800
2022-09-22,134.55999755859375,134.7100067138672,132.60000610351562,132.7100067138672,124.19237518310547,3304900
2022-09-23,131.3800048828125,131.3800048828125,128.69000244140625,130.47999572753906,122.10549926757812,4099600
2022-09-26,129.99000549316406,130.97999572753906,128.08999633789062,128.58999633789062,120.33679962158203,2987200
2022-09-27,129.86000061035156,130.57000732421875,127.26000213623047,128.17999267578125,119.95310974121094,2756000
2022-09-28,128.9499969482422,131.80999755859375,128.4499969482422,131.16000366210938,122.74185943603516,4854500
2022-09-29,129.97000122070312,130.0,127.73999786376953,128.67999267578125,120.42101287841797,3154600
2022-09-30,128.57000732421875,129.85000610351562,127.08000183105469,127.27999877929688,119.11087799072266,2548300
2022-10-03,128.6699981689453,131.60000610351562,127.94000244140625,130.8300018310547,122.43303680419922,4943300
2022-10-04,132.85000610351562,135.36000061035156,132.80999755859375,135.33999633789062,126.65357971191406,4074600
2022-10-05,133.69000244140625,135.69000244140625,132.8000030517578,134.80999755859375,126.15760040283203,2399300
2022-10-06,134.25999450683594,135.3000030517578,133.0800018310547,133.30999755859375,124.75385284423828,1698900
2022-10-07,132.00999450683594,132.1999969482422,129.38999938964844,130.14999389648438,121.79666137695312,3197700
2022-10-10,130.61000061035156,130.75999450683594,128.39999389648438,129.27000427246094,120.97315979003906,3571800
2022-10-11,128.7899932861328,130.44000244140625,127.7300033569336,128.69000244140625,120.43038940429688,2521900
2022-10-12,128.74000549316406,129.13999938964844,127.91000366210938,128.02000427246094,119.80339050292969,2419900
2022-10-13,125.45999908447266,131.6999969482422,124.91999816894531,131.10000610351562,122.68570709228516,4820200
2022-10-14,131.97999572753906,132.6999969482422,127.91999816894531,128.1999969482422,119.9718246459961,2663400
2022-10-17,130.30999755859375,131.67999267578125,130.30999755859375,130.99000549316406,122.58275604248047,2500700
2022-10-18,133.50999450683594,134.2100067138672,131.6699981689453,132.92999267578125,124.39824676513672,4707000
2022-10-19,132.00999450683594,132.77999877929688,130.3699951171875,131.36000061035156,122.92903137207031,2030400
2022-10-20,131.52999877929688,132.77000427246094,129.6199951171875,129.89999389648438,121.56271362304688,2821500
2022-10-21,129.88999938964844,133.05999755859375,129.27999877929688,132.8699951171875,124.34209442138672,2535100
2022-10-24,133.52000427246094,134.72000122070312,132.6699981689453,134.35000610351562,125.72711944580078,2637600
2022-10-25,134.36000061035156,137.0500030517578,134.27000427246094,136.92999267578125,128.14151000976562,3735900
2022-10-26,137.05999755859375,138.8699951171875,136.80999755859375,137.1999969482422,128.39419555664062,2762100
2022-10-27,138.0,139.14999389648438,137.1699981689453,137.3300018310547,128.515869140625,2734800
2022-10-28,137.39999389648438,140.3300018310547,137.22000122070312,140.17999267578125,131.1829071044922,3407200
2022-10-31,139.44000244140625,140.4499969482422,139.11000061035156,139.55999755859375,130.6027069091797,3715700
2022-11-01,141.02999877929688,141.22999572753906,139.25,139.89999389648438,130.92091369628906,3684400
2022-11-02,139.63999938964844,143.5500030517578,136.49000549316406,136.49000549316406,127.7297592163086,4326800
2022-11-03,135.0800018310547,136.74000549316406,134.08999633789062,135.8000030517578,127.08403778076172,4013800
2022-11-04,137.6999969482422,138.83999633789062,135.74000549316406,137.91000366210938,129.05860900878906,5355300
2022-11-07,138.47000122070312,139.1999969482422,137.5399932861328,139.00999450683594,130.08798217773438,3693600
2022-11-08,139.36000061035156,141.1300048828125,138.33999633789062,139.83999633789062,130.86474609375,6172400
2022-11-09,138.9199981689453,139.6999969482422,137.1199951171875,137.3300018310547,128.515869140625,2566800
2022-11-10,142.07000732421875,144.8800048828125,141.75,144.69000244140625,135.40345764160156,6723100
2022-11-11,145.17999267578125,146.5800018310547,144.74000549316406,146.0800018310547,136.70423889160156,7571900
2022-11-14,145.55999755859375,146.6199951171875,144.41000366210938,144.49000549316406,135.21627807617188,3673600
2022-11-15,146.63999938964844,146.9600067138672,144.4600067138672,145.85000610351562,136.48899841308594,3981800
2022-11-16,145.13999938964844,145.32000732421875,144.00999450683594,144.3000030517578,135.03851318359375,4210900
2022-11-17,142.3699951171875,143.49000549316406,141.75,143.4600067138672,134.25242614746094,5512600
2022-11-18,144.91000366210938,145.16000366210938,143.33999633789062,144.52999877929688,135.25372314453125,3439700
2022-11-21,143.91000366210938,144.6699981689453,143.55999755859375,144.47000122070312,135.19757080078125,1938100
2022-11-22,145.25999450683594,146.4600067138672,144.92999267578125,146.38999938964844,136.99435424804688,3184200
2022-11-23,146.14999389648438,147.24000549316406,146.0800018310547,147.0,137.565185546875,2213200
2022-11-25,147.0,147.5,147.0,147.5,138.03306579589844,825500
2022-11-28,146.27999877929688,146.74000549316406,144.5800018310547,144.8699951171875,135.5718994140625,1915600
2022-11-29,145.13999938964844,145.7899932861328,144.6300048828125,145.3300018310547,136.00241088867188,2202100
2022-11-30,145.5,148.88999938964844,144.32000732421875,148.82000732421875,139.26840209960938,4546500
2022-12-01,149.6199951171875,150.1999969482422,148.35000610351562,149.02999877929688,139.46490478515625,3723600
2022-12-02,147.1699981689453,149.36000061035156,147.1699981689453,148.94000244140625,139.3806915283203,2260600
2022-12-05,147.8800048828125,147.97000122070312,145.6199951171875,146.05999755859375,136.68553161621094,2811400
2022-12-06,146.10000610351562,146.27000427246094,143.47000122070312,144.4600067138672,135.18824768066406,2693600
2022-12-07,144.05999755859375,145.27000427246094,143.91000366210938,144.22000122070312,134.96359252929688,2269900
2022-12-08,145.07000732421875,145.8699951171875,144.50999450683594,145.14999389648438,135.83392333984375,2570600
2022-12-09,144.66000366210938,145.41000366210938,143.97000122070312,144.02999877929688,134.78585815429688,1650200
2022-12-12,144.27000427246094,146.14999389648438,143.8699951171875,146.14999389648438,136.769775390625,1914200
2022-12-13,150.0800018310547,150.0800018310547,146.1199951171875,147.1699981689453,137.7242889404297,4117400
2022-12-14,147.10000610351562,148.36000061035156,145.22999572753906,146.3000030517578,136.91014099121094,2919500
2022-12-15,144.4600067138672,144.72000122070312,142.5500030517578,143.08999633789062,133.90615844726562,3411200
2022-12-16,141.8300018310547,142.24000549316406,140.42999267578125,141.36000061035156,132.2871856689453,2988000
2022-12-19,140.86000061035156,141.14999389648438,138.9600067138672,139.6300048828125,131.20472717285156,4400500
2022-12-20,139.4600067138672,140.36000061035156,139.00999450683594,139.77000427246094,131.33627319335938,2076800
2022-12-21,140.94000244140625,142.27000427246094,140.77999877929688,141.92999267578125,133.36590576171875,3052200
2022-12-22,140.8300018310547,140.88999938964844,138.00999450683594,140.38999938964844,131.91880798339844,3763300
2022-12-23,140.27999877929688,141.33999633789062,139.57000732421875,141.2899932861328,132.76455688476562,2284500
2022-12-27,141.4199981689453,141.85000610351562,140.55999755859375,141.3800048828125,132.84912109375,2010700
2022-12-28,141.47999572753906,141.89999389648438,139.32000732421875,139.35000610351562,130.94163513183594,2306100
2022-12-29,140.27999877929688,142.22000122070312,140.13999938964844,141.8300018310547,133.27197265625,2587400
2022-12-30,140.94000244140625,141.33999633789062,139.9600067138672,141.25,132.72698974609375,2805100
2023-01-03,142.0800018310547,142.83999633789062,140.0,141.1199951171875,132.6047821044922,3859700
2023-01-04,142.0800018310547,143.9199981689453,141.85000610351562,143.32000732421875,134.6720428466797,2506200
2023-01-05,142.38999938964844,142.52999877929688,141.39999389648438,141.8300018310547,133.27197265625,2243500
2023-01-06,143.32000732421875,145.63999938964844,142.30999755859375,145.22999572753906,136.466796875,2841600
2023-01-09,145.97000122070312,147.14999389648438,145.22000122070312,145.2899932861328,136.52316284179688,2701400
2023-01-10,145.10000610351562,146.41000366210938,144.64999389648438,146.3800048828125,137.5474395751953,2115300
2023-01-11,146.97000122070312,148.17999267578125,146.8000030517578,148.16000366210938,139.2200164794922,3979800
2023-01-12,148.61000061035156,149.24000549316406,147.22000122070312,148.72000122070312,139.74623107910156,2916800
2023-01-13,147.52999877929688,149.27000427246094,147.30999755859375,149.07000732421875,140.07508850097656,2069900
2023-01-17,148.97000122070312,149.66000366210938,148.55999755859375,148.74000549316406,139.76499938964844,3228600
2023-01-18,149.3300018310547,149.67999267578125,146.3699951171875,146.4499969482422,137.61317443847656,2689300
2023-01-19,145.5500030517578,145.82000732421875,144.3699951171875,144.94000244140625,136.19430541992188,2753100
2023-01-20,145.44000244140625,147.5399932861328,144.55999755859375,147.4600067138672,138.56228637695312,2564800
2023-01-23,147.7899932861328,149.9499969482422,147.5,149.3300018310547,140.3193817138672,2475700
2023-01-24,148.89999389648438,149.3699951171875,148.02999877929688,148.97999572753906,139.9905242919922,2383300
2023-01-25,147.72999572753906,149.35000610351562,146.9499969482422,149.32000732421875,140.31004333496094,2948800
2023-01-26,150.14999389648438,150.61000061035156,149.0,150.52000427246094,141.43760681152344,4367800
2023-01-27,150.2100067138672,151.5399932861328,149.97999572753906,150.8000030517578,141.70071411132812,2888300
2023-01-30,149.72999572753906,150.86000061035156,149.10000610351562,149.1999969482422,140.19725036621094,2587000
2023-01-31,149.5800018310547,151.72999572753906,149.24000549316406,151.72999572753906,142.57461547851562,3279900
2023-02-01,150.94000244140625,154.2899932861328,150.22999572753906,153.27999877929688,144.03103637695312,3688100
2023-02-02,154.35000610351562,155.72000122070312,153.6999969482422,154.9600067138672,145.6096954345703,4528000
2023-02-03,153.3800048828125,154.27999877929688,152.6300048828125,153.05999755859375,143.8243408203125,4671900
2023-02-06,152.07000732421875,152.4600067138672,151.47000122070312,151.97999572753906,142.8094940185547,1874000
2023-02-07,151.63999938964844,153.85000610351562,150.77000427246094,153.39999389648438,144.14382934570312,4267400
2023-02-08,152.58999633789062,153.13999938964844,151.60000610351562,151.88999938964844,142.7249298095703,2797000
2023-02-09,153.07000732421875,153.36000061035156,150.05999755859375,150.5,141.41880798339844,2179500
2023-02-10,150.08999633789062,151.10000610351562,149.80999755859375,150.9600067138672,141.85107421875,2329900
2023-02-13,151.13999938964844,152.6699981689453,150.85000610351562,152.64999389648438,143.43905639648438,2036100
2023-02-14,152.25999450683594,153.4600067138672,151.02000427246094,152.36000061035156,143.16656494140625,3398000
2023-02-15,151.60000610351562,153.10000610351562,151.3000030517578,153.0800018310547,143.8431396484375,1892400
2023-02-16,151.2899932861328,152.74000549316406,150.92999267578125,151.35000610351562,142.2174835205078,2223700
2023-02-17,150.7100067138672,151.14999389648438,149.80999755859375,151.02999877929688,141.9168243408203,1673900
2023-02-21,149.7100067138672,149.8000030517578,147.52000427246094,147.75,138.83474731445312,2587800
2023-02-22,147.85000610351562,148.50999450683594,146.99000549316406,147.57000732421875,138.6656036376953,3720800
2023-02-23,148.47000122070312,148.80999755859375,146.55999755859375,148.1199951171875,139.1824188232422,2632600
2023-02-24,146.3699951171875,147.16000366210938,145.6699981689453,146.85000610351562,137.9890594482422,3517500
2023-02-27,148.10000610351562,148.6699981689453,146.67999267578125,147.02999877929688,138.15818786621094,2366500
2023-02-28,147.0800018310547,147.75999450683594,146.60000610351562,146.60000610351562,137.75416564941406,2763300
2023-03-01,146.35000610351562,146.88999938964844,145.74000549316406,146.3300018310547,137.50042724609375,2872500
2023-03-02,145.77000427246094,147.7899932861328,145.3000030517578,147.47999572753906,138.5810546875,3517300
2023-03-03,148.17999267578125,149.72000122070312,147.61000061035156,149.5500030517578,140.52613830566406,3095000
2023-03-06,149.72999572753906,150.2100067138672,148.60000610351562,148.8300018310547,139.84959411621094,2626400
2023-03-07,148.8699951171875,149.02000427246094,146.22000122070312,146.42999267578125,137.59439086914062,2875200
2023-03-08,146.49000549316406,147.1699981689453,145.8800048828125,146.74000549316406,137.8856964111328,3049300
2023-03-09,146.85000610351562,147.2899932861328,143.19000244140625,143.5,134.84120178222656,3693800
2023-03-10,143.1300048828125,143.50999450683594,139.64999389648438,140.47000122070312,131.99404907226562,7123300
2023-03-13,138.00999450683594,140.6999969482422,137.02000427246094,138.75,130.3778076171875,8104700
2023-03-14,141.22000122070312,141.9499969482422,139.11000061035156,140.6999969482422,132.2101287841797,3819100
2023-03-15,138.11000061035156,138.72999572753906,136.6699981689453,138.72999572753906,130.35902404785156,6605200
2023-03-16,137.52000427246094,140.69000244140625,137.13999938964844,140.39999389648438,131.92825317382812,8420400
2023-03-17,139.9600067138672,139.9600067138672,137.5800018310547,138.02999877929688,129.70126342773438,4967300
2023-03-20,137.88999938964844,139.6699981689453,137.88999938964844,139.1199951171875,131.3831787109375,3404300
2023-03-21,140.6999969482422,141.25999450683594,140.13999938964844,140.97999572753906,133.1397705078125,2214900
2023-03-22,140.99000549316406,141.49000549316406,137.67999267578125,137.80999755859375,130.14605712890625,5039600
2023-03-23,138.52000427246094,139.88999938964844,136.3699951171875,137.35000610351562,129.71163940429688,7020600
2023-03-24,136.61000061035156,138.6199951171875,135.7899932861328,138.52000427246094,130.81658935546875,6862600
2023-03-27,139.7100067138672,140.14999389648438,138.86000061035156,139.44000244140625,131.68544006347656,3065600
2023-03-28,139.22999572753906,140.1300048828125,139.10000610351562,139.72000122070312,131.9498291015625,1693400
2023-03-29,141.0,141.92999267578125,140.8300018310547,141.82000732421875,133.93307495117188,2480600
2023-03-30,142.94000244140625,143.17999267578125,141.92999267578125,142.52000427246094,134.59413146972656,2695900
2023-03-31,143.0800018310547,144.67999267578125,143.0800018310547,144.6199951171875,136.5773162841797,2737800
2023-04-03,144.72000122070312,145.2899932861328,144.05999755859375,144.74000549316406,136.69065856933594,3390800
2023-04-04,145.02999877929688,145.10000610351562,142.64999389648438,143.2899932861328,135.32127380371094,2904000
2023-04-05,142.85000610351562,143.41000366210938,142.3699951171875,142.99000549316406,135.03797912597656,3234000
2023-04-06,142.8300018310547,143.27999877929688,142.3800048828125,143.08999633789062,135.13243103027344,2182700
2023-04-10,142.49000549316406,144.0,142.36000061035156,143.9600067138672,135.95404052734375,2635300
2023-04-11,144.38999938964844,145.44000244140625,144.32000732421875,144.89999389648438,136.84178161621094,2225200
2023-04-12,145.80999755859375,145.8699951171875,143.97999572753906,144.1999969482422,136.18067932128906,3066100
2023-04-13,144.4499969482422,145.55999755859375,143.86000061035156,145.30999755859375,137.2289581298828,3190500
2023-04-14,145.27999877929688,145.99000549316406,143.91000366210938,144.64999389648438,136.60565185546875,2504300
2023-04-17,144.7100067138672,145.63999938964844,144.44000244140625,145.6300048828125,137.5311737060547,2399800
2023-04-18,146.0399932861328,146.2100067138672,145.1199951171875,145.63999938964844,137.54063415527344,1569400
2023-04-19,145.0,145.85000610351562,144.8699951171875,145.67999267578125,137.57839965820312,1784900
2023-04-20,144.72000122070312,145.39999389648438,144.38999938964844,144.8800048828125,136.8228759765625,3451700
2023-04-21,145.1300048828125,145.1300048828125,144.1300048828125,144.9199981689453,136.86065673828125,2160900
2023-04-24,144.86000061035156,145.2899932861328,144.58999633789062,145.19000244140625,137.11566162109375,1523600
2023-04-25,144.39999389648438,144.42999267578125,142.63999938964844,142.72000122070312,134.78302001953125,2563200
2023-04-26,142.39999389648438,142.47999572753906,140.94000244140625,141.22999572753906,133.37586975097656,5378700
2023-04-27,141.82000732421875,143.5800018310547,141.42999267578125,143.5500030517578,135.56683349609375,5993000
2023-04-28,143.25999450683594,145.19000244140625,143.22999572753906,145.13999938964844,137.0684051513672,2965600
2023-05-01,145.02999877929688,145.8300018310547,144.86000061035156,145.00999450683594,136.94564819335938,3000900
2023-05-02,144.52999877929688,144.52999877929688,141.4499969482422,142.83999633789062,134.89630126953125,4489800
2023-05-03,143.10000610351562,144.25,141.88999938964844,142.00999450683594,134.1124725341797,5835800
2023-05-04,141.69000244140625,141.91000366210938,140.16000366210938,140.66000366210938,132.83761596679688,5483300
2023-05-05,141.89999389648438,143.42999267578125,141.89999389648438,143.02999877929688,135.0757598876953,4860300
2023-05-08,143.4199981689453,143.44000244140625,142.3000030517578,142.77000427246094,134.8302001953125,2332900
2023-05-09,142.1199951171875,142.5800018310547,141.75999450683594,142.24000549316406,134.3297119140625,2242700
2023-05-10,143.25999450683594,143.42999267578125,140.9199981689453,142.22000122070312,134.31080627441406,3871400
2023-05-11,141.61000061035156,141.75,140.77999877929688,141.50999450683594,133.6403045654297,3839400
2023-05-12,142.0399932861328,142.17999267578125,140.60000610351562,141.52000427246094,133.64974975585938,3477400
2023-05-15,141.72999572753906,142.5399932861328,141.25999450683594,142.32000732421875,134.40521240234375,2322700
2023-05-16,141.86000061035156,141.86000061035156,140.2899932861328,140.30999755859375,132.50704956054688,4668100
2023-05-17,141.05999755859375,142.39999389648438,140.4199981689453,142.08999633789062,134.18804931640625,6902700
2023-05-18,141.8699951171875,143.38999938964844,141.61000061035156,143.24000549316406,135.27407836914062,3800000
2023-05-19,143.67999267578125,143.8699951171875,142.3300018310547,142.86000061035156,134.9152374267578,5758200
2023-05-22,142.94000244140625,143.67999267578125,142.22000122070312,143.0800018310547,135.12295532226562,4411500
2023-05-23,142.60000610351562,143.10000610351562,141.44000244140625,141.5500030517578,133.67808532714844,6919600
2023-05-24,140.92999267578125,141.00999450683594,139.72999572753906,140.00999450683594,132.22369384765625,2940500
2023-05-25,140.17999267578125,140.39999389648438,138.9499969482422,139.9199981689453,132.1387176513672,4696000
2023-05-26,140.2100067138672,141.27000427246094,140.02999877929688,141.08999633789062,133.24365234375,4572500
2023-05-30,141.3699951171875,141.72000122070312,140.36000061035156,140.83999633789062,133.00755310058594,8268500
2023-05-31,140.1300048828125,140.22000122070312,138.80999755859375,139.61000061035156,131.845947265625,7611200
2023-06-01,139.8699951171875,141.11000061035156,139.0500030517578,140.66000366210938,132.83761596679688,4478300
2023-06-02,141.89999389648438,144.02999877929688,141.8300018310547,143.72999572753906,135.73680114746094,10284600
2023-06-05,143.91000366210938,143.9600067138672,143.0,143.24000549316406,135.27407836914062,5415100
2023-06-06,143.1699981689453,144.4199981689453,143.02999877929688,144.2100067138672,136.19012451171875,5333300
2023-06-07,144.47999572753906,145.47000122070312,144.16000366210938,145.27000427246094,137.19117736816406,13306200
2023-06-08,145.0500030517578,145.5399932861328,144.33999633789062,145.3300018310547,137.2478485107422,5882400
2023-06-09,145.5,145.83999633789062,144.8300018310547,145.16000366210938,137.0872802734375,4396800
2023-06-12,145.4499969482422,146.2100067138672,145.0,146.1199951171875,137.993896484375,3733100
2023-06-13,146.58999633789062,147.75,146.39999389648438,147.52999877929688,139.3255157470703,6802500
2023-06-14,147.9199981689453,148.4600067138672,146.4199981689453,147.25,139.0610809326172,8456400
2023-06-15,146.9499969482422,149.3000030517578,146.9499969482422,148.9499969482422,140.66653442382812,5177400
2023-06-16,149.61000061035156,149.8800048828125,148.60000610351562,148.8300018310547,140.55322265625,11152900
2023-06-20,147.47000122070312,147.49000549316406,146.2899932861328,146.83999633789062,139.274658203125,4514200
2023-06-21,146.39999389648438,147.16000366210938,145.8300018310547,146.6300048828125,139.07546997070312,5481700
2023-06-22,146.4199981689453,146.5500030517578,145.47000122070312,146.02999877929688,138.50636291503906,3852200
2023-06-23,145.00999450683594,145.47999572753906,144.52000427246094,144.77000427246094,137.31129455566406,3869600
2023-06-26,144.77000427246094,146.0399932861328,144.77000427246094,145.64999389648438,138.1459503173828,4300000
2023-06-27,145.86000061035156,147.63999938964844,145.58999633789062,147.42999267578125,139.834228515625,8880500
2023-06-28,147.1699981689453,147.32000732421875,146.47999572753906,147.17999267578125,139.59715270996094,4335600
2023-06-29,147.1300048828125,148.35000610351562,146.83999633789062,148.3300018310547,140.6878662109375,7610700
2023-06-30,149.25,150.00999450683594,148.88999938964844,149.63999938964844,141.93040466308594,4742300
2023-07-03,149.35000610351562,150.24000549316406,149.14999389648438,150.00999450683594,142.28131103515625,2797300
2023-07-05,149.38999938964844,149.8300018310547,148.8699951171875,149.3699951171875,141.67430114746094,4333900
2023-07-06,148.0,148.2899932861328,146.94000244140625,148.14999389648438,140.51718139648438,7769500
2023-07-07,147.91000366210938,149.7899932861328,147.82000732421875,148.52000427246094,140.86810302734375,3213100
2023-07-10,148.4199981689453,150.02999877929688,148.36000061035156,149.85000610351562,142.12957763671875,4145800
2023-07-11,150.22000122070312,151.72000122070312,150.19000244140625,151.5399932861328,143.73248291015625,10166300
2023-07-12,152.97000122070312,153.02000427246094,152.07000732421875,152.24000549316406,144.39646911621094,6668900
2023-07-13,152.69000244140625,153.1999969482422,152.33999633789062,152.9600067138672,145.07937622070312,5458400
2023-07-14,153.10000610351562,153.10000610351562,151.67999267578125,152.05999755859375,144.22573852539062,6345100
2023-07-17,151.77999877929688,152.77000427246094,151.32000732421875,152.35000610351562,144.50079345703125,5352900
2023-07-18,152.35000610351562,153.60000610351562,152.22000122070312,153.2899932861328,145.39234924316406,5442200
2023-07-19,153.58999633789062,154.32000732421875,153.42999267578125,154.0500030517578,146.1132049560547,8551800
2023-07-20,153.88999938964844,154.1699981689453,153.35000610351562,153.88999938964844,145.96145629882812,7542400
2023-07-21,154.39999389648438,154.58999633789062,153.6300048828125,154.11000061035156,146.1700897216797,5511700
2023-07-24,154.39999389648438,154.8300018310547,154.05999755859375,154.5399932861328,146.5779266357422,3358000
2023-07-25,154.33999633789062,155.0800018310547,154.11000061035156,154.64999389648438,146.68223571777344,5010400
2023-07-26,154.35000610351562,155.3300018310547,154.25999450683594,155.0,147.01425170898438,5149100
2023-07-27,155.77000427246094,155.77000427246094,153.3699951171875,153.63999938964844,145.72430419921875,6057500
2023-07-28,155.0500030517578,155.10000610351562,153.7899932861328,154.39999389648438,146.4451446533203,6004400
2023-07-31,154.75,155.19000244140625,154.35000610351562,154.8800048828125,146.9004669189453,3809500
2023-08-01,154.17999267578125,154.64999389648438,153.77999877929688,154.25,146.3029022216797,3038100
2023-08-02,153.07000732421875,153.52999877929688,152.4499969482422,152.77999877929688,144.90859985351562,6038100
2023-08-03,152.1999969482422,152.5399932861328,151.44000244140625,152.02000427246094,144.18780517578125,4871400
2023-08-04,152.35000610351562,153.1300048828125,151.14999389648438,151.33999633789062,143.5428009033203,4016200
2023-08-07,151.9199981689453,152.7100067138672,151.8699951171875,152.6199951171875,144.75686645507812,3359000
2023-08-08,151.25999450683594,152.00999450683594,150.39999389648438,151.86000061035156,144.0360565185547,3521700
2023-08-09,151.97999572753906,152.44000244140625,151.1999969482422,151.4199981689453,143.61868286132812,5116400
2023-08-10,152.16000366210938,153.11000061035156,150.91000366210938,151.24000549316406,143.44796752929688,3943500
2023-08-11,150.77000427246094,151.67999267578125,150.6300048828125,151.27000427246094,143.47640991210938,4139400
2023-08-14,150.99000549316406,151.25999450683594,150.4499969482422,151.24000549316406,143.44796752929688,2929100
2023-08-15,150.33999633789062,150.38999938964844,149.08999633789062,149.25,141.5605010986328,3439800
2023-08-16,149.0500030517578,149.6699981689453,148.1199951171875,148.16000366210938,140.52664184570312,5386200
2023-08-17,148.74000549316406,148.8300018310547,146.92999267578125,147.02000427246094,139.44537353515625,5092200
2023-08-18,146.1300048828125,147.52000427246094,145.9199981689453,147.27999877929688,139.6920166015625,4654100
2023-08-21,147.41000366210938,147.67999267578125,146.24000549316406,147.25,139.66351318359375,3909100
2023-08-22,147.52999877929688,147.74000549316406,146.52000427246094,146.6699981689453,139.11341857910156,3955500
2023-08-23,146.97999572753906,148.02000427246094,146.66000366210938,147.88999938964844,140.2705841064453,3683200
2023-08-24,147.7899932861328,148.80999755859375,146.4499969482422,146.47000122070312,138.92372131347656,3281000
2023-08-25,147.07000732421875,147.80999755859375,145.9600067138672,147.2100067138672,139.62557983398438,5393300
2023-08-28,147.8800048828125,148.69000244140625,147.77000427246094,148.30999755859375,140.6688995361328,4273700
2023-08-29,148.41000366210938,150.02000427246094,148.14999389648438,149.97999572753906,142.2528839111328,5362000
2023-08-30,150.05999755859375,150.6699981689453,149.91000366210938,150.4499969482422,142.6986846923828,6138000
2023-08-31,150.7100067138672,150.77000427246094,149.8699951171875,149.9199981689453,142.19598388671875,5314200
2023-09-01,150.86000061035156,151.1699981689453,150.10000610351562,150.5399932861328,142.7840118408203,4846200
2023-09-05,150.30999755859375,150.30999755859375,148.6300048828125,148.67999267578125,141.01986694335938,3754600
2023-09-06,148.41000366210938,148.7899932861328,147.44000244140625,148.1699981689453,140.5361328125,5019700
2023-09-07,147.75999450683594,148.08999633789062,147.05999755859375,147.5800018310547,139.97653198242188,4834200
2023-09-08,147.77999877929688,148.02999877929688,147.38999938964844,147.64999389648438,140.0429229736328,2480800
2023-09-11,148.3300018310547,148.5800018310547,147.6199951171875,147.88999938964844,140.2705841064453,2917500
2023-09-12,147.5500030517578,148.3699951171875,147.50999450683594,147.6999969482422,140.09033203125,3062400
2023-09-13,147.83999633789062,148.02999877929688,146.69000244140625,147.11000061035156,139.53076171875,3821800
2023-09-14,148.11000061035156,148.92999267578125,147.9600067138672,148.8300018310547,141.16212463378906,3080600
2023-09-15,148.35000610351562,148.7100067138672,147.44000244140625,147.5800018310547,139.97653198242188,3637700
2023-09-18,146.89999389648438,147.0500030517578,146.2100067138672,146.58999633789062,139.64120483398438,2843700
2023-09-19,146.5800018310547,146.75,145.66000366210938,146.35000610351562,139.41259765625,3814000
2023-09-20,146.91000366210938,147.41000366210938,145.6300048828125,145.67999267578125,138.7743682861328,4128100
2023-09-21,145.02000427246094,145.1699981689453,143.17999267578125,143.25999450683594,136.4690399169922,4778100
2023-09-22,143.50999450683594,143.69000244140625,142.55999755859375,142.69000244140625,135.92608642578125,3362700
2023-09-25,142.0800018310547,143.0800018310547,142.0500030517578,143.0500030517578,136.26902770996094,6184600
2023-09-26,142.25,142.60000610351562,140.91000366210938,141.0399932861328,134.3542938232422,4013000
2023-09-27,141.64999389648438,141.80999755859375,140.13999938964844,141.08999633789062,134.4019317626953,5306400
2023-09-28,141.08999633789062,142.60000610351562,141.08999633789062,142.07000732421875,135.33551025390625,6516300
2023-09-29,142.99000549316406,143.2100067138672,141.27999877929688,141.69000244140625,134.9735107421875,5839300
2023-10-02,141.25,141.47999572753906,139.41000366210938,140.08999633789062,133.44931030273438,7668900
2023-10-03,139.3000030517578,139.9199981689453,137.91000366210938,138.41000366210938,131.84898376464844,6579100
2023-10-04,138.77000427246094,139.3300018310547,137.50999450683594,139.1999969482422,132.60153198242188,7483500
2023-10-05,139.10000610351562,139.38999938964844,137.9600067138672,138.8000030517578,132.2205047607422,4976800
2023-10-06,138.1199951171875,140.74000549316406,137.32000732421875,140.0,133.3636016845703,8193300
2023-10-09,139.4199981689453,141.2100067138672,139.3300018310547,141.0,134.3162078857422,3955400
2023-10-10,141.3699951171875,142.9199981689453,141.27999877929688,142.0800018310547,135.3450164794922,5192900
2023-10-11,142.22000122070312,142.69000244140625,141.38999938964844,142.3800048828125,135.63076782226562,4211300
2023-10-12,142.57000732421875,142.61000061035156,139.77999877929688,140.60000610351562,133.9351806640625,6378300
2023-10-13,141.02000427246094,141.4499969482422,139.69000244140625,140.2899932861328,133.6398468017578,5019900
2023-10-16,141.27999877929688,142.3000030517578,140.66000366210938,142.0399932861328,135.30686950683594,3995000
2023-10-17,141.2100067138672,143.5,141.2100067138672,142.74000549316406,135.97372436523438,4954900
2023-10-18,142.02999877929688,142.11000061035156,140.2899932861328,140.47999572753906,133.82083129882812,3986800
2023-10-19,140.4499969482422,141.05999755859375,138.50999450683594,138.74000549316406,132.16334533691406,6056300
2023-10-20,138.4600067138672,138.69000244140625,136.97000122070312,137.00999450683594,130.51535034179688,5247800
2023-10-23,136.33999633789062,137.6300048828125,135.88999938964844,136.13999938964844,129.68658447265625,7157000
2023-10-24,136.8000030517578,137.64999389648438,136.33999633789062,137.00999450683594,130.51535034179688,6337700
2023-10-25,136.36000061035156,136.60000610351562,135.30999755859375,135.5,129.07691955566406,6627700
2023-10-26,135.38999938964844,136.4199981689453,135.02000427246094,135.22000122070312,128.81019592285156,13893800
2023-10-27,135.55999755859375,135.55999755859375,133.33999633789062,133.66000366210938,127.32413482666016,7744900
2023-10-30,134.50999450683594,135.0399932861328,133.5399932861328,134.7100067138672,128.32437133789062,10830300
2023-10-31,135.02999877929688,135.97000122070312,134.5,135.8300018310547,129.3912811279297,6021900
2023-11-01,135.8699951171875,136.5399932861328,135.1699981689453,136.2899932861328,129.8294677734375,6508700
2023-11-02,137.42999267578125,139.4199981689453,137.3800048828125,139.30999755859375,132.70631408691406,7961700
2023-11-03,140.82000732421875,142.25,140.77000427246094,141.58999633789062,134.87823486328125,7473300
2023-11-06,141.7100067138672,141.83999633789062,140.3800048828125,140.85000610351562,134.17332458496094,5054800
2023-11-07,140.58999633789062,140.9199981689453,140.07000732421875,140.5500030517578,133.8875274658203,3636800
2023-11-08,140.72000122070312,140.94000244140625,139.72999572753906,140.32000732421875,133.66844177246094,3994900
2023-11-09,140.8800048828125,140.94000244140625,139.0399932861328,139.1300048828125,132.5348358154297,6288500
2023-11-10,139.7100067138672,140.88999938964844,139.02999877929688,140.75999450683594,134.08753967285156,6783800
2023-11-13,140.30999755859375,140.9600067138672,140.05999755859375,140.5800018310547,133.91612243652344,4142700
2023-11-14,142.77999877929688,145.0399932861328,142.77000427246094,144.58999633789062,137.7360382080078,15157800
2023-11-15,144.88999938964844,146.22999572753906,144.88999938964844,145.27000427246094,138.38377380371094,8133800
2023-11-16,145.14999389648438,145.52999877929688,144.35000610351562,144.7899932861328,137.92652893066406,5466700
2023-11-17,145.4499969482422,145.66000366210938,144.9600067138672,145.49000549316406,138.59335327148438,5027100
2023-11-20,145.3300018310547,146.4199981689453,144.8300018310547,146.07000732421875,139.1458740234375,6441800
2023-11-21,145.82000732421875,146.0800018310547,145.49000549316406,145.8000030517578,138.88865661621094,4612600
2023-11-22,146.25999450683594,146.86000061035156,146.00999450683594,146.47999572753906,139.5364227294922,4388100
2023-11-24,146.42999267578125,147.02999877929688,146.35000610351562,146.91000366210938,139.94607543945312,1156200
2023-11-27,146.5500030517578,146.8300018310547,146.1199951171875,146.61000061035156,139.6602325439453,3848000
2023-11-28,146.42999267578125,147.14999389648438,146.08999633789062,146.47000122070312,139.5269012451172,3960800
2023-11-29,147.1199951171875,148.0800018310547,146.85000610351562,147.0500030517578,140.07943725585938,5732900
2023-11-30,147.5500030517578,148.3699951171875,146.8699951171875,148.3000030517578,141.2701416015625,7763200
2023-12-01,148.16000366210938,150.57000732421875,148.00999450683594,150.52999877929688,143.39443969726562,12060800
2023-12-04,149.52999877929688,151.00999450683594,149.52999877929688,150.60000610351562,143.46115112304688,9572900
2023-12-05,149.97999572753906,150.02000427246094,148.94000244140625,149.25999450683594,142.1846466064453,6384200
2023-12-06,149.97000122070312,150.6199951171875,149.17999267578125,149.30999755859375,142.2322540283203,5237800
2023-12-07,149.7899932861328,150.27000427246094,149.41000366210938,150.10000610351562,142.98484802246094,6054300
2023-12-08,149.97000122070312,150.9499969482422,149.88999938964844,150.57000732421875,143.43255615234375,5181700
2023-12-11,150.75999450683594,151.92999267578125,150.67999267578125,151.91000366210938,144.70904541015625,7130700
2023-12-12,151.97999572753906,152.3800048828125,151.22999572753906,152.17999267578125,144.96621704101562,4633800
2023-12-13,152.16000366210938,155.4499969482422,151.92999267578125,155.41000366210938,148.04310607910156,11782700
2023-12-14,156.66000366210938,158.25,156.66000366210938,157.52999877929688,150.06263732910156,21351900
2023-12-15,157.2899932861328,157.30999755859375,155.8800048828125,156.41000366210938,148.9957275390625,8883500
2023-12-18,156.39999389648438,156.50999450683594,155.6300048828125,155.8699951171875,149.06170654296875,8628600
2023-12-19,156.39999389648438,157.25,156.1999969482422,157.17999267578125,150.31446838378906,10130900
2023-12-20,156.8000030517578,157.3800048828125,154.50999450683594,154.5800018310547,147.82806396484375,7411100
2023-12-21,155.8300018310547,156.52000427246094,155.07000732421875,156.47999572753906,149.6450653076172,6988900
2023-12-22,156.9199981689453,157.58999633789062,156.33999633789062,157.00999450683594,150.1519012451172,5749900
2023-12-26,157.2899932861328,158.32000732421875,157.0500030517578,157.91000366210938,151.01260375976562,4053100
2023-12-27,158.0800018310547,158.32000732421875,157.58999633789062,158.05999755859375,151.1560516357422,4380300
2023-12-28,158.05999755859375,158.60000610351562,158.0500030517578,158.41000366210938,151.49075317382812,4047000
2023-12-29,158.0399932861328,158.52999877929688,157.3300018310547,157.8000030517578,150.9073944091797,5339200
2024-01-02,157.02000427246094,158.35000610351562,156.77000427246094,157.85000610351562,150.95523071289062,9816500
2024-01-03,156.97999572753906,156.97999572753906,155.3000030517578,155.52000427246094,148.72698974609375,9207500
2024-01-04,155.4600067138672,156.2899932861328,155.1999969482422,155.25999450683594,148.47837829589844,5621600
2024-01-05,155.00999450683594,156.60000610351562,154.8300018310547,155.7100067138672,148.90872192382812,8379600
2024-01-08,155.66000366210938,157.3800048828125,155.3000030517578,157.3800048828125,150.50575256347656,7954000
2024-01-09,156.3800048828125,157.0800018310547,156.07000732421875,156.5800018310547,149.74069213867188,6419100
2024-01-10,156.5800018310547,157.14999389648438,156.07000732421875,156.85000610351562,149.9989013671875,4620700
2024-01-11,156.8000030517578,156.8300018310547,155.16000366210938,156.39999389648438,149.5685577392578,7070600
2024-01-12,157.13999938964844,157.3800048828125,155.7100067138672,156.0500030517578,149.23385620117188,5568500
2024-01-16,155.36000061035156,155.47000122070312,154.52000427246094,155.05999755859375,148.28709411621094,6942300
2024-01-17,153.8699951171875,154.60000610351562,153.10000610351562,153.83999633789062,147.12037658691406,5775000
2024-01-18,154.02999877929688,154.77000427246094,153.16000366210938,154.6300048828125,147.8758544921875,7267100
2024-01-19,154.99000549316406,156.14999389648438,154.07000732421875,155.82000732421875,149.01390075683594,8488600
2024-01-22,156.2899932861328,157.2100067138672,156.25,156.63999938964844,149.79806518554688,9964200
2024-01-23,157.0,157.38999938964844,156.1699981689453,156.72000122070312,149.8745880126953,4785800
2024-01-24,157.6999969482422,157.7100067138672,155.80999755859375,155.91000366210938,149.09999084472656,5688000
2024-01-25,157.1699981689453,157.5,156.36000061035156,157.47999572753906,150.6013641357422,5832000
2024-01-26,157.66000366210938,157.97999572753906,157.1999969482422,157.5,150.62049865722656,5997700
2024-01-29,157.33999633789062,158.52000427246094,157.0800018310547,158.4600067138672,151.53855895996094,4501700
2024-01-30,158.00999450683594,158.83999633789062,157.85000610351562,158.49000549316406,151.56727600097656,7258200
2024-01-31,158.47999572753906,158.58999633789062,156.3800048828125,156.4600067138672,149.6259307861328,8928200
2024-02-01,156.7899932861328,158.3800048828125,155.7899932861328,158.27999877929688,151.36642456054688,8008200
2024-02-02,157.61000061035156,158.91000366210938,156.74000549316406,158.13999938964844,151.23252868652344,8128900
2024-02-05,157.36000061035156,157.42999267578125,156.1300048828125,156.77999877929688,149.93194580078125,8633400
2024-02-06,156.9499969482422,157.8699951171875,156.75999450683594,157.77000427246094,150.87872314453125,6059000
2024-02-07,158.50999450683594,158.77000427246094,157.6199951171875,158.38999938964844,151.4716339111328,6706000
2024-02-08,158.42999267578125,158.83999633789062,157.97000122070312,158.74000549316406,151.8063507080078,4900200
2024-02-09,158.69000244140625,159.0800018310547,158.14999389648438,158.92999267578125,151.98802185058594,5055000
2024-02-12,159.0,160.52999877929688,158.99000549316406,160.00999450683594,153.02084350585938,6971900
2024-02-13,157.85000610351562,158.2100067138672,156.16000366210938,157.35000610351562,150.47706604003906,9741100
2024-02-14,158.14999389648438,158.89999389648438,157.58999633789062,158.7899932861328,151.8541717529297,11291300
2024-02-15,159.4199981689453,160.91000366210938,159.3699951171875,160.75999450683594,153.73812866210938,5846600
2024-02-16,160.19000244140625,161.08999633789062,159.8800048828125,160.02999877929688,153.03997802734375,5061200
2024-02-20,159.3000030517578,159.9600067138672,159.24000549316406,159.66000366210938,152.6861572265625,6827700
2024-02-21,159.25,160.02999877929688,158.9199981689453,159.97999572753906,152.9921875,4602900
2024-02-22,160.82000732421875,161.97999572753906,160.47999572753906,161.57000732421875,154.51272583007812,9128000
2024-02-23,161.94000244140625,162.41000366210938,161.6300048828125,162.0,154.9239501953125,6375200
2024-02-26,161.97999572753906,162.41000366210938,161.24000549316406,161.35000610351562,154.30235290527344,5164000
2024-02-27,161.8699951171875,162.10000610351562,161.52000427246094,162.05999755859375,154.98135375976562,4362900
2024-02-28,161.6699981689453,162.49000549316406,161.49000549316406,162.1199951171875,155.0386962890625,4296800
2024-02-29,162.88999938964844,163.22000122070312,162.11000061035156,162.7899932861328,155.679443359375,6298500
2024-03-01,163.0,164.0,162.22999572753906,163.92999267578125,156.76963806152344,6389300
2024-03-04,163.83999633789062,164.6999969482422,163.83999633789062,164.22999572753906,157.05653381347656,5165000
2024-03-05,163.9600067138672,164.6699981689453,162.8699951171875,163.47999572753906,156.33929443359375,6260600
2024-03-06,164.3699951171875,164.97000122070312,163.89999389648438,164.41000366210938,157.2286834716797,6041100
2024-03-07,165.4199981689453,165.97000122070312,165.30999755859375,165.6999969482422,158.4623260498047,6407600
2024-03-08,166.16000366210938,166.72000122070312,165.27999877929688,165.50999450683594,158.28060913085938,9114500
2024-03-11,165.16000366210938,165.82000732421875,164.6300048828125,165.72000122070312,158.48146057128906,5503800
2024-03-12,166.02000427246094,166.4600067138672,165.24000549316406,166.14999389648438,158.89268493652344,6357900
2024-03-13,166.27000427246094,166.82000732421875,165.74000549316406,166.22999572753906,158.96917724609375,4644000
2024-03-14,166.27999877929688,166.35000610351562,163.6999969482422,164.74000549316406,157.54425048828125,7757600
2024-03-15,163.6699981689453,164.97999572753906,163.66000366210938,164.4199981689453,157.23826599121094,7973400
2024-03-18,164.3300018310547,164.74000549316406,163.69000244140625,164.19000244140625,157.67037963867188,4712600
2024-03-19,164.1699981689453,165.2100067138672,164.0399932861328,165.1699981689453,158.6114501953125,5789400
2024-03-20,165.0800018310547,166.72999572753906,164.8000030517578,166.5800018310547,159.96546936035156,4925700
2024-03-21,167.33999633789062,168.17999267578125,167.16000366210938,167.72000122070312,161.06021118164062,6010900
2024-03-22,167.8000030517578,168.0,166.61000061035156,166.63999938964844,160.02308654785156,3178700
2024-03-25,166.6300048828125,167.0500030517578,166.25999450683594,166.27999877929688,159.67739868164062,2903700
2024-03-26,166.8000030517578,166.99000549316406,166.05999755859375,166.1199951171875,159.52374267578125,3669800
2024-03-27,167.13999938964844,168.7899932861328,167.0500030517578,168.77999877929688,162.07809448242188,5999200
2024-03-28,169.16000366210938,169.8000030517578,168.9600067138672,169.3699951171875,162.64468383789062,3728100
2024-04-01,169.60000610351562,169.6699981689453,168.24000549316406,168.3699951171875,161.6844024658203,4757200
2024-04-02,167.50999450683594,167.50999450683594,166.42999267578125,166.9199981689453,160.29196166992188,4598400
2024-04-03,166.7100067138672,167.39999389648438,166.5800018310547,167.10000610351562,160.46481323242188,4442700
2024-04-04,168.38999938964844,168.57000732421875,165.00999450683594,165.39999389648438,158.8323211669922,7150800
2024-04-05,165.58999633789062,166.8300018310547,165.1999969482422,166.38999938964844,159.78302001953125,5697000
2024-04-08,166.6300048828125,167.4199981689453,166.50999450683594,166.89999389648438,160.2727508544922,22497300
2024-04-09,167.4600067138672,167.77000427246094,166.0500030517578,167.55999755859375,160.9065399169922,5483600
2024-04-10,165.1999969482422,165.7899932861328,164.11000061035156,164.7100067138672,158.1697235107422,7550600
2024-04-11,165.00999450683594,165.25999450683594,163.5399932861328,164.58999633789062,158.0544891357422,6831200
2024-04-12,163.5500030517578,163.92999267578125,161.52999877929688,161.97999572753906,155.54812622070312,6567600
2024-04-15,163.64999389648438,163.8000030517578,160.02999877929688,160.5800018310547,154.20372009277344,9546700
2024-04-16,160.41000366210938,160.5399932861328,159.1999969482422,159.69000244140625,153.3490753173828,7389600
2024-04-17,160.47000122070312,160.60000610351562,158.8699951171875,159.36000061035156,153.03216552734375,8056700
2024-04-18,159.9499969482422,160.47999572753906,158.8300018310547,159.2100067138672,152.88812255859375,6683000
2024-04-19,159.52000427246094,160.33999633789062,159.30999755859375,159.80999755859375,153.4643096923828,8816300
2024-04-22,160.50999450683594,161.85000610351562,159.6199951171875,161.02999877929688,154.63584899902344,4775500
2024-04-23,161.33999633789062,162.82000732421875,161.2100067138672,162.4600067138672,156.00909423828125,3998000
2024-04-24,162.1999969482422,162.85000610351562,161.77999877929688,162.69000244140625,156.2299346923828,4164000
2024-04-25,161.9600067138672,162.60000610351562,160.55999755859375,162.35000610351562,155.90341186523438,7408300
2024-04-26,162.0,162.99000549316406,161.80999755859375,162.42999267578125,155.98023986816406,5649500
2024-04-29,162.88999938964844,163.69000244140625,162.82000732421875,163.55999755859375,157.06536865234375,3882800
2024-04-30,162.85000610351562,162.9499969482422,161.1699981689453,161.1999969482422,154.79908752441406,4935800
2024-05-01,160.75,162.80999755859375,160.17999267578125,160.64999389648438,154.2709503173828,9285200
2024-05-02,161.64999389648438,162.0399932861328,160.08999633789062,161.63999938964844,155.2216339111328,5677900
2024-05-03,162.97000122070312,163.52999877929688,162.1300048828125,162.7899932861328,156.32595825195312,9751400
2024-05-06,163.64999389648438,164.0500030517578,163.27000427246094,164.0399932861328,157.52635192871094,4928700
2024-05-07,164.5,164.99000549316406,164.36000061035156,164.5,157.9680633544922,4511200
2024-05-08,163.94000244140625,164.58999633789062,163.7899932861328,164.4600067138672,157.92967224121094,3346100
2024-05-09,164.4199981689453,165.8800048828125,164.33999633789062,165.83999633789062,159.25485229492188,3413000
2024-05-10,166.39999389648438,166.5500030517578,165.85000610351562,166.11000061035156,159.51412963867188,3425000
2024-05-13,166.66000366210938,167.14999389648438,165.94000244140625,166.07000732421875,159.47572326660156,2514400
2024-05-14,166.60000610351562,167.10000610351562,166.0500030517578,166.72999572753906,160.10951232910156,5446900
2024-05-15,167.7100067138672,168.1999969482422,167.41000366210938,168.05999755859375,161.38668823242188,5739400
2024-05-16,168.1699981689453,168.38999938964844,167.77000427246094,167.7899932861328,161.12741088867188,4779400
2024-05-17,167.85000610351562,168.1300048828125,167.5500030517578,168.0399932861328,161.3674774169922,3461400
2024-05-20,168.19000244140625,168.47000122070312,167.64999389648438,167.89999389648438,161.23306274414062,3756300
2024-05-21,167.77000427246094,167.89999389648438,167.3300018310547,167.8300018310547,161.16583251953125,3751200
2024-05-22,167.36000061035156,167.9199981689453,166.75,167.19000244140625,160.55126953125,2841500
2024-05-23,167.49000549316406,167.5,164.7100067138672,164.85000610351562,158.30416870117188,5841400
2024-05-24,165.5500030517578,166.22999572753906,165.39999389648438,165.94000244140625,159.35089111328125,3252000
2024-05-28,165.9600067138672,166.02000427246094,164.30999755859375,164.7899932861328,158.2465362548828,4160000
2024-05-29,163.47000122070312,163.47000122070312,162.77999877929688,162.86000061035156,156.39320373535156,6843200
2024-05-30,162.92999267578125,163.77999877929688,162.67999267578125,163.61000061035156,157.11341857910156,5335500
2024-05-31,163.94000244140625,165.8300018310547,163.32000732421875,165.77999877929688,159.1972198486328,4335200
2024-06-03,166.10000610351562,166.1199951171875,163.60000610351562,164.89999389648438,158.35215759277344,6125400
2024-06-04,164.1300048828125,164.85000610351562,163.72999572753906,164.39999389648438,157.8720245361328,5446500
2024-06-05,164.77000427246094,165.4499969482422,163.8300018310547,165.39999389648438,158.8323211669922,5788700
2024-06-06,165.1699981689453,165.75,164.6999969482422,165.0800018310547,158.5250244140625,6251200
2024-06-07,164.35000610351562,165.5,164.0500030517578,164.55999755859375,158.02566528320312,2865700
2024-06-10,163.99000549316406,165.11000061035156,163.75999450683594,165.0,158.4481964111328,5769700
2024-06-11,164.25,164.55999755859375,163.32000732421875,164.32000732421875,157.79522705078125,4772800
2024-06-12,166.1699981689453,166.38999938964844,164.7899932861328,165.1999969482422,158.6402587890625,8818900
2024-06-13,164.89999389648438,165.0,163.74000549316406,164.72999572753906,158.18890380859375,7385200
2024-06-14,163.8000030517578,164.1199951171875,162.69000244140625,163.67999267578125,157.18060302734375,4557100
2024-06-17,163.32000732421875,165.02000427246094,163.00999450683594,164.8699951171875,158.32337951660156,4265800
2024-06-18,164.6699981689453,165.6699981689453,164.6699981689453,165.27999877929688,158.7170867919922,6283800
2024-06-20,165.24000549316406,165.69000244140625,165.0,165.3800048828125,158.81314086914062,5806800
2024-06-21,165.5,165.6999969482422,164.6199951171875,165.58999633789062,159.01478576660156,3996200
2024-06-24,165.2899932861328,166.57000732421875,164.86000061035156,165.72000122070312,159.77935791015625,7588700
2024-06-25,165.80999755859375,165.80999755859375,164.0500030517578,164.5800018310547,158.6802520751953,4349100
2024-06-26,164.00999450683594,164.1300048828125,163.41000366210938,163.9600067138672,158.08245849609375,3995900
2024-06-27,163.9600067138672,164.1999969482422,163.50999450683594,164.16000366210938,158.27529907226562,3430700
2024-06-28,164.52999877929688,165.2100067138672,163.5399932861328,164.27999877929688,158.39097595214844,4761000
2024-07-01,164.8000030517578,164.9600067138672,162.74000549316406,162.9499969482422,157.108642578125,6813100
2024-07-02,162.89999389648438,163.69000244140625,162.85000610351562,163.67999267578125,157.81246948242188,3692900
2024-07-03,164.02000427246094,164.44000244140625,163.60000610351562,163.75,157.87998962402344,2745100
2024-07-05,163.66000366210938,163.83999633789062,162.72999572753906,163.67999267578125,157.81246948242188,3950800
2024-07-08,163.9199981689453,164.60000610351562,163.49000549316406,164.0,158.1210174560547,4654500
2024-07-09,163.88999938964844,164.5800018310547,163.36000061035156,163.72000122070312,157.85105895996094,4267800
2024-07-10,164.05999755859375,165.2100067138672,163.75,165.07000732421875,159.15264892578125,5327600
2024-07-11,165.8800048828125,167.3800048828125,165.80999755859375,167.05999755859375,161.0713348388672,10924400
2024-07-12,167.82000732421875,169.36000061035156,167.72999572753906,168.52999877929688,162.48863220214844,11488500
2024-07-15,168.75,169.61000061035156,168.32000732421875,168.72000122070312,162.6718292236328,5139500
2024-07-16,169.1999969482422,171.7100067138672,169.0500030517578,171.7100067138672,165.5546417236328,9921100
2024-07-17,170.80999755859375,172.19000244140625,170.66000366210938,171.00999450683594,164.8797149658203,12609800
2024-07-18,170.85000610351562,172.3800048828125,169.16000366210938,169.5399932861328,163.46243286132812,8887600
2024-07-19,169.66000366210938,169.8800048828125,168.00999450683594,168.39999389648438,162.36325073242188,5683900
2024-07-22,169.08999633789062,169.8000030517578,167.77000427246094,169.72999572753906,163.64559936523438,8973100
2024-07-23,169.4199981689453,169.83999633789062,169.02000427246094,169.1300048828125,163.06712341308594,5344300
2024-07-24,168.80999755859375,169.22999572753906,166.97999572753906,167.14999389648438,161.15809631347656,8067000
2024-07-25,167.1999969482422,169.67999267578125,166.85000610351562,167.35000610351562,161.3509521484375,10680400
2024-07-26,168.6199951171875,170.27999877929688,168.35000610351562,169.74000549316406,163.65525817871094,7472300
2024-07-29,170.13999938964844,170.38999938964844,169.1699981689453,169.97000122070312,163.87701416015625,5737800
2024-07-30,170.63999938964844,171.30999755859375,169.94000244140625,170.7899932861328,164.66761779785156,7333100
2024-07-31,172.00999450683594,173.0800018310547,171.08999633789062,171.60000610351562,165.44857788085938,9957500
2024-08-01,171.89999389648438,172.7100067138672,168.77999877929688,169.69000244140625,163.6070556640625,10567900
2024-08-02,168.22999572753906,168.41000366210938,165.10000610351562,166.77000427246094,160.79171752929688,11666300
2024-08-05,163.4199981689453,164.58999633789062,161.8000030517578,162.8300018310547,156.99295043945312,13747600
2024-08-06,163.33999633789062,166.5500030517578,163.00999450683594,164.5,158.60308837890625,8774600
2024-08-07,166.0800018310547,166.97999572753906,163.24000549316406,163.33999633789062,157.4846649169922,5938500
2024-08-08,164.14999389648438,166.4499969482422,163.8800048828125,166.3000030517578,160.3385772705078,6628600
2024-08-09,166.44000244140625,167.1300048828125,165.16000366210938,166.64999389648438,160.67601013183594,3650000
2024-08-12,166.6999969482422,166.8800048828125,165.52000427246094,165.85000610351562,159.9047088623047,5633600
2024-08-13,166.64999389648438,167.9600067138672,166.11000061035156,167.74000549316406,161.72695922851562,4208300
2024-08-14,168.02000427246094,168.55999755859375,167.60000610351562,168.08999633789062,162.0644073486328,4156200
2024-08-15,169.77000427246094,170.63999938964844,169.3300018310547,170.3699951171875,164.26268005371094,6926700
2024-08-16,170.0,170.9199981689453,170.0,170.77999877929688,164.657958984375,3454700
2024-08-19,170.92999267578125,172.1199951171875,170.91000366210938,172.0800018310547,165.911376953125,5580000
2024-08-20,171.91000366210938,172.19000244140625,171.1699981689453,171.39999389648438,165.25576782226562,5054900
2024-08-21,172.08999633789062,172.75999450683594,171.66000366210938,172.60000610351562,166.4127197265625,4594900
2024-08-22,173.0,173.2100067138672,171.8000030517578,172.11000061035156,165.9403076171875,3817200
2024-08-23,173.0,174.52000427246094,172.66000366210938,174.3000030517578,168.05177307128906,6000300
2024-08-26,174.97000122070312,175.38999938964844,174.07000732421875,174.27000427246094,168.0228729248047,7487600
2024-08-27,173.91000366210938,174.41000366210938,173.6999969482422,174.35000610351562,168.10000610351562,3560300
2024-08-28,174.10000610351562,174.6199951171875,173.0500030517578,173.8699951171875,167.63720703125,3964500
2024-08-29,174.5,175.5800018310547,173.5,174.52000427246094,168.263916015625,5095000
2024-08-30,175.0800018310547,175.9600067138672,173.9199981689453,175.8699951171875,169.5654754638672,4635800
2024-09-03,175.0,175.39999389648438,172.91000366210938,173.61000061035156,167.38650512695312,6616300
2024-09-04,173.44000244140625,174.39999389648438,172.86000061035156,173.36000061035156,167.14549255371094,10109400
2024-09-05,173.61000061035156,173.74000549316406,171.61000061035156,172.3000030517578,166.1234893798828,6015500
2024-09-06,172.52000427246094,173.3300018310547,170.22000122070312,170.4499969482422,164.33981323242188,9197200
2024-09-09,171.50999450683594,172.97000122070312,171.1999969482422,172.10000610351562,165.93063354492188,6402300
2024-09-10,172.4600067138672,172.61000061035156,170.9199981689453,172.1999969482422,166.02706909179688,4356800
2024-09-11,171.60000610351562,172.49000549316406,168.7899932861328,172.27999877929688,166.10418701171875,7108100
2024-09-12,172.30999755859375,173.4600067138672,171.4499969482422,173.35000610351562,167.13584899902344,5460300
2024-09-13,174.00999450683594,175.33999633789062,173.88999938964844,175.00999450683594,168.736328125,5248100
2024-09-16,175.6300048828125,176.58999633789062,175.3800048828125,176.27999877929688,169.96083068847656,4845200
2024-09-17,176.67999267578125,177.60000610351562,176.0399932861328,176.5399932861328,170.21148681640625,5489300
2024-09-18,176.88999938964844,178.39999389648438,175.9499969482422,176.2100067138672,169.893310546875,9390000
2024-09-19,178.5500030517578,178.8300018310547,177.3800048828125,178.08999633789062,171.7059326171875,7678100
2024-09-20,177.5800018310547,177.5800018310547,176.61000061035156,177.44000244140625,171.07923889160156,5392000
2024-09-23,177.25,177.72000122070312,176.91000366210938,177.64999389648438,171.95521545410156,5866400
2024-09-24,178.0399932861328,178.22999572753906,177.5399932861328,177.91000366210938,172.2069091796875,6316200
2024-09-25,178.10000610351562,178.25999450683594,176.5399932861328,176.80999755859375,171.14215087890625,4614900
2024-09-26,178.11000061035156,178.80999755859375,177.75,178.2899932861328,172.57473754882812,6061500
2024-09-27,179.02000427246094,179.94000244140625,178.64999389648438,178.92999267578125,173.1941680908203,5693800
2024-09-30,178.77000427246094,179.35000610351562,177.60000610351562,179.16000366210938,173.4167938232422,5068500
2024-10-01,178.9499969482422,179.1699981689453,177.27000427246094,178.2100067138672,172.4972686767578,8274200
2024-10-02,177.72999572753906,178.4499969482422,177.22000122070312,178.02000427246094,172.31336975097656,4117100
2024-10-03,177.4499969482422,177.69000244140625,176.57000732421875,177.17999267578125,171.50027465820312,5361900
2024-10-04,178.6699981689453,178.67999267578125,177.30999755859375,178.57000732421875,172.84573364257812,5400400
2024-10-07,178.02000427246094,178.02000427246094,176.4199981689453,177.17999267578125,171.50027465820312,4207300
2024-10-08,177.3699951171875,177.8000030517578,176.74000549316406,177.60000610351562,171.90679931640625,3845700
2024-10-09,177.63999938964844,179.0500030517578,177.3300018310547,178.82000732421875,173.08770751953125,3925200
2024-10-10,178.47000122070312,178.6699981689453,177.75,178.14999389648438,172.43919372558594,3171900
2024-10-11,178.47999572753906,180.13999938964844,178.38999938964844,179.89999389648438,174.13308715820312,4033900
2024-10-14,180.00999450683594,181.33999633789062,179.58999633789062,181.22000122070312,175.41078186035156,3222600
2024-10-15,181.25999450683594,182.22000122070312,180.2899932861328,180.39999389648438,174.61705017089844,5152200
2024-10-16,180.85000610351562,181.8699951171875,180.7100067138672,181.6199951171875,175.79794311523438,4840200
2024-10-17,182.1199951171875,182.14999389648438,181.1300048828125,181.3300018310547,175.5172576904297,3595400
2024-10-18,181.86000061035156,182.00999450683594,180.91000366210938,181.8699951171875,176.03993225097656,3275700
2024-10-21,181.58999633789062,181.85000610351562,179.92999267578125,180.32000732421875,174.53961181640625,3998700
2024-10-22,179.60000610351562,179.8000030517578,178.72999572753906,179.50999450683594,173.75559997558594,3730700
2024-10-23,178.99000549316406,179.49000549316406,177.92999267578125,178.9199981689453,173.1844940185547,4665700
2024-10-24,179.47000122070312,179.6699981689453,178.52999877929688,178.9600067138672,173.2232208251953,4361800
2024-10-25,179.94000244140625,180.14999389648438,177.97000122070312,178.11000061035156,172.40048217773438,4555200
2024-10-28,178.85000610351562,179.60000610351562,178.75999450683594,179.1199951171875,173.3780975341797,3040100
2024-10-29,178.5500030517578,179.2100067138672,178.0500030517578,178.5800018310547,172.8553924560547,5505400
2024-10-30,177.94000244140625,179.35000610351562,177.94000244140625,178.19000244140625,172.4779052734375,5630200
2024-10-31,177.72999572753906,178.0,176.25,176.2899932861328,170.6387939453125,6143700
2024-11-01,176.94000244140625,177.9600067138672,176.25,176.39999389648438,170.7452850341797,4247000
2024-11-04,176.58999633789062,177.58999633789062,176.07000732421875,176.61000061035156,170.94854736328125,3954200
2024-11-05,176.67999267578125,178.72999572753906,176.2100067138672,178.6699981689453,172.94252014160156,4550700
2024-11-06,183.33999633789062,183.3800048828125,181.3000030517578,182.89999389648438,177.03692626953125,12965500
2024-11-07,183.38999938964844,183.5500030517578,182.6199951171875,183.0800018310547,177.21115112304688,8402000
2024-11-08,183.2899932861328,184.47000122070312,183.0399932861328,184.10000610351562,178.19847106933594,7541600
2024-11-11,184.82000732421875,185.7899932861328,184.72999572753906,185.02000427246094,179.08897399902344,6861800
2024-11-12,184.74000549316406,184.88999938964844,183.02999877929688,183.61000061035156,177.72415161132812,5098300
2024-11-13,183.94000244140625,184.5399932861328,183.4499969482422,183.7100067138672,177.82098388671875,9745300
2024-11-14,183.7899932861328,183.99000549316406,182.1199951171875,182.24000549316406,176.3980712890625,7379500
2024-11-15,181.89999389648438,182.3300018310547,180.64999389648438,180.94000244140625,175.13975524902344,5450400
2024-11-18,181.11000061035156,182.05999755859375,180.8699951171875,181.6699981689453,175.8463592529297,3702600
2024-11-19,180.11000061035156,181.57000732421875,179.64999389648438,181.17999267578125,175.37203979492188,5787700
2024-11-20,181.30999755859375,181.8699951171875,180.33999633789062,181.7899932861328,175.96250915527344,4496700
2024-11-21,182.39999389648438,184.41000366210938,181.74000549316406,184.0800018310547,178.17910766601562,5642600
2024-11-22,184.52000427246094,185.7899932861328,184.49000549316406,185.52999877929688,179.5825958251953,6371300
2024-11-25,187.16000366210938,187.99000549316406,186.77000427246094,187.2100067138672,181.20877075195312,8582500
2024-11-26,187.25999450683594,187.38999938964844,186.30999755859375,187.22999572753906,181.22808837890625,5590500
2024-11-27,187.50999450683594,188.08999633789062,186.88999938964844,187.0500030517578,181.0538787841797,4801900
2024-11-29,187.4600067138672,188.16000366210938,187.33999633789062,187.6199951171875,181.60560607910156,3752500
2024-12-02,187.6999969482422,187.8699951171875,186.47000122070312,187.14999389648438,181.1506805419922,7664300
2024-12-03,187.14999389648438,187.38999938964844,186.1199951171875,186.32000732421875,180.34732055664062,8580300
2024-12-04,186.57000732421875,186.61000061035156,185.60000610351562,186.3300018310547,180.35694885253906,6576700
2024-12-05,186.32000732421875,186.47999572753906,185.33999633789062,185.39999389648438,179.45677185058594,6060200
2024-12-06,186.0500030517578,186.41000366210938,185.0500030517578,185.19000244140625,179.25350952148438,4527300
2024-12-09,185.7100067138672,185.8699951171875,184.38999938964844,184.42999267578125,178.5178680419922,5121100
2024-12-10,184.4600067138672,184.4600067138672,182.7899932861328,183.3000030517578,177.42410278320312,6296400
2024-12-11,184.1199951171875,184.17999267578125,183.27999877929688,183.47000122070312,177.58865356445312,6041800
2024-12-12,183.44000244140625,183.63999938964844,182.8000030517578,182.8000030517578,176.94012451171875,3648800
2024-12-13,182.8000030517578,183.00999450683594,181.82000732421875,182.16000366210938,176.3206329345703,5418500
2024-12-16,182.19000244140625,182.8300018310547,181.38999938964844,181.55999755859375,175.73985290527344,5199800
2024-12-17,180.91000366210938,181.30999755859375,179.85000610351562,180.1300048828125,174.35572814941406,7334500
2024-12-18,180.36000061035156,180.57000732421875,174.66000366210938,174.8000030517578,169.1965789794922,11216700
2024-12-19,175.6999969482422,176.61000061035156,174.1699981689453,174.22000122070312,168.6351776123047,10243000
2024-12-20,173.9600067138672,177.77000427246094,173.69000244140625,176.66000366210938,170.99696350097656,10861700
2024-12-23,175.39999389648438,176.44000244140625,174.7100067138672,176.27999877929688,171.23008728027344,8102400
2024-12-24,176.3699951171875,177.6999969482422,176.0399932861328,177.61000061035156,172.52197265625,2266500
2024-12-26,176.9499969482422,178.14999389648438,176.80999755859375,177.89999389648438,172.80368041992188,3493100
2024-12-27,177.0,177.99000549316406,175.7899932861328,176.69000244140625,171.6283416748047,5401800
2024-12-30,175.25,175.61000061035156,173.57000732421875,174.91000366210938,169.89932250976562,6274500
2024-12-31,175.52999877929688,176.07000732421875,174.5500030517578,175.22999572753906,170.21014404296875,6324500
2025-01-02,176.32000732421875,176.67999267578125,173.91000366210938,174.72000122070312,169.7147674560547,9011900
2025-01-03,175.25,176.58999633789062,174.5800018310547,176.32000732421875,171.26895141601562,4949100
2025-01-06,177.1300048828125,177.9600067138672,175.94000244140625,176.1999969482422,171.15237426757812,8748100
2025-01-07,176.80999755859375,177.38999938964844,175.02999877929688,175.61000061035156,170.5792694091797,8469400
2025-01-08,175.17999267578125,175.9499969482422,174.13999938964844,175.82000732421875,170.7832489013672,6932900
2025-01-10,174.66000366210938,174.9499969482422,173.07000732421875,173.25,168.28688049316406,7406800
2025-01-13,172.55999755859375,174.72000122070312,172.3800048828125,174.6699981689453,169.6661834716797,8191400
2025-01-14,175.42999267578125,176.2899932861328,174.6999969482422,176.0800018310547,171.03579711914062,8081800
2025-01-15,178.72999572753906,179.00999450683594,177.2899932861328,177.77000427246094,172.6774139404297,9989500
2025-01-16,177.9199981689453,179.42999267578125,177.3699951171875,179.1699981689453,174.0372772216797,5759000
2025-01-17,180.08999633789062,180.7100067138672,179.6999969482422,180.0399932861328,174.8823699951172,5945500
2025-01-21,181.08999633789062,182.2100067138672,180.9499969482422,182.1300048828125,176.91250610351562,7561500
2025-01-22,182.27999877929688,182.39999389648438,181.42999267578125,181.49000549316406,176.29083251953125,8400200
2025-01-23,181.58999633789062,182.36000061035156,180.8800048828125,182.35000610351562,177.12619018554688,5414500
2025-01-24,182.11000061035156,182.85000610351562,181.94000244140625,182.19000244140625,176.9707794189453,8858500
2025-01-27,181.25999450683594,182.35000610351562,181.16000366210938,182.30999755859375,177.0873260498047,11280900
2025-01-28,182.3000030517578,182.35000610351562,181.02000427246094,181.41000366210938,176.213134765625,14005300
2025-01-29,181.4199981689453,182.0800018310547,180.47000122070312,180.80999755859375,175.63031005859375,7849500
2025-01-30,181.83999633789062,183.16000366210938,181.49000549316406,182.74000549316406,177.50502014160156,8669000
2025-01-31,182.39999389648438,183.22999572753906,181.0399932861328,181.24000549316406,176.04800415039062,10222400
2025-02-03,178.9199981689453,180.89999389648438,177.6999969482422,180.25,175.08633422851562,23419700
2025-02-04,179.86000061035156,180.86000061035156,179.74000549316406,180.47000122070312,175.300048828125,7359000
2025-02-05,180.89999389648438,181.44000244140625,179.72999572753906,181.35000610351562,176.15484619140625,5616100
2025-02-06,182.10000610351562,182.10000610351562,180.11000061035156,181.11000061035156,175.9217071533203,5858800
2025-02-07,181.67999267578125,181.7899932861328,179.94000244140625,180.22000122070312,175.0572052001953,6525000
2025-02-10,181.02999877929688,181.10000610351562,180.0800018310547,180.72999572753906,175.55258178710938,5193400
2025-02-11,180.1300048828125,180.83999633789062,179.80999755859375,180.75,175.572021484375,4882000
2025-02-12,178.75,180.11000061035156,178.64999389648438,179.6999969482422,174.55209350585938,8593000
2025-02-13,180.3000030517578,181.4199981689453,179.80999755859375,181.25999450683594,176.06739807128906,7191600
2025-02-14,181.75,182.17999267578125,181.02000427246094,181.0800018310547,175.89254760742188,10416200
2025-02-18,181.55999755859375,182.5,181.05999755859375,182.47000122070312,177.24273681640625,5629500
2025-02-19,182.0,183.02000427246094,181.67999267578125,182.83999633789062,177.60214233398438,6982400
2025-02-20,182.6199951171875,182.6199951171875,181.1699981689453,182.3800048828125,177.1553497314453,5153400
2025-02-21,182.6199951171875,182.6199951171875,179.39999389648438,179.82000732421875,174.66868591308594,7674000
2025-02-24,180.3699951171875,180.7899932861328,179.2100067138672,179.97000122070312,174.8143768310547,6196800
2025-02-25,180.22000122070312,180.75,179.16000366210938,180.14999389648438,174.9892120361328,9329900
2025-02-26,180.7100067138672,181.3800048828125,179.38999938964844,179.77000427246094,174.6201171875,5829700
2025-02-27,179.8000030517578,180.55999755859375,178.10000610351562,178.1999969482422,173.0950469970703,6878000
2025-02-28,178.67999267578125,180.25,177.50999450683594,180.17999267578125,175.01834106445312,9252600
2025-03-03,180.8800048828125,181.39999389648438,177.30999755859375,178.25999450683594,173.15333557128906,7704400
2025-03-04,177.27000427246094,177.86000061035156,174.83999633789062,175.3800048828125,170.35586547851562,10009200
2025-03-05,175.22000122070312,177.5,174.5399932861328,177.00999450683594,171.9391632080078,6327500
2025-03-06,175.41000366210938,176.5500030517578,174.1999969482422,175.0500030517578,170.0353240966797,8624700
2025-03-07,174.58999633789062,177.1199951171875,174.02000427246094,176.69000244140625,171.6283416748047,11727400
2025-03-10,175.0800018310547,176.72999572753906,172.9199981689453,174.1999969482422,169.2096405029297,16835700
2025-03-11,174.22999572753906,174.32000732421875,170.9600067138672,171.8800048828125,166.9561309814453,17834700
2025-03-12,172.61000061035156,173.08999633789062,170.10000610351562,171.07000732421875,166.16934204101562,15640500
2025-03-13,171.0800018310547,171.6999969482422,168.83999633789062,169.42999267578125,164.57632446289062,8687700
2025-03-14,170.8699951171875,172.88999938964844,170.3000030517578,172.66000366210938,167.71380615234375,7120600
2025-03-17,172.5500030517578,175.63999938964844,172.5500030517578,174.99000549316406,169.97702026367188,8485500
2025-03-18,174.77999877929688,174.77999877929688,173.33999633789062,174.0800018310547,169.09310913085938,6404500
2025-03-19,174.25999450683594,176.2100067138672,173.83999633789062,175.3699951171875,170.34616088867188,7666100
2025-03-20,174.55999755859375,175.75999450683594,174.16000366210938,174.63999938964844,169.63705444335938,7686200
2025-03-21,173.47000122070312,174.17999267578125,172.30999755859375,173.83999633789062,168.85997009277344,7787700
2025-03-24,174.63999938964844,175.97000122070312,174.33999633789062,175.69000244140625,171.47666931152344,9323400
2025-03-25,175.9600067138672,176.08999633789062,174.52999877929688,175.27000427246094,171.06674194335938,4313100
2025-03-26,175.6199951171875,176.32000732421875,174.3800048828125,174.94000244140625,170.7446746826172,4641600
2025-03-27,174.64999389648438,175.50999450683594,173.61000061035156,174.49000549316406,170.30545043945312,5538300
2025-03-28,174.41000366210938,174.4499969482422,171.5500030517578,171.8000030517578,167.6799774169922,6786800
2025-03-31,170.7899932861328,173.99000549316406,170.1699981689453,173.22999572753906,169.07566833496094,10869400
2025-04-01,173.0,173.89999389648438,171.25999450683594,173.41000366210938,169.25137329101562,6370100
2025-04-02,171.94000244140625,175.38999938964844,171.94000244140625,174.86000061035156,170.6665802001953,7288600
2025-04-03,170.0,170.6300048828125,166.4600067138672,166.52999877929688,162.53634643554688,15808200
2025-04-04,162.85000610351562,163.11000061035156,156.94000244140625,157.17999267578125,153.41058349609375,29019500
2025-04-07,153.63999938964844,161.69000244140625,150.35000610351562,155.8699951171875,152.13198852539062,34004200
2025-04-08,160.3300018310547,160.6999969482422,150.7899932861328,152.92999267578125,149.2624969482422,17732800
2025-04-09,151.24000549316406,165.88999938964844,150.80999755859375,165.16000366210938,161.19920349121094,37769600
2025-04-10,162.14999389648438,162.3000030517578,155.47999572753906,159.60000610351562,155.77255249023438,20112100
2025-04-11,159.38999938964844,162.77000427246094,157.69000244140625,162.02000427246094,158.13449096679688,11819300
2025-04-14,164.27000427246094,164.97000122070312,162.47000122070312,164.08999633789062,160.1548614501953,14031000
2025-04-15,164.33999633789062,165.47000122070312,163.39999389648438,163.55999755859375,159.6375732421875,8519400
2025-04-16,162.89999389648438,164.0800018310547,160.2100067138672,161.4600067138672,157.5879364013672,10385800
2025-04-17,161.8300018310547,163.91000366210938,161.69000244140625,162.66000366210938,158.7591552734375,7874400
2025-04-21,161.38999938964844,161.64999389648438,157.7100067138672,159.38999938964844,155.56759643554688,6286600
2025-04-22,161.19000244140625,163.6999969482422,160.92999267578125,163.32000732421875,159.40333557128906,8645400
2025-04-23,166.50999450683594,168.49000549316406,164.33999633789062,164.89999389648438,160.94544982910156,12717500
2025-04-24,165.2100067138672,167.97000122070312,164.5800018310547,167.69000244140625,163.6685333251953,5767900
2025-04-25,167.27000427246094,167.63999938964844,166.0399932861328,167.4499969482422,163.4342803955078,5190000
2025-04-28,167.72000122070312,168.67999267578125,166.4199981689453,167.9199981689453,163.89300537109375,7232100
2025-04-29,167.4499969482422,169.32000732421875,167.1199951171875,168.89999389648438,164.8495330810547,5877300
2025-04-30,167.14999389648438,169.5500030517578,165.38999938964844,169.13999938964844,165.08375549316406,7497400
2025-05-01,169.13999938964844,170.50999450683594,168.47999572753906,168.91000366210938,164.85928344726562,9380300
2025-05-02,171.02000427246094,172.2899932861328,170.58999633789062,171.88999938964844,167.767822265625,6865200
2025-05-05,170.92999267578125,172.22999572753906,170.58999633789062,171.32000732421875,167.2115020751953,5732400
2025-05-06,169.9199981689453,171.3800048828125,169.47999572753906,170.0500030517578,165.971923828125,5246400
2025-05-07,170.60000610351562,171.72999572753906,169.9600067138672,171.1699981689453,167.06504821777344,6912400
2025-05-08,172.24000549316406,174.27000427246094,171.7899932861328,172.61000061035156,168.4705352783203,5238800
2025-05-09,173.02999877929688,173.3000030517578,172.11000061035156,172.57000732421875,168.43150329589844,3460100
2025-05-12,177.25999450683594,177.50999450683594,176.0399932861328,177.3000030517578,173.04808044433594,8903700
2025-05-13,177.42999267578125,178.52000427246094,177.22000122070312,177.6999969482422,173.43849182128906,8960000
2025-05-14,177.5500030517578,177.6300048828125,176.22000122070312,176.6300048828125,172.39413452148438,7785500
2025-05-15,176.25999450683594,178.27999877929688,176.25999450683594,178.24000549316406,173.9655303955078,6989300
2025-05-16,178.4199981689453,179.99000549316406,177.88999938964844,179.99000549316406,175.67356872558594,6304500
2025-05-19,178.36000061035156,180.17999267578125,178.25999450683594,179.97000122070312,175.65403747558594,4145500
2025-05-20,179.49000549316406,180.17999267578125,178.7899932861328,179.5,175.19529724121094,5888300
2025-05-21,178.08999633789062,178.36000061035156,175.41000366210938,175.58999633789062,171.37908935546875,13219500
2025-05-22,175.1300048828125,176.02999877929688,174.10000610351562,175.02999877929688,170.83248901367188,10673200
2025-05-23,173.22000122070312,174.8800048828125,173.0,174.3300018310547,170.1492919921875,11014300
2025-05-27,176.4600067138672,177.67999267578125,175.47999572753906,177.5800018310547,173.32135009765625,8780200
2025-05-28,177.55999755859375,177.69000244140625,175.77000427246094,176.07000732421875,171.84756469726562,13696600
2025-05-29,176.72999572753906,176.75999450683594,174.99000549316406,176.5,172.2672576904297,7823900
2025-05-30,176.0,177.00999450683594,174.94000244140625,176.42999267578125,172.1989288330078,8433600
2025-06-02,176.07000732421875,176.6199951171875,174.27000427246094,176.57000732421875,172.3355712890625,12499600
2025-06-03,176.52000427246094,178.2100067138672,175.92999267578125,178.0399932861328,173.7703094482422,9725900
2025-06-04,178.30999755859375,178.4499969482422,177.57000732421875,177.63999938964844,173.3799285888672,6957400
2025-06-05,177.85000610351562,178.3000030517578,176.6699981689453,177.16000366210938,172.91143798828125,11662900
2025-06-06,178.66000366210938,179.00999450683594,178.00999450683594,178.69000244140625,174.4047393798828,7257800
2025-06-09,179.1300048828125,179.5800018310547,178.22999572753906,178.72000122070312,174.43402099609375,11541800
2025-06-10,179.16000366210938,179.86000061035156,178.8699951171875,179.61000061035156,175.30267333984375,13056400
2025-06-11,180.0,180.02999877929688,178.52000427246094,179.10000610351562,174.80491638183594,11864700
2025-06-12,178.6199951171875,179.5500030517578,178.14999389648438,179.52000427246094,175.21482849121094,8786000
2025-06-13,178.19000244140625,179.02999877929688,176.8699951171875,177.35000610351562,173.0968780517578,16262000
2025-06-16,178.36000061035156,179.75999450683594,178.32000732421875,179.05999755859375,174.765869140625,10888000
2025-06-17,178.32000732421875,178.77000427246094,177.02999877929688,177.33999633789062,173.08712768554688,9216000
2025-06-18,177.33999633789062,178.5800018310547,177.14999389648438,177.36000061035156,173.1066131591797,12988300
2025-06-20,178.3800048828125,178.67999267578125,177.2100067138672,177.64999389648438,173.38966369628906,9401300
2025-06-23,176.94000244140625,178.5800018310547,175.97999572753906,178.49000549316406,174.92044067382812,12724300
2025-06-24,179.4199981689453,180.5,178.9199981689453,180.17999267578125,176.57662963867188,10283300
2025-06-25,179.97000122070312,180.0399932861328,178.60000610351562,178.8800048828125,175.30264282226562,11833600
2025-06-26,179.44000244140625,180.4199981689453,179.35000610351562,180.22999572753906,176.62562561035156,8981500
2025-06-27,180.58999633789062,181.80999755859375,179.9499969482422,180.88999938964844,177.27244567871094,9276900
2025-06-30,181.16000366210938,182.02999877929688,180.8300018310547,181.74000549316406,178.10543823242188,9990600
2025-07-01,181.3000030517578,184.77000427246094,181.3000030517578,183.8699951171875,180.19284057617188,21421100
2025-07-02,183.8000030517578,184.44000244140625,183.0500030517578,184.2899932861328,180.6044158935547,12842400
2025-07-03,184.64999389648438,185.52000427246094,184.64999389648438,185.17999267578125,181.47662353515625,8503400
2025-07-07,184.75,185.07000732421875,182.6999969482422,183.6999969482422,180.02622985839844,14145700
2025-07-08,183.75999450683594,184.77999877929688,183.5500030517578,184.16000366210938,180.47705078125,11259100
2025-07-09,184.75,184.8800048828125,183.5500030517578,184.7100067138672,181.0160369873047,11300700
2025-07-10,184.7100067138672,186.49000549316406,184.4600067138672,185.77999877929688,182.06463623046875,13045900
2025-07-11,184.63999938964844,184.91000366210938,184.00999450683594,184.4199981689453,180.73182678222656,10362200
2025-07-14,184.1300048828125,184.75999450683594,183.7100067138672,184.61000061035156,180.91806030273438,9821500
2025-07-15,184.8800048828125,185.0500030517578,182.02000427246094,182.0500030517578,178.40924072265625,11203400
2025-07-16,182.6699981689453,182.97999572753906,180.55999755859375,182.75999450683594,179.1050262451172,11395700
2025-07-17,182.8300018310547,184.39999389648438,182.6199951171875,184.25,180.5652313232422,9663600
2025-07-18,184.80999755859375,184.9600067138672,183.7100067138672,184.17999267578125,180.4966278076172,9431700
2025-07-21,184.57000732421875,184.97999572753906,183.5500030517578,183.5500030517578,179.8792266845703,9822000
2025-07-22,183.82000732421875,186.16000366210938,183.82000732421875,185.88999938964844,182.1724395751953,12111800
2025-07-23,186.92999267578125,187.4600067138672,186.49000549316406,187.42999267578125,183.68162536621094,13828000
2025-07-24,187.14999389648438,187.7899932861328,186.7899932861328,186.8300018310547,183.09364318847656,11816300
2025-07-25,187.16000366210938,187.83999633789062,186.35000610351562,187.72999572753906,183.9756317138672,9579400
2025-07-28,187.69000244140625,187.72000122070312,186.5,186.6199951171875,182.88784790039062,8148100
2025-07-29,187.00999450683594,187.00999450683594,186.07000732421875,186.52999877929688,182.7996368408203,9571500
2025-07-30,186.52000427246094,186.9199981689453,184.39999389648438,185.32000732421875,181.61386108398438,13965200
2025-07-31,184.58999633789062,185.75,183.1999969482422,183.6300048828125,179.95762634277344,21530000
2025-08-01,182.25999450683594,182.33999633789062,179.94000244140625,181.55999755859375,177.92904663085938,19418200
2025-08-04,182.27000427246094,183.92999267578125,182.27000427246094,183.77999877929688,180.10464477539062,10694200
2025-08-05,184.00999450683594,184.13999938964844,182.5800018310547,183.27000427246094,179.6048583984375,12675600
2025-08-06,183.47999572753906,183.55999755859375,182.47999572753906,182.86000061035156,179.2030487060547,10196200
2025-08-07,184.0399932861328,184.44000244140625,182.11000061035156,182.75,179.09523010253906,12164900
2025-08-08,183.17999267578125,183.80999755859375,182.75,183.0800018310547,179.4186248779297,9185200
2025-08-11,183.30999755859375,184.0399932861328,182.27000427246094,182.5800018310547,178.9286346435547,9324600
2025-08-12,183.1999969482422,184.99000549316406,182.92999267578125,184.89999389648438,181.20223999023438,9790500
2025-08-13,185.5399932861328,187.6300048828125,185.3000030517578,187.5399932861328,183.7894287109375,13402800
2025-08-14,186.25,186.49000549316406,185.41000366210938,186.32000732421875,182.59385681152344,12180800
2025-08-15,186.6999969482422,186.72000122070312,185.64999389648438,185.86000061035156,182.14303588867188,11734800
2025-08-18,185.82000732421875,186.36000061035156,185.67999267578125,185.82000732421875,182.10385131835938,7559000
2025-08-19,185.91000366210938,187.57000732421875,185.91000366210938,186.69000244140625,182.95643615722656,10692900
2025-08-20,186.72000122070312,187.22999572753906,185.83999633789062,186.52000427246094,182.78985595703125,12877700
2025-08-21,185.92999267578125,186.36000061035156,185.3699951171875,185.8699951171875,182.15284729003906,12848300
2025-08-22,186.82000732421875,189.99000549316406,186.7899932861328,189.49000549316406,185.70045471191406,14820900
2025-08-25,188.99000549316406,189.22000122070312,188.0,188.0399932861328,184.27944946289062,12121000
2025-08-26,187.82000732421875,188.3800048828125,187.58999633789062,188.1699981689453,184.40682983398438,10758100
2025-08-27,188.02000427246094,189.0800018310547,187.85000610351562,188.85000610351562,185.0732421875,10330900
2025-08-28,189.17999267578125,189.25999450683594,187.88999938964844,188.75999450683594,184.9850311279297,11258800
2025-08-29,188.64999389648438,189.35000610351562,188.0500030517578,188.6199951171875,184.8478546142578,11791100
2025-09-02,186.74000549316406,187.33999633789062,186.0500030517578,187.1300048828125,183.38763427734375,13874500
2025-09-03,186.77000427246094,187.47000122070312,185.9499969482422,186.83999633789062,183.1034393310547,13431600
2025-09-04,187.17999267578125,188.25999450683594,186.47000122070312,188.22000122070312,184.45584106445312,10706800
2025-09-05,188.6699981689453,189.8000030517578,187.32000732421875,188.44000244140625,184.67144775390625,19713400
2025-09-08,188.47999572753906,188.47999572753906,187.0399932861328,188.2899932861328,184.52444458007812,16212100
2025-09-09,187.97999572753906,188.25,187.3300018310547,187.7100067138672,183.95603942871094,18432700
2025-09-10,187.6999969482422,188.49000549316406,186.94000244140625,187.52000427246094,183.7698516845703,17279300
2025-09-11,187.72000122070312,190.5399932861328,187.72000122070312,190.3300018310547,186.52365112304688,19182500
2025-09-12,190.08999633789062,190.32000732421875,188.80999755859375,188.9600067138672,185.18106079101562,14126100
2025-09-15,189.32000732421875,189.72000122070312,188.4499969482422,188.6300048828125,184.85765075683594,14177200
2025-09-16,188.63999938964844,188.99000549316406,187.6300048828125,188.1300048828125,184.36766052246094,13418400
2025-09-17,188.3699951171875,190.52000427246094,187.17999267578125,188.30999755859375,184.54405212402344,21025400
2025-09-18,188.8300018310547,190.05999755859375,188.52999877929688,189.5399932861328,185.74945068359375,16984500
2025-09-19,190.0,190.0,188.57000732421875,189.2100067138672,185.42605590820312,11333500
2025-09-22,187.82000732421875,188.8000030517578,187.4499969482422,188.47999572753906,185.51461791992188,9302300
2025-09-23,188.60000610351562,189.8800048828125,188.3699951171875,188.7100067138672,185.7410125732422,9921600
2025-09-24,188.7100067138672,189.24000549316406,188.08999633789062,188.27000427246094,185.3079376220703,10626000
2025-09-25,187.61000061035156,187.63999938964844,186.02999877929688,186.72000122070312,183.78231811523438,12979600
2025-09-26,187.22999572753906,188.72000122070312,187.11000061035156,188.57000732421875,185.6032257080078,11428800
2025-09-29,189.39999389648438,189.5,188.39999389648438,189.1999969482422,186.22328186035156,11846900
2025-09-30,188.86000061035156,189.8800048828125,188.35000610351562,189.6999969482422,186.71543884277344,13098600
2025-10-01,189.27000427246094,190.4199981689453,189.27000427246094,190.1300048828125,187.13868713378906,10806400
2025-10-02,190.1999969482422,190.9499969482422,189.6999969482422,190.5800018310547,187.5815887451172,12839600
2025-10-03,190.91000366210938,192.3000030517578,190.88999938964844,191.25,188.2410430908203,15326900
2025-10-06,192.10000610351562,192.10000610351562,190.88999938964844,191.19000244140625,188.1820068359375,10695400
2025-10-07,191.6300048828125,191.91000366210938,189.97000122070312,190.35000610351562,187.35520935058594,13431800
2025-10-08,190.58999633789062,191.27000427246094,189.83999633789062,190.97000122070312,187.9654541015625,11800200
2025-10-09,191.11000061035156,191.30999755859375,189.0800018310547,189.38999938964844,186.41030883789062,12641800
2025-10-10,189.58999633789062,190.00999450683594,185.08999633789062,185.1199951171875,182.20750427246094,40484500
2025-10-13,186.42999267578125,187.5399932861328,186.10000610351562,186.9199981689453,183.97915649414062,16088800
2025-10-14,185.5500030517578,189.3000030517578,185.4199981689453,188.47000122070312,185.50479125976562,17544300
2025-10-15,189.39999389648438,190.5,187.42999267578125,188.85000610351562,185.87879943847656,11078500
2025-10-16,189.22000122070312,189.4600067138672,186.42999267578125,187.05999755859375,184.11697387695312,20569900
2025-10-17,187.0399932861328,188.3699951171875,186.83999633789062,188.00999450683594,185.05201721191406,21042200
2025-10-20,189.02000427246094,190.16000366210938,189.0,189.88999938964844,186.90243530273438,9171600
2025-10-21,189.86000061035156,191.3300018310547,189.6300048828125,190.75999450683594,187.75875854492188,9444800
2025-10-22,190.83999633789062,191.1199951171875,189.16000366210938,189.83999633789062,186.8532257080078,15088600
2025-10-23,190.1199951171875,191.08999633789062,189.5800018310547,190.74000549316406,187.7390594482422,9809400
2025-10-24,192.11000061035156,192.22000122070312,191.17999267578125,191.25999450683594,188.25088500976562,13012000
2025-10-27,192.22999572753906,192.3300018310547,191.52999877929688,192.11000061035156,189.0875244140625,10311100
2025-10-28,191.75999450683594,191.75999450683594,190.35000610351562,190.4600067138672,187.46348571777344,12596700
2025-10-29,189.85000610351562,190.1300048828125,187.7100067138672,188.3300018310547,185.3669891357422,25832400
2025-10-30,187.50999450683594,189.49000549316406,187.4199981689453,187.52000427246094,184.56973266601562,16213800
2025-10-31,187.11000061035156,188.47999572753906,186.86000061035156,187.92999267578125,184.9732666015625,14994200
2025-11-03,187.97000122070312,187.97000122070312,185.47000122070312,187.47000122070312,184.52052307128906,16031300
2025-11-04,186.1999969482422,186.9600067138672,185.74000549316406,186.22999572753906,183.30001831054688,15934300
2025-11-05,186.17999267578125,187.97999572753906,186.02000427246094,187.32000732421875,184.37289428710938,15322600
2025-11-06,187.13999938964844,187.94000244140625,185.6300048828125,186.0,183.0736541748047,19140600
2025-11-07,185.6699981689453,187.63999938964844,185.35000610351562,187.55999755859375,184.60910034179688,24166700
2025-11-10,188.27999877929688,189.00999450683594,187.05999755859375,188.63999938964844,185.672119140625,15983200
2025-11-11,188.8699951171875,190.22000122070312,188.75,189.72999572753906,186.7449493408203,11465600
2025-11-12,189.94000244140625,190.92999267578125,189.94000244140625,190.17999267578125,187.18788146972656,17683800
2025-11-13,189.63999938964844,190.3300018310547,187.72000122070312,188.02999877929688,185.07171630859375,23906200
2025-11-14,187.1199951171875,188.4600067138672,186.52999877929688,187.33999633789062,184.39256286621094,31184400
2025-11-17,187.1199951171875,187.50999450683594,184.35000610351562,184.8800048828125,181.9712677001953,24821300
2025-11-18,184.33999633789062,186.0500030517578,183.86000061035156,184.99000549316406,182.0795440673828,39684900
2025-11-19,184.86000061035156,185.36000061035156,183.6699981689453,184.42999267578125,181.52835083007812,21903500
2025-11-20,186.24000549316406,186.77999877929688,182.11000061035156,182.17999267578125,179.31373596191406,45169400
2025-11-21,183.2100067138672,186.80999755859375,182.80999755859375,185.75999450683594,182.83743286132812,57508500
2025-11-24,186.19000244140625,187.16000366210938,185.27999877929688,186.52999877929688,183.59532165527344,15833500
2025-11-25,186.97999572753906,189.52999877929688,186.89999389648438,189.17999267578125,186.20359802246094,22726500
2025-11-26,189.39999389648438,191.16000366210938,189.30999755859375,190.5,187.5028533935547,14643700
2025-11-28,190.7100067138672,191.8300018310547,190.55999755859375,191.52999877929688,188.51663208007812,5185500
2025-12-01,190.33999633789062,191.64999389648438,190.1199951171875,190.22000122070312,187.2272491455078,13035100
2025-12-02,190.74000549316406,190.75,189.52999877929688,190.0399932861328,187.05006408691406,11714200
2025-12-03,190.27000427246094,191.6199951171875,190.25,191.49000549316406,188.47726440429688,13576800
2025-12-04,191.47999572753906,192.05999755859375,191.00999450683594,191.5500030517578,188.5363311767578,11086800
2025-12-05,191.82000732421875,192.80999755859375,191.58999633789062,192.0,188.979248046875,12887200
2025-12-08,192.24000549316406,192.27000427246094,190.6699981689453,190.85000610351562,187.8473358154297,8686100
2025-12-09,190.7100067138672,191.69000244140625,190.4199981689453,190.49000549316406,187.49301147460938,7896700
2025-12-10,190.75999450683594,193.60000610351562,190.61000061035156,193.1699981689453,190.13084411621094,17968600
2025-12-11,193.02000427246094,194.8800048828125,193.0,194.72999572753906,191.66629028320312,17852700
2025-12-12,195.3300018310547,195.47000122070312,193.05999755859375,193.41000366210938,190.3670654296875,26817100
2025-12-15,194.50999450683594,194.57000732421875,192.91000366210938,193.64999389648438,190.60328674316406,26605900
2025-12-16,193.77000427246094,193.9600067138672,191.58999633789062,192.2899932861328,189.26467895507812,16005500
2025-12-17,192.4499969482422,193.61000061035156,191.5399932861328,191.77000427246094,188.7528839111328,13546100
2025-12-18,192.9199981689453,193.75999450683594,191.80999755859375,192.17999267578125,189.15640258789062,18124000
2025-12-19,192.24000549316406,193.52000427246094,192.07000732421875,192.8800048828125,189.84539794921875,13707900
2025-12-22,192.61000061035156,193.72999572753906,192.4199981689453,193.5399932861328,191.2525634765625,8322300
2025-12-23,193.33999633789062,193.66000366210938,192.72999572753906,193.08999633789062,190.80789184570312,6422600
2025-12-24,193.1699981689453,194.11000061035156,193.0,193.7899932861328,191.49961853027344,4193200
2025-12-26,193.8000030517578,193.92999267578125,193.1699981689453,193.83999633789062,191.5490264892578,9570500
2025-12-29,193.61000061035156,194.05999755859375,193.1300048828125,193.52000427246094,191.23281860351562,7381000
2025-12-30,193.5399932861328,193.75,193.16000366210938,193.2100067138672,190.92648315429688,5089000
2025-12-31,193.16000366210938,193.16000366210938,191.52000427246094,191.55999755859375,189.2959747314453,12684500
2026-01-02,192.2100067138672,193.2899932861328,191.0399932861328,192.86000061035156,190.5806121826172,13722500
2026-01-05,193.00999450683594,195.24000549316406,192.83999633789062,194.64999389648438,192.3494415283203,17525900
2026-01-06,194.42999267578125,197.25,194.41000366210938,197.0,194.6716766357422,18100800
2026-01-07,197.16000366210938,197.47999572753906,194.6699981689453,194.7899932861328,192.48779296875,19819100
2026-01-08,194.36000061035156,196.97000122070312,194.1699981689453,196.4600067138672,194.1380615234375,21391900
2026-01-09,197.0,198.07000732421875,196.6300048828125,197.60000610351562,195.26458740234375,14223300
2026-01-12,197.0800018310547,197.8800048828125,196.5800018310547,197.77999877929688,195.44247436523438,12469900
2026-01-13,198.1300048828125,198.39999389648438,197.11000061035156,197.77999877929688,195.44247436523438,18149500
2026-01-14,197.47999572753906,198.67999267578125,197.44000244140625,198.67999267578125,196.33181762695312,24857600
2026-01-15,199.32000732421875,200.11000061035156,198.75,199.55999755859375,197.20143127441406,20666000
2026-01-16,199.3000030517578,199.77999877929688,198.6999969482422,199.0500030517578,196.69744873046875,13913900
2026-01-20,196.8699951171875,197.91000366210938,195.77999877929688,196.0800018310547,193.76255798339844,21111300
2026-01-21,197.17999267578125,199.88999938964844,197.11000061035156,199.39999389648438,197.04330444335938,19619100
2026-01-22,200.10000610351562,200.77999877929688,199.4600067138672,199.66000366210938,197.30023193359375,17094600
2026-01-23,199.2899932861328,199.47000122070312,198.02999877929688,198.77000427246094,196.4207763671875,13501000
2026-01-26,199.22000122070312,199.7899932861328,198.9499969482422,199.24000549316406,196.8852081298828,13080500
2026-01-27,199.1699981689453,199.4199981689453,198.5800018310547,198.92999267578125,196.578857421875,10553600
2026-01-28,198.9199981689453,199.47999572753906,197.91000366210938,198.25999450683594,195.91677856445312,20805900
2026-01-29,199.17999267578125,199.89999389648438,197.13999938964844,198.52000427246094,196.17372131347656,23925700
2026-01-30,198.00999450683594,198.72999572753906,196.25,198.0800018310547,195.73890686035156,25403000
2026-02-02,197.69000244140625,199.3300018310547,197.14999389648438,199.10000610351562,196.7468719482422,14618600
2026-02-03,198.72999572753906,200.0800018310547,196.97999572753906,198.57000732421875,196.22312927246094,28998500
2026-02-04,199.22000122070312,200.9499969482422,199.1199951171875,200.3000030517578,197.93267822265625,31319200
2026-02-05,199.63999938964844,200.0399932861328,198.1199951171875,198.55999755859375,196.21322631835938,36587400
2026-02-06,200.07000732421875,202.49000549316406,199.89999389648438,202.25999450683594,199.86949157714844,26921600
2026-02-09,201.61000061035156,202.82000732421875,200.99000549316406,202.3800048828125,199.98809814453125,14600900
2026-02-10,202.5500030517578,203.86000061035156,202.47000122070312,203.10000610351562,200.69960021972656,16784300
2026-02-11,203.88999938964844,204.1699981689453,202.52999877929688,203.4600067138672,201.0553436279297,18897200
2026-02-12,204.27000427246094,205.24000549316406,200.38999938964844,200.7899932861328,198.41688537597656,38641100
2026-02-13,201.1999969482422,203.82000732421875,200.42999267578125,202.8699951171875,200.4722900390625,29358500
2026-02-17,203.0800018310547,203.97999572753906,200.85000610351562,202.52000427246094,200.12643432617188,29787300
2026-02-18,202.8300018310547,204.22000122070312,202.25,203.57000732421875,201.16404724121094,20934100
2026-02-19,203.08999633789062,203.61000061035156,201.92999267578125,203.13999938964844,200.73910522460938,15448200
2026-02-20,202.5,204.77999877929688,202.33999633789062,204.08999633789062,201.67788696289062,27280200
2026-02-23,203.3800048828125,204.0800018310547,201.0500030517578,201.85000610351562,199.46437072753906,16437700
2026-02-24,201.8800048828125,203.7100067138672,201.7899932861328,203.4600067138672,201.0553436279297,19725000
2026-02-25,204.10000610351562,204.13999938964844,202.25,203.5800018310547,201.1739044189453,16772400
2026-02-26,204.1199951171875,205.02999877929688,203.17999267578125,204.72999572753906,202.31031799316406,23866200
2026-02-27,203.3699951171875,205.0800018310547,202.91000366210938,204.97000122070312,202.5474853515625,16234500
2026-03-02,203.33999633789062,205.24000549316406,202.83999633789062,204.58999633789062,202.17196655273438,22037000
2026-03-03,201.0500030517578,203.02999877929688,198.5500030517578,202.0800018310547,199.69163513183594,37315700
2026-03-04,202.6999969482422,203.35000610351562,201.4199981689453,202.88999938964844,200.49208068847656,16696700
2026-03-05,201.7899932861328,202.7100067138672,199.4600067138672,200.5399932861328,198.16983032226562,23144500
2026-03-06,198.44000244140625,198.77000427246094,196.52000427246094,198.14999389648438,195.80809020996094,23634400
2026-03-09,196.27999877929688,199.25,193.97000122070312,198.7100067138672,196.36148071289062,26828200
2026-03-10,198.44000244140625,199.5800018310547,196.85000610351562,197.22000122070312,194.8890838623047,19304300
2026-03-11,197.00999450683594,197.3800048828125,195.67999267578125,196.57000732421875,194.2467803955078,16887500
2026-03-12,194.8699951171875,196.00999450683594,193.50999450683594,193.52999877929688,191.24269104003906,24793800
2026-03-13,195.02000427246094,195.67999267578125,193.2899932861328,193.52000427246094,191.23281860351562,13023200
2026-03-16,195.25,196.19000244140625,194.58999633789062,194.9600067138672,192.65579223632812,12128800
2026-03-17,196.30999755859375,197.25,195.91000366210938,196.0500030517578,193.73291015625,10977500
2026-03-18,195.14999389648438,195.63999938964844,193.38999938964844,193.47000122070312,191.1833953857422,12514600
2026-03-19,192.25999450683594,194.47000122070312,191.89999389648438,193.32000732421875,191.03517150878906,17371100
2026-03-20,193.02999877929688,193.4199981689453,189.5,190.47999572753906,188.22872924804688,15312100
2026-03-23,192.5,194.0500030517578,191.44000244140625,191.69000244140625,190.2353973388672,15965500
2026-03-24,190.52000427246094,192.97000122070312,190.0800018310547,191.9199981689453,190.46365356445312,15258500
2026-03-25,193.4600067138672,194.14999389648438,191.33999633789062,192.85000610351562,191.38661193847656,14017300
2026-03-26,191.7100067138672,193.5,190.83999633789062,191.0800018310547,189.63003540039062,17145700
2026-03-27,190.42999267578125,190.69000244140625,188.02999877929688,188.4600067138672,187.0299072265625,13998800
2026-03-30,190.16000366210938,190.36000061035156,187.36000061035156,188.07000732421875,186.64288330078125,10947400
2026-03-31,190.02000427246094,192.63999938964844,188.72999572753906,191.9199981689453,190.46365356445312,19696500
2026-04-01,192.5399932861328,193.47000122070312,192.17999267578125,192.5399932861328,191.07894897460938,17589200
2026-04-02,190.5500030517578,194.3000030517578,190.2100067138672,193.08999633789062,191.62477111816406,10796600
2026-04-06,192.9499969482422,194.02000427246094,192.5500030517578,193.9199981689453,192.44847106933594,4600400
2026-04-07,193.33999633789062,194.02000427246094,192.39999389648438,193.49000549316406,192.02174377441406,8382700
2026-04-08,197.3000030517578,198.3000030517578,196.9199981689453,197.9600067138672,196.4578399658203,11173900
2026-04-09,197.24000549316406,198.72999572753906,196.8000030517578,198.0800018310547,196.576904296875,7321100
2026-04-10,198.25,198.42999267578125,196.3300018310547,196.64999389648438,195.1577606201172,6701900
2026-04-13,196.22999572753906,198.92999267578125,195.9499969482422,198.8300018310547,197.3212127685547,5789300
2026-04-14,199.08999633789062,200.02999877929688,198.52999877929688,199.66000366210938,198.14491271972656,10283900
2026-04-15,199.72999572753906,200.1999969482422,198.92999267578125,199.72999572753906,198.21438598632812,8666800
2026-04-16,200.10000610351562,201.0800018310547,199.91000366210938,200.63999938964844,199.11749267578125,9802500
2026-04-17,201.69000244140625,204.0800018310547,201.6300048828125,203.16000366210938,201.6183624267578,10807200
2026-04-20,202.69000244140625,203.92999267578125,202.6699981689453,203.8000030517578,202.25350952148438,6061800
2026-04-21,204.27000427246094,205.17999267578125,202.2100067138672,202.5500030517578,201.0129852294922,8702400
2026-04-22,203.77999877929688,204.19000244140625,201.94000244140625,202.4600067138672,200.92367553710938,7198100
2026-04-23,202.44000244140625,202.94000244140625,200.3800048828125,202.4499969482422,200.91375732421875,10703900
2026-04-24,202.5800018310547,202.94000244140625,201.64999389648438,202.02999877929688,200.49693298339844,8816800
2026-04-27,201.97000122070312,202.94000244140625,201.67999267578125,201.7899932861328,200.25875854492188,6866800
2026-04-28,201.7899932861328,202.27999877929688,200.16000366210938,200.75999450683594,199.23655700683594,6560200
2026-04-29,200.7899932861328,201.27000427246094,199.6999969482422,200.41000366210938,198.88922119140625,8269200
2026-04-30,200.5399932861328,203.5500030517578,200.1999969482422,203.44000244140625,201.896240234375,9591200
2026-05-01,204.00999450683594,204.30999755859375,202.7899932861328,202.82000732421875,201.28094482421875,13811300
2026-05-04,202.3699951171875,203.5800018310547,201.22999572753906,201.63999938964844,200.10989379882812,9495200
2026-05-05,202.27999877929688,203.77999877929688,201.6199951171875,203.24000549316406,201.69776916503906,6566000
2026-05-06,204.5800018310547,205.50999450683594,204.05999755859375,204.85000610351562,203.29554748535156,10908200
2026-05-07,204.9600067138672,205.52999877929688,202.9499969482422,203.5399932861328,201.99546813964844,10151400
2026-05-08,204.4499969482422,204.5800018310547,203.19000244140625,204.10000610351562,202.55123901367188,8492500
2026-05-11,204.4600067138672,204.82000732421875,203.63999938964844,203.99000549316406,202.44207763671875,7428700
2026-05-12,203.72999572753906,204.08999633789062,202.1699981689453,203.80999755859375,202.263427734375,9576200
2026-05-13,203.67999267578125,203.67999267578125,202.33999633789062,202.9199981689453,201.3801727294922,7388900
2026-05-14,203.4600067138672,204.50999450683594,203.0399932861328,203.66000366210938,202.1145782470703,9841600
2026-05-15,202.60000610351562,202.9199981689453,201.4499969482422,201.55999755859375,200.03050231933594,8957400
2026-05-18,201.8800048828125,203.27999877929688,201.4600067138672,202.8000030517578,201.26109313964844,13792400
2026-05-19,201.97999572753906,202.63999938964844,200.91000366210938,201.6199951171875,200.0900421142578,10548600
2026-05-20,201.97999572753906,203.99000549316406,200.6999969482422,203.8300018310547,202.2832794189453,18985500
2026-05-21,202.94000244140625,204.89999389648438,201.80999755859375,204.7100067138672,203.15660095214844,11504200
2026-05-22,205.72999572753906,206.97000122070312,205.52000427246094,206.5800018310547,205.0124053955078,11148200
2026-05-26,207.8300018310547,208.17999267578125,206.92999267578125,207.63999938964844,206.06436157226562,10318200
2026-05-27,208.0500030517578,208.72999572753906,207.33999633789062,207.49000549316406,205.91551208496094,9745500
2026-05-28,207.3800048828125,208.88999938964844,206.63999938964844,208.25,206.66973876953125,6643900
2026-05-29,208.75,209.32000732421875,208.2100067138672,208.8300018310547,207.24534606933594,8578100
2026-06-01,208.0500030517578,209.77000427246094,207.7899932861328,209.2100067138672,207.62245178222656,8484900
2026-06-02,209.11000061035156,210.1199951171875,208.77999877929688,210.0399932861328,208.44615173339844,8103000
2026-06-03,209.42999267578125,209.80999755859375,208.83999633789062,209.25,207.6621551513672,9765200
2026-06-04,210.02000427246094,210.9499969482422,209.74000549316406,210.8300018310547,209.23016357421875,10142800
2026-06-05,209.8699951171875,210.36000061035156,207.2899932861328,207.8300018310547,206.2529296875,10969800
2026-06-08,208.63999938964844,209.0800018310547,207.4499969482422,207.61000061035156,206.0345916748047,7771400
2026-06-09,208.63999938964844,210.36000061035156,205.74000549316406,209.19000244140625,207.60260009765625,17170300
2026-06-10,208.52999877929688,209.92999267578125,206.4499969482422,206.52999877929688,204.96278381347656,11015800
2026-06-11,207.33999633789062,210.4600067138672,206.8699951171875,209.75,208.15835571289062,16751800
2026-06-12,210.6999969482422,212.1199951171875,209.64999389648438,211.64999389648438,210.04393005371094,11412500
2026-06-15,213.60000610351562,214.2899932861328,212.6199951171875,212.8800048828125,211.26461791992188,7980500
2026-06-16,213.49000549316406,214.3000030517578,212.0800018310547,212.1699981689453,210.5599822998047,6167000
2026-06-17,212.11000061035156,213.0,208.58999633789062,208.99000549316406,207.40411376953125,11355500
2026-06-18,211.22000122070312,211.2899932861328,209.77000427246094,209.9600067138672,208.36676025390625,10811900
2026-06-22,209.52999877929688,210.33999633789062,209.10000610351562,209.61000061035156,208.8250274658203,7256400
2026-06-23,208.33999633789062,209.67999267578125,207.63999938964844,208.88999938964844,208.10772705078125,10942600
2026-06-24,209.3800048828125,211.5500030517578,209.25,210.3800048828125,209.59214782714844,8243700
2026-06-25,211.88999938964844,213.7899932861328,211.3699951171875,211.75,210.95701599121094,13830900
2026-06-26,211.35000610351562,213.08999633789062,210.30999755859375,210.30999755859375,209.5224151611328,16750500
2026-06-29,213.02000427246094,213.3699951171875,212.08999633789062,213.0500030517578,212.2521514892578,11408000
2026-06-30,212.7899932861328,213.36000061035156,212.0,212.77000427246094,211.97320556640625,9001600
2026-07-01,212.5800018310547,214.9499969482422,212.5800018310547,213.41000366210938,212.61080932617188,12587500
2026-07-02,214.49000549316406,215.61000061035156,213.2899932861328,214.91000366210938,214.10519409179688,10679600
2026-07-06,215.0399932861328,215.47000122070312,214.1300048828125,215.0,214.19483947753906,6442400
2026-07-07,215.80999755859375,216.3699951171875,214.50999450683594,214.72999572753906,213.9258575439453,8044100
2026-07-08,213.5399932861328,213.6999969482422,211.44000244140625,212.1999969482422,211.40533447265625,13646800
2026-07-09,212.83999633789062,214.19000244140625,212.47999572753906,213.5,212.70046997070312,7278100
2026-07-10,214.14999389648438,214.60000610351562,213.05999755859375,214.3000030517578,213.49746704101562,5540400
2026-07-13,214.47999572753906,215.5,213.8000030517578,214.22999572753906,213.42771911621094,6899100
2026-07-14,214.13999938964844,214.89999389648438,213.22000122070312,213.4499969482422,212.65065002441406,9049600
2026-07-15,213.75,214.16000366210938,212.5500030517578,212.97000122070312,212.17245483398438,8412500
2026-07-16,213.0800018310547,215.10000610351562,213.07000732421875,215.05999755859375,214.25462341308594,7125000
2026-07-17,214.36000061035156,215.9499969482422,213.0500030517578,213.3699951171875,212.57095336914062,12176200
2026-07-20,213.8699951171875,214.0,212.11000061035156,212.4199981689453,211.62451171875,6433000
2026-07-21,212.57000732421875,213.14999389648438,211.7899932861328,212.75999450683594,211.96322631835938,6363400
2026-07-22,213.02999877929688,213.94000244140625,212.3699951171875,212.6999969482422,211.90345764160156,4234900
2026-07-23,212.10000610351562,212.94000244140625,211.27000427246094,211.9199981689453,211.12637329101562,7189700
2026-07-24,212.3699951171875,214.47000122070312,212.22999572753906,213.57000732421875,212.77020263671875,7269100
2026-07-27,214.8000030517578,215.83999633789062,214.4600067138672,215.17999267578125,214.37416076660156,6002000
2026-07-28,216.1699981689453,218.0500030517578,215.99000549316406,217.69000244140625,216.87477111816406,12864200
2026-07-29,217.1999969482422,218.11000061035156,215.5500030517578,215.72999572753906,214.92210388183594,12991700
2026-07-30,215.8300018310547,215.9499969482422,213.05999755859375,215.3800048828125,214.57342529296875,13366300
2026-07-31,215.4199981689453,215.6300048828125,213.5500030517578,215.00999450683594,214.20480346679688,9729500
2026-08-03,215.8699951171875,217.27000427246094,215.8699951171875,217.11000061035156,216.2969512939453,8530300
2026-08-04,217.57000732421875,220.4499969482422,216.9199981689453,220.22999572753906,219.40525817871094,9185200
2026-08-05,220.82000732421875,221.08999633789062,219.24000549316406,219.72999572753906,218.90713500976562,8105900
2026-08-06,220.16000366210938,220.16000366210938,218.1999969482422,218.5800018310547,217.76144409179688,5486000
2026-08-07,219.02999877929688,220.3699951171875,218.41000366210938,220.08999633789062,219.26577758789062,6233700
2026-08-10,220.27999877929688,220.4199981689453,219.41000366210938,220.22000122070312,219.39529418945312,6332900
2026-08-11,219.97000122070312,221.22999572753906,219.91000366210938,220.69000244140625,219.86354064941406,7213700
2026-08-12,220.9499969482422,221.3699951171875,219.8699951171875,221.0800018310547,220.2520751953125,4791400
2026-08-13,221.77000427246094,222.91000366210938,221.49000549316406,222.72999572753906,221.89588928222656,6406600
2026-08-14,222.92999267578125,222.9600067138672,222.3300018310547,222.77000427246094,221.9357452392578,3810100
2026-08-17,222.07000732421875,222.2100067138672,220.72999572753906,220.7899932861328,219.96315002441406,5091500
2026-08-18,220.86000061035156,221.42999267578125,219.7100067138672,219.7899932861328,218.96690368652344,5623700
2026-08-19,221.61000061035156,223.44000244140625,221.4499969482422,222.07000732421875,221.23837280273438,7591600
2026-08-20,220.74000549316406,222.10000610351562,220.19000244140625,220.27999877929688,219.455078125,5567000
2026-08-21,221.3000030517578,222.13999938964844,221.02000427246094,221.6699981689453,220.83985900878906,5220500
2026-08-24,221.75,222.32000732421875,221.25999450683594,221.92999267578125,221.09889221191406,4822900
2026-08-25,222.24000549316406,222.27999877929688,221.24000549316406,221.77000427246094,220.9394989013672,5598400
2026-08-26,221.30999755859375,222.72000122070312,221.24000549316406,222.11000061035156,221.27821350097656,4612400
2026-08-27,221.55999755859375,222.11000061035156,221.24000549316406,221.4499969482422,220.6206817626953,5197400
2026-08-28,221.83999633789062,222.13999938964844,220.30999755859375,220.69000244140625,219.86354064941406,5412500
2026-08-31,219.77000427246094,220.0,219.14999389648438,219.38999938964844,218.5684051513672,6092400
2026-09-01,218.8699951171875,219.44000244140625,217.1999969482422,217.58999633789062,216.775146484375,6899700
2026-09-02,217.72999572753906,219.1300048828125,217.63999938964844,218.60000610351562,217.7813720703125,5988800
2026-09-03,219.57000732421875,220.27999877929688,218.4199981689453,220.0500030517578,219.22593688964844,5445800
2026-09-04,218.80999755859375,219.77000427246094,218.50999450683594,219.0,218.17987060546875,4442200
2026-09-08,218.1199951171875,218.39999389648438,216.6300048828125,216.72999572753906,215.91836547851562,6504200
2026-09-09,216.13999938964844,216.4199981689453,214.61000061035156,214.63999938964844,213.83619689941406,7038800
2026-09-10,213.80999755859375,214.44000244140625,213.02999877929688,213.1699981689453,212.3717041015625,8029900
2026-09-11,214.99000549316406,215.3300018310547,214.33999633789062,214.8699951171875,214.06532287597656,5318400
2026-09-14,214.64999389648438,215.77999877929688,214.30999755859375,215.00999450683594,214.20480346679688,6726300
2026-09-15,214.6999969482422,214.85000610351562,213.6300048828125,213.9600067138672,213.15875244140625,7113200
2026-09-16,214.19000244140625,214.50999450683594,210.9600067138672,212.27999877929688,211.4850311279297,8046200
2026-09-17,214.1199951171875,214.27999877929688,212.9499969482422,213.30999755859375,212.51116943359375,5232800
2026-09-18,212.83999633789062,212.97999572753906,211.66000366210938,212.2899932861328,211.4949951171875,6023500
2026-09-21,212.60000610351562,213.1999969482422,211.61000061035156,212.67999267578125,212.67999267578125,5653300
2026-09-22,213.55999755859375,213.8699951171875,212.30999755859375,212.8000030517578,212.8000030517578,6542300
2026-09-23,212.27000427246094,212.5399932861328,211.22999572753906,211.30999755859375,211.30999755859375,5964300
2026-09-24,211.07000732421875,211.47000122070312,209.80999755859375,210.25999450683594,210.25999450683594,7709200
2026-09-25,210.66000366210938,211.52000427246094,209.88999938964844,211.11000061035156,211.11000061035156,5651200
2026-09-28,210.11000061035156,210.77000427246094,209.02999877929688,209.74000549316406,209.74000549316406,8139600
2026-09-29,209.64999389648438,210.11000061035156,208.49000549316406,208.6750030517578,208.6750030517578,3503435
