DATE,OPEN,HIGH,LOW,CLOSE
01/03/2007,15.180000,15.180000,15.180000,15.180000
01/04/2007,14.960000,14.960000,14.960000,14.960000
01/05/2007,15.210000,15.210000,15.210000,15.210000
01/08/2007,15.050000,15.050000,15.050000,15.050000
01/09/2007,15.090000,15.090000,15.090000,15.090000
01/10/2007,14.860000,14.860000,14.860000,14.860000
01/11/2007,14.630000,14.630000,14.630000,14.630000
01/12/2007,14.070000,14.070000,14.070000,14.070000
01/16/2007,14.430000,14.430000,14.430000,14.430000
01/17/2007,14.340000,14.340000,14.340000,14.340000
01/18/2007,14.420000,14.420000,14.420000,14.420000
01/19/2007,14.180000,14.180000,14.180000,14.180000
01/22/2007,14.310000,14.310000,14.310000,14.310000
01/23/2007,14.090000,14.090000,14.090000,14.090000
01/24/2007,13.850000,13.850000,13.850000,13.850000
01/25/2007,14.240000,14.240000,14.240000,14.240000
01/26/2007,14.180000,14.180000,14.180000,14.180000
01/29/2007,14.200000,14.200000,14.200000,14.200000
01/30/2007,14.070000,14.070000,14.070000,14.070000
01/31/2007,13.840000,13.840000,13.840000,13.840000
02/01/2007,13.770000,13.770000,13.770000,13.770000
02/02/2007,13.870000,13.870000,13.870000,13.870000
02/05/2007,13.950000,13.950000,13.950000,13.950000
02/06/2007,13.970000,13.970000,13.970000,13.970000
02/07/2007,13.880000,13.880000,13.880000,13.880000
02/08/2007,13.980000,13.980000,13.980000,13.980000
02/09/2007,14.280000,14.280000,14.280000,14.280000
02/12/2007,14.500000,14.500000,14.500000,14.500000
02/13/2007,14.010000,14.010000,14.010000,14.010000
02/14/2007,13.860000,13.860000,13.860000,13.860000
02/15/2007,13.890000,13.890000,13.890000,13.890000
02/16/2007,13.860000,13.860000,13.860000,13.860000
02/20/2007,13.880000,13.880000,13.880000,13.880000
02/21/2007,14.030000,14.030000,14.030000,14.030000
02/22/2007,14.150000,14.150000,14.150000,14.150000
02/23/2007,14.200000,14.200000,14.200000,14.200000
02/26/2007,14.460000,14.460000,14.460000,14.460000
02/27/2007,16.840000,16.840000,16.840000,16.840000
02/28/2007,15.530000,15.530000,15.530000,15.530000
03/01/2007,15.460000,15.460000,15.460000,15.460000
03/02/2007,16.410000,16.410000,16.410000,16.410000
03/05/2007,16.730000,16.730000,16.730000,16.730000
03/06/2007,15.750000,15.750000,15.750000,15.750000
03/07/2007,15.580000,15.580000,15.580000,15.580000
03/08/2007,15.200000,15.200000,15.200000,15.200000
03/09/2007,15.210000,15.210000,15.210000,15.210000
03/12/2007,15.080000,15.080000,15.080000,15.080000
03/13/2007,15.860000,15.860000,15.860000,15.860000
03/14/2007,15.590000,15.590000,15.590000,15.590000
03/15/2007,15.490000,15.490000,15.490000,15.490000
03/16/2007,15.700000,15.700000,15.700000,15.700000
03/19/2007,15.120000,15.120000,15.120000,15.120000
03/20/2007,14.760000,14.760000,14.760000,14.760000
03/21/2007,14.030000,14.030000,14.030000,14.030000
03/22/2007,14.150000,14.150000,14.150000,14.150000
03/23/2007,14.210000,14.210000,14.210000,14.210000
03/26/2007,14.370000,14.370000,14.370000,14.370000
03/27/2007,14.490000,14.490000,14.490000,14.490000
03/28/2007,14.980000,14.980000,14.980000,14.980000
03/29/2007,14.930000,14.930000,14.930000,14.930000
03/30/2007,14.880000,14.880000,14.880000,14.880000
04/02/2007,14.840000,14.840000,14.840000,14.840000
04/03/2007,14.510000,14.510000,14.510000,14.510000
04/04/2007,14.510000,14.510000,14.510000,14.510000
04/05/2007,14.390000,14.390000,14.390000,14.390000
04/09/2007,14.310000,14.310000,14.310000,14.310000
04/10/2007,14.240000,14.240000,14.240000,14.240000
04/11/2007,14.460000,14.460000,14.460000,14.460000
04/12/2007,14.310000,14.310000,14.310000,14.310000
04/13/2007,14.110000,14.110000,14.110000,14.110000
04/16/2007,13.860000,13.860000,13.860000,13.860000
04/17/2007,13.780000,13.780000,13.780000,13.780000
04/18/2007,13.830000,13.830000,13.830000,13.830000
04/19/2007,14.350000,14.350000,14.350000,14.350000
04/20/2007,14.080000,14.080000,14.080000,14.080000
04/23/2007,14.310000,14.310000,14.310000,14.310000
04/24/2007,14.270000,14.270000,14.270000,14.270000
04/25/2007,14.230000,14.230000,14.230000,14.230000
04/26/2007,14.110000,14.110000,14.110000,14.110000
04/27/2007,14.080000,14.080000,14.080000,14.080000
04/30/2007,14.620000,14.620000,14.620000,14.620000
05/01/2007,14.440000,14.440000,14.440000,14.440000
05/02/2007,14.200000,14.200000,14.200000,14.200000
05/03/2007,14.080000,14.080000,14.080000,14.080000
05/04/2007,14.130000,14.130000,14.130000,14.130000
05/07/2007,14.110000,14.110000,14.110000,14.110000
05/08/2007,14.210000,14.210000,14.210000,14.210000
05/09/2007,14.240000,14.240000,14.240000,14.240000
05/10/2007,14.620000,14.620000,14.620000,14.620000
05/11/2007,14.490000,14.490000,14.490000,14.490000
05/14/2007,14.820000,14.820000,14.820000,14.820000
05/15/2007,14.760000,14.760000,14.760000,14.760000
05/16/2007,14.840000,14.840000,14.840000,14.840000
05/17/2007,15.010000,15.010000,15.010000,15.010000
05/18/2007,14.770000,14.770000,14.770000,14.770000
05/21/2007,14.880000,14.880000,14.880000,14.880000
05/22/2007,14.840000,14.840000,14.840000,14.840000
05/23/2007,14.890000,14.890000,14.890000,14.890000
05/24/2007,15.260000,15.260000,15.260000,15.260000
05/25/2007,15.020000,15.020000,15.020000,15.020000
05/29/2007,14.970000,14.970000,14.970000,14.970000
05/30/2007,14.780000,14.780000,14.780000,14.780000
05/31/2007,14.900000,14.900000,14.900000,14.900000
06/01/2007,14.930000,14.930000,14.930000,14.930000
06/04/2007,15.220000,15.220000,15.220000,15.220000
06/05/2007,15.310000,15.310000,15.310000,15.310000
06/06/2007,15.800000,15.800000,15.800000,15.800000
06/07/2007,16.460000,16.460000,16.460000,16.460000
06/08/2007,15.590000,15.590000,15.590000,15.590000
06/11/2007,15.480000,15.480000,15.480000,15.480000
06/12/2007,15.950000,15.950000,15.950000,15.950000
06/13/2007,15.520000,15.520000,15.520000,15.520000
06/14/2007,15.300000,15.300000,15.300000,15.300000
06/15/2007,15.490000,15.490000,15.490000,15.490000
06/18/2007,15.540000,15.540000,15.540000,15.540000
06/19/2007,15.300000,15.300000,15.300000,15.300000
06/20/2007,16.020000,16.020000,16.020000,16.020000
06/21/2007,16.060000,16.060000,16.060000,16.060000
06/22/2007,16.550000,16.550000,16.550000,16.550000
06/25/2007,16.690000,16.690000,16.690000,16.690000
06/26/2007,17.380000,17.380000,17.380000,17.380000
06/27/2007,16.290000,16.290000,16.290000,16.290000
06/28/2007,16.290000,16.290000,16.290000,16.290000
06/29/2007,16.740000,16.740000,16.740000,16.740000
07/02/2007,16.450000,16.450000,16.450000,16.450000
07/03/2007,16.310000,16.310000,16.310000,16.310000
07/05/2007,16.540000,16.540000,16.540000,16.540000
07/06/2007,16.350000,16.350000,16.350000,16.350000
07/09/2007,16.590000,16.590000,16.590000,16.590000
07/10/2007,17.440000,17.440000,17.440000,17.440000
07/11/2007,17.300000,17.300000,17.300000,17.300000
07/12/2007,17.060000,17.060000,17.060000,17.060000
07/13/2007,17.090000,17.090000,17.090000,17.090000
07/16/2007,17.300000,17.300000,17.300000,17.300000
07/17/2007,17.400000,17.400000,17.400000,17.400000
07/18/2007,17.690000,17.690000,17.690000,17.690000
07/19/2007,17.400000,17.400000,17.400000,17.400000
07/20/2007,18.090000,18.090000,18.090000,18.090000
07/23/2007,17.990000,17.990000,17.990000,17.990000
07/24/2007,18.770000,18.770000,18.770000,18.770000
07/25/2007,18.620000,18.620000,18.620000,18.620000
07/26/2007,18.740000,18.740000,18.740000,18.740000
07/27/2007,19.890000,19.890000,19.890000,19.890000
07/30/2007,19.030000,19.030000,19.030000,19.030000
07/31/2007,20.420000,20.420000,20.420000,20.420000
08/01/2007,21.100000,21.100000,21.100000,21.100000
08/02/2007,20.620000,20.620000,20.620000,20.620000
08/03/2007,22.550000,22.550000,22.550000,22.550000
08/06/2007,21.700000,21.700000,21.700000,21.700000
08/07/2007,21.210000,21.210000,21.210000,21.210000
08/08/2007,21.020000,21.020000,21.020000,21.020000
08/09/2007,22.870000,22.870000,22.870000,22.870000
08/10/2007,23.430000,23.430000,23.430000,23.430000
08/13/2007,22.390000,22.390000,22.390000,22.390000
08/14/2007,22.930000,22.930000,22.930000,22.930000
08/15/2007,23.600000,23.600000,23.600000,23.600000
08/16/2007,24.000000,24.000000,24.000000,24.000000
08/17/2007,23.540000,23.540000,23.540000,23.540000
08/20/2007,23.170000,23.170000,23.170000,23.170000
08/21/2007,22.450000,22.450000,22.450000,22.450000
08/22/2007,20.940000,20.940000,20.940000,20.940000
08/23/2007,20.990000,20.990000,20.990000,20.990000
08/24/2007,20.570000,20.570000,20.570000,20.570000
08/27/2007,21.210000,21.210000,21.210000,21.210000
08/28/2007,22.900000,22.900000,22.900000,22.900000
08/29/2007,21.850000,21.850000,21.850000,21.850000
08/30/2007,22.110000,22.110000,22.110000,22.110000
08/31/2007,21.710000,21.710000,21.710000,21.710000
09/04/2007,21.250000,21.250000,21.250000,21.250000
09/05/2007,21.660000,21.660000,21.660000,21.660000
09/06/2007,21.660000,21.660000,21.660000,21.660000
09/07/2007,22.560000,22.560000,22.560000,22.560000
09/10/2007,22.800000,22.800000,22.800000,22.800000
09/11/2007,22.060000,22.060000,22.060000,22.060000
09/12/2007,21.980000,21.980000,21.980000,21.980000
09/13/2007,21.860000,21.860000,21.860000,21.860000
09/14/2007,21.910000,21.910000,21.910000,21.910000
09/17/2007,22.370000,22.370000,22.370000,22.370000
09/18/2007,20.820000,20.820000,20.820000,20.820000
09/19/2007,20.220000,20.220000,20.220000,20.220000
09/20/2007,20.320000,20.320000,20.320000,20.320000
09/21/2007,19.960000,19.960000,19.960000,19.960000
09/24/2007,19.930000,19.930000,19.930000,19.930000
09/25/2007,19.860000,19.860000,19.860000,19.860000
09/26/2007,19.090000,19.090000,19.090000,19.090000
09/27/2007,18.630000,18.630000,18.630000,18.630000
09/28/2007,18.910000,18.910000,18.910000,18.910000
10/01/2007,18.900000,18.900000,18.900000,18.900000
10/02/2007,19.290000,19.290000,19.290000,19.290000
10/03/2007,19.620000,19.620000,19.620000,19.620000
10/04/2007,19.640000,19.640000,19.640000,19.640000
10/05/2007,19.060000,19.060000,19.060000,19.060000
10/09/2007,18.940000,18.940000,18.940000,18.940000
10/10/2007,19.280000,19.280000,19.280000,19.280000
10/11/2007,20.050000,20.050000,20.050000,20.050000
10/12/2007,19.920000,19.920000,19.920000,19.920000
10/15/2007,20.640000,20.640000,20.640000,20.640000
10/16/2007,21.050000,21.050000,21.050000,21.050000
10/17/2007,20.850000,20.850000,20.850000,20.850000
10/18/2007,20.980000,20.980000,20.980000,20.980000
10/19/2007,22.520000,22.520000,22.520000,22.520000
10/22/2007,22.160000,22.160000,22.160000,22.160000
10/23/2007,21.880000,21.880000,21.880000,21.880000
10/24/2007,22.410000,22.410000,22.410000,22.410000
10/25/2007,22.180000,22.180000,22.180000,22.180000
10/26/2007,21.890000,21.890000,21.890000,21.890000
10/29/2007,21.860000,21.860000,21.860000,21.860000
10/30/2007,22.280000,22.280000,22.280000,22.280000
10/31/2007,21.640000,21.640000,21.640000,21.640000
11/01/2007,23.230000,23.230000,23.230000,23.230000
11/02/2007,23.330000,23.330000,23.330000,23.330000
11/05/2007,23.820000,23.820000,23.820000,23.820000
11/06/2007,23.110000,23.110000,23.110000,23.110000
11/07/2007,24.670000,24.670000,24.670000,24.670000
11/08/2007,24.860000,24.860000,24.860000,24.860000
11/09/2007,25.590000,25.590000,25.590000,25.590000
11/13/2007,24.370000,24.370000,24.370000,24.370000
11/14/2007,24.950000,24.950000,24.950000,24.950000
11/15/2007,25.760000,25.760000,25.760000,25.760000
11/16/2007,25.590000,25.590000,25.590000,25.590000
11/19/2007,26.220000,26.220000,26.220000,26.220000
11/20/2007,25.710000,25.710000,25.710000,25.710000
11/21/2007,26.280000,26.280000,26.280000,26.280000
11/23/2007,25.620000,25.620000,25.620000,25.620000
11/26/2007,26.820000,26.820000,26.820000,26.820000
11/27/2007,25.840000,25.840000,25.840000,25.840000
11/28/2007,24.800000,24.800000,24.800000,24.800000
11/29/2007,24.930000,24.930000,24.930000,24.930000
11/30/2007,24.580000,24.580000,24.580000,24.580000
12/03/2007,24.710000,24.710000,24.710000,24.710000
12/04/2007,24.840000,24.840000,24.840000,24.840000
12/05/2007,24.140000,24.140000,24.140000,24.140000
12/06/2007,23.360000,23.360000,23.360000,23.360000
12/07/2007,23.330000,23.330000,23.330000,23.330000
12/10/2007,23.150000,23.150000,23.150000,23.150000
12/11/2007,24.140000,24.140000,24.140000,24.140000
12/12/2007,23.590000,23.590000,23.590000,23.590000
12/13/2007,23.750000,23.750000,23.750000,23.750000
12/14/2007,24.030000,24.030000,24.030000,24.030000
12/17/2007,24.830000,24.830000,24.830000,24.830000
12/18/2007,24.470000,24.470000,24.470000,24.470000
12/19/2007,23.880000,23.880000,23.880000,23.880000
12/20/2007,23.510000,23.510000,23.510000,23.510000
12/21/2007,22.810000,22.810000,22.810000,22.810000
12/24/2007,22.880000,22.880000,22.880000,22.880000
12/26/2007,22.660000,22.660000,22.660000,22.660000
12/27/2007,23.310000,23.310000,23.310000,23.310000
12/28/2007,23.720000,23.720000,23.720000,23.720000
12/31/2007,24.320000,24.320000,24.320000,24.320000
01/02/2008,24.550000,24.550000,24.550000,24.550000
01/03/2008,23.980000,23.980000,23.980000,23.980000
01/04/2008,24.730000,24.730000,24.730000,24.730000
01/07/2008,24.410000,24.410000,24.410000,24.410000
01/08/2008,25.280000,25.280000,25.280000,25.280000
01/09/2008,24.880000,24.880000,24.880000,24.880000
01/10/2008,24.710000,24.710000,24.710000,24.710000
01/11/2008,24.970000,24.970000,24.970000,24.970000
01/14/2008,24.740000,24.740000,24.740000,24.740000
01/15/2008,25.010000,25.010000,25.010000,25.010000
01/16/2008,24.690000,24.690000,24.690000,24.690000
01/17/2008,26.230000,26.230000,26.230000,26.230000
01/18/2008,25.890000,25.890000,25.890000,25.890000
01/22/2008,26.320000,26.320000,26.320000,26.320000
01/23/2008,25.300000,25.300000,25.300000,25.300000
01/24/2008,25.290000,25.290000,25.290000,25.290000
01/25/2008,25.800000,25.800000,25.800000,25.800000
01/28/2008,25.270000,25.270000,25.270000,25.270000
01/29/2008,25.010000,25.010000,25.010000,25.010000
01/30/2008,25.270000,25.270000,25.270000,25.270000
01/31/2008,24.580000,24.580000,24.580000,24.580000
02/01/2008,24.130000,24.130000,24.130000,24.130000
02/04/2008,24.770000,24.770000,24.770000,24.770000
02/05/2008,25.950000,25.950000,25.950000,25.950000
02/06/2008,26.560000,26.560000,26.560000,26.560000
02/07/2008,25.940000,25.940000,25.940000,25.940000
02/08/2008,26.160000,26.160000,26.160000,26.160000
02/11/2008,25.890000,25.890000,25.890000,25.890000
02/12/2008,25.800000,25.800000,25.800000,25.800000
02/13/2008,25.260000,25.260000,25.260000,25.260000
02/14/2008,25.390000,25.390000,25.390000,25.390000
02/15/2008,25.430000,25.430000,25.430000,25.430000
02/19/2008,25.290000,25.290000,25.290000,25.290000
02/20/2008,24.940000,24.940000,24.940000,24.940000
02/21/2008,25.130000,25.130000,25.130000,25.130000
02/22/2008,24.760000,24.760000,24.760000,24.760000
02/25/2008,24.340000,24.340000,24.340000,24.340000
02/26/2008,23.920000,23.920000,23.920000,23.920000
02/27/2008,24.160000,24.160000,24.160000,24.160000
02/28/2008,24.610000,24.610000,24.610000,24.610000
02/29/2008,25.720000,25.720000,25.720000,25.720000
03/03/2008,25.520000,25.520000,25.520000,25.520000
03/04/2008,25.470000,25.470000,25.470000,25.470000
03/05/2008,25.030000,25.030000,25.030000,25.030000
03/06/2008,26.080000,26.080000,26.080000,26.080000
03/07/2008,25.950000,25.950000,25.950000,25.950000
03/10/2008,26.610000,26.610000,26.610000,26.610000
03/11/2008,25.670000,25.670000,25.670000,25.670000
03/12/2008,26.400000,26.400000,26.400000,26.400000
03/13/2008,26.630000,26.630000,26.630000,26.630000
03/14/2008,27.660000,27.660000,27.660000,27.660000
03/17/2008,27.460000,27.460000,27.460000,27.460000
03/18/2008,25.420000,25.420000,25.420000,25.420000
03/19/2008,27.050000,27.050000,27.050000,27.050000
03/20/2008,26.340000,26.340000,26.340000,26.340000
03/24/2008,25.810000,25.810000,25.810000,25.810000
03/25/2008,24.840000,24.840000,24.840000,24.840000
03/26/2008,25.160000,25.160000,25.160000,25.160000
03/27/2008,25.100000,25.100000,25.100000,25.100000
03/28/2008,25.690000,25.690000,25.690000,25.690000
03/31/2008,25.270000,25.270000,25.270000,25.270000
04/01/2008,24.170000,24.170000,24.170000,24.170000
04/02/2008,24.550000,24.550000,24.550000,24.550000
04/03/2008,24.550000,24.550000,24.550000,24.550000
04/04/2008,24.180000,24.180000,24.180000,24.180000
04/07/2008,23.800000,23.800000,23.800000,23.800000
04/08/2008,23.870000,23.870000,23.870000,23.870000
04/09/2008,24.150000,24.150000,24.150000,24.150000
04/10/2008,23.890000,23.890000,23.890000,23.890000
04/11/2008,24.460000,24.460000,24.460000,24.460000
04/14/2008,24.530000,24.530000,24.530000,24.530000
04/15/2008,24.300000,24.300000,24.300000,24.300000
04/16/2008,23.230000,23.230000,23.230000,23.230000
04/17/2008,23.110000,23.110000,23.110000,23.110000
04/18/2008,22.800000,22.800000,22.800000,22.800000
04/21/2008,22.660000,22.660000,22.660000,22.660000
04/22/2008,23.030000,23.030000,23.030000,23.030000
04/23/2008,23.110000,23.110000,23.110000,23.110000
04/24/2008,22.780000,22.780000,22.780000,22.780000
04/25/2008,22.270000,22.270000,22.270000,22.270000
04/28/2008,21.950000,21.950000,21.950000,21.950000
04/29/2008,22.070000,22.070000,22.070000,22.070000
04/30/2008,22.030000,22.030000,22.030000,22.030000
05/01/2008,21.360000,21.360000,21.360000,21.360000
05/02/2008,21.160000,21.160000,21.160000,21.160000
05/05/2008,21.410000,21.410000,21.410000,21.410000
05/06/2008,21.380000,21.380000,21.380000,21.380000
05/07/2008,22.080000,22.080000,22.080000,22.080000
05/08/2008,22.150000,22.150000,22.150000,22.150000
05/09/2008,22.210000,22.210000,22.210000,22.210000
05/12/2008,21.870000,21.870000,21.870000,21.870000
05/13/2008,21.880000,21.880000,21.880000,21.880000
05/14/2008,21.780000,21.780000,21.780000,21.780000
05/15/2008,21.560000,21.560000,21.560000,21.560000
05/16/2008,21.990000,21.990000,21.990000,21.990000
05/19/2008,22.060000,22.060000,22.060000,22.060000
05/20/2008,22.550000,22.550000,22.550000,22.550000
05/21/2008,23.390000,23.390000,23.390000,23.390000
05/22/2008,23.370000,23.370000,23.370000,23.370000
05/23/2008,23.750000,23.750000,23.750000,23.750000
05/27/2008,23.580000,23.580000,23.580000,23.580000
05/28/2008,23.450000,23.450000,23.450000,23.450000
05/29/2008,23.350000,23.350000,23.350000,23.350000
05/30/2008,23.000000,23.000000,23.000000,23.000000
06/02/2008,23.690000,23.690000,23.690000,23.690000
06/03/2008,23.810000,23.810000,23.810000,23.810000
06/04/2008,24.030000,24.030000,24.030000,24.030000
06/05/2008,23.390000,23.390000,23.390000,23.390000
06/06/2008,25.210000,25.210000,25.210000,25.210000
06/09/2008,24.680000,24.680000,24.680000,24.680000
06/10/2008,24.820000,24.820000,24.820000,24.820000
06/11/2008,25.030000,25.030000,25.030000,25.030000
06/12/2008,24.760000,24.760000,24.760000,24.760000
06/13/2008,24.030000,24.030000,24.030000,24.030000
06/16/2008,23.670000,23.670000,23.670000,23.670000
06/17/2008,23.580000,23.580000,23.580000,23.580000
06/18/2008,24.290000,24.290000,24.290000,24.290000
06/19/2008,23.830000,23.830000,23.830000,23.830000
06/20/2008,24.120000,24.120000,24.120000,24.120000
06/23/2008,24.010000,24.010000,24.010000,24.010000
06/24/2008,24.030000,24.030000,24.030000,24.030000
06/25/2008,23.540000,23.540000,23.540000,23.540000
06/26/2008,24.540000,24.540000,24.540000,24.540000
06/27/2008,24.420000,24.420000,24.420000,24.420000
06/30/2008,24.250000,24.250000,24.250000,24.250000
07/01/2008,24.250000,24.250000,24.250000,24.250000
07/02/2008,24.920000,24.920000,24.920000,24.920000
07/03/2008,24.640000,24.640000,24.640000,24.640000
07/07/2008,24.880000,24.880000,24.880000,24.880000
07/08/2008,23.930000,23.930000,23.930000,23.930000
07/09/2008,24.750000,24.750000,24.750000,24.750000
07/10/2008,24.780000,24.780000,24.780000,24.780000
07/11/2008,25.360000,25.360000,25.360000,25.360000
07/14/2008,25.670000,25.670000,25.670000,25.670000
07/15/2008,25.890000,25.890000,25.890000,25.890000
07/16/2008,24.650000,24.650000,24.650000,24.650000
07/17/2008,24.460000,24.460000,24.460000,24.460000
07/18/2008,24.270000,24.270000,24.270000,24.270000
07/21/2008,24.080000,24.080000,24.080000,24.080000
07/22/2008,23.330000,23.330000,23.330000,23.330000
07/23/2008,23.330000,23.330000,23.330000,23.330000
07/24/2008,24.220000,24.220000,24.220000,24.220000
07/25/2008,24.140000,24.140000,24.140000,24.140000
07/28/2008,24.670000,24.670000,24.670000,24.670000
07/29/2008,23.710000,23.710000,23.710000,23.710000
07/30/2008,23.150000,23.150000,23.150000,23.150000
07/31/2008,23.820000,23.820000,23.820000,23.820000
08/01/2008,23.970000,23.970000,23.970000,23.970000
08/04/2008,24.140000,24.140000,24.140000,24.140000
08/05/2008,25.320000,25.320000,25.320000,25.320000
08/06/2008,23.030000,23.030000,23.030000,23.030000
08/07/2008,23.540000,23.540000,23.540000,23.540000
08/08/2008,23.350000,23.350000,23.350000,23.350000
08/11/2008,23.190000,23.190000,23.190000,23.190000
08/12/2008,23.680000,23.680000,23.680000,23.680000
08/13/2008,24.070000,24.070000,24.070000,24.070000
08/14/2008,23.700000,23.700000,23.700000,23.700000
08/15/2008,23.480000,23.480000,23.480000,23.480000
08/18/2008,24.020000,24.020000,24.020000,24.020000
08/19/2008,24.270000,24.270000,24.270000,24.270000
08/20/2008,23.950000,23.950000,23.950000,23.950000
08/21/2008,23.950000,23.950000,23.950000,23.950000
08/22/2008,23.750000,23.750000,23.750000,23.750000
08/25/2008,24.420000,24.420000,24.420000,24.420000
08/26/2008,24.350000,24.350000,24.350000,24.350000
08/27/2008,24.060000,24.060000,24.060000,24.060000
08/28/2008,23.660000,23.660000,23.660000,23.660000
08/29/2008,24.220000,24.220000,24.220000,24.220000
09/02/2008,24.560000,24.560000,24.560000,24.560000
09/03/2008,24.420000,24.420000,24.420000,24.420000
09/04/2008,25.170000,25.170000,25.170000,25.170000
09/05/2008,25.040000,25.040000,25.040000,25.040000
09/08/2008,24.460000,24.460000,24.460000,24.460000
09/09/2008,25.560000,25.560000,25.560000,25.560000
09/10/2008,25.150000,25.150000,25.150000,25.150000
09/11/2008,25.000000,25.000000,25.000000,25.000000
09/12/2008,25.130000,25.130000,25.130000,25.130000
09/15/2008,27.110000,27.110000,27.110000,27.110000
09/16/2008,26.330000,26.330000,26.330000,26.330000
09/17/2008,28.130000,28.130000,28.130000,28.130000
09/18/2008,26.960000,26.960000,26.960000,26.960000
09/19/2008,26.530000,26.530000,26.530000,26.530000
09/22/2008,26.680000,26.680000,26.680000,26.680000
09/23/2008,27.370000,27.370000,27.370000,27.370000
09/24/2008,27.150000,27.150000,27.150000,27.150000
09/25/2008,26.330000,26.330000,26.330000,26.330000
09/26/2008,26.500000,26.500000,26.500000,26.500000
09/29/2008,29.460000,29.460000,29.460000,29.460000
09/30/2008,27.910000,27.910000,27.910000,27.910000
10/01/2008,28.290000,28.290000,28.290000,28.290000
10/02/2008,29.630000,29.630000,29.630000,29.630000
10/03/2008,29.800000,29.800000,29.800000,29.800000
10/06/2008,30.370000,30.370000,30.370000,30.370000
10/07/2008,30.930000,30.930000,30.930000,30.930000
10/08/2008,31.830000,31.830000,31.830000,31.830000
10/09/2008,32.960000,32.960000,32.960000,32.960000
10/10/2008,33.700000,33.700000,33.700000,33.700000
10/14/2008,32.040000,32.040000,32.040000,32.040000
10/15/2008,34.260000,34.260000,34.260000,34.260000
10/16/2008,34.400000,34.400000,34.400000,34.400000
10/17/2008,35.630000,35.630000,35.630000,35.630000
10/20/2008,33.950000,33.950000,33.950000,33.950000
10/21/2008,34.350000,34.350000,34.350000,34.350000
10/22/2008,36.500000,36.500000,36.500000,36.500000
10/23/2008,36.670000,36.670000,36.670000,36.670000
10/24/2008,45.010000,45.010000,45.010000,45.010000
10/27/2008,45.480000,45.480000,45.480000,45.480000
10/28/2008,42.240000,42.240000,42.240000,42.240000
10/29/2008,44.190000,44.190000,44.190000,44.190000
10/30/2008,43.180000,43.180000,43.180000,43.180000
10/31/2008,43.500000,43.500000,43.500000,43.500000
11/03/2008,42.170000,42.170000,42.170000,42.170000
11/04/2008,39.980000,39.980000,39.980000,39.980000
11/05/2008,41.710000,41.710000,41.710000,41.710000
11/06/2008,44.970000,44.970000,44.970000,44.970000
11/07/2008,42.800000,42.800000,42.800000,42.800000
11/10/2008,44.010000,44.010000,44.010000,44.010000
11/12/2008,46.830000,46.830000,46.830000,46.830000
11/13/2008,44.840000,44.840000,44.840000,44.840000
11/14/2008,48.020000,48.020000,48.020000,48.020000
11/17/2008,48.950000,48.950000,48.950000,48.950000
11/18/2008,48.500000,48.500000,48.500000,48.500000
11/19/2008,51.980000,51.980000,51.980000,51.980000
11/20/2008,53.530000,53.530000,53.530000,53.530000
11/21/2008,50.960000,50.960000,50.960000,50.960000
11/24/2008,47.610000,47.610000,47.610000,47.610000
11/25/2008,46.910000,46.910000,46.910000,46.910000
11/26/2008,45.270000,45.270000,45.270000,45.270000
11/28/2008,45.480000,45.480000,45.480000,45.480000
12/01/2008,49.640000,49.640000,49.640000,49.640000
12/02/2008,48.540000,48.540000,48.540000,48.540000
12/03/2008,48.240000,48.240000,48.240000,48.240000
12/04/2008,50.090000,50.090000,50.090000,50.090000
12/05/2008,49.380000,49.380000,49.380000,49.380000
12/08/2008,48.090000,48.090000,48.090000,48.090000
12/09/2008,48.830000,48.830000,48.830000,48.830000
12/10/2008,48.100000,48.100000,48.100000,48.100000
12/11/2008,47.750000,47.750000,47.750000,47.750000
12/12/2008,47.420000,47.420000,47.420000,47.420000
12/15/2008,47.650000,47.650000,47.650000,47.650000
12/16/2008,45.570000,45.570000,45.570000,45.570000
12/17/2008,44.960000,44.960000,44.960000,44.960000
12/18/2008,44.200000,44.200000,44.200000,44.200000
12/19/2008,43.400000,43.400000,43.400000,43.400000
12/22/2008,43.360000,43.360000,43.360000,43.360000
12/23/2008,43.090000,43.090000,43.090000,43.090000
12/24/2008,42.760000,42.760000,42.760000,42.760000
12/26/2008,42.500000,42.500000,42.500000,42.500000
12/29/2008,42.380000,42.380000,42.380000,42.380000
12/30/2008,41.330000,41.330000,41.330000,41.330000
12/31/2008,40.690000,40.690000,40.690000,40.690000
01/02/2009,38.460000,38.460000,38.460000,38.460000
01/05/2009,38.640000,38.640000,38.640000,38.640000
01/06/2009,38.440000,38.440000,38.440000,38.440000
01/07/2009,40.010000,40.010000,40.010000,40.010000
01/08/2009,40.050000,40.050000,40.050000,40.050000
01/09/2009,40.540000,40.540000,40.540000,40.540000
01/12/2009,42.520000,42.520000,42.520000,42.520000
01/13/2009,42.330000,42.330000,42.330000,42.330000
01/14/2009,44.350000,44.350000,44.350000,44.350000
01/15/2009,44.970000,44.970000,44.970000,44.970000
01/16/2009,44.080000,44.080000,44.080000,44.080000
01/20/2009,47.100000,47.100000,47.100000,47.100000
01/21/2009,44.100000,44.100000,44.100000,44.100000
01/22/2009,44.220000,44.220000,44.220000,44.220000
01/23/2009,44.020000,44.020000,44.020000,44.020000
01/26/2009,43.110000,43.110000,43.110000,43.110000
01/27/2009,41.810000,41.810000,41.810000,41.810000
01/28/2009,40.610000,40.610000,40.610000,40.610000
01/29/2009,41.570000,41.570000,41.570000,41.570000
01/30/2009,42.520000,42.520000,42.520000,42.520000
02/02/2009,42.250000,42.250000,42.250000,42.250000
02/03/2009,41.230000,41.230000,41.230000,41.230000
02/04/2009,40.940000,40.940000,40.940000,40.940000
02/05/2009,40.810000,40.810000,40.810000,40.810000
02/06/2009,40.480000,40.480000,40.480000,40.480000
02/09/2009,40.420000,40.420000,40.420000,40.420000
02/10/2009,42.180000,42.180000,42.180000,42.180000
02/11/2009,41.290000,41.290000,41.290000,41.290000
02/12/2009,40.620000,40.620000,40.620000,40.620000
02/13/2009,40.630000,40.630000,40.630000,40.630000
02/17/2009,42.070000,42.070000,42.070000,42.070000
02/18/2009,42.300000,42.300000,42.300000,42.300000
02/19/2009,42.080000,42.080000,42.080000,42.080000
02/20/2009,42.920000,42.920000,42.920000,42.920000
02/23/2009,44.050000,44.050000,44.050000,44.050000
02/24/2009,41.900000,41.900000,41.900000,41.900000
02/25/2009,41.770000,41.770000,41.770000,41.770000
02/26/2009,41.890000,41.890000,41.890000,41.890000
02/27/2009,42.200000,42.200000,42.200000,42.200000
03/02/2009,43.830000,43.830000,43.830000,43.830000
03/03/2009,43.130000,43.130000,43.130000,43.130000
03/04/2009,40.970000,40.970000,40.970000,40.970000
03/05/2009,41.490000,41.490000,41.490000,41.490000
03/06/2009,41.120000,41.120000,41.120000,41.120000
03/09/2009,41.000000,41.000000,41.000000,41.000000
03/10/2009,38.360000,38.360000,38.360000,38.360000
03/11/2009,38.420000,38.420000,38.420000,38.420000
03/12/2009,37.450000,37.450000,37.450000,37.450000
03/13/2009,38.620000,38.620000,38.620000,38.620000
03/16/2009,38.660000,38.660000,38.660000,38.660000
03/17/2009,37.830000,37.830000,37.830000,37.830000
03/18/2009,38.120000,38.120000,38.120000,38.120000
03/19/2009,39.990000,39.990000,39.990000,39.990000
03/20/2009,41.690000,41.690000,41.690000,41.690000
03/23/2009,36.490000,36.490000,36.490000,36.490000
03/24/2009,37.160000,37.160000,37.160000,37.160000
03/25/2009,38.810000,38.810000,38.810000,38.810000
03/26/2009,38.310000,38.310000,38.310000,38.310000
03/27/2009,39.490000,39.490000,39.490000,39.490000
03/30/2009,41.260000,41.260000,41.260000,41.260000
03/31/2009,41.030000,41.030000,41.030000,41.030000
04/01/2009,40.170000,40.170000,40.170000,40.170000
04/02/2009,39.930000,39.930000,39.930000,39.930000
04/03/2009,39.760000,39.760000,39.760000,39.760000
04/06/2009,39.950000,39.950000,39.950000,39.950000
04/07/2009,40.050000,40.050000,40.050000,40.050000
04/08/2009,39.530000,39.530000,39.530000,39.530000
04/09/2009,38.500000,38.500000,38.500000,38.500000
04/13/2009,38.510000,38.510000,38.510000,38.510000
04/14/2009,38.900000,38.900000,38.900000,38.900000
04/15/2009,38.450000,38.450000,38.450000,38.450000
04/16/2009,37.640000,37.640000,37.640000,37.640000
04/17/2009,36.730000,36.730000,36.730000,36.730000
04/20/2009,38.550000,38.550000,38.550000,38.550000
04/21/2009,37.800000,37.800000,37.800000,37.800000
04/22/2009,38.420000,38.420000,38.420000,38.420000
04/23/2009,38.170000,38.170000,38.170000,38.170000
04/24/2009,38.110000,38.110000,38.110000,38.110000
04/27/2009,38.550000,38.550000,38.550000,38.550000
04/28/2009,38.140000,38.140000,38.140000,38.140000
04/29/2009,37.040000,37.040000,37.040000,37.040000
04/30/2009,36.740000,36.740000,36.740000,36.740000
05/01/2009,36.240000,36.240000,36.240000,36.240000
05/04/2009,35.070000,35.070000,35.070000,35.070000
05/05/2009,35.260000,35.260000,35.260000,35.260000
05/06/2009,34.340000,34.340000,34.340000,34.340000
05/07/2009,34.660000,34.660000,34.660000,34.660000
05/08/2009,33.570000,33.570000,33.570000,33.570000
05/11/2009,33.940000,33.940000,33.940000,33.940000
05/12/2009,33.330000,33.330000,33.330000,33.330000
05/13/2009,33.720000,33.720000,33.720000,33.720000
05/14/2009,32.510000,32.510000,32.510000,32.510000
05/15/2009,33.050000,33.050000,33.050000,33.050000
05/18/2009,31.740000,31.740000,31.740000,31.740000
05/19/2009,31.380000,31.380000,31.380000,31.380000
05/20/2009,31.460000,31.460000,31.460000,31.460000
05/21/2009,32.610000,32.610000,32.610000,32.610000
05/22/2009,33.150000,33.150000,33.150000,33.150000
05/26/2009,31.980000,31.980000,31.980000,31.980000
05/27/2009,32.640000,32.640000,32.640000,32.640000
05/28/2009,32.430000,32.430000,32.430000,32.430000
05/29/2009,31.520000,31.520000,31.520000,31.520000
06/01/2009,31.570000,31.570000,31.570000,31.570000
06/02/2009,31.580000,31.580000,31.580000,31.580000
06/03/2009,32.700000,32.700000,32.700000,32.700000
06/04/2009,32.490000,32.490000,32.490000,32.490000
06/05/2009,32.580000,32.580000,32.580000,32.580000
06/08/2009,32.680000,32.680000,32.680000,32.680000
06/09/2009,32.160000,32.160000,32.160000,32.160000
06/10/2009,32.070000,32.070000,32.070000,32.070000
06/11/2009,31.510000,31.510000,31.510000,31.510000
06/12/2009,31.270000,31.270000,31.270000,31.270000
06/15/2009,32.200000,32.200000,32.200000,32.200000
06/16/2009,32.670000,32.670000,32.670000,32.670000
06/17/2009,32.680000,32.680000,32.680000,32.680000
06/18/2009,32.430000,32.430000,32.430000,32.430000
06/19/2009,32.460000,32.460000,32.460000,32.460000
06/22/2009,32.960000,32.960000,32.960000,32.960000
06/23/2009,32.790000,32.790000,32.790000,32.790000
06/24/2009,32.420000,32.420000,32.420000,32.420000
06/25/2009,31.410000,31.410000,31.410000,31.410000
06/26/2009,31.490000,31.490000,31.490000,31.490000
06/29/2009,30.420000,30.420000,30.420000,30.420000
06/30/2009,30.610000,30.610000,30.610000,30.610000
07/01/2009,30.440000,30.440000,30.440000,30.440000
07/02/2009,31.430000,31.430000,31.430000,31.430000
07/06/2009,31.510000,31.510000,31.510000,31.510000
07/07/2009,32.200000,32.200000,32.200000,32.200000
07/08/2009,32.510000,32.510000,32.510000,32.510000
07/09/2009,32.310000,32.310000,32.310000,32.310000
07/10/2009,32.410000,32.410000,32.410000,32.410000
07/13/2009,31.670000,31.670000,31.670000,31.670000
07/14/2009,31.330000,31.330000,31.330000,31.330000
07/15/2009,30.870000,30.870000,30.870000,30.870000
07/16/2009,30.210000,30.210000,30.210000,30.210000
07/17/2009,30.300000,30.300000,30.300000,30.300000
07/20/2009,29.950000,29.950000,29.950000,29.950000
07/21/2009,29.800000,29.800000,29.800000,29.800000
07/22/2009,29.700000,29.700000,29.700000,29.700000
07/23/2009,29.840000,29.840000,29.840000,29.840000
07/24/2009,28.960000,28.960000,28.960000,28.960000
07/27/2009,28.900000,28.900000,28.900000,28.900000
07/28/2009,29.480000,29.480000,29.480000,29.480000
07/29/2009,29.680000,29.680000,29.680000,29.680000
07/30/2009,29.480000,29.480000,29.480000,29.480000
07/31/2009,29.800000,29.800000,29.800000,29.800000
08/03/2009,29.190000,29.190000,29.190000,29.190000
08/04/2009,28.900000,28.900000,28.900000,28.900000
08/05/2009,29.050000,29.050000,29.050000,29.050000
08/06/2009,29.440000,29.440000,29.440000,29.440000
08/07/2009,28.920000,28.920000,28.920000,28.920000
08/10/2009,28.910000,28.910000,28.910000,28.910000
08/11/2009,29.540000,29.540000,29.540000,29.540000
08/12/2009,29.250000,29.250000,29.250000,29.250000
08/13/2009,29.020000,29.020000,29.020000,29.020000
08/14/2009,29.010000,29.010000,29.010000,29.010000
08/17/2009,30.630000,30.630000,30.630000,30.630000
08/18/2009,30.300000,30.300000,30.300000,30.300000
08/19/2009,30.320000,30.320000,30.320000,30.320000
08/20/2009,30.090000,30.090000,30.090000,30.090000
08/21/2009,29.930000,29.930000,29.930000,29.930000
08/24/2009,30.000000,30.000000,30.000000,30.000000
08/25/2009,30.120000,30.120000,30.120000,30.120000
08/26/2009,30.250000,30.250000,30.250000,30.250000
08/27/2009,30.270000,30.270000,30.270000,30.270000
08/28/2009,30.140000,30.140000,30.140000,30.140000
08/31/2009,30.610000,30.610000,30.610000,30.610000
09/01/2009,31.570000,31.570000,31.570000,31.570000
09/02/2009,31.850000,31.850000,31.850000,31.850000
09/03/2009,31.050000,31.050000,31.050000,31.050000
09/04/2009,30.540000,30.540000,30.540000,30.540000
09/08/2009,30.250000,30.250000,30.250000,30.250000
09/09/2009,29.650000,29.650000,29.650000,29.650000
09/10/2009,28.980000,28.980000,28.980000,28.980000
09/11/2009,29.140000,29.140000,29.140000,29.140000
09/14/2009,28.940000,28.940000,28.940000,28.940000
09/15/2009,28.850000,28.850000,28.850000,28.850000
09/16/2009,28.470000,28.470000,28.470000,28.470000
09/17/2009,28.480000,28.480000,28.480000,28.480000
09/18/2009,28.770000,28.770000,28.770000,28.770000
09/21/2009,28.490000,28.490000,28.490000,28.490000
09/22/2009,28.590000,28.590000,28.590000,28.590000
09/23/2009,28.770000,28.770000,28.770000,28.770000
09/24/2009,29.520000,29.520000,29.520000,29.520000
09/25/2009,29.430000,29.430000,29.430000,29.430000
09/28/2009,28.870000,28.870000,28.870000,28.870000
09/29/2009,29.030000,29.030000,29.030000,29.030000
09/30/2009,29.020000,29.020000,29.020000,29.020000
10/01/2009,30.070000,30.070000,30.070000,30.070000
10/02/2009,30.250000,30.250000,30.250000,30.250000
10/05/2009,29.440000,29.440000,29.440000,29.440000
10/06/2009,28.770000,28.770000,28.770000,28.770000
10/07/2009,28.640000,28.640000,28.640000,28.640000
10/08/2009,28.390000,28.390000,28.390000,28.390000
10/09/2009,27.920000,27.920000,27.920000,27.920000
10/13/2009,27.860000,27.860000,27.860000,27.860000
10/14/2009,27.530000,27.530000,27.530000,27.530000
10/15/2009,27.210000,27.210000,27.210000,27.210000
10/16/2009,27.410000,27.410000,27.410000,27.410000
10/19/2009,27.130000,27.130000,27.130000,27.130000
10/20/2009,27.130000,27.130000,27.130000,27.130000
10/21/2009,27.630000,27.630000,27.630000,27.630000
10/22/2009,26.790000,26.790000,26.790000,26.790000
10/23/2009,27.360000,27.360000,27.360000,27.360000
10/26/2009,27.830000,27.830000,27.830000,27.830000
10/27/2009,27.790000,27.790000,27.790000,27.790000
10/28/2009,28.700000,28.700000,28.700000,28.700000
10/29/2009,27.790000,27.790000,27.790000,27.790000
10/30/2009,29.520000,29.520000,29.520000,29.520000
11/02/2009,29.470000,29.470000,29.470000,29.470000
11/03/2009,29.770000,29.770000,29.770000,29.770000
11/04/2009,29.450000,29.450000,29.450000,29.450000
11/05/2009,28.690000,28.690000,28.690000,28.690000
11/06/2009,28.400000,28.400000,28.400000,28.400000
11/09/2009,27.640000,27.640000,27.640000,27.640000
11/10/2009,27.810000,27.810000,27.810000,27.810000
11/12/2009,28.730000,28.730000,28.730000,28.730000
11/13/2009,28.560000,28.560000,28.560000,28.560000
11/16/2009,28.170000,28.170000,28.170000,28.170000
11/17/2009,28.210000,28.210000,28.210000,28.210000
11/18/2009,28.400000,28.400000,28.400000,28.400000
11/19/2009,28.880000,28.880000,28.880000,28.880000
11/20/2009,28.680000,28.680000,28.680000,28.680000
11/23/2009,28.260000,28.260000,28.260000,28.260000
11/24/2009,27.680000,27.680000,27.680000,27.680000
11/25/2009,27.670000,27.670000,27.670000,27.670000
11/27/2009,28.840000,28.840000,28.840000,28.840000
11/30/2009,28.890000,28.890000,28.890000,28.890000
12/01/2009,28.230000,28.230000,28.230000,28.230000
12/02/2009,28.330000,28.330000,28.330000,28.330000
12/03/2009,28.640000,28.640000,28.640000,28.640000
12/04/2009,28.260000,28.260000,28.260000,28.260000
12/07/2009,28.320000,28.320000,28.320000,28.320000
12/08/2009,28.400000,28.400000,28.400000,28.400000
12/09/2009,28.230000,28.230000,28.230000,28.230000
12/10/2009,28.400000,28.400000,28.400000,28.400000
12/11/2009,27.780000,27.780000,27.780000,27.780000
12/14/2009,27.970000,27.970000,27.970000,27.970000
12/15/2009,27.940000,27.940000,27.940000,27.940000
12/16/2009,27.550000,27.550000,27.550000,27.550000
12/17/2009,27.970000,27.970000,27.970000,27.970000
12/18/2009,27.300000,27.300000,27.300000,27.300000
12/21/2009,26.770000,26.770000,26.770000,26.770000
12/22/2009,26.060000,26.060000,26.060000,26.060000
12/23/2009,26.430000,26.430000,26.430000,26.430000
12/24/2009,26.010000,26.010000,26.010000,26.010000
12/28/2009,25.920000,25.920000,25.920000,25.920000
12/29/2009,25.940000,25.940000,25.940000,25.940000
12/30/2009,25.740000,25.740000,25.740000,25.740000
12/31/2009,26.330000,26.330000,26.330000,26.330000
01/04/2010,25.800000,25.800000,25.800000,25.800000
01/05/2010,25.560000,25.560000,25.560000,25.560000
01/06/2010,24.990000,24.990000,24.990000,24.990000
01/07/2010,24.700000,24.700000,24.700000,24.700000
01/08/2010,24.180000,24.180000,24.180000,24.180000
01/11/2010,23.990000,23.990000,23.990000,23.990000
01/12/2010,24.220000,24.220000,24.220000,24.220000
01/13/2010,23.800000,23.800000,23.800000,23.800000
01/14/2010,23.360000,23.360000,23.360000,23.360000
01/15/2010,24.070000,24.070000,24.070000,24.070000
01/19/2010,23.530000,23.530000,23.530000,23.530000
01/20/2010,23.720000,23.720000,23.720000,23.720000
01/21/2010,24.830000,24.830000,24.830000,24.830000
01/22/2010,26.420000,26.420000,26.420000,26.420000
01/25/2010,26.090000,26.090000,26.090000,26.090000
01/26/2010,25.840000,25.840000,25.840000,25.840000
01/27/2010,25.670000,25.670000,25.670000,25.670000
01/28/2010,26.080000,26.080000,26.080000,26.080000
01/29/2010,26.430000,26.430000,26.430000,26.430000
02/01/2010,25.380000,25.380000,25.380000,25.380000
02/02/2010,24.840000,24.840000,24.840000,24.840000
02/03/2010,24.930000,24.930000,24.930000,24.930000
02/04/2010,26.830000,26.830000,26.830000,26.830000
02/05/2010,27.160000,27.160000,27.160000,27.160000
02/08/2010,27.400000,27.400000,27.400000,27.400000
02/09/2010,27.430000,27.430000,27.430000,27.430000
02/10/2010,27.340000,27.340000,27.340000,27.340000
02/11/2010,26.360000,26.360000,26.360000,26.360000
02/12/2010,26.270000,26.270000,26.270000,26.270000
02/16/2010,25.540000,25.540000,25.540000,25.540000
02/17/2010,25.220000,25.220000,25.220000,25.220000
02/18/2010,24.810000,24.810000,24.810000,24.810000
02/19/2010,24.360000,24.360000,24.360000,24.360000
02/22/2010,24.080000,24.080000,24.080000,24.080000
02/23/2010,24.570000,24.570000,24.570000,24.570000
02/24/2010,24.280000,24.280000,24.280000,24.280000
02/25/2010,24.240000,24.240000,24.240000,24.240000
02/26/2010,24.010000,24.010000,24.010000,24.010000
03/01/2010,23.730000,23.730000,23.730000,23.730000
03/02/2010,23.580000,23.580000,23.580000,23.580000
03/03/2010,23.370000,23.370000,23.370000,23.370000
03/04/2010,23.560000,23.560000,23.560000,23.560000
03/05/2010,23.180000,23.180000,23.180000,23.180000
03/08/2010,23.050000,23.050000,23.050000,23.050000
03/09/2010,22.940000,22.940000,22.940000,22.940000
03/10/2010,23.240000,23.240000,23.240000,23.240000
03/11/2010,23.440000,23.440000,23.440000,23.440000
03/12/2010,23.340000,23.340000,23.340000,23.340000
03/15/2010,23.310000,23.310000,23.310000,23.310000
03/16/2010,23.060000,23.060000,23.060000,23.060000
03/17/2010,22.750000,22.750000,22.750000,22.750000
03/18/2010,22.700000,22.700000,22.700000,22.700000
03/19/2010,23.330000,23.330000,23.330000,23.330000
03/22/2010,22.830000,22.830000,22.830000,22.830000
03/23/2010,22.620000,22.620000,22.620000,22.620000
03/24/2010,22.970000,22.970000,22.970000,22.970000
03/25/2010,23.260000,23.260000,23.260000,23.260000
03/26/2010,22.990000,22.990000,22.990000,22.990000
03/29/2010,22.960000,22.960000,22.960000,22.960000
03/30/2010,22.840000,22.840000,22.840000,22.840000
03/31/2010,22.950000,22.950000,22.950000,22.950000
04/01/2010,23.130000,23.130000,23.130000,23.130000
04/05/2010,22.810000,22.810000,22.810000,22.810000
04/06/2010,22.730000,22.730000,22.730000,22.730000
04/07/2010,22.870000,22.870000,22.870000,22.870000
04/08/2010,22.920000,22.920000,22.920000,22.920000
04/09/2010,22.670000,22.670000,22.670000,22.670000
04/12/2010,22.800000,22.800000,22.800000,22.800000
04/13/2010,22.940000,22.940000,22.940000,22.940000
04/14/2010,22.880000,22.880000,22.880000,22.880000
04/15/2010,23.520000,23.520000,23.520000,23.520000
04/16/2010,24.320000,24.320000,24.320000,24.320000
04/19/2010,24.490000,24.490000,24.490000,24.490000
04/20/2010,23.840000,23.840000,23.840000,23.840000
04/21/2010,24.320000,24.320000,24.320000,24.320000
04/22/2010,24.490000,24.490000,24.490000,24.490000
04/23/2010,23.810000,23.810000,23.810000,23.810000
04/26/2010,24.460000,24.460000,24.460000,24.460000
04/27/2010,26.010000,26.010000,26.010000,26.010000
04/28/2010,25.990000,25.990000,25.990000,25.990000
04/29/2010,25.160000,25.160000,25.160000,25.160000
04/30/2010,26.800000,26.800000,26.800000,26.800000
05/03/2010,26.290000,26.290000,26.290000,26.290000
05/04/2010,27.910000,27.910000,27.910000,27.910000
05/05/2010,28.900000,28.900000,28.900000,28.900000
05/06/2010,33.660000,33.660000,33.660000,33.660000
05/07/2010,35.110000,35.110000,35.110000,35.110000
05/10/2010,29.690000,29.690000,29.690000,29.690000
05/11/2010,31.690000,31.690000,31.690000,31.690000
05/12/2010,27.920000,27.920000,27.920000,27.920000
05/13/2010,29.930000,29.930000,29.930000,29.930000
05/14/2010,30.660000,30.660000,30.660000,30.660000
05/17/2010,30.840000,30.840000,30.840000,30.840000
05/18/2010,32.170000,32.170000,32.170000,32.170000
05/19/2010,34.110000,34.110000,34.110000,34.110000
05/20/2010,38.270000,38.270000,38.270000,38.270000
05/21/2010,37.340000,37.340000,37.340000,37.340000
05/24/2010,36.960000,36.960000,36.960000,36.960000
05/25/2010,35.880000,35.880000,35.880000,35.880000
05/26/2010,35.620000,35.620000,35.620000,35.620000
05/27/2010,32.030000,32.030000,32.030000,32.030000
05/28/2010,33.700000,33.700000,33.700000,33.700000
06/01/2010,33.540000,33.540000,33.540000,33.540000
06/02/2010,32.870000,32.870000,32.870000,32.870000
06/03/2010,32.400000,32.400000,32.400000,32.400000
06/04/2010,34.520000,34.520000,34.520000,34.520000
06/07/2010,35.250000,35.250000,35.250000,35.250000
06/08/2010,33.630000,33.630000,33.630000,33.630000
06/09/2010,33.850000,33.850000,33.850000,33.850000
06/10/2010,32.780000,32.780000,32.780000,32.780000
06/11/2010,32.220000,32.220000,32.220000,32.220000
06/14/2010,31.970000,31.970000,31.970000,31.970000
06/15/2010,30.410000,30.410000,30.410000,30.410000
06/16/2010,30.590000,30.590000,30.590000,30.590000
06/17/2010,30.230000,30.230000,30.230000,30.230000
06/18/2010,30.060000,30.060000,30.060000,30.060000
06/21/2010,30.790000,30.790000,30.790000,30.790000
06/22/2010,32.050000,32.050000,32.050000,32.050000
06/23/2010,32.280000,32.280000,32.280000,32.280000
06/24/2010,33.760000,33.760000,33.760000,33.760000
06/25/2010,33.780000,33.780000,33.780000,33.780000
06/28/2010,33.460000,33.460000,33.460000,33.460000
06/29/2010,36.080000,36.080000,36.080000,36.080000
06/30/2010,37.000000,37.000000,37.000000,37.000000
07/01/2010,36.850000,36.850000,36.850000,36.850000
07/02/2010,36.610000,36.610000,36.610000,36.610000
07/06/2010,35.600000,35.600000,35.600000,35.600000
07/07/2010,33.930000,33.930000,33.930000,33.930000
07/08/2010,33.430000,33.430000,33.430000,33.430000
07/09/2010,32.940000,32.940000,32.940000,32.940000
07/12/2010,33.130000,33.130000,33.130000,33.130000
07/13/2010,32.490000,32.490000,32.490000,32.490000
07/14/2010,33.160000,33.160000,33.160000,33.160000
07/15/2010,33.650000,33.650000,33.650000,33.650000
07/16/2010,34.970000,34.970000,34.970000,34.970000
07/19/2010,34.770000,34.770000,34.770000,34.770000
07/20/2010,33.060000,33.060000,33.060000,33.060000
07/21/2010,33.760000,33.760000,33.760000,33.760000
07/22/2010,32.450000,32.450000,32.450000,32.450000
07/23/2010,31.950000,31.950000,31.950000,31.950000
07/26/2010,31.250000,31.250000,31.250000,31.250000
07/27/2010,30.610000,30.610000,30.610000,30.610000
07/28/2010,30.890000,30.890000,30.890000,30.890000
07/29/2010,30.750000,30.750000,30.750000,30.750000
07/30/2010,30.670000,30.670000,30.670000,30.670000
08/02/2010,29.560000,29.560000,29.560000,29.560000
08/03/2010,30.030000,30.030000,30.030000,30.030000
08/04/2010,29.950000,29.950000,29.950000,29.950000
08/05/2010,30.220000,30.220000,30.220000,30.220000
08/06/2010,30.180000,30.180000,30.180000,30.180000
08/09/2010,30.020000,30.020000,30.020000,30.020000
08/10/2010,30.460000,30.460000,30.460000,30.460000
08/11/2010,32.170000,32.170000,32.170000,32.170000
08/12/2010,32.820000,32.820000,32.820000,32.820000
08/13/2010,33.250000,33.250000,33.250000,33.250000
08/16/2010,33.300000,33.300000,33.300000,33.300000
08/17/2010,32.970000,32.970000,32.970000,32.970000
08/18/2010,32.870000,32.870000,32.870000,32.870000
08/19/2010,33.710000,33.710000,33.710000,33.710000
08/20/2010,33.640000,33.640000,33.640000,33.640000
08/23/2010,33.930000,33.930000,33.930000,33.930000
08/24/2010,34.560000,34.560000,34.560000,34.560000
08/25/2010,34.130000,34.130000,34.130000,34.130000
08/26/2010,34.400000,34.400000,34.400000,34.400000
08/27/2010,33.630000,33.630000,33.630000,33.630000
08/30/2010,34.650000,34.650000,34.650000,34.650000
08/31/2010,34.370000,34.370000,34.370000,34.370000
09/01/2010,33.250000,33.250000,33.250000,33.250000
09/02/2010,32.630000,32.630000,32.630000,32.630000
09/03/2010,31.430000,31.430000,31.430000,31.430000
09/07/2010,32.170000,32.170000,32.170000,32.170000
09/08/2010,31.920000,31.920000,31.920000,31.920000
09/09/2010,31.570000,31.570000,31.570000,31.570000
09/10/2010,31.220000,31.220000,31.220000,31.220000
09/13/2010,30.300000,30.300000,30.300000,30.300000
09/14/2010,30.280000,30.280000,30.280000,30.280000
09/15/2010,30.350000,30.350000,30.350000,30.350000
09/16/2010,30.520000,30.520000,30.520000,30.520000
09/17/2010,30.750000,30.750000,30.750000,30.750000
09/20/2010,29.200000,29.200000,29.200000,29.200000
09/21/2010,29.450000,29.450000,29.450000,29.450000
09/22/2010,29.880000,29.880000,29.880000,29.880000
09/23/2010,30.950000,30.950000,30.950000,30.950000
09/24/2010,29.750000,29.750000,29.750000,29.750000
09/27/2010,30.330000,30.330000,30.330000,30.330000
09/28/2010,30.490000,30.490000,30.490000,30.490000
09/29/2010,31.060000,31.060000,31.060000,31.060000
09/30/2010,31.420000,31.420000,31.420000,31.420000
10/01/2010,31.020000,31.020000,31.020000,31.020000
10/04/2010,31.530000,31.530000,31.530000,31.530000
10/05/2010,30.810000,30.810000,30.810000,30.810000
10/06/2010,30.810000,30.810000,30.810000,30.810000
10/07/2010,30.790000,30.790000,30.790000,30.790000
10/08/2010,30.220000,30.220000,30.220000,30.220000
10/11/2010,29.840000,29.840000,29.840000,29.840000
10/12/2010,29.370000,29.370000,29.370000,29.370000
10/13/2010,28.840000,28.840000,28.840000,28.840000
10/14/2010,29.170000,29.170000,29.170000,29.170000
10/15/2010,29.150000,29.150000,29.150000,29.150000
10/18/2010,28.840000,28.840000,28.840000,28.840000
10/19/2010,29.700000,29.700000,29.700000,29.700000
10/20/2010,29.160000,29.160000,29.160000,29.160000
10/21/2010,28.770000,28.770000,28.770000,28.770000
10/22/2010,28.290000,28.290000,28.290000,28.290000
10/25/2010,27.440000,27.440000,27.440000,27.440000
10/26/2010,27.360000,27.360000,27.360000,27.360000
10/27/2010,27.780000,27.780000,27.780000,27.780000
10/28/2010,27.440000,27.440000,27.440000,27.440000
10/29/2010,27.310000,27.310000,27.310000,27.310000
11/01/2010,27.500000,27.500000,27.500000,27.500000
11/02/2010,27.240000,27.240000,27.240000,27.240000
11/03/2010,26.440000,26.440000,26.440000,26.440000
11/04/2010,25.770000,25.770000,25.770000,25.770000
11/05/2010,25.820000,25.820000,25.820000,25.820000
11/08/2010,25.820000,25.820000,25.820000,25.820000
11/09/2010,26.320000,26.320000,26.320000,26.320000
11/10/2010,26.420000,26.420000,26.420000,26.420000
11/11/2010,27.470000,27.470000,27.470000,27.470000
11/12/2010,27.600000,27.600000,27.600000,27.600000
11/15/2010,27.250000,27.250000,27.250000,27.250000
11/16/2010,28.340000,28.340000,28.340000,28.340000
11/17/2010,28.010000,28.010000,28.010000,28.010000
11/18/2010,27.200000,27.200000,27.200000,27.200000
11/19/2010,27.010000,27.010000,27.010000,27.010000
11/22/2010,26.570000,26.570000,26.570000,26.570000
11/23/2010,27.320000,27.320000,27.320000,27.320000
11/24/2010,26.930000,26.930000,26.930000,26.930000
11/26/2010,28.060000,28.060000,28.060000,28.060000
11/29/2010,27.890000,27.890000,27.890000,27.890000
11/30/2010,28.820000,28.820000,28.820000,28.820000
12/01/2010,28.020000,28.020000,28.020000,28.020000
12/02/2010,26.800000,26.800000,26.800000,26.800000
12/03/2010,26.410000,26.410000,26.410000,26.410000
12/06/2010,26.140000,26.140000,26.140000,26.140000
12/07/2010,26.090000,26.090000,26.090000,26.090000
12/08/2010,25.940000,25.940000,25.940000,25.940000
12/09/2010,25.480000,25.480000,25.480000,25.480000
12/10/2010,25.400000,25.400000,25.400000,25.400000
12/13/2010,25.490000,25.490000,25.490000,25.490000
12/14/2010,25.580000,25.580000,25.580000,25.580000
12/15/2010,25.820000,25.820000,25.820000,25.820000
12/16/2010,25.700000,25.700000,25.700000,25.700000
12/17/2010,25.850000,25.850000,25.850000,25.850000
12/20/2010,25.620000,25.620000,25.620000,25.620000
12/21/2010,25.580000,25.580000,25.580000,25.580000
12/22/2010,25.580000,25.580000,25.580000,25.580000
12/23/2010,26.140000,26.140000,26.140000,26.140000
12/27/2010,26.440000,26.440000,26.440000,26.440000
12/28/2010,26.430000,26.430000,26.430000,26.430000
12/29/2010,26.350000,26.350000,26.350000,26.350000
12/30/2010,26.430000,26.430000,26.430000,26.430000
12/31/2010,26.320000,26.320000,26.320000,26.320000
01/03/2011,26.260000,26.260000,26.260000,26.260000
01/04/2011,25.800000,25.800000,25.800000,25.800000
01/05/2011,25.620000,25.620000,25.620000,25.620000
01/06/2011,25.610000,25.610000,25.610000,25.610000
01/07/2011,25.570000,25.570000,25.570000,25.570000
01/10/2011,25.810000,25.810000,25.810000,25.810000
01/11/2011,25.550000,25.550000,25.550000,25.550000
01/12/2011,24.720000,24.720000,24.720000,24.720000
01/13/2011,24.700000,24.700000,24.700000,24.700000
01/14/2011,24.480000,24.480000,24.480000,24.480000
01/18/2011,24.290000,24.290000,24.290000,24.290000
01/19/2011,24.760000,24.760000,24.760000,24.760000
01/20/2011,24.770000,24.770000,24.770000,24.770000
01/21/2011,24.920000,24.920000,24.920000,24.920000
01/24/2011,24.600000,24.600000,24.600000,24.600000
01/25/2011,24.180000,24.180000,24.180000,24.180000
01/26/2011,23.480000,23.480000,23.480000,23.480000
01/27/2011,23.040000,23.040000,23.040000,23.040000
01/28/2011,24.140000,24.140000,24.140000,24.140000
01/31/2011,23.900000,23.900000,23.900000,23.900000
02/01/2011,23.150000,23.150000,23.150000,23.150000
02/02/2011,23.210000,23.210000,23.210000,23.210000
02/03/2011,23.020000,23.020000,23.020000,23.020000
02/04/2011,22.820000,22.820000,22.820000,22.820000
02/07/2011,22.530000,22.530000,22.530000,22.530000
02/08/2011,22.010000,22.010000,22.010000,22.010000
02/09/2011,22.090000,22.090000,22.090000,22.090000
02/10/2011,22.060000,22.060000,22.060000,22.060000
02/11/2011,22.280000,22.280000,22.280000,22.280000
02/14/2011,22.440000,22.440000,22.440000,22.440000
02/15/2011,22.710000,22.710000,22.710000,22.710000
02/16/2011,22.530000,22.530000,22.530000,22.530000
02/17/2011,22.740000,22.740000,22.740000,22.740000
02/18/2011,23.020000,23.020000,23.020000,23.020000
02/22/2011,24.720000,24.720000,24.720000,24.720000
02/23/2011,25.300000,25.300000,25.300000,25.300000
02/24/2011,25.390000,25.390000,25.390000,25.390000
02/25/2011,24.460000,24.460000,24.460000,24.460000
02/28/2011,23.440000,23.440000,23.440000,23.440000
03/01/2011,24.540000,24.540000,24.540000,24.540000
03/02/2011,24.530000,24.530000,24.530000,24.530000
03/03/2011,23.800000,23.800000,23.800000,23.800000
03/04/2011,24.250000,24.250000,24.250000,24.250000
03/07/2011,24.790000,24.790000,24.790000,24.790000
03/08/2011,24.580000,24.580000,24.580000,24.580000
03/09/2011,24.860000,24.860000,24.860000,24.860000
03/10/2011,25.650000,25.650000,25.650000,25.650000
03/11/2011,25.240000,25.240000,25.240000,25.240000
03/14/2011,25.720000,25.720000,25.720000,25.720000
03/15/2011,26.500000,26.500000,26.500000,26.500000
03/16/2011,27.840000,27.840000,27.840000,27.840000
03/17/2011,26.960000,26.960000,26.960000,26.960000
03/18/2011,26.370000,26.370000,26.370000,26.370000
03/21/2011,24.610000,24.610000,24.610000,24.610000
03/22/2011,24.480000,24.480000,24.480000,24.480000
03/23/2011,24.340000,24.340000,24.340000,24.340000
03/24/2011,23.730000,23.730000,23.730000,23.730000
03/25/2011,23.780000,23.780000,23.780000,23.780000
03/28/2011,24.110000,24.110000,24.110000,24.110000
03/29/2011,23.690000,23.690000,23.690000,23.690000
03/30/2011,23.540000,23.540000,23.540000,23.540000
03/31/2011,23.580000,23.580000,23.580000,23.580000
04/01/2011,23.460000,23.460000,23.460000,23.460000
04/04/2011,23.310000,23.310000,23.310000,23.310000
04/05/2011,23.330000,23.330000,23.330000,23.330000
04/06/2011,23.470000,23.470000,23.470000,23.470000
04/07/2011,23.870000,23.870000,23.870000,23.870000
04/08/2011,24.290000,24.290000,24.290000,24.290000
04/11/2011,24.150000,24.150000,24.150000,24.150000
04/12/2011,24.400000,24.400000,24.400000,24.400000
04/13/2011,24.230000,24.230000,24.230000,24.230000
04/14/2011,24.350000,24.350000,24.350000,24.350000
04/15/2011,23.860000,23.860000,23.860000,23.860000
04/18/2011,24.420000,24.420000,24.420000,24.420000
04/19/2011,23.940000,23.940000,23.940000,23.940000
04/20/2011,23.370000,23.370000,23.370000,23.370000
04/21/2011,23.340000,23.340000,23.340000,23.340000
04/25/2011,23.350000,23.350000,23.350000,23.350000
04/26/2011,23.200000,23.200000,23.200000,23.200000
04/27/2011,22.890000,22.890000,22.890000,22.890000
04/28/2011,22.620000,22.620000,22.620000,22.620000
04/29/2011,22.450000,22.450000,22.450000,22.450000
05/02/2011,22.900000,22.900000,22.900000,22.900000
05/03/2011,23.250000,23.250000,23.250000,23.250000
05/04/2011,23.500000,23.500000,23.500000,23.500000
05/05/2011,23.740000,23.740000,23.740000,23.740000
05/06/2011,23.760000,23.760000,23.760000,23.760000
05/09/2011,23.450000,23.450000,23.450000,23.450000
05/10/2011,23.040000,23.040000,23.040000,23.040000
05/11/2011,23.400000,23.400000,23.400000,23.400000
05/12/2011,23.050000,23.050000,23.050000,23.050000
05/13/2011,23.450000,23.450000,23.450000,23.450000
05/16/2011,23.770000,23.770000,23.770000,23.770000
05/17/2011,23.610000,23.610000,23.610000,23.610000
05/18/2011,23.110000,23.110000,23.110000,23.110000
05/19/2011,23.040000,23.040000,23.040000,23.040000
05/20/2011,23.960000,23.960000,23.960000,23.960000
05/23/2011,24.230000,24.230000,24.230000,24.230000
05/24/2011,23.760000,23.760000,23.760000,23.760000
05/25/2011,23.680000,23.680000,23.680000,23.680000
05/26/2011,23.020000,23.020000,23.020000,23.020000
05/27/2011,22.740000,22.740000,22.740000,22.740000
05/31/2011,22.130000,22.130000,22.130000,22.130000
06/01/2011,23.220000,23.220000,23.220000,23.220000
06/02/2011,23.240000,23.240000,23.240000,23.240000
06/03/2011,24.630000,24.630000,24.630000,24.630000
06/06/2011,23.620000,23.620000,23.620000,23.620000
06/07/2011,23.340000,23.340000,23.340000,23.340000
06/08/2011,23.500000,23.500000,23.500000,23.500000
06/09/2011,23.030000,23.030000,23.030000,23.030000
06/10/2011,22.430000,22.430000,22.430000,22.430000
06/13/2011,23.560000,23.560000,23.560000,23.560000
06/14/2011,22.940000,22.940000,22.940000,22.940000
06/15/2011,24.170000,24.170000,24.170000,24.170000
06/16/2011,25.100000,25.100000,25.100000,25.100000
06/17/2011,24.940000,24.940000,24.940000,24.940000
06/20/2011,24.510000,24.510000,24.510000,24.510000
06/21/2011,24.140000,24.140000,24.140000,24.140000
06/22/2011,24.400000,24.400000,24.400000,24.400000
06/23/2011,25.300000,25.300000,25.300000,25.300000
06/24/2011,25.530000,25.530000,25.530000,25.530000
06/27/2011,25.490000,25.490000,25.490000,25.490000
06/28/2011,24.890000,24.890000,24.890000,24.890000
06/29/2011,24.540000,24.540000,24.540000,24.540000
06/30/2011,23.970000,23.970000,23.970000,23.970000
07/01/2011,23.040000,23.040000,23.040000,23.040000
07/05/2011,22.950000,22.950000,22.950000,22.950000
07/06/2011,23.120000,23.120000,23.120000,23.120000
07/07/2011,21.680000,21.680000,21.680000,21.680000
07/08/2011,22.470000,22.470000,22.470000,22.470000
07/11/2011,23.590000,23.590000,23.590000,23.590000
07/12/2011,24.200000,24.200000,24.200000,24.200000
07/13/2011,24.270000,24.270000,24.270000,24.270000
07/14/2011,24.720000,24.720000,24.720000,24.720000
07/15/2011,24.420000,24.420000,24.420000,24.420000
07/18/2011,25.000000,25.000000,25.000000,25.000000
07/19/2011,24.210000,24.210000,24.210000,24.210000
07/20/2011,24.240000,24.240000,24.240000,24.240000
07/21/2011,23.240000,23.240000,23.240000,23.240000
07/22/2011,23.170000,23.170000,23.170000,23.170000
07/25/2011,23.710000,23.710000,23.710000,23.710000
07/26/2011,23.890000,23.890000,23.890000,23.890000
07/27/2011,24.810000,24.810000,24.810000,24.810000
07/28/2011,24.750000,24.750000,24.750000,24.750000
07/29/2011,25.040000,25.040000,25.040000,25.040000
08/01/2011,24.310000,24.310000,24.310000,24.310000
08/02/2011,25.380000,25.380000,25.380000,25.380000
08/03/2011,25.230000,25.230000,25.230000,25.230000
08/04/2011,28.110000,28.110000,28.110000,28.110000
08/05/2011,29.060000,29.060000,29.060000,29.060000
08/08/2011,33.600000,33.600000,33.600000,33.600000
08/09/2011,29.590000,29.590000,29.590000,29.590000
08/10/2011,32.590000,32.590000,32.590000,32.590000
08/11/2011,31.150000,31.150000,31.150000,31.150000
08/12/2011,30.670000,30.670000,30.670000,30.670000
08/15/2011,29.960000,29.960000,29.960000,29.960000
08/16/2011,29.730000,29.730000,29.730000,29.730000
08/17/2011,29.570000,29.570000,29.570000,29.570000
08/18/2011,32.330000,32.330000,32.330000,32.330000
08/19/2011,33.690000,33.690000,33.690000,33.690000
08/22/2011,33.840000,33.840000,33.840000,33.840000
08/23/2011,32.310000,32.310000,32.310000,32.310000
08/24/2011,33.120000,33.120000,33.120000,33.120000
08/25/2011,34.280000,34.280000,34.280000,34.280000
08/26/2011,33.360000,33.360000,33.360000,33.360000
08/29/2011,32.180000,32.180000,32.180000,32.180000
08/30/2011,32.210000,32.210000,32.210000,32.210000
08/31/2011,31.700000,31.700000,31.700000,31.700000
09/01/2011,32.200000,32.200000,32.200000,32.200000
09/02/2011,33.230000,33.230000,33.230000,33.230000
09/06/2011,33.760000,33.760000,33.760000,33.760000
09/07/2011,32.440000,32.440000,32.440000,32.440000
09/08/2011,33.000000,33.000000,33.000000,33.000000
09/09/2011,34.620000,34.620000,34.620000,34.620000
09/12/2011,34.810000,34.810000,34.810000,34.810000
09/13/2011,34.780000,34.780000,34.780000,34.780000
09/14/2011,34.160000,34.160000,34.160000,34.160000
09/15/2011,33.290000,33.290000,33.290000,33.290000
09/16/2011,33.090000,33.090000,33.090000,33.090000
09/19/2011,33.240000,33.240000,33.240000,33.240000
09/20/2011,32.950000,32.950000,32.950000,32.950000
09/21/2011,35.030000,35.030000,35.030000,35.030000
09/22/2011,35.760000,35.760000,35.760000,35.760000
09/23/2011,36.270000,36.270000,36.270000,36.270000
09/26/2011,35.550000,35.550000,35.550000,35.550000
09/27/2011,35.490000,35.490000,35.490000,35.490000
09/28/2011,36.910000,36.910000,36.910000,36.910000
09/29/2011,36.140000,36.140000,36.140000,36.140000
09/30/2011,37.960000,37.960000,37.960000,37.960000
10/03/2011,39.890000,39.890000,39.890000,39.890000
10/04/2011,38.340000,38.340000,38.340000,38.340000
10/05/2011,37.310000,37.310000,37.310000,37.310000
10/06/2011,36.230000,36.230000,36.230000,36.230000
10/07/2011,36.480000,36.480000,36.480000,36.480000
10/10/2011,35.250000,35.250000,35.250000,35.250000
10/11/2011,34.970000,34.970000,34.970000,34.970000
10/12/2011,33.920000,33.920000,33.920000,33.920000
10/13/2011,33.560000,33.560000,33.560000,33.560000
10/14/2011,32.260000,32.260000,32.260000,32.260000
10/17/2011,33.980000,33.980000,33.980000,33.980000
10/18/2011,33.560000,33.560000,33.560000,33.560000
10/19/2011,34.730000,34.730000,34.730000,34.730000
10/20/2011,35.150000,35.150000,35.150000,35.150000
10/21/2011,33.540000,33.540000,33.540000,33.540000
10/24/2011,32.320000,32.320000,32.320000,32.320000
10/25/2011,33.300000,33.300000,33.300000,33.300000
10/26/2011,32.420000,32.420000,32.420000,32.420000
10/27/2011,29.770000,29.770000,29.770000,29.770000
10/28/2011,29.440000,29.440000,29.440000,29.440000
10/31/2011,31.690000,31.690000,31.690000,31.690000
11/01/2011,34.280000,34.280000,34.280000,34.280000
11/02/2011,33.750000,33.750000,33.750000,33.750000
11/03/2011,32.780000,32.780000,32.780000,32.780000
11/04/2011,33.010000,33.010000,33.010000,33.010000
11/07/2011,32.790000,32.790000,32.790000,32.790000
11/08/2011,32.230000,32.230000,32.230000,32.230000
11/09/2011,35.280000,35.280000,35.280000,35.280000
11/10/2011,34.540000,34.540000,34.540000,34.540000
11/11/2011,33.470000,33.470000,33.470000,33.470000
11/14/2011,34.060000,34.060000,34.060000,34.060000
11/15/2011,33.960000,33.960000,33.960000,33.960000
11/16/2011,35.190000,35.190000,35.190000,35.190000
11/17/2011,36.320000,36.320000,36.320000,36.320000
11/18/2011,35.870000,35.870000,35.870000,35.870000
11/21/2011,36.450000,36.450000,36.450000,36.450000
11/22/2011,35.780000,35.780000,35.780000,35.780000
11/23/2011,36.880000,36.880000,36.880000,36.880000
11/25/2011,37.250000,37.250000,37.250000,37.250000
11/28/2011,35.250000,35.250000,35.250000,35.250000
11/29/2011,34.740000,34.740000,34.740000,34.740000
11/30/2011,33.240000,33.240000,33.240000,33.240000
12/01/2011,32.710000,32.710000,32.710000,32.710000
12/02/2011,32.610000,32.610000,32.610000,32.610000
12/05/2011,32.290000,32.290000,32.290000,32.290000
12/06/2011,32.630000,32.630000,32.630000,32.630000
12/07/2011,32.670000,32.670000,32.670000,32.670000
12/08/2011,33.570000,33.570000,33.570000,33.570000
12/09/2011,32.090000,32.090000,32.090000,32.090000
12/12/2011,32.640000,32.640000,32.640000,32.640000
12/13/2011,33.080000,33.080000,33.080000,33.080000
12/14/2011,33.500000,33.500000,33.500000,33.500000
12/15/2011,33.200000,33.200000,33.200000,33.200000
12/16/2011,32.810000,32.810000,32.810000,32.810000
12/19/2011,32.600000,32.600000,32.600000,32.600000
12/20/2011,31.060000,31.060000,31.060000,31.060000
12/21/2011,30.120000,30.120000,30.120000,30.120000
12/22/2011,29.440000,29.440000,29.440000,29.440000
12/23/2011,29.490000,29.490000,29.490000,29.490000
12/27/2011,29.410000,29.410000,29.410000,29.410000
12/28/2011,30.510000,30.510000,30.510000,30.510000
12/29/2011,29.910000,29.910000,29.910000,29.910000
12/30/2011,30.070000,30.070000,30.070000,30.070000
01/03/2012,29.690000,29.690000,29.690000,29.690000
01/04/2012,28.910000,28.910000,28.910000,28.910000
01/05/2012,28.550000,28.550000,28.550000,28.550000
01/06/2012,28.290000,28.290000,28.290000,28.290000
01/09/2012,28.110000,28.110000,28.110000,28.110000
01/10/2012,27.770000,27.770000,27.770000,27.770000
01/11/2012,28.000000,28.000000,28.000000,28.000000
01/12/2012,28.080000,28.080000,28.080000,28.080000
01/13/2012,28.440000,28.440000,28.440000,28.440000
01/17/2012,28.630000,28.630000,28.630000,28.630000
01/18/2012,28.190000,28.190000,28.190000,28.190000
01/19/2012,27.910000,27.910000,27.910000,27.910000
01/20/2012,27.390000,27.390000,27.390000,27.390000
01/23/2012,26.980000,26.980000,26.980000,26.980000
01/24/2012,26.620000,26.620000,26.620000,26.620000
01/25/2012,26.210000,26.210000,26.210000,26.210000
01/26/2012,26.350000,26.350000,26.350000,26.350000
01/27/2012,26.270000,26.270000,26.270000,26.270000
01/30/2012,26.560000,26.560000,26.560000,26.560000
01/31/2012,26.740000,26.740000,26.740000,26.740000
02/01/2012,26.390000,26.390000,26.390000,26.390000
02/02/2012,25.960000,25.960000,25.960000,25.960000
02/03/2012,25.280000,25.280000,25.280000,25.280000
02/06/2012,25.290000,25.290000,25.290000,25.290000
02/07/2012,25.120000,25.120000,25.120000,25.120000
02/08/2012,25.350000,25.350000,25.350000,25.350000
02/09/2012,25.850000,25.850000,25.850000,25.850000
02/10/2012,26.940000,26.940000,26.940000,26.940000
02/13/2012,26.350000,26.350000,26.350000,26.350000
02/14/2012,27.080000,27.080000,27.080000,27.080000
02/15/2012,27.980000,27.980000,27.980000,27.980000
02/16/2012,27.070000,27.070000,27.070000,27.070000
02/17/2012,27.310000,27.310000,27.310000,27.310000
02/21/2012,27.080000,27.080000,27.080000,27.080000
02/22/2012,27.470000,27.470000,27.470000,27.470000
02/23/2012,26.650000,26.650000,26.650000,26.650000
02/24/2012,26.690000,26.690000,26.690000,26.690000
02/27/2012,27.140000,27.140000,27.140000,27.140000
02/28/2012,27.270000,27.270000,27.270000,27.270000
02/29/2012,27.190000,27.190000,27.190000,27.190000
03/01/2012,26.940000,26.940000,26.940000,26.940000
03/02/2012,26.670000,26.670000,26.670000,26.670000
03/05/2012,27.030000,27.030000,27.030000,27.030000
03/06/2012,28.200000,28.200000,28.200000,28.200000
03/07/2012,27.520000,27.520000,27.520000,27.520000
03/08/2012,27.050000,27.050000,27.050000,27.050000
03/09/2012,26.400000,26.400000,26.400000,26.400000
03/12/2012,25.980000,25.980000,25.980000,25.980000
03/13/2012,25.180000,25.180000,25.180000,25.180000
03/14/2012,26.230000,26.230000,26.230000,26.230000
03/15/2012,26.160000,26.160000,26.160000,26.160000
03/16/2012,27.150000,27.150000,27.150000,27.150000
03/19/2012,25.160000,25.160000,25.160000,25.160000
03/20/2012,25.090000,25.090000,25.090000,25.090000
03/21/2012,24.740000,24.740000,24.740000,24.740000
03/22/2012,24.840000,24.840000,24.840000,24.840000
03/23/2012,24.320000,24.320000,24.320000,24.320000
03/26/2012,23.390000,23.390000,23.390000,23.390000
03/27/2012,23.900000,23.900000,23.900000,23.900000
03/28/2012,24.350000,24.350000,24.350000,24.350000
03/29/2012,23.720000,23.720000,23.720000,23.720000
03/30/2012,23.650000,23.650000,23.650000,23.650000
04/02/2012,23.620000,23.620000,23.620000,23.620000
04/03/2012,23.720000,23.720000,23.720000,23.720000
04/04/2012,24.300000,24.300000,24.300000,24.300000
04/05/2012,24.590000,24.590000,24.590000,24.590000
04/09/2012,25.460000,25.460000,25.460000,25.460000
04/10/2012,26.680000,26.680000,26.680000,26.680000
04/11/2012,26.680000,26.680000,26.680000,26.680000
04/12/2012,25.500000,25.500000,25.500000,25.500000
04/13/2012,27.350000,27.350000,27.350000,27.350000
04/16/2012,26.600000,26.600000,26.600000,26.600000
04/17/2012,25.750000,25.750000,25.750000,25.750000
04/18/2012,25.820000,25.820000,25.820000,25.820000
04/19/2012,26.040000,26.040000,26.040000,26.040000
04/20/2012,25.630000,25.630000,25.630000,25.630000
04/23/2012,26.410000,26.410000,26.410000,26.410000
04/24/2012,26.070000,26.070000,26.070000,26.070000
04/25/2012,25.430000,25.430000,25.430000,25.430000
04/26/2012,24.990000,24.990000,24.990000,24.990000
04/27/2012,25.120000,25.120000,25.120000,25.120000
04/30/2012,25.430000,25.430000,25.430000,25.430000
05/01/2012,25.200000,25.200000,25.200000,25.200000
05/02/2012,25.050000,25.050000,25.050000,25.050000
05/03/2012,25.430000,25.430000,25.430000,25.430000
05/04/2012,26.190000,26.190000,26.190000,26.190000
05/07/2012,25.960000,25.960000,25.960000,25.960000
05/08/2012,25.740000,25.740000,25.740000,25.740000
05/09/2012,26.690000,26.690000,26.690000,26.690000
05/10/2012,26.290000,26.290000,26.290000,26.290000
05/11/2012,25.950000,25.950000,25.950000,25.950000
05/14/2012,26.840000,26.840000,26.840000,26.840000
05/15/2012,27.520000,27.520000,27.520000,27.520000
05/16/2012,28.070000,28.070000,28.070000,28.070000
05/17/2012,30.140000,30.140000,30.140000,30.140000
05/18/2012,30.950000,30.950000,30.950000,30.950000
05/21/2012,29.460000,29.460000,29.460000,29.460000
05/22/2012,29.770000,29.770000,29.770000,29.770000
05/23/2012,29.780000,29.780000,29.780000,29.780000
05/24/2012,29.500000,29.500000,29.500000,29.500000
05/25/2012,29.840000,29.840000,29.840000,29.840000
05/29/2012,28.840000,28.840000,28.840000,28.840000
05/30/2012,30.340000,30.340000,30.340000,30.340000
05/31/2012,30.400000,30.400000,30.400000,30.400000
06/01/2012,31.470000,31.470000,31.470000,31.470000
06/04/2012,31.720000,31.720000,31.720000,31.720000
06/05/2012,30.960000,30.960000,30.960000,30.960000
06/06/2012,29.440000,29.440000,29.440000,29.440000
06/07/2012,30.090000,30.090000,30.090000,30.090000
06/08/2012,30.130000,30.130000,30.130000,30.130000
06/11/2012,30.280000,30.280000,30.280000,30.280000
06/12/2012,30.100000,30.100000,30.100000,30.100000
06/13/2012,30.820000,30.820000,30.820000,30.820000
06/14/2012,29.910000,29.910000,29.910000,29.910000
06/15/2012,29.530000,29.530000,29.530000,29.530000
06/18/2012,28.370000,28.370000,28.370000,28.370000
06/19/2012,28.040000,28.040000,28.040000,28.040000
06/20/2012,27.060000,27.060000,27.060000,27.060000
06/21/2012,28.330000,28.330000,28.330000,28.330000
06/22/2012,27.420000,27.420000,27.420000,27.420000
06/25/2012,28.230000,28.230000,28.230000,28.230000
06/26/2012,27.680000,27.680000,27.680000,27.680000
06/27/2012,27.340000,27.340000,27.340000,27.340000
06/28/2012,27.310000,27.310000,27.310000,27.310000
06/29/2012,26.030000,26.030000,26.030000,26.030000
07/02/2012,25.850000,25.850000,25.850000,25.850000
07/03/2012,25.640000,25.640000,25.640000,25.640000
07/05/2012,26.110000,26.110000,26.110000,26.110000
07/06/2012,26.150000,26.150000,26.150000,26.150000
07/09/2012,26.150000,26.150000,26.150000,26.150000
07/10/2012,26.320000,26.320000,26.320000,26.320000
07/11/2012,26.010000,26.010000,26.010000,26.010000
07/12/2012,26.360000,26.360000,26.360000,26.360000
07/13/2012,25.200000,25.200000,25.200000,25.200000
07/16/2012,25.230000,25.230000,25.230000,25.230000
07/17/2012,24.720000,24.720000,24.720000,24.720000
07/18/2012,24.730000,24.730000,24.730000,24.730000
07/19/2012,24.560000,24.560000,24.560000,24.560000
07/20/2012,25.100000,25.100000,25.100000,25.100000
07/23/2012,26.040000,26.040000,26.040000,26.040000
07/24/2012,26.900000,26.900000,26.900000,26.900000
07/25/2012,26.650000,26.650000,26.650000,26.650000
07/26/2012,24.290000,24.290000,24.290000,24.290000
07/27/2012,25.150000,25.150000,25.150000,25.150000
07/30/2012,25.700000,25.700000,25.700000,25.700000
07/31/2012,25.790000,25.790000,25.790000,25.790000
08/01/2012,25.760000,25.760000,25.760000,25.760000
08/02/2012,25.610000,25.610000,25.610000,25.610000
08/03/2012,25.530000,25.530000,25.530000,25.530000
08/06/2012,24.820000,24.820000,24.820000,24.820000
08/07/2012,24.660000,24.660000,24.660000,24.660000
08/08/2012,24.570000,24.570000,24.570000,24.570000
08/09/2012,24.420000,24.420000,24.420000,24.420000
08/10/2012,24.340000,24.340000,24.340000,24.340000
08/13/2012,24.300000,24.300000,24.300000,24.300000
08/14/2012,24.870000,24.870000,24.870000,24.870000
08/15/2012,25.110000,25.110000,25.110000,25.110000
08/16/2012,24.620000,24.620000,24.620000,24.620000
08/17/2012,24.810000,24.810000,24.810000,24.810000
08/20/2012,25.290000,25.290000,25.290000,25.290000
08/21/2012,25.610000,25.610000,25.610000,25.610000
08/22/2012,26.000000,26.000000,26.000000,26.000000
08/23/2012,26.200000,26.200000,26.200000,26.200000
08/24/2012,25.720000,25.720000,25.720000,25.720000
08/27/2012,26.180000,26.180000,26.180000,26.180000
08/28/2012,25.850000,25.850000,25.850000,25.850000
08/29/2012,26.170000,26.170000,26.170000,26.170000
08/30/2012,26.390000,26.390000,26.390000,26.390000
08/31/2012,26.750000,26.750000,26.750000,26.750000
09/04/2012,26.800000,26.800000,26.800000,26.800000
09/05/2012,25.850000,25.850000,25.850000,25.850000
09/06/2012,25.300000,25.300000,25.300000,25.300000
09/07/2012,24.810000,24.810000,24.810000,24.810000
09/10/2012,24.560000,24.560000,24.560000,24.560000
09/11/2012,24.410000,24.410000,24.410000,24.410000
09/12/2012,24.070000,24.070000,24.070000,24.070000
09/13/2012,23.220000,23.220000,23.220000,23.220000
09/14/2012,23.580000,23.580000,23.580000,23.580000
09/17/2012,23.700000,23.700000,23.700000,23.700000
09/18/2012,23.390000,23.390000,23.390000,23.390000
09/19/2012,22.980000,22.980000,22.980000,22.980000
09/20/2012,23.300000,23.300000,23.300000,23.300000
09/21/2012,23.720000,23.720000,23.720000,23.720000
09/24/2012,22.790000,22.790000,22.790000,22.790000
09/25/2012,23.520000,23.520000,23.520000,23.520000
09/26/2012,23.940000,23.940000,23.940000,23.940000
09/27/2012,23.140000,23.140000,23.140000,23.140000
09/28/2012,23.320000,23.320000,23.320000,23.320000
10/01/2012,24.100000,24.100000,24.100000,24.100000
10/02/2012,23.330000,23.330000,23.330000,23.330000
10/03/2012,23.360000,23.360000,23.360000,23.360000
10/04/2012,23.000000,23.000000,23.000000,23.000000
10/05/2012,22.570000,22.570000,22.570000,22.570000
10/08/2012,22.800000,22.800000,22.800000,22.800000
10/09/2012,22.910000,22.910000,22.910000,22.910000
10/10/2012,23.050000,23.050000,23.050000,23.050000
10/11/2012,22.570000,22.570000,22.570000,22.570000
10/12/2012,22.610000,22.610000,22.610000,22.610000
10/15/2012,22.250000,22.250000,22.250000,22.250000
10/16/2012,21.930000,21.930000,21.930000,21.930000
10/17/2012,21.640000,21.640000,21.640000,21.640000
10/18/2012,21.780000,21.780000,21.780000,21.780000
10/19/2012,22.710000,22.710000,22.710000,22.710000
10/22/2012,22.400000,22.400000,22.400000,22.400000
10/23/2012,23.530000,23.530000,23.530000,23.530000
10/24/2012,23.480000,23.480000,23.480000,23.480000
10/25/2012,23.360000,23.360000,23.360000,23.360000
10/26/2012,23.250000,23.250000,23.250000,23.250000
10/31/2012,23.410000,23.410000,23.410000,23.410000
11/01/2012,22.310000,22.310000,22.310000,22.310000
11/02/2012,22.690000,22.690000,22.690000,22.690000
11/05/2012,22.910000,22.910000,22.910000,22.910000
11/06/2012,22.160000,22.160000,22.160000,22.160000
11/07/2012,23.500000,23.500000,23.500000,23.500000
11/08/2012,23.580000,23.580000,23.580000,23.580000
11/09/2012,23.650000,23.650000,23.650000,23.650000
11/12/2012,22.920000,22.920000,22.920000,22.920000
11/13/2012,22.720000,22.720000,22.720000,22.720000
11/14/2012,23.210000,23.210000,23.210000,23.210000
11/15/2012,23.200000,23.200000,23.200000,23.200000
11/16/2012,22.700000,22.700000,22.700000,22.700000
11/19/2012,21.770000,21.770000,21.770000,21.770000
11/20/2012,21.660000,21.660000,21.660000,21.660000
11/21/2012,21.670000,21.670000,21.670000,21.670000
11/23/2012,21.410000,21.410000,21.410000,21.410000
11/26/2012,21.370000,21.370000,21.370000,21.370000
11/27/2012,21.620000,21.620000,21.620000,21.620000
11/28/2012,21.370000,21.370000,21.370000,21.370000
11/29/2012,21.060000,21.060000,21.060000,21.060000
11/30/2012,21.220000,21.220000,21.220000,21.220000
12/03/2012,21.570000,21.570000,21.570000,21.570000
12/04/2012,21.530000,21.530000,21.530000,21.530000
12/05/2012,21.520000,21.520000,21.520000,21.520000
12/06/2012,21.480000,21.480000,21.480000,21.480000
12/07/2012,21.260000,21.260000,21.260000,21.260000
12/10/2012,21.080000,21.080000,21.080000,21.080000
12/11/2012,21.060000,21.060000,21.060000,21.060000
12/12/2012,21.360000,21.360000,21.360000,21.360000
12/13/2012,21.790000,21.790000,21.790000,21.790000
12/14/2012,21.910000,21.910000,21.910000,21.910000
12/17/2012,21.340000,21.340000,21.340000,21.340000
12/18/2012,20.980000,20.980000,20.980000,20.980000
12/19/2012,21.550000,21.550000,21.550000,21.550000
12/20/2012,21.480000,21.480000,21.480000,21.480000
12/21/2012,22.030000,22.030000,22.030000,22.030000
12/24/2012,22.400000,22.400000,22.400000,22.400000
12/26/2012,22.730000,22.730000,22.730000,22.730000
12/27/2012,22.770000,22.770000,22.770000,22.770000
12/28/2012,23.790000,23.790000,23.790000,23.790000
12/31/2012,21.760000,21.760000,21.760000,21.760000
01/02/2013,20.760000,20.760000,20.760000,20.760000
01/03/2013,20.780000,20.780000,20.780000,20.780000
01/04/2013,20.470000,20.470000,20.470000,20.470000
01/07/2013,20.710000,20.710000,20.710000,20.710000
01/08/2013,20.770000,20.770000,20.770000,20.770000
01/09/2013,20.830000,20.830000,20.830000,20.830000
01/10/2013,20.480000,20.480000,20.480000,20.480000
01/11/2013,20.300000,20.300000,20.300000,20.300000
01/14/2013,20.380000,20.380000,20.380000,20.380000
01/15/2013,20.340000,20.340000,20.340000,20.340000
01/16/2013,20.310000,20.310000,20.310000,20.310000
01/17/2013,20.030000,20.030000,20.030000,20.030000
01/18/2013,19.700000,19.700000,19.700000,19.700000
01/22/2013,19.060000,19.060000,19.060000,19.060000
01/23/2013,18.660000,18.660000,18.660000,18.660000
01/24/2013,18.810000,18.810000,18.810000,18.810000
01/25/2013,18.740000,18.740000,18.740000,18.740000
01/28/2013,18.730000,18.730000,18.730000,18.730000
01/29/2013,18.400000,18.400000,18.400000,18.400000
01/30/2013,18.760000,18.760000,18.760000,18.760000
01/31/2013,19.020000,19.020000,19.020000,19.020000
02/01/2013,18.600000,18.600000,18.600000,18.600000
02/04/2013,19.250000,19.250000,19.250000,19.250000
02/05/2013,18.930000,18.930000,18.930000,18.930000
02/06/2013,18.880000,18.880000,18.880000,18.880000
02/07/2013,18.960000,18.960000,18.960000,18.960000
02/08/2013,18.740000,18.740000,18.740000,18.740000
02/11/2013,18.680000,18.680000,18.680000,18.680000
02/12/2013,18.520000,18.520000,18.520000,18.520000
02/13/2013,18.510000,18.510000,18.510000,18.510000
02/14/2013,18.450000,18.450000,18.450000,18.450000
02/15/2013,18.460000,18.460000,18.460000,18.460000
02/19/2013,18.220000,18.220000,18.220000,18.220000
02/20/2013,19.060000,19.060000,19.060000,19.060000
02/21/2013,19.200000,19.200000,19.200000,19.200000
02/22/2013,18.780000,18.780000,18.780000,18.780000
02/25/2013,20.170000,20.170000,20.170000,20.170000
02/26/2013,19.900000,19.900000,19.900000,19.900000
02/27/2013,19.110000,19.110000,19.110000,19.110000
02/28/2013,19.340000,19.340000,19.340000,19.340000
03/01/2013,19.430000,19.430000,19.430000,19.430000
03/04/2013,19.050000,19.050000,19.050000,19.050000
03/05/2013,18.760000,18.760000,18.760000,18.760000
03/06/2013,18.780000,18.780000,18.780000,18.780000
03/07/2013,18.580000,18.580000,18.580000,18.580000
03/08/2013,18.570000,18.570000,18.570000,18.570000
03/11/2013,18.290000,18.290000,18.290000,18.290000
03/12/2013,18.430000,18.430000,18.430000,18.430000
03/13/2013,18.560000,18.560000,18.560000,18.560000
03/14/2013,18.220000,18.220000,18.220000,18.220000
03/15/2013,18.610000,18.610000,18.610000,18.610000
03/18/2013,18.630000,18.630000,18.630000,18.630000
03/19/2013,18.880000,18.880000,18.880000,18.880000
03/20/2013,18.550000,18.550000,18.550000,18.550000
03/21/2013,18.980000,18.980000,18.980000,18.980000
03/22/2013,18.810000,18.810000,18.810000,18.810000
03/25/2013,18.900000,18.900000,18.900000,18.900000
03/26/2013,18.680000,18.680000,18.680000,18.680000
03/27/2013,18.900000,18.900000,18.900000,18.900000
03/28/2013,18.670000,18.670000,18.670000,18.670000
04/01/2013,19.130000,19.130000,19.130000,19.130000
04/02/2013,18.880000,18.880000,18.880000,18.880000
04/03/2013,19.280000,19.280000,19.280000,19.280000
04/04/2013,19.470000,19.470000,19.470000,19.470000
04/05/2013,19.540000,19.540000,19.540000,19.540000
04/08/2013,19.180000,19.180000,19.180000,19.180000
04/09/2013,19.040000,19.040000,19.040000,19.040000
04/10/2013,18.680000,18.680000,18.680000,18.680000
04/11/2013,18.540000,18.540000,18.540000,18.540000
04/12/2013,18.550000,18.550000,18.550000,18.550000
04/15/2013,19.830000,19.830000,19.830000,19.830000
04/16/2013,18.820000,18.820000,18.820000,18.820000
04/17/2013,20.050000,20.050000,20.050000,20.050000
04/18/2013,20.400000,20.400000,20.400000,20.400000
04/19/2013,19.860000,19.860000,19.860000,19.860000
04/22/2013,19.610000,19.610000,19.610000,19.610000
04/23/2013,18.990000,18.990000,18.990000,18.990000
04/24/2013,18.960000,18.960000,18.960000,18.960000
04/25/2013,18.770000,18.770000,18.770000,18.770000
04/26/2013,18.490000,18.490000,18.490000,18.490000
04/29/2013,18.520000,18.520000,18.520000,18.520000
04/30/2013,18.440000,18.440000,18.440000,18.440000
05/01/2013,18.860000,18.860000,18.860000,18.860000
05/02/2013,18.620000,18.620000,18.620000,18.620000
05/03/2013,18.300000,18.300000,18.300000,18.300000
05/06/2013,18.250000,18.250000,18.250000,18.250000
05/07/2013,18.250000,18.250000,18.250000,18.250000
05/08/2013,18.160000,18.160000,18.160000,18.160000
05/09/2013,18.590000,18.590000,18.590000,18.590000
05/10/2013,18.640000,18.640000,18.640000,18.640000
05/13/2013,18.810000,18.810000,18.810000,18.810000
05/14/2013,18.890000,18.890000,18.890000,18.890000
05/15/2013,19.070000,19.070000,19.070000,19.070000
05/16/2013,19.450000,19.450000,19.450000,19.450000
05/17/2013,19.280000,19.280000,19.280000,19.280000
05/20/2013,19.280000,19.280000,19.280000,19.280000
05/21/2013,19.450000,19.450000,19.450000,19.450000
05/22/2013,19.660000,19.660000,19.660000,19.660000
05/23/2013,19.790000,19.790000,19.790000,19.790000
05/24/2013,19.810000,19.810000,19.810000,19.810000
05/28/2013,19.670000,19.670000,19.670000,19.670000
05/29/2013,19.880000,19.880000,19.880000,19.880000
05/30/2013,19.700000,19.700000,19.700000,19.700000
05/31/2013,20.340000,20.340000,20.340000,20.340000
06/03/2013,20.510000,20.510000,20.510000,20.510000
06/04/2013,20.550000,20.550000,20.550000,20.550000
06/05/2013,20.960000,20.960000,20.960000,20.960000
06/06/2013,20.750000,20.750000,20.750000,20.750000
06/07/2013,20.270000,20.270000,20.270000,20.270000
06/10/2013,20.340000,20.340000,20.340000,20.340000
06/11/2013,21.330000,21.330000,21.330000,21.330000
06/12/2013,21.640000,21.640000,21.640000,21.640000
06/13/2013,21.200000,21.200000,21.200000,21.200000
06/14/2013,21.170000,21.170000,21.170000,21.170000
06/17/2013,20.880000,20.880000,20.880000,20.880000
06/18/2013,20.780000,20.780000,20.780000,20.780000
06/19/2013,20.640000,20.640000,20.640000,20.640000
06/20/2013,22.020000,22.020000,22.020000,22.020000
06/21/2013,21.700000,21.700000,21.700000,21.700000
06/24/2013,22.450000,22.450000,22.450000,22.450000
06/25/2013,22.090000,22.090000,22.090000,22.090000
06/26/2013,21.680000,21.680000,21.680000,21.680000
06/27/2013,21.500000,21.500000,21.500000,21.500000
06/28/2013,20.670000,20.670000,20.670000,20.670000
07/01/2013,21.160000,21.160000,21.160000,21.160000
07/02/2013,21.360000,21.360000,21.360000,21.360000
07/03/2013,21.010000,21.010000,21.010000,21.010000
07/05/2013,20.510000,20.510000,20.510000,20.510000
07/08/2013,20.260000,20.260000,20.260000,20.260000
07/09/2013,19.900000,19.900000,19.900000,19.900000
07/10/2013,19.790000,19.790000,19.790000,19.790000
07/11/2013,19.440000,19.440000,19.440000,19.440000
07/12/2013,19.590000,19.590000,19.590000,19.590000
07/15/2013,19.460000,19.460000,19.460000,19.460000
07/16/2013,19.690000,19.690000,19.690000,19.690000
07/17/2013,19.430000,19.430000,19.430000,19.430000
07/18/2013,19.430000,19.430000,19.430000,19.430000
07/19/2013,19.300000,19.300000,19.300000,19.300000
07/22/2013,19.060000,19.060000,19.060000,19.060000
07/23/2013,19.290000,19.290000,19.290000,19.290000
07/24/2013,19.500000,19.500000,19.500000,19.500000
07/25/2013,19.530000,19.530000,19.530000,19.530000
07/26/2013,19.190000,19.190000,19.190000,19.190000
07/29/2013,19.400000,19.400000,19.400000,19.400000
07/30/2013,19.290000,19.290000,19.290000,19.290000
07/31/2013,19.200000,19.200000,19.200000,19.200000
08/01/2013,18.910000,18.910000,18.910000,18.910000
08/02/2013,18.650000,18.650000,18.650000,18.650000
08/05/2013,18.560000,18.560000,18.560000,18.560000
08/06/2013,18.850000,18.850000,18.850000,18.850000
08/07/2013,19.110000,19.110000,19.110000,19.110000
08/08/2013,18.910000,18.910000,18.910000,18.910000
08/09/2013,19.120000,19.120000,19.120000,19.120000
08/12/2013,19.110000,19.110000,19.110000,19.110000
08/13/2013,19.050000,19.050000,19.050000,19.050000
08/14/2013,19.290000,19.290000,19.290000,19.290000
08/15/2013,19.790000,19.790000,19.790000,19.790000
08/16/2013,19.730000,19.730000,19.730000,19.730000
08/19/2013,19.800000,19.800000,19.800000,19.800000
08/20/2013,19.740000,19.740000,19.740000,19.740000
08/21/2013,19.810000,19.810000,19.810000,19.810000
08/22/2013,19.490000,19.490000,19.490000,19.490000
08/23/2013,19.250000,19.250000,19.250000,19.250000
08/26/2013,19.500000,19.500000,19.500000,19.500000
08/27/2013,20.470000,20.470000,20.470000,20.470000
08/28/2013,20.680000,20.680000,20.680000,20.680000
08/29/2013,20.900000,20.900000,20.900000,20.900000
08/30/2013,20.950000,20.950000,20.950000,20.950000
09/03/2013,20.720000,20.720000,20.720000,20.720000
09/04/2013,20.550000,20.550000,20.550000,20.550000
09/05/2013,20.630000,20.630000,20.630000,20.630000
09/06/2013,20.530000,20.530000,20.530000,20.530000
09/09/2013,20.220000,20.220000,20.220000,20.220000
09/10/2013,19.780000,19.780000,19.780000,19.780000
09/11/2013,19.430000,19.430000,19.430000,19.430000
09/12/2013,19.530000,19.530000,19.530000,19.530000
09/13/2013,19.400000,19.400000,19.400000,19.400000
09/16/2013,19.230000,19.230000,19.230000,19.230000
09/17/2013,19.230000,19.230000,19.230000,19.230000
09/18/2013,19.000000,19.000000,19.000000,19.000000
09/19/2013,19.120000,19.120000,19.120000,19.120000
09/20/2013,19.470000,19.470000,19.470000,19.470000
09/23/2013,19.180000,19.180000,19.180000,19.180000
09/24/2013,19.160000,19.160000,19.160000,19.160000
09/25/2013,19.100000,19.100000,19.100000,19.100000
09/26/2013,18.940000,18.940000,18.940000,18.940000
09/27/2013,19.320000,19.320000,19.320000,19.320000
09/30/2013,19.580000,19.580000,19.580000,19.580000
10/01/2013,19.330000,19.330000,19.330000,19.330000
10/02/2013,19.560000,19.560000,19.560000,19.560000
10/03/2013,20.050000,20.050000,20.050000,20.050000
10/04/2013,19.840000,19.840000,19.840000,19.840000
10/07/2013,20.630000,20.630000,20.630000,20.630000
10/08/2013,21.150000,21.150000,21.150000,21.150000
10/09/2013,20.960000,20.960000,20.960000,20.960000
10/10/2013,19.890000,19.890000,19.890000,19.890000
10/11/2013,19.470000,19.470000,19.470000,19.470000
10/14/2013,19.560000,19.560000,19.560000,19.560000
10/15/2013,20.180000,20.180000,20.180000,20.180000
10/16/2013,19.460000,19.460000,19.460000,19.460000
10/17/2013,18.910000,18.910000,18.910000,18.910000
10/18/2013,18.630000,18.630000,18.630000,18.630000
10/21/2013,18.660000,18.660000,18.660000,18.660000
10/22/2013,18.690000,18.690000,18.690000,18.690000
10/23/2013,18.850000,18.850000,18.850000,18.850000
10/24/2013,18.640000,18.640000,18.640000,18.640000
10/25/2013,18.670000,18.670000,18.670000,18.670000
10/28/2013,18.640000,18.640000,18.640000,18.640000
10/29/2013,18.640000,18.640000,18.640000,18.640000
10/30/2013,18.910000,18.910000,18.910000,18.910000
10/31/2013,18.850000,18.850000,18.850000,18.850000
11/01/2013,18.820000,18.820000,18.820000,18.820000
11/04/2013,18.650000,18.650000,18.650000,18.650000
11/05/2013,18.860000,18.860000,18.860000,18.860000
11/06/2013,18.700000,18.700000,18.700000,18.700000
11/07/2013,19.050000,19.050000,19.050000,19.050000
11/08/2013,18.620000,18.620000,18.620000,18.620000
11/11/2013,18.720000,18.720000,18.720000,18.720000
11/12/2013,19.010000,19.010000,19.010000,19.010000
11/13/2013,19.040000,19.040000,19.040000,19.040000
11/14/2013,18.910000,18.910000,18.910000,18.910000
11/15/2013,19.030000,19.030000,19.030000,19.030000
11/18/2013,19.080000,19.080000,19.080000,19.080000
11/19/2013,19.400000,19.400000,19.400000,19.400000
11/20/2013,19.260000,19.260000,19.260000,19.260000
11/21/2013,18.880000,18.880000,18.880000,18.880000
11/22/2013,18.620000,18.620000,18.620000,18.620000
11/25/2013,18.750000,18.750000,18.750000,18.750000
11/26/2013,18.680000,18.680000,18.680000,18.680000
11/27/2013,18.660000,18.660000,18.660000,18.660000
11/29/2013,18.750000,18.750000,18.750000,18.750000
12/02/2013,18.910000,18.910000,18.910000,18.910000
12/03/2013,19.100000,19.100000,19.100000,19.100000
12/04/2013,19.140000,19.140000,19.140000,19.140000
12/05/2013,19.130000,19.130000,19.130000,19.130000
12/06/2013,18.550000,18.550000,18.550000,18.550000
12/09/2013,18.460000,18.460000,18.460000,18.460000
12/10/2013,18.600000,18.600000,18.600000,18.600000
12/11/2013,19.120000,19.120000,19.120000,19.120000
12/12/2013,19.100000,19.100000,19.100000,19.100000
12/13/2013,19.220000,19.220000,19.220000,19.220000
12/16/2013,19.380000,19.380000,19.380000,19.380000
12/17/2013,19.460000,19.460000,19.460000,19.460000
12/18/2013,18.700000,18.700000,18.700000,18.700000
12/19/2013,18.820000,18.820000,18.820000,18.820000
12/20/2013,18.750000,18.750000,18.750000,18.750000
12/23/2013,18.350000,18.350000,18.350000,18.350000
12/24/2013,18.210000,18.210000,18.210000,18.210000
12/26/2013,18.160000,18.160000,18.160000,18.160000
12/27/2013,18.070000,18.070000,18.070000,18.070000
12/30/2013,18.340000,18.340000,18.340000,18.340000
12/31/2013,18.250000,18.250000,18.250000,18.250000
01/02/2014,18.430000,18.430000,18.430000,18.430000
01/03/2014,18.440000,18.440000,18.440000,18.440000
01/06/2014,18.290000,18.290000,18.290000,18.290000
01/07/2014,17.910000,17.910000,17.910000,17.910000
01/08/2014,17.960000,17.960000,17.960000,17.960000
01/09/2014,17.870000,17.870000,17.870000,17.870000
01/10/2014,17.680000,17.680000,17.680000,17.680000
01/13/2014,18.190000,18.190000,18.190000,18.190000
01/14/2014,17.870000,17.870000,17.870000,17.870000
01/15/2014,17.820000,17.820000,17.820000,17.820000
01/16/2014,18.300000,18.300000,18.300000,18.300000
01/17/2014,18.240000,18.240000,18.240000,18.240000
01/21/2014,17.990000,17.990000,17.990000,17.990000
01/22/2014,17.910000,17.910000,17.910000,17.910000
01/23/2014,18.110000,18.110000,18.110000,18.110000
01/24/2014,19.160000,19.160000,19.160000,19.160000
01/27/2014,19.080000,19.080000,19.080000,19.080000
01/28/2014,18.740000,18.740000,18.740000,18.740000
01/29/2014,19.120000,19.120000,19.120000,19.120000
01/30/2014,19.090000,19.090000,19.090000,19.090000
01/31/2014,19.430000,19.430000,19.430000,19.430000
02/03/2014,20.710000,20.710000,20.710000,20.710000
02/04/2014,20.330000,20.330000,20.330000,20.330000
02/05/2014,20.690000,20.690000,20.690000,20.690000
02/06/2014,19.830000,19.830000,19.830000,19.830000
02/07/2014,19.200000,19.200000,19.200000,19.200000
02/10/2014,18.970000,18.970000,18.970000,18.970000
02/11/2014,18.560000,18.560000,18.560000,18.560000
02/12/2014,18.490000,18.490000,18.490000,18.490000
02/13/2014,18.450000,18.450000,18.450000,18.450000
02/14/2014,18.430000,18.430000,18.430000,18.430000
02/18/2014,18.170000,18.170000,18.170000,18.170000
02/19/2014,18.800000,18.800000,18.800000,18.800000
02/20/2014,18.380000,18.380000,18.380000,18.380000
02/21/2014,18.370000,18.370000,18.370000,18.370000
02/24/2014,18.200000,18.200000,18.200000,18.200000
02/25/2014,18.160000,18.160000,18.160000,18.160000
02/26/2014,18.530000,18.530000,18.530000,18.530000
02/27/2014,18.390000,18.390000,18.390000,18.390000
02/28/2014,18.420000,18.420000,18.420000,18.420000
03/03/2014,19.080000,19.080000,19.080000,19.080000
03/04/2014,18.420000,18.420000,18.420000,18.420000
03/05/2014,18.470000,18.470000,18.470000,18.470000
03/06/2014,18.570000,18.570000,18.570000,18.570000
03/07/2014,18.700000,18.700000,18.700000,18.700000
03/10/2014,18.620000,18.620000,18.620000,18.620000
03/11/2014,18.930000,18.930000,18.930000,18.930000
03/12/2014,18.810000,18.810000,18.810000,18.810000
03/13/2014,19.310000,19.310000,19.310000,19.310000
03/14/2014,19.700000,19.700000,19.700000,19.700000
03/17/2014,19.300000,19.300000,19.300000,19.300000
03/18/2014,18.780000,18.780000,18.780000,18.780000
03/19/2014,19.060000,19.060000,19.060000,19.060000
03/20/2014,18.550000,18.550000,18.550000,18.550000
03/21/2014,18.790000,18.790000,18.790000,18.790000
03/24/2014,18.730000,18.730000,18.730000,18.730000
03/25/2014,18.400000,18.400000,18.400000,18.400000
03/26/2014,18.770000,18.770000,18.770000,18.770000
03/27/2014,18.630000,18.630000,18.630000,18.630000
03/28/2014,18.410000,18.410000,18.410000,18.410000
03/31/2014,18.170000,18.170000,18.170000,18.170000
04/01/2014,17.870000,17.870000,17.870000,17.870000
04/02/2014,17.830000,17.830000,17.830000,17.830000
04/03/2014,17.750000,17.750000,17.750000,17.750000
04/04/2014,18.030000,18.030000,18.030000,18.030000
04/07/2014,18.580000,18.580000,18.580000,18.580000
04/08/2014,18.350000,18.350000,18.350000,18.350000
04/09/2014,17.900000,17.900000,17.900000,17.900000
04/10/2014,18.680000,18.680000,18.680000,18.680000
04/11/2014,19.120000,19.120000,19.120000,19.120000
04/14/2014,18.780000,18.780000,18.780000,18.780000
04/15/2014,18.610000,18.610000,18.610000,18.610000
04/16/2014,18.290000,18.290000,18.290000,18.290000
04/17/2014,18.310000,18.310000,18.310000,18.310000
04/21/2014,18.160000,18.160000,18.160000,18.160000
04/22/2014,18.060000,18.060000,18.060000,18.060000
04/23/2014,18.060000,18.060000,18.060000,18.060000
04/24/2014,18.000000,18.000000,18.000000,18.000000
04/25/2014,18.250000,18.250000,18.250000,18.250000
04/28/2014,18.040000,18.040000,18.040000,18.040000
04/29/2014,17.880000,17.880000,17.880000,17.880000
04/30/2014,17.790000,17.790000,17.790000,17.790000
05/01/2014,17.830000,17.830000,17.830000,17.830000
05/02/2014,17.950000,17.950000,17.950000,17.950000
05/05/2014,18.010000,18.010000,18.010000,18.010000
05/06/2014,18.080000,18.080000,18.080000,18.080000
05/07/2014,17.840000,17.840000,17.840000,17.840000
05/08/2014,17.810000,17.810000,17.810000,17.810000
05/09/2014,17.650000,17.650000,17.650000,17.650000
05/12/2014,17.380000,17.380000,17.380000,17.380000
05/13/2014,17.450000,17.450000,17.450000,17.450000
05/14/2014,17.750000,17.750000,17.750000,17.750000
05/15/2014,17.910000,17.910000,17.910000,17.910000
05/16/2014,17.570000,17.570000,17.570000,17.570000
05/19/2014,17.370000,17.370000,17.370000,17.370000
05/20/2014,17.390000,17.390000,17.390000,17.390000
05/21/2014,17.120000,17.120000,17.120000,17.120000
05/22/2014,17.220000,17.220000,17.220000,17.220000
05/23/2014,17.110000,17.110000,17.110000,17.110000
05/27/2014,17.160000,17.160000,17.160000,17.160000
05/28/2014,17.440000,17.440000,17.440000,17.440000
05/29/2014,17.490000,17.490000,17.490000,17.490000
05/30/2014,17.580000,17.580000,17.580000,17.580000
06/02/2014,17.800000,17.800000,17.800000,17.800000
06/03/2014,17.710000,17.710000,17.710000,17.710000
06/04/2014,17.530000,17.530000,17.530000,17.530000
06/05/2014,17.330000,17.330000,17.330000,17.330000
06/06/2014,16.900000,16.900000,16.900000,16.900000
06/09/2014,16.940000,16.940000,16.940000,16.940000
06/10/2014,16.980000,16.980000,16.980000,16.980000
06/11/2014,17.100000,17.100000,17.100000,17.100000
06/12/2014,17.560000,17.560000,17.560000,17.560000
06/13/2014,17.530000,17.530000,17.530000,17.530000
06/16/2014,17.640000,17.640000,17.640000,17.640000
06/17/2014,17.440000,17.440000,17.440000,17.440000
06/18/2014,16.980000,16.980000,16.980000,16.980000
06/19/2014,16.910000,16.910000,16.910000,16.910000
06/20/2014,17.090000,17.090000,17.090000,17.090000
06/23/2014,17.200000,17.200000,17.200000,17.200000
06/24/2014,17.580000,17.580000,17.580000,17.580000
06/25/2014,17.360000,17.360000,17.360000,17.360000
06/26/2014,17.220000,17.220000,17.220000,17.220000
06/27/2014,17.150000,17.150000,17.150000,17.150000
06/30/2014,17.160000,17.160000,17.160000,17.160000
07/01/2014,17.070000,17.070000,17.070000,17.070000
07/02/2014,16.800000,16.800000,16.800000,16.800000
07/03/2014,16.570000,16.570000,16.570000,16.570000
07/07/2014,16.940000,16.940000,16.940000,16.940000
07/08/2014,17.140000,17.140000,17.140000,17.140000
07/09/2014,16.980000,16.980000,16.980000,16.980000
07/10/2014,17.280000,17.280000,17.280000,17.280000
07/11/2014,17.130000,17.130000,17.130000,17.130000
07/14/2014,16.890000,16.890000,16.890000,16.890000
07/15/2014,17.060000,17.060000,17.060000,17.060000
07/16/2014,16.800000,16.800000,16.800000,16.800000
07/17/2014,18.170000,18.170000,18.170000,18.170000
07/18/2014,17.120000,17.120000,17.120000,17.120000
07/21/2014,17.380000,17.380000,17.380000,17.380000
07/22/2014,17.490000,17.490000,17.490000,17.490000
07/23/2014,17.290000,17.290000,17.290000,17.290000
07/24/2014,17.490000,17.490000,17.490000,17.490000
07/25/2014,17.720000,17.720000,17.720000,17.720000
07/28/2014,17.740000,17.740000,17.740000,17.740000
07/29/2014,17.930000,17.930000,17.930000,17.930000
07/30/2014,17.840000,17.840000,17.840000,17.840000
07/31/2014,18.950000,18.950000,18.950000,18.950000
08/01/2014,19.380000,19.380000,19.380000,19.380000
08/04/2014,18.860000,18.860000,18.860000,18.860000
08/05/2014,19.710000,19.710000,19.710000,19.710000
08/06/2014,19.860000,19.860000,19.860000,19.860000
08/07/2014,20.170000,20.170000,20.170000,20.170000
08/08/2014,19.400000,19.400000,19.400000,19.400000
08/11/2014,18.920000,18.920000,18.920000,18.920000
08/12/2014,18.940000,18.940000,18.940000,18.940000
08/13/2014,18.560000,18.560000,18.560000,18.560000
08/14/2014,18.360000,18.360000,18.360000,18.360000
08/15/2014,18.320000,18.320000,18.320000,18.320000
08/18/2014,17.910000,17.910000,17.910000,17.910000
08/19/2014,17.850000,17.850000,17.850000,17.850000
08/20/2014,17.780000,17.780000,17.780000,17.780000
08/21/2014,17.670000,17.670000,17.670000,17.670000
08/22/2014,17.700000,17.700000,17.700000,17.700000
08/25/2014,17.620000,17.620000,17.620000,17.620000
08/26/2014,17.700000,17.700000,17.700000,17.700000
08/27/2014,17.960000,17.960000,17.960000,17.960000
08/28/2014,18.100000,18.100000,18.100000,18.100000
08/29/2014,18.110000,18.110000,18.110000,18.110000
09/02/2014,18.130000,18.130000,18.130000,18.130000
09/03/2014,18.040000,18.040000,18.040000,18.040000
09/04/2014,18.330000,18.330000,18.330000,18.330000
09/05/2014,17.900000,17.900000,17.900000,17.900000
09/08/2014,18.160000,18.160000,18.160000,18.160000
09/09/2014,18.460000,18.460000,18.460000,18.460000
09/10/2014,18.330000,18.330000,18.330000,18.330000
09/11/2014,18.300000,18.300000,18.300000,18.300000
09/12/2014,18.450000,18.450000,18.450000,18.450000
09/15/2014,18.690000,18.690000,18.690000,18.690000
09/16/2014,18.360000,18.360000,18.360000,18.360000
09/17/2014,18.220000,18.220000,18.220000,18.220000
09/18/2014,18.060000,18.060000,18.060000,18.060000
09/19/2014,18.150000,18.150000,18.150000,18.150000
09/22/2014,18.600000,18.600000,18.600000,18.600000
09/23/2014,18.930000,18.930000,18.930000,18.930000
09/24/2014,18.480000,18.480000,18.480000,18.480000
09/25/2014,19.200000,19.200000,19.200000,19.200000
09/26/2014,19.000000,19.000000,19.000000,19.000000
09/29/2014,19.550000,19.550000,19.550000,19.550000
09/30/2014,19.590000,19.590000,19.590000,19.590000
10/01/2014,19.990000,19.990000,19.990000,19.990000
10/02/2014,19.930000,19.930000,19.930000,19.930000
10/03/2014,19.210000,19.210000,19.210000,19.210000
10/06/2014,19.400000,19.400000,19.400000,19.400000
10/07/2014,20.220000,20.220000,20.220000,20.220000
10/08/2014,19.380000,19.380000,19.380000,19.380000
10/09/2014,21.620000,21.620000,21.620000,21.620000
10/10/2014,24.740000,24.740000,24.740000,24.740000
10/13/2014,23.430000,23.430000,23.430000,23.430000
10/14/2014,22.450000,22.450000,22.450000,22.450000
10/15/2014,24.700000,24.700000,24.700000,24.700000
10/16/2014,23.330000,23.330000,23.330000,23.330000
10/17/2014,22.770000,22.770000,22.770000,22.770000
10/20/2014,21.570000,21.570000,21.570000,21.570000
10/21/2014,20.550000,20.550000,20.550000,20.550000
10/22/2014,21.200000,21.200000,21.200000,21.200000
10/23/2014,20.830000,20.830000,20.830000,20.830000
10/24/2014,20.420000,20.420000,20.420000,20.420000
10/27/2014,20.260000,20.260000,20.260000,20.260000
10/28/2014,19.850000,19.850000,19.850000,19.850000
10/29/2014,20.170000,20.170000,20.170000,20.170000
10/30/2014,19.960000,19.960000,19.960000,19.960000
10/31/2014,19.680000,19.680000,19.680000,19.680000
11/03/2014,19.930000,19.930000,19.930000,19.930000
11/04/2014,20.210000,20.210000,20.210000,20.210000
11/05/2014,19.960000,19.960000,19.960000,19.960000
11/06/2014,19.780000,19.780000,19.780000,19.780000
11/07/2014,19.580000,19.580000,19.580000,19.580000
11/10/2014,19.220000,19.220000,19.220000,19.220000
11/11/2014,19.240000,19.240000,19.240000,19.240000
11/12/2014,19.280000,19.280000,19.280000,19.280000
11/13/2014,19.570000,19.570000,19.570000,19.570000
11/14/2014,19.360000,19.360000,19.360000,19.360000
11/17/2014,19.430000,19.430000,19.430000,19.430000
11/18/2014,19.290000,19.290000,19.290000,19.290000
11/19/2014,19.490000,19.490000,19.490000,19.490000
11/20/2014,19.510000,19.510000,19.510000,19.510000
11/21/2014,19.450000,19.450000,19.450000,19.450000
11/24/2014,19.260000,19.260000,19.260000,19.260000
11/25/2014,19.370000,19.370000,19.370000,19.370000
11/26/2014,19.380000,19.380000,19.380000,19.380000
11/28/2014,19.430000,19.430000,19.430000,19.430000
12/01/2014,19.860000,19.860000,19.860000,19.860000
12/02/2014,19.420000,19.420000,19.420000,19.420000
12/03/2014,19.130000,19.130000,19.130000,19.130000
12/04/2014,19.230000,19.230000,19.230000,19.230000
12/05/2014,19.250000,19.250000,19.250000,19.250000
12/08/2014,19.920000,19.920000,19.920000,19.920000
12/09/2014,20.060000,20.060000,20.060000,20.060000
12/10/2014,21.170000,21.170000,21.170000,21.170000
12/11/2014,21.990000,21.990000,21.990000,21.990000
12/12/2014,22.860000,22.860000,22.860000,22.860000
12/15/2014,22.660000,22.660000,22.660000,22.660000
12/16/2014,23.780000,23.780000,23.780000,23.780000
12/17/2014,21.960000,21.960000,21.960000,21.960000
12/18/2014,22.610000,22.610000,22.610000,22.610000
12/19/2014,21.020000,21.020000,21.020000,21.020000
12/22/2014,20.760000,20.760000,20.760000,20.760000
12/23/2014,20.850000,20.850000,20.850000,20.850000
12/24/2014,20.640000,20.640000,20.640000,20.640000
12/26/2014,20.380000,20.380000,20.380000,20.380000
12/29/2014,20.330000,20.330000,20.330000,20.330000
12/30/2014,20.560000,20.560000,20.560000,20.560000
12/31/2014,21.340000,21.340000,21.340000,21.340000
01/02/2015,21.220000,21.220000,21.220000,21.220000
01/05/2015,21.980000,21.980000,21.980000,21.980000
01/06/2015,22.370000,22.370000,22.370000,22.370000
01/07/2015,21.820000,21.820000,21.820000,21.820000
01/08/2015,20.930000,20.930000,20.930000,20.930000
01/09/2015,21.550000,21.550000,21.550000,21.550000
01/12/2015,21.930000,21.930000,21.930000,21.930000
01/13/2015,22.160000,22.160000,22.160000,22.160000
01/14/2015,22.510000,22.510000,22.510000,22.510000
01/15/2015,22.350000,22.350000,22.350000,22.350000
01/16/2015,22.080000,22.080000,22.080000,22.080000
01/20/2015,21.570000,21.570000,21.570000,21.570000
01/21/2015,21.350000,21.350000,21.350000,21.350000
01/22/2015,20.680000,20.680000,20.680000,20.680000
01/23/2015,20.760000,20.760000,20.760000,20.760000
01/26/2015,20.390000,20.390000,20.390000,20.390000
01/27/2015,21.020000,21.020000,21.020000,21.020000
01/28/2015,22.110000,22.110000,22.110000,22.110000
01/29/2015,21.360000,21.360000,21.360000,21.360000
01/30/2015,22.340000,22.340000,22.340000,22.340000
02/02/2015,22.060000,22.060000,22.060000,22.060000
02/03/2015,21.330000,21.330000,21.330000,21.330000
02/04/2015,21.850000,21.850000,21.850000,21.850000
02/05/2015,21.420000,21.420000,21.420000,21.420000
02/06/2015,21.860000,21.860000,21.860000,21.860000
02/09/2015,22.310000,22.310000,22.310000,22.310000
02/10/2015,21.780000,21.780000,21.780000,21.780000
02/11/2015,21.680000,21.680000,21.680000,21.680000
02/12/2015,20.980000,20.980000,20.980000,20.980000
02/13/2015,20.730000,20.730000,20.730000,20.730000
02/17/2015,20.760000,20.760000,20.760000,20.760000
02/18/2015,20.780000,20.780000,20.780000,20.780000
02/19/2015,20.960000,20.960000,20.960000,20.960000
02/20/2015,20.680000,20.680000,20.680000,20.680000
02/23/2015,20.530000,20.530000,20.530000,20.530000
02/24/2015,20.190000,20.190000,20.190000,20.190000
02/25/2015,20.130000,20.130000,20.130000,20.130000
02/26/2015,19.920000,19.920000,19.920000,19.920000
02/27/2015,20.060000,20.060000,20.060000,20.060000
03/02/2015,19.710000,19.710000,19.710000,19.710000
03/03/2015,20.140000,20.140000,20.140000,20.140000
03/04/2015,20.040000,20.040000,20.040000,20.040000
03/05/2015,20.020000,20.020000,20.020000,20.020000
03/06/2015,20.250000,20.250000,20.250000,20.250000
03/09/2015,20.070000,20.070000,20.070000,20.070000
03/10/2015,20.700000,20.700000,20.700000,20.700000
03/11/2015,20.770000,20.770000,20.770000,20.770000
03/12/2015,20.280000,20.280000,20.280000,20.280000
03/13/2015,20.440000,20.440000,20.440000,20.440000
03/16/2015,19.980000,19.980000,19.980000,19.980000
03/17/2015,20.140000,20.140000,20.140000,20.140000
03/18/2015,19.780000,19.780000,19.780000,19.780000
03/19/2015,20.150000,20.150000,20.150000,20.150000
03/20/2015,20.030000,20.030000,20.030000,20.030000
03/23/2015,19.430000,19.430000,19.430000,19.430000
03/24/2015,19.640000,19.640000,19.640000,19.640000
03/25/2015,20.150000,20.150000,20.150000,20.150000
03/26/2015,20.150000,20.150000,20.150000,20.150000
03/27/2015,20.080000,20.080000,20.080000,20.080000
03/30/2015,19.820000,19.820000,19.820000,19.820000
03/31/2015,20.380000,20.380000,20.380000,20.380000
04/01/2015,20.500000,20.500000,20.500000,20.500000
04/02/2015,20.420000,20.420000,20.420000,20.420000
04/06/2015,20.210000,20.210000,20.210000,20.210000
04/07/2015,20.290000,20.290000,20.290000,20.290000
04/08/2015,20.050000,20.050000,20.050000,20.050000
04/09/2015,19.760000,19.760000,19.760000,19.760000
04/10/2015,19.480000,19.480000,19.480000,19.480000
04/13/2015,19.810000,19.810000,19.810000,19.810000
04/14/2015,19.770000,19.770000,19.770000,19.770000
04/15/2015,19.570000,19.570000,19.570000,19.570000
04/16/2015,19.480000,19.480000,19.480000,19.480000
04/17/2015,20.010000,20.010000,20.010000,20.010000
04/20/2015,19.860000,19.860000,19.860000,19.860000
04/21/2015,19.810000,19.810000,19.810000,19.810000
04/22/2015,19.660000,19.660000,19.660000,19.660000
04/23/2015,19.600000,19.600000,19.600000,19.600000
04/24/2015,19.690000,19.690000,19.690000,19.690000
04/27/2015,19.910000,19.910000,19.910000,19.910000
04/28/2015,19.650000,19.650000,19.650000,19.650000
04/29/2015,19.940000,19.940000,19.940000,19.940000
04/30/2015,20.270000,20.270000,20.270000,20.270000
05/01/2015,19.700000,19.700000,19.700000,19.700000
05/04/2015,19.730000,19.730000,19.730000,19.730000
05/05/2015,20.080000,20.080000,20.080000,20.080000
05/06/2015,20.480000,20.480000,20.480000,20.480000
05/07/2015,20.270000,20.270000,20.270000,20.270000
05/08/2015,19.650000,19.650000,19.650000,19.650000
05/11/2015,19.980000,19.980000,19.980000,19.980000
05/12/2015,19.910000,19.910000,19.910000,19.910000
05/13/2015,19.870000,19.870000,19.870000,19.870000
05/14/2015,19.690000,19.690000,19.690000,19.690000
05/15/2015,19.570000,19.570000,19.570000,19.570000
05/18/2015,19.410000,19.410000,19.410000,19.410000
05/19/2015,19.200000,19.200000,19.200000,19.200000
05/20/2015,18.900000,18.900000,18.900000,18.900000
05/21/2015,18.650000,18.650000,18.650000,18.650000
05/22/2015,18.880000,18.880000,18.880000,18.880000
05/26/2015,19.350000,19.350000,19.350000,19.350000
05/27/2015,19.030000,19.030000,19.030000,19.030000
05/28/2015,19.080000,19.080000,19.080000,19.080000
05/29/2015,19.340000,19.340000,19.340000,19.340000
06/01/2015,19.350000,19.350000,19.350000,19.350000
06/02/2015,19.380000,19.380000,19.380000,19.380000
06/03/2015,19.290000,19.290000,19.290000,19.290000
06/04/2015,19.700000,19.700000,19.700000,19.700000
06/05/2015,19.650000,19.650000,19.650000,19.650000
06/08/2015,19.810000,19.810000,19.810000,19.810000
06/09/2015,19.650000,19.650000,19.650000,19.650000
06/10/2015,19.060000,19.060000,19.060000,19.060000
06/11/2015,18.920000,18.920000,18.920000,18.920000
06/12/2015,19.160000,19.160000,19.160000,19.160000
06/15/2015,19.600000,19.600000,19.600000,19.600000
06/16/2015,19.650000,19.650000,19.650000,19.650000
06/17/2015,19.580000,19.580000,19.580000,19.580000
06/18/2015,19.270000,19.270000,19.270000,19.270000
06/19/2015,19.620000,19.620000,19.620000,19.620000
06/22/2015,19.030000,19.030000,19.030000,19.030000
06/23/2015,18.800000,18.800000,18.800000,18.800000
06/24/2015,19.010000,19.010000,19.010000,19.010000
06/25/2015,18.870000,18.870000,18.870000,18.870000
06/26/2015,18.880000,18.880000,18.880000,18.880000
06/29/2015,20.280000,20.280000,20.280000,20.280000
06/30/2015,20.020000,20.020000,20.020000,20.020000
07/01/2015,19.400000,19.400000,19.400000,19.400000
07/02/2015,19.680000,19.680000,19.680000,19.680000
07/06/2015,19.890000,19.890000,19.890000,19.890000
07/07/2015,19.310000,19.310000,19.310000,19.310000
07/08/2015,20.350000,20.350000,20.350000,20.350000
07/09/2015,20.660000,20.660000,20.660000,20.660000
07/10/2015,19.580000,19.580000,19.580000,19.580000
07/13/2015,18.660000,18.660000,18.660000,18.660000
07/14/2015,18.660000,18.660000,18.660000,18.660000
07/15/2015,18.830000,18.830000,18.830000,18.830000
07/16/2015,18.380000,18.380000,18.380000,18.380000
07/17/2015,18.370000,18.370000,18.370000,18.370000
07/20/2015,18.350000,18.350000,18.350000,18.350000
07/21/2015,18.430000,18.430000,18.430000,18.430000
07/22/2015,18.420000,18.420000,18.420000,18.420000
07/23/2015,18.660000,18.660000,18.660000,18.660000
07/24/2015,18.870000,18.870000,18.870000,18.870000
07/27/2015,19.390000,19.390000,19.390000,19.390000
07/28/2015,18.760000,18.760000,18.760000,18.760000
07/29/2015,18.370000,18.370000,18.370000,18.370000
07/30/2015,18.230000,18.230000,18.230000,18.230000
07/31/2015,18.260000,18.260000,18.260000,18.260000
08/03/2015,18.220000,18.220000,18.220000,18.220000
08/04/2015,18.370000,18.370000,18.370000,18.370000
08/05/2015,18.210000,18.210000,18.210000,18.210000
08/06/2015,18.500000,18.500000,18.500000,18.500000
08/07/2015,18.380000,18.380000,18.380000,18.380000
08/10/2015,18.340000,18.340000,18.340000,18.340000
08/11/2015,18.690000,18.690000,18.690000,18.690000
08/12/2015,18.630000,18.630000,18.630000,18.630000
08/13/2015,18.700000,18.700000,18.700000,18.700000
08/14/2015,18.610000,18.610000,18.610000,18.610000
08/17/2015,18.490000,18.490000,18.490000,18.490000
08/18/2015,18.700000,18.700000,18.700000,18.700000
08/19/2015,18.990000,18.990000,18.990000,18.990000
08/20/2015,19.890000,19.890000,19.890000,19.890000
08/21/2015,21.680000,21.680000,21.680000,21.680000
08/24/2015,24.770000,24.770000,24.770000,24.770000
08/25/2015,25.260000,25.260000,25.260000,25.260000
08/26/2015,23.600000,23.600000,23.600000,23.600000
08/27/2015,22.920000,22.920000,22.920000,22.920000
08/28/2015,23.580000,23.580000,23.580000,23.580000
08/31/2015,24.780000,24.780000,24.780000,24.780000
09/01/2015,25.980000,25.980000,25.980000,25.980000
09/02/2015,24.740000,24.740000,24.740000,24.740000
09/03/2015,24.950000,24.950000,24.950000,24.950000
09/04/2015,26.070000,26.070000,26.070000,26.070000
09/08/2015,24.790000,24.790000,24.790000,24.790000
09/09/2015,25.400000,25.400000,25.400000,25.400000
09/10/2015,25.080000,25.080000,25.080000,25.080000
09/11/2015,24.940000,24.940000,24.940000,24.940000
09/14/2015,24.720000,24.720000,24.720000,24.720000
09/15/2015,23.760000,23.760000,23.760000,23.760000
09/16/2015,23.030000,23.030000,23.030000,23.030000
09/17/2015,23.080000,23.080000,23.080000,23.080000
09/18/2015,23.720000,23.720000,23.720000,23.720000
09/21/2015,22.490000,22.490000,22.490000,22.490000
09/22/2015,23.370000,23.370000,23.370000,23.370000
09/23/2015,23.130000,23.130000,23.130000,23.130000
09/24/2015,23.360000,23.360000,23.360000,23.360000
09/25/2015,23.670000,23.670000,23.670000,23.670000
09/28/2015,24.960000,24.960000,24.960000,24.960000
09/29/2015,24.720000,24.720000,24.720000,24.720000
09/30/2015,24.280000,24.280000,24.280000,24.280000
10/01/2015,23.820000,23.820000,23.820000,23.820000
10/02/2015,23.330000,23.330000,23.330000,23.330000
10/05/2015,22.770000,22.770000,22.770000,22.770000
10/06/2015,22.890000,22.890000,22.890000,22.890000
10/07/2015,22.460000,22.460000,22.460000,22.460000
10/08/2015,22.210000,22.210000,22.210000,22.210000
10/09/2015,22.030000,22.030000,22.030000,22.030000
10/12/2015,21.600000,21.600000,21.600000,21.600000
10/13/2015,21.870000,21.870000,21.870000,21.870000
10/14/2015,22.530000,22.530000,22.530000,22.530000
10/15/2015,21.650000,21.650000,21.650000,21.650000
10/16/2015,21.500000,21.500000,21.500000,21.500000
10/19/2015,21.190000,21.190000,21.190000,21.190000
10/20/2015,21.590000,21.590000,21.590000,21.590000
10/21/2015,22.160000,22.160000,22.160000,22.160000
10/22/2015,20.900000,20.900000,20.900000,20.900000
10/23/2015,21.120000,21.120000,21.120000,21.120000
10/26/2015,21.180000,21.180000,21.180000,21.180000
10/27/2015,21.230000,21.230000,21.230000,21.230000
10/28/2015,20.850000,20.850000,20.850000,20.850000
10/29/2015,21.010000,21.010000,21.010000,21.010000
10/30/2015,21.190000,21.190000,21.190000,21.190000
11/02/2015,20.660000,20.660000,20.660000,20.660000
11/03/2015,20.680000,20.680000,20.680000,20.680000
11/04/2015,21.180000,21.180000,21.180000,21.180000
11/05/2015,21.140000,21.140000,21.140000,21.140000
11/06/2015,20.920000,20.920000,20.920000,20.920000
11/09/2015,21.350000,21.350000,21.350000,21.350000
11/10/2015,21.120000,21.120000,21.120000,21.120000
11/11/2015,21.380000,21.380000,21.380000,21.380000
11/12/2015,22.170000,22.170000,22.170000,22.170000
11/13/2015,22.840000,22.840000,22.840000,22.840000
11/16/2015,22.100000,22.100000,22.100000,22.100000
11/17/2015,22.130000,22.130000,22.130000,22.130000
11/18/2015,21.610000,21.610000,21.610000,21.610000
11/19/2015,21.890000,21.890000,21.890000,21.890000
11/20/2015,21.620000,21.620000,21.620000,21.620000
11/23/2015,21.870000,21.870000,21.870000,21.870000
11/24/2015,22.090000,22.090000,22.090000,22.090000
11/25/2015,21.710000,21.710000,21.710000,21.710000
11/27/2015,22.000000,22.000000,22.000000,22.000000
11/30/2015,21.860000,21.860000,21.860000,21.860000
12/01/2015,21.650000,21.650000,21.650000,21.650000
12/02/2015,22.000000,22.000000,22.000000,22.000000
12/03/2015,22.570000,22.570000,22.570000,22.570000
12/04/2015,21.460000,21.460000,21.460000,21.460000
12/07/2015,21.860000,21.860000,21.860000,21.860000
12/08/2015,22.500000,22.500000,22.500000,22.500000
12/09/2015,22.880000,22.880000,22.880000,22.880000
12/10/2015,22.930000,22.930000,22.930000,22.930000
12/11/2015,24.570000,24.570000,24.570000,24.570000
12/14/2015,24.020000,24.020000,24.020000,24.020000
12/15/2015,23.240000,23.240000,23.240000,23.240000
12/16/2015,22.460000,22.460000,22.460000,22.460000
12/17/2015,23.250000,23.250000,23.250000,23.250000
12/18/2015,23.660000,23.660000,23.660000,23.660000
12/21/2015,22.710000,22.710000,22.710000,22.710000
12/22/2015,22.090000,22.090000,22.090000,22.090000
12/23/2015,21.820000,21.820000,21.820000,21.820000
12/24/2015,21.710000,21.710000,21.710000,21.710000
12/28/2015,22.100000,22.100000,22.100000,22.100000
12/29/2015,21.410000,21.410000,21.410000,21.410000
12/30/2015,21.860000,21.860000,21.860000,21.860000
12/31/2015,22.210000,22.210000,22.210000,22.210000
01/04/2016,23.180000,23.180000,23.180000,23.180000
01/05/2016,22.760000,22.760000,22.760000,22.760000
01/06/2016,23.360000,23.360000,23.360000,23.360000
01/07/2016,24.720000,24.720000,24.720000,24.720000
01/08/2016,25.380000,25.380000,25.380000,25.380000
01/11/2016,24.790000,24.790000,24.790000,24.790000
01/12/2016,24.150000,24.150000,24.150000,24.150000
01/13/2016,25.320000,25.320000,25.320000,25.320000
01/14/2016,24.580000,24.580000,24.580000,24.580000
01/15/2016,25.820000,25.820000,25.820000,25.820000
01/19/2016,25.690000,25.690000,25.690000,25.690000
01/20/2016,26.410000,26.410000,26.410000,26.410000
01/21/2016,26.320000,26.320000,26.320000,26.320000
01/22/2016,25.050000,25.050000,25.050000,25.050000
01/25/2016,25.530000,25.530000,25.530000,25.530000
01/26/2016,24.890000,24.890000,24.890000,24.890000
01/27/2016,25.180000,25.180000,25.180000,25.180000
01/28/2016,24.900000,24.900000,24.900000,24.900000
01/29/2016,24.010000,24.010000,24.010000,24.010000
02/01/2016,23.920000,23.920000,23.920000,23.920000
02/02/2016,24.590000,24.590000,24.590000,24.590000
02/03/2016,24.620000,24.620000,24.620000,24.620000
02/04/2016,24.740000,24.740000,24.740000,24.740000
02/05/2016,25.590000,25.590000,25.590000,25.590000
02/08/2016,26.510000,26.510000,26.510000,26.510000
02/09/2016,26.680000,26.680000,26.680000,26.680000
02/10/2016,26.720000,26.720000,26.720000,26.720000
02/11/2016,27.750000,27.750000,27.750000,27.750000
02/12/2016,27.710000,27.710000,27.710000,27.710000
02/16/2016,26.760000,26.760000,26.760000,26.760000
02/17/2016,25.330000,25.330000,25.330000,25.330000
02/18/2016,25.220000,25.220000,25.220000,25.220000
02/19/2016,24.930000,24.930000,24.930000,24.930000
02/22/2016,24.350000,24.350000,24.350000,24.350000
02/23/2016,24.910000,24.910000,24.910000,24.910000
02/24/2016,24.580000,24.580000,24.580000,24.580000
02/25/2016,24.030000,24.030000,24.030000,24.030000
02/26/2016,24.310000,24.310000,24.310000,24.310000
02/29/2016,24.590000,24.590000,24.590000,24.590000
03/01/2016,23.600000,23.600000,23.600000,23.600000
03/02/2016,23.020000,23.020000,23.020000,23.020000
03/03/2016,22.640000,22.640000,22.640000,22.640000
03/04/2016,22.680000,22.680000,22.680000,22.680000
03/07/2016,22.690000,22.690000,22.690000,22.690000
03/08/2016,23.320000,23.320000,23.320000,23.320000
03/09/2016,23.360000,23.360000,23.360000,23.360000
03/10/2016,23.330000,23.330000,23.330000,23.330000
03/11/2016,22.740000,22.740000,22.740000,22.740000
03/14/2016,22.610000,22.610000,22.610000,22.610000
03/15/2016,22.660000,22.660000,22.660000,22.660000
03/16/2016,22.060000,22.060000,22.060000,22.060000
03/17/2016,21.760000,21.760000,21.760000,21.760000
03/18/2016,21.880000,21.880000,21.880000,21.880000
03/21/2016,20.930000,20.930000,20.930000,20.930000
03/22/2016,20.960000,20.960000,20.960000,20.960000
03/23/2016,21.070000,21.070000,21.070000,21.070000
03/24/2016,21.660000,21.660000,21.660000,21.660000
03/28/2016,21.250000,21.250000,21.250000,21.250000
03/29/2016,20.630000,20.630000,20.630000,20.630000
03/30/2016,20.790000,20.790000,20.790000,20.790000
03/31/2016,20.740000,20.740000,20.740000,20.740000
04/01/2016,20.280000,20.280000,20.280000,20.280000
04/04/2016,20.580000,20.580000,20.580000,20.580000
04/05/2016,21.320000,21.320000,21.320000,21.320000
04/06/2016,20.740000,20.740000,20.740000,20.740000
04/07/2016,21.820000,21.820000,21.820000,21.820000
04/08/2016,21.360000,21.360000,21.360000,21.360000
04/11/2016,21.660000,21.660000,21.660000,21.660000
04/12/2016,21.270000,21.270000,21.270000,21.270000
04/13/2016,20.820000,20.820000,20.820000,20.820000
04/14/2016,20.840000,20.840000,20.840000,20.840000
04/15/2016,20.770000,20.770000,20.770000,20.770000
04/18/2016,20.240000,20.240000,20.240000,20.240000
04/19/2016,20.380000,20.380000,20.380000,20.380000
04/20/2016,20.590000,20.590000,20.590000,20.590000
04/21/2016,20.940000,20.940000,20.940000,20.940000
04/22/2016,20.770000,20.770000,20.770000,20.770000
04/25/2016,21.000000,21.000000,21.000000,21.000000
04/26/2016,20.860000,20.860000,20.860000,20.860000
04/27/2016,20.720000,20.720000,20.720000,20.720000
04/28/2016,21.230000,21.230000,21.230000,21.230000
04/29/2016,21.650000,21.650000,21.650000,21.650000
05/02/2016,21.290000,21.290000,21.290000,21.290000
05/03/2016,21.760000,21.760000,21.760000,21.760000
05/04/2016,22.190000,22.190000,22.190000,22.190000
05/05/2016,22.230000,22.230000,22.230000,22.230000
05/06/2016,21.940000,21.940000,21.940000,21.940000
05/09/2016,21.870000,21.870000,21.870000,21.870000
05/10/2016,21.230000,21.230000,21.230000,21.230000
05/11/2016,21.740000,21.740000,21.740000,21.740000
05/12/2016,21.480000,21.480000,21.480000,21.480000
05/13/2016,21.820000,21.820000,21.820000,21.820000
05/16/2016,21.420000,21.420000,21.420000,21.420000
05/17/2016,21.710000,21.710000,21.710000,21.710000
05/18/2016,21.820000,21.820000,21.820000,21.820000
05/19/2016,22.030000,22.030000,22.030000,22.030000
05/20/2016,21.830000,21.830000,21.830000,21.830000
05/23/2016,21.820000,21.820000,21.820000,21.820000
05/24/2016,21.190000,21.190000,21.190000,21.190000
05/25/2016,20.930000,20.930000,20.930000,20.930000
05/26/2016,20.860000,20.860000,20.860000,20.860000
05/27/2016,20.670000,20.670000,20.670000,20.670000
05/31/2016,20.930000,20.930000,20.930000,20.930000
06/01/2016,20.870000,20.870000,20.870000,20.870000
06/02/2016,20.840000,20.840000,20.840000,20.840000
06/03/2016,20.660000,20.660000,20.660000,20.660000
06/06/2016,20.630000,20.630000,20.630000,20.630000
06/07/2016,20.890000,20.890000,20.890000,20.890000
06/08/2016,20.840000,20.840000,20.840000,20.840000
06/09/2016,21.300000,21.300000,21.300000,21.300000
06/10/2016,22.230000,22.230000,22.230000,22.230000
06/13/2016,23.820000,23.820000,23.820000,23.820000
06/14/2016,23.490000,23.490000,23.490000,23.490000
06/15/2016,23.110000,23.110000,23.110000,23.110000
06/16/2016,22.750000,22.750000,22.750000,22.750000
06/17/2016,22.810000,22.810000,22.810000,22.810000
06/20/2016,21.990000,21.990000,21.990000,21.990000
06/21/2016,21.860000,21.860000,21.860000,21.860000
06/22/2016,22.160000,22.160000,22.160000,22.160000
06/23/2016,20.880000,20.880000,20.880000,20.880000
06/24/2016,23.980000,23.980000,23.980000,23.980000
06/27/2016,24.280000,24.280000,24.280000,24.280000
06/28/2016,22.510000,22.510000,22.510000,22.510000
06/29/2016,21.920000,21.920000,21.920000,21.920000
06/30/2016,21.660000,21.660000,21.660000,21.660000
07/01/2016,21.630000,21.630000,21.630000,21.630000
07/05/2016,21.950000,21.950000,21.950000,21.950000
07/06/2016,22.050000,22.050000,22.050000,22.050000
07/07/2016,21.660000,21.660000,21.660000,21.660000
07/08/2016,21.080000,21.080000,21.080000,21.080000
07/11/2016,20.910000,20.910000,20.910000,20.910000
07/12/2016,20.540000,20.540000,20.540000,20.540000
07/13/2016,20.390000,20.390000,20.390000,20.390000
07/14/2016,20.390000,20.390000,20.390000,20.390000
07/15/2016,20.480000,20.480000,20.480000,20.480000
07/18/2016,20.480000,20.480000,20.480000,20.480000
07/19/2016,20.410000,20.410000,20.410000,20.410000
07/20/2016,20.380000,20.380000,20.380000,20.380000
07/21/2016,20.830000,20.830000,20.830000,20.830000
07/22/2016,20.540000,20.540000,20.540000,20.540000
07/25/2016,20.610000,20.610000,20.610000,20.610000
07/26/2016,20.600000,20.600000,20.600000,20.600000
07/27/2016,20.730000,20.730000,20.730000,20.730000
07/28/2016,20.740000,20.740000,20.740000,20.740000
07/29/2016,20.390000,20.390000,20.390000,20.390000
08/01/2016,20.500000,20.500000,20.500000,20.500000
08/02/2016,20.860000,20.860000,20.860000,20.860000
08/03/2016,20.690000,20.690000,20.690000,20.690000
08/04/2016,20.370000,20.370000,20.370000,20.370000
08/05/2016,20.020000,20.020000,20.020000,20.020000
08/08/2016,19.950000,19.950000,19.950000,19.950000
08/09/2016,19.830000,19.830000,19.830000,19.830000
08/10/2016,19.890000,19.890000,19.890000,19.890000
08/11/2016,19.910000,19.910000,19.910000,19.910000
08/12/2016,19.920000,19.920000,19.920000,19.920000
08/15/2016,20.020000,20.020000,20.020000,20.020000
08/16/2016,20.420000,20.420000,20.420000,20.420000
08/17/2016,20.230000,20.230000,20.230000,20.230000
08/18/2016,20.150000,20.150000,20.150000,20.150000
08/19/2016,20.170000,20.170000,20.170000,20.170000
08/22/2016,20.290000,20.290000,20.290000,20.290000
08/23/2016,20.250000,20.250000,20.250000,20.250000
08/24/2016,20.440000,20.440000,20.440000,20.440000
08/25/2016,20.440000,20.440000,20.440000,20.440000
08/26/2016,20.520000,20.520000,20.520000,20.520000
08/29/2016,20.330000,20.330000,20.330000,20.330000
08/30/2016,20.370000,20.370000,20.370000,20.370000
08/31/2016,20.560000,20.560000,20.560000,20.560000
09/01/2016,20.640000,20.640000,20.640000,20.640000
09/02/2016,20.440000,20.440000,20.440000,20.440000
09/06/2016,20.260000,20.260000,20.260000,20.260000
09/07/2016,20.230000,20.230000,20.230000,20.230000
09/08/2016,20.410000,20.410000,20.410000,20.410000
09/09/2016,21.820000,21.820000,21.820000,21.820000
09/12/2016,21.100000,21.100000,21.100000,21.100000
09/13/2016,21.740000,21.740000,21.740000,21.740000
09/14/2016,22.030000,22.030000,22.030000,22.030000
09/15/2016,21.490000,21.490000,21.490000,21.490000
09/16/2016,21.430000,21.430000,21.430000,21.430000
09/19/2016,20.880000,20.880000,20.880000,20.880000
09/20/2016,21.140000,21.140000,21.140000,21.140000
09/21/2016,20.380000,20.380000,20.380000,20.380000
09/22/2016,20.120000,20.120000,20.120000,20.120000
09/23/2016,20.110000,20.110000,20.110000,20.110000
09/26/2016,20.700000,20.700000,20.700000,20.700000
09/27/2016,20.240000,20.240000,20.240000,20.240000
09/28/2016,20.070000,20.070000,20.070000,20.070000
09/29/2016,20.480000,20.480000,20.480000,20.480000
09/30/2016,20.290000,20.290000,20.290000,20.290000
10/03/2016,20.120000,20.120000,20.120000,20.120000
10/04/2016,20.160000,20.160000,20.160000,20.160000
10/05/2016,20.070000,20.070000,20.070000,20.070000
10/06/2016,19.920000,19.920000,19.920000,19.920000
10/07/2016,20.120000,20.120000,20.120000,20.120000
10/10/2016,19.910000,19.910000,19.910000,19.910000
10/11/2016,20.420000,20.420000,20.420000,20.420000
10/12/2016,20.470000,20.470000,20.470000,20.470000
10/13/2016,20.700000,20.700000,20.700000,20.700000
10/14/2016,20.630000,20.630000,20.630000,20.630000
10/17/2016,20.700000,20.700000,20.700000,20.700000
10/18/2016,20.500000,20.500000,20.500000,20.500000
10/19/2016,20.210000,20.210000,20.210000,20.210000
10/20/2016,20.080000,20.080000,20.080000,20.080000
10/21/2016,20.010000,20.010000,20.010000,20.010000
10/24/2016,19.770000,19.770000,19.770000,19.770000
10/25/2016,19.920000,19.920000,19.920000,19.920000
10/26/2016,20.100000,20.100000,20.100000,20.100000
10/27/2016,20.490000,20.490000,20.490000,20.490000
10/28/2016,20.570000,20.570000,20.570000,20.570000
10/31/2016,20.680000,20.680000,20.680000,20.680000
11/01/2016,21.150000,21.150000,21.150000,21.150000
11/02/2016,21.220000,21.220000,21.220000,21.220000
11/03/2016,21.700000,21.700000,21.700000,21.700000
11/04/2016,22.080000,22.080000,22.080000,22.080000
11/07/2016,20.590000,20.590000,20.590000,20.590000
11/08/2016,20.450000,20.450000,20.450000,20.450000
11/09/2016,19.600000,19.600000,19.600000,19.600000
11/10/2016,20.070000,20.070000,20.070000,20.070000
11/11/2016,20.010000,20.010000,20.010000,20.010000
11/14/2016,20.240000,20.240000,20.240000,20.240000
11/15/2016,19.780000,19.780000,19.780000,19.780000
11/16/2016,19.900000,19.900000,19.900000,19.900000
11/17/2016,19.810000,19.810000,19.810000,19.810000
11/18/2016,19.920000,19.920000,19.920000,19.920000
11/21/2016,19.700000,19.700000,19.700000,19.700000
11/22/2016,19.660000,19.660000,19.660000,19.660000
11/23/2016,19.680000,19.680000,19.680000,19.680000
11/25/2016,19.520000,19.520000,19.520000,19.520000
11/28/2016,19.950000,19.950000,19.950000,19.950000
11/29/2016,19.960000,19.960000,19.960000,19.960000
11/30/2016,19.910000,19.910000,19.910000,19.910000
12/01/2016,20.230000,20.230000,20.230000,20.230000
12/02/2016,20.260000,20.260000,20.260000,20.260000
12/05/2016,19.780000,19.780000,19.780000,19.780000
12/06/2016,19.690000,19.690000,19.690000,19.690000
12/07/2016,19.570000,19.570000,19.570000,19.570000
12/08/2016,19.730000,19.730000,19.730000,19.730000
12/09/2016,19.530000,19.530000,19.530000,19.530000
12/12/2016,19.730000,19.730000,19.730000,19.730000
12/13/2016,19.640000,19.640000,19.640000,19.640000
12/14/2016,19.670000,19.670000,19.670000,19.670000
12/15/2016,19.740000,19.740000,19.740000,19.740000
12/16/2016,19.720000,19.720000,19.720000,19.720000
12/19/2016,19.610000,19.610000,19.610000,19.610000
12/20/2016,19.590000,19.590000,19.590000,19.590000
12/21/2016,19.650000,19.650000,19.650000,19.650000
12/22/2016,19.740000,19.740000,19.740000,19.740000
12/23/2016,19.730000,19.730000,19.730000,19.730000
12/27/2016,19.670000,19.670000,19.670000,19.670000
12/28/2016,19.890000,19.890000,19.890000,19.890000
12/29/2016,19.990000,19.990000,19.990000,19.990000
12/30/2016,20.360000,20.360000,20.360000,20.360000
01/03/2017,19.740000,19.740000,19.740000,19.740000
01/04/2017,19.320000,19.320000,19.320000,19.320000
01/05/2017,19.150000,19.150000,19.150000,19.150000
01/06/2017,18.940000,18.940000,18.940000,18.940000
01/09/2017,19.020000,19.020000,19.020000,19.020000
01/10/2017,19.130000,19.130000,19.130000,19.130000
01/11/2017,19.190000,19.190000,19.190000,19.190000
01/12/2017,19.320000,19.320000,19.320000,19.320000
01/13/2017,19.400000,19.400000,19.400000,19.400000
01/17/2017,19.570000,19.570000,19.570000,19.570000
01/18/2017,19.400000,19.400000,19.400000,19.400000
01/19/2017,19.460000,19.460000,19.460000,19.460000
01/20/2017,19.210000,19.210000,19.210000,19.210000
01/23/2017,19.080000,19.080000,19.080000,19.080000
01/24/2017,18.200000,18.200000,18.200000,18.200000
01/25/2017,18.280000,18.280000,18.280000,18.280000
01/26/2017,18.440000,18.440000,18.440000,18.440000
01/27/2017,18.650000,18.650000,18.650000,18.650000
01/30/2017,18.950000,18.950000,18.950000,18.950000
01/31/2017,18.880000,18.880000,18.880000,18.880000
02/01/2017,18.720000,18.720000,18.720000,18.720000
02/02/2017,18.570000,18.570000,18.570000,18.570000
02/03/2017,18.440000,18.440000,18.440000,18.440000
02/06/2017,18.420000,18.420000,18.420000,18.420000
02/07/2017,18.430000,18.430000,18.430000,18.430000
02/08/2017,18.520000,18.520000,18.520000,18.520000
02/09/2017,18.310000,18.310000,18.310000,18.310000
02/10/2017,18.160000,18.160000,18.160000,18.160000
02/13/2017,17.920000,17.920000,17.920000,17.920000
02/14/2017,17.630000,17.630000,17.630000,17.630000
02/15/2017,17.800000,17.800000,17.800000,17.800000
02/16/2017,17.750000,17.750000,17.750000,17.750000
02/17/2017,17.870000,17.870000,17.870000,17.870000
02/21/2017,17.950000,17.950000,17.950000,17.950000
02/22/2017,18.050000,18.050000,18.050000,18.050000
02/23/2017,18.150000,18.150000,18.150000,18.150000
02/24/2017,18.160000,18.160000,18.160000,18.160000
02/27/2017,18.190000,18.190000,18.190000,18.190000
02/28/2017,18.480000,18.480000,18.480000,18.480000
03/01/2017,18.330000,18.330000,18.330000,18.330000
03/02/2017,18.240000,18.240000,18.240000,18.240000
03/03/2017,18.030000,18.030000,18.030000,18.030000
03/06/2017,18.090000,18.090000,18.090000,18.090000
03/07/2017,18.160000,18.160000,18.160000,18.160000
03/08/2017,18.150000,18.150000,18.150000,18.150000
03/09/2017,18.260000,18.260000,18.260000,18.260000
03/10/2017,18.030000,18.030000,18.030000,18.030000
03/13/2017,18.050000,18.050000,18.050000,18.050000
03/14/2017,18.110000,18.110000,18.110000,18.110000
03/15/2017,17.950000,17.950000,17.950000,17.950000
03/16/2017,17.780000,17.780000,17.780000,17.780000
03/17/2017,17.830000,17.830000,17.830000,17.830000
03/20/2017,17.310000,17.310000,17.310000,17.310000
03/21/2017,17.770000,17.770000,17.770000,17.770000
03/22/2017,17.740000,17.740000,17.740000,17.740000
03/23/2017,17.860000,17.860000,17.860000,17.860000
03/24/2017,17.660000,17.660000,17.660000,17.660000
03/27/2017,17.510000,17.510000,17.510000,17.510000
03/28/2017,17.150000,17.150000,17.150000,17.150000
03/29/2017,16.960000,16.960000,16.960000,16.960000
03/30/2017,16.870000,16.870000,16.870000,16.870000
03/31/2017,16.950000,16.950000,16.950000,16.950000
04/03/2017,16.900000,16.900000,16.900000,16.900000
04/04/2017,16.750000,16.750000,16.750000,16.750000
04/05/2017,17.010000,17.010000,17.010000,17.010000
04/06/2017,16.790000,16.790000,16.790000,16.790000
04/07/2017,17.030000,17.030000,17.030000,17.030000
04/10/2017,17.250000,17.250000,17.250000,17.250000
04/11/2017,17.440000,17.440000,17.440000,17.440000
04/12/2017,17.290000,17.290000,17.290000,17.290000
04/13/2017,17.710000,17.710000,17.710000,17.710000
04/17/2017,17.450000,17.450000,17.450000,17.450000
04/18/2017,17.500000,17.500000,17.500000,17.500000
04/19/2017,17.510000,17.510000,17.510000,17.510000
04/20/2017,17.200000,17.200000,17.200000,17.200000
04/21/2017,17.280000,17.280000,17.280000,17.280000
04/24/2017,16.650000,16.650000,16.650000,16.650000
04/25/2017,16.550000,16.550000,16.550000,16.550000
04/26/2017,16.610000,16.610000,16.610000,16.610000
04/27/2017,16.600000,16.600000,16.600000,16.600000
04/28/2017,16.700000,16.700000,16.700000,16.700000
05/01/2017,16.350000,16.350000,16.350000,16.350000
05/02/2017,16.450000,16.450000,16.450000,16.450000
05/03/2017,16.620000,16.620000,16.620000,16.620000
05/04/2017,16.670000,16.670000,16.670000,16.670000
05/05/2017,16.450000,16.450000,16.450000,16.450000
05/08/2017,16.540000,16.540000,16.540000,16.540000
05/09/2017,16.770000,16.770000,16.770000,16.770000
05/10/2017,16.720000,16.720000,16.720000,16.720000
05/11/2017,16.880000,16.880000,16.880000,16.880000
05/12/2017,17.140000,17.140000,17.140000,17.140000
05/15/2017,16.950000,16.950000,16.950000,16.950000
05/16/2017,17.010000,17.010000,17.010000,17.010000
05/17/2017,18.270000,18.270000,18.270000,18.270000
05/18/2017,18.020000,18.020000,18.020000,18.020000
05/19/2017,17.550000,17.550000,17.550000,17.550000
05/22/2017,17.280000,17.280000,17.280000,17.280000
05/23/2017,17.130000,17.130000,17.130000,17.130000
05/24/2017,16.970000,16.970000,16.970000,16.970000
05/25/2017,16.870000,16.870000,16.870000,16.870000
05/26/2017,16.980000,16.980000,16.980000,16.980000
05/30/2017,17.140000,17.140000,17.140000,17.140000
05/31/2017,17.180000,17.180000,17.180000,17.180000
06/01/2017,17.120000,17.120000,17.120000,17.120000
06/02/2017,17.040000,17.040000,17.040000,17.040000
06/05/2017,17.150000,17.150000,17.150000,17.150000
06/06/2017,17.380000,17.380000,17.380000,17.380000
06/07/2017,17.310000,17.310000,17.310000,17.310000
06/08/2017,17.070000,17.070000,17.070000,17.070000
06/09/2017,17.230000,17.230000,17.230000,17.230000
06/12/2017,17.300000,17.300000,17.300000,17.300000
06/13/2017,17.230000,17.230000,17.230000,17.230000
06/14/2017,17.250000,17.250000,17.250000,17.250000
06/15/2017,17.180000,17.180000,17.180000,17.180000
06/16/2017,17.300000,17.300000,17.300000,17.300000
06/19/2017,16.970000,16.970000,16.970000,16.970000
06/20/2017,17.010000,17.010000,17.010000,17.010000
06/21/2017,17.030000,17.030000,17.030000,17.030000
06/22/2017,16.870000,16.870000,16.870000,16.870000
06/23/2017,16.830000,16.830000,16.830000,16.830000
06/26/2017,16.760000,16.760000,16.760000,16.760000
06/27/2017,17.090000,17.090000,17.090000,17.090000
06/28/2017,16.820000,16.820000,16.820000,16.820000
06/29/2017,16.980000,16.980000,16.980000,16.980000
06/30/2017,17.120000,17.120000,17.120000,17.120000
07/03/2017,12.800000,13.430000,12.680000,13.310000
07/05/2017,17.020000,17.020000,17.020000,17.020000
07/06/2017,17.320000,17.320000,17.320000,17.320000
07/07/2017,17.090000,17.090000,17.090000,17.090000
07/10/2017,17.040000,17.040000,17.040000,17.040000
07/11/2017,16.890000,16.890000,16.890000,16.890000
07/12/2017,16.630000,16.630000,16.630000,16.630000
07/13/2017,16.470000,16.470000,16.470000,16.470000
07/14/2017,16.170000,16.170000,16.170000,16.170000
07/17/2017,16.170000,16.170000,16.170000,16.170000
07/18/2017,16.220000,16.220000,16.220000,16.220000
07/19/2017,16.070000,16.070000,16.070000,16.070000
07/20/2017,16.060000,16.060000,16.060000,16.060000
07/21/2017,16.000000,16.000000,16.000000,16.000000
07/24/2017,15.950000,15.950000,15.950000,15.950000
07/25/2017,15.830000,15.830000,15.830000,15.830000
07/26/2017,15.770000,15.770000,15.770000,15.770000
07/27/2017,15.760000,15.760000,15.760000,15.760000
07/28/2017,15.860000,15.860000,15.860000,15.860000
07/31/2017,15.800000,15.800000,15.800000,15.800000
08/01/2017,15.560000,15.560000,15.560000,15.560000
08/02/2017,15.690000,15.690000,15.690000,15.690000
08/03/2017,15.910000,15.910000,15.910000,15.910000
08/04/2017,16.010000,16.010000,16.010000,16.010000
08/07/2017,16.120000,16.120000,16.120000,16.120000
08/08/2017,16.330000,16.330000,16.330000,16.330000
08/09/2017,16.430000,16.430000,16.430000,16.430000
08/10/2017,17.690000,17.690000,17.690000,17.690000
08/11/2017,17.840000,17.840000,17.840000,17.840000
08/14/2017,16.690000,16.690000,16.690000,16.690000
08/15/2017,16.560000,16.560000,16.560000,16.560000
08/16/2017,16.470000,16.470000,16.470000,16.470000
08/17/2017,17.400000,17.400000,17.400000,17.400000
08/18/2017,17.250000,17.250000,17.250000,17.250000
08/21/2017,17.060000,17.060000,17.060000,17.060000
08/22/2017,16.530000,16.530000,16.530000,16.530000
08/23/2017,16.930000,16.930000,16.930000,16.930000
08/24/2017,17.020000,17.020000,17.020000,17.020000
08/25/2017,16.960000,16.960000,16.960000,16.960000
08/28/2017,16.990000,16.990000,16.990000,16.990000
08/29/2017,17.110000,17.110000,17.110000,17.110000
08/30/2017,17.140000,17.140000,17.140000,17.140000
08/31/2017,17.140000,17.140000,17.140000,17.140000
09/01/2017,17.010000,17.010000,17.010000,17.010000
09/05/2017,17.440000,17.440000,17.440000,17.440000
09/06/2017,17.440000,17.440000,17.440000,17.440000
09/07/2017,17.400000,17.400000,17.400000,17.400000
09/08/2017,17.800000,17.800000,17.800000,17.800000
09/11/2017,17.370000,17.370000,17.370000,17.370000
09/12/2017,17.250000,17.250000,17.250000,17.250000
09/13/2017,17.090000,17.090000,17.090000,17.090000
09/14/2017,17.130000,17.130000,17.130000,17.130000
09/15/2017,17.130000,17.130000,17.130000,17.130000
09/18/2017,16.690000,16.690000,16.690000,16.690000
09/19/2017,16.760000,16.760000,16.760000,16.760000
09/20/2017,16.580000,16.580000,16.580000,16.580000
09/21/2017,16.710000,16.710000,16.710000,16.710000
09/22/2017,17.230000,17.230000,17.230000,17.230000
09/25/2017,16.960000,16.960000,16.960000,16.960000
09/26/2017,16.980000,16.980000,16.980000,16.980000
09/27/2017,16.920000,16.920000,16.920000,16.920000
09/28/2017,16.840000,16.840000,16.840000,16.840000
09/29/2017,16.640000,16.640000,16.640000,16.640000
10/02/2017,16.450000,16.450000,16.450000,16.450000
10/03/2017,16.400000,16.400000,16.400000,16.400000
10/04/2017,16.280000,16.280000,16.280000,16.280000
10/05/2017,16.340000,16.340000,16.340000,16.340000
10/06/2017,16.490000,16.490000,16.490000,16.490000
10/09/2017,16.680000,16.680000,16.680000,16.680000
10/10/2017,16.680000,16.680000,16.680000,16.680000
10/11/2017,16.640000,16.640000,16.640000,16.640000
10/12/2017,16.710000,16.710000,16.710000,16.710000
10/13/2017,16.630000,16.630000,16.630000,16.630000
10/16/2017,16.520000,16.520000,16.520000,16.520000
10/17/2017,16.510000,16.510000,16.510000,16.510000
10/18/2017,16.640000,16.640000,16.640000,16.640000
10/19/2017,16.550000,16.550000,16.550000,16.550000
10/20/2017,16.400000,16.400000,16.400000,16.400000
10/23/2017,16.750000,16.750000,16.750000,16.750000
10/24/2017,16.600000,16.600000,16.600000,16.600000
10/25/2017,16.800000,16.800000,16.800000,16.800000
10/26/2017,16.640000,16.640000,16.640000,16.640000
10/27/2017,16.500000,16.500000,16.500000,16.500000
10/30/2017,16.520000,16.520000,16.520000,16.520000
10/31/2017,16.410000,16.410000,16.410000,16.410000
11/01/2017,16.540000,16.540000,16.540000,16.540000
11/02/2017,16.720000,16.720000,16.720000,16.720000
11/03/2017,16.730000,16.730000,16.730000,16.730000
11/06/2017,16.630000,16.630000,16.630000,16.630000
11/07/2017,16.860000,16.860000,16.860000,16.860000
11/08/2017,16.870000,16.870000,16.870000,16.870000
11/09/2017,17.060000,17.060000,17.060000,17.060000
11/10/2017,17.440000,17.440000,17.440000,17.440000
11/13/2017,17.490000,17.490000,17.490000,17.490000
11/14/2017,17.650000,17.650000,17.650000,17.650000
11/15/2017,18.080000,18.080000,18.080000,18.080000
11/16/2017,17.550000,17.550000,17.550000,17.550000
11/17/2017,17.530000,17.530000,17.530000,17.530000
11/20/2017,17.170000,17.170000,17.170000,17.170000
11/21/2017,16.890000,16.890000,16.890000,16.890000
11/22/2017,16.960000,16.960000,16.960000,16.960000
11/24/2017,16.840000,16.840000,16.840000,16.840000
11/27/2017,16.930000,16.930000,16.930000,16.930000
11/28/2017,16.750000,16.750000,16.750000,16.750000
11/29/2017,17.190000,17.190000,17.190000,17.190000
11/30/2017,17.780000,17.780000,17.780000,17.780000
12/01/2017,17.250000,17.250000,17.250000,17.250000
12/04/2017,16.980000,16.980000,16.980000,16.980000
12/05/2017,17.200000,17.200000,17.200000,17.200000
12/06/2017,17.120000,17.120000,17.120000,17.120000
12/07/2017,16.940000,16.940000,16.940000,16.940000
12/08/2017,17.250000,17.250000,17.250000,17.250000
12/11/2017,16.580000,16.580000,16.580000,16.580000
12/12/2017,16.720000,16.720000,16.720000,16.720000
12/13/2017,16.760000,16.760000,16.760000,16.760000
12/14/2017,17.000000,17.000000,17.000000,17.000000
12/15/2017,16.720000,16.720000,16.720000,16.720000
12/18/2017,16.380000,16.380000,16.380000,16.380000
12/19/2017,16.550000,16.550000,16.550000,16.550000
12/20/2017,16.380000,16.380000,16.380000,16.380000
12/21/2017,16.380000,16.380000,16.380000,16.380000
12/22/2017,16.580000,16.580000,16.580000,16.580000
12/26/2017,16.580000,16.580000,16.580000,16.580000
12/27/2017,16.630000,16.630000,16.630000,16.630000
12/28/2017,16.810000,16.810000,16.810000,16.810000
12/29/2017,16.680000,16.680000,16.680000,16.680000
01/02/2018,16.350000,16.350000,16.350000,16.350000
01/03/2018,16.050000,16.050000,16.050000,16.050000
01/04/2018,15.970000,15.970000,15.970000,15.970000
01/05/2018,15.870000,15.870000,15.870000,15.870000
01/08/2018,15.730000,15.730000,15.730000,15.730000
01/09/2018,15.860000,15.860000,15.860000,15.860000
01/10/2018,15.930000,15.930000,15.930000,15.930000
01/11/2018,15.620000,15.620000,15.620000,15.620000
01/12/2018,15.630000,15.630000,15.630000,15.630000
01/16/2018,16.270000,16.270000,16.270000,16.270000
01/17/2018,16.160000,16.160000,16.160000,16.160000
01/18/2018,16.390000,16.390000,16.390000,16.390000
01/19/2018,16.240000,16.240000,16.240000,16.240000
01/22/2018,16.330000,16.330000,16.330000,16.330000
01/23/2018,16.390000,16.390000,16.390000,16.390000
01/24/2018,16.570000,16.570000,16.570000,16.570000
01/25/2018,16.640000,16.640000,16.640000,16.640000
01/26/2018,16.490000,16.490000,16.490000,16.490000
01/29/2018,17.200000,17.200000,17.200000,17.200000
01/30/2018,17.630000,17.630000,17.630000,17.630000
01/31/2018,17.220000,17.220000,17.220000,17.220000
02/01/2018,17.080000,17.080000,17.080000,17.080000
02/02/2018,18.070000,18.070000,18.070000,18.070000
02/05/2018,22.490000,22.490000,22.490000,22.490000
02/06/2018,20.330000,20.330000,20.330000,20.330000
02/07/2018,20.660000,20.660000,20.660000,20.660000
02/08/2018,22.800000,22.800000,22.800000,22.800000
02/09/2018,21.930000,21.930000,21.930000,21.930000
02/12/2018,20.920000,20.920000,20.920000,20.920000
02/13/2018,20.870000,20.870000,20.870000,20.870000
02/14/2018,19.460000,19.460000,19.460000,19.460000
02/15/2018,19.390000,19.390000,19.390000,19.390000
02/16/2018,19.520000,19.520000,19.520000,19.520000
02/20/2018,19.890000,19.890000,19.890000,19.890000
02/21/2018,19.910000,19.910000,19.910000,19.910000
02/22/2018,19.460000,19.460000,19.460000,19.460000
02/23/2018,18.300000,18.300000,18.300000,18.300000
02/26/2018,18.140000,18.140000,18.140000,18.140000
02/27/2018,19.170000,19.170000,19.170000,19.170000
02/28/2018,19.750000,19.750000,19.750000,19.750000
03/01/2018,20.290000,20.290000,20.290000,20.290000
03/02/2018,19.390000,19.390000,19.390000,19.390000
03/05/2018,19.040000,19.040000,19.040000,19.040000
03/06/2018,19.930000,19.930000,19.930000,19.930000
03/07/2018,19.840000,19.840000,19.840000,19.840000
03/08/2018,19.500000,19.500000,19.500000,19.500000
03/09/2018,18.510000,18.510000,18.510000,18.510000
03/12/2018,19.040000,19.040000,19.040000,19.040000
03/13/2018,18.830000,18.830000,18.830000,18.830000
03/14/2018,18.990000,19.630000,18.950000,19.510000
03/15/2018,19.370000,19.620000,19.100000,19.420000
03/16/2018,19.240000,19.270000,18.800000,19.220000
03/19/2018,19.490000,20.360000,19.380000,19.760000
03/20/2018,19.520000,19.920000,19.510000,19.610000
03/21/2018,19.500000,19.630000,18.690000,19.560000
03/22/2018,20.250000,20.810000,19.770000,20.630000
03/23/2018,20.510000,21.640000,20.190000,21.310000
03/26/2018,20.620000,21.330000,20.440000,20.550000
03/27/2018,20.540000,21.830000,20.540000,21.320000
03/28/2018,21.230000,22.070000,21.130000,21.660000
03/29/2018,21.190000,21.390000,20.520000,20.870000
04/02/2018,21.070000,22.320000,20.930000,21.690000
04/03/2018,21.330000,21.610000,20.730000,20.840000
04/04/2018,21.690000,21.690000,20.390000,20.500000
04/05/2018,20.470000,20.530000,19.980000,20.100000
04/06/2018,20.470000,21.300000,20.140000,20.870000
04/09/2018,20.560000,21.010000,20.320000,20.870000
04/10/2018,20.410000,20.870000,20.390000,20.570000
04/11/2018,20.690000,20.790000,20.420000,20.720000
04/12/2018,20.360000,20.370000,19.990000,20.180000
04/13/2018,19.910000,20.060000,19.550000,19.700000
04/16/2018,19.440000,19.460000,19.190000,19.250000
04/17/2018,18.990000,19.100000,18.560000,18.680000
04/18/2018,18.780000,18.950000,18.440000,18.500000
04/19/2018,18.680000,18.950000,18.300000,18.710000
04/20/2018,18.620000,19.170000,18.600000,19.040000
04/23/2018,18.950000,19.090000,18.440000,18.830000
04/24/2018,18.670000,19.800000,18.560000,19.240000
04/25/2018,19.280000,19.660000,18.990000,19.180000
04/26/2018,19.030000,19.100000,18.680000,18.710000
04/27/2018,18.650000,18.920000,18.400000,18.710000
04/30/2018,18.680000,18.940000,18.560000,18.900000
05/01/2018,19.000000,19.180000,18.640000,18.680000
05/02/2018,18.710000,18.890000,18.370000,18.890000
05/03/2018,18.850000,19.440000,18.690000,18.700000
05/04/2018,18.900000,18.980000,18.390000,18.430000
05/07/2018,18.450000,18.590000,18.290000,18.470000
05/08/2018,18.490000,18.690000,18.330000,18.360000
05/09/2018,18.230000,18.280000,17.960000,18.050000
05/10/2018,17.970000,18.020000,17.660000,17.740000
05/11/2018,17.730000,17.840000,17.590000,17.590000
05/14/2018,17.600000,17.600000,17.290000,17.340000
05/15/2018,17.650000,18.060000,17.600000,17.860000
05/16/2018,17.770000,17.770000,17.410000,17.470000
05/17/2018,17.520000,17.630000,17.250000,17.490000
05/18/2018,17.570000,17.730000,17.470000,17.710000
05/21/2018,17.360000,17.490000,17.240000,17.350000
05/22/2018,17.290000,17.610000,17.260000,17.530000
05/23/2018,17.840000,17.920000,17.330000,17.350000
05/24/2018,17.450000,17.750000,17.330000,17.380000
05/25/2018,17.500000,17.620000,17.280000,17.550000
05/29/2018,18.080000,18.800000,17.810000,18.440000
05/30/2018,18.110000,18.160000,17.690000,17.980000
05/31/2018,18.040000,18.380000,17.960000,18.220000
06/01/2018,17.790000,17.790000,17.400000,17.590000
06/04/2018,17.490000,17.520000,17.370000,17.410000
06/05/2018,17.410000,17.560000,17.290000,17.290000
06/06/2018,17.240000,17.350000,17.000000,17.040000
06/07/2018,17.060000,17.510000,17.000000,17.220000
06/08/2018,17.490000,17.530000,17.040000,17.230000
06/11/2018,17.240000,17.260000,17.040000,17.170000
06/12/2018,17.190000,17.320000,17.150000,17.230000
06/13/2018,17.160000,17.440000,17.000000,17.440000
06/14/2018,17.190000,17.340000,17.090000,17.310000
06/15/2018,17.500000,17.730000,17.310000,17.540000
06/18/2018,17.930000,18.000000,17.600000,17.610000
06/19/2018,18.190000,18.240000,17.920000,18.090000
06/20/2018,17.750000,17.940000,17.570000,17.770000
06/21/2018,17.860000,18.280000,17.850000,18.180000
06/22/2018,17.710000,18.200000,17.670000,18.120000
06/25/2018,18.380000,19.520000,18.320000,18.870000
06/26/2018,18.600000,18.740000,18.230000,18.490000
06/27/2018,18.380000,19.100000,18.110000,18.990000
06/28/2018,19.060000,19.410000,18.530000,18.780000
06/29/2018,18.480000,18.710000,18.220000,18.670000
07/02/2018,19.100000,19.160000,18.450000,18.650000
07/03/2018,18.480000,18.890000,18.430000,18.820000
07/05/2018,18.470000,18.790000,18.270000,18.350000
07/06/2018,18.350000,18.400000,17.950000,18.000000
07/09/2018,17.790000,17.800000,17.360000,17.400000
07/10/2018,17.290000,17.410000,17.180000,17.230000
07/11/2018,17.590000,17.590000,17.320000,17.460000
07/12/2018,17.190000,17.330000,17.160000,17.220000
07/13/2018,17.250000,17.380000,17.080000,17.110000
07/16/2018,17.160000,17.270000,17.040000,17.210000
07/17/2018,17.320000,17.320000,16.970000,17.140000
07/18/2018,17.140000,17.230000,17.080000,17.170000
07/19/2018,17.330000,17.470000,17.240000,17.410000
07/20/2018,17.500000,17.630000,17.380000,17.620000
07/23/2018,17.640000,17.750000,17.450000,17.450000
07/24/2018,17.280000,17.580000,17.230000,17.330000
07/25/2018,17.390000,17.400000,16.860000,17.140000
07/26/2018,17.150000,17.290000,17.030000,17.180000
07/27/2018,17.190000,17.740000,17.130000,17.330000
07/30/2018,17.360000,17.690000,17.310000,17.660000
07/31/2018,17.420000,17.610000,17.380000,17.420000
08/01/2018,17.450000,17.780000,17.320000,17.590000
08/02/2018,17.890000,17.890000,17.330000,17.340000
08/03/2018,17.370000,17.380000,17.050000,17.130000
08/06/2018,17.210000,17.230000,16.790000,16.920000
08/07/2018,16.860000,16.870000,16.560000,16.760000
08/08/2018,16.820000,16.870000,16.720000,16.850000
08/09/2018,16.850000,16.950000,16.750000,16.890000
08/10/2018,17.270000,17.450000,17.120000,17.400000
08/13/2018,17.440000,17.860000,17.290000,17.830000
08/14/2018,17.610000,17.750000,17.290000,17.450000
08/15/2018,17.870000,18.390000,17.670000,17.720000
08/16/2018,17.450000,17.500000,17.060000,17.380000
08/17/2018,17.460000,17.610000,17.180000,17.270000
08/20/2018,17.190000,17.280000,17.110000,17.160000
08/21/2018,17.140000,17.240000,16.970000,17.240000
08/22/2018,17.280000,17.290000,17.060000,17.200000
08/23/2018,17.170000,17.320000,16.910000,17.250000
08/24/2018,17.110000,17.130000,16.850000,17.080000
08/27/2018,17.010000,17.050000,16.940000,17.010000
08/28/2018,17.000000,17.230000,16.970000,17.210000
08/29/2018,17.190000,17.230000,17.110000,17.200000
08/30/2018,17.320000,17.770000,17.260000,17.580000
08/31/2018,17.550000,17.700000,17.350000,17.410000
09/04/2018,17.660000,17.830000,17.390000,17.500000
09/05/2018,17.680000,17.930000,17.530000,17.800000
09/06/2018,17.770000,18.280000,17.760000,18.020000
09/07/2018,18.230000,18.270000,17.760000,18.180000
09/10/2018,18.000000,18.110000,17.840000,18.040000
09/11/2018,18.170000,18.210000,17.680000,17.680000
09/12/2018,17.730000,17.730000,17.330000,17.450000
09/13/2018,17.280000,17.300000,17.100000,17.110000
09/14/2018,17.080000,17.160000,16.780000,16.980000
09/17/2018,17.060000,17.270000,17.030000,17.230000
09/18/2018,17.120000,17.180000,16.980000,17.100000
09/19/2018,17.000000,17.030000,16.870000,16.990000
09/20/2018,16.820000,16.940000,16.750000,16.840000
09/21/2018,16.810000,17.000000,16.610000,17.000000
09/24/2018,17.160000,17.330000,17.040000,17.070000
09/25/2018,16.940000,17.160000,16.940000,17.110000
09/26/2018,17.110000,17.350000,16.740000,17.250000
09/27/2018,17.110000,17.250000,16.950000,17.230000
09/28/2018,17.320000,17.360000,17.140000,17.220000
10/01/2018,17.200000,17.250000,16.970000,17.200000
10/02/2018,17.220000,17.280000,17.010000,17.220000
10/03/2018,17.070000,17.290000,16.910000,17.170000
10/04/2018,17.380000,18.030000,17.310000,17.610000
10/05/2018,17.490000,18.530000,17.350000,17.970000
10/08/2018,18.260000,18.740000,18.030000,18.140000
10/09/2018,18.280000,18.450000,17.970000,18.220000
10/10/2018,18.440000,20.080000,18.320000,19.990000
10/11/2018,19.950000,21.380000,19.620000,20.530000
10/12/2018,19.740000,21.090000,19.500000,19.830000
10/15/2018,19.930000,20.250000,19.580000,20.190000
10/16/2018,19.670000,19.780000,19.000000,19.010000
10/17/2018,19.100000,19.630000,18.880000,19.070000
10/18/2018,19.350000,20.280000,19.220000,20.010000
10/19/2018,19.860000,20.280000,19.370000,20.080000
10/22/2018,19.780000,20.310000,19.720000,20.020000
10/23/2018,21.120000,21.210000,20.000000,20.210000
10/24/2018,20.280000,21.760000,20.190000,21.490000
10/25/2018,21.200000,21.460000,20.760000,21.360000
10/26/2018,21.910000,22.200000,21.020000,21.410000
10/29/2018,20.960000,22.440000,20.710000,21.450000
10/30/2018,21.670000,21.770000,21.150000,21.260000
10/31/2018,20.530000,21.360000,20.440000,20.700000
11/01/2018,20.440000,20.720000,20.120000,20.210000
11/02/2018,19.910000,21.030000,19.750000,20.470000
11/05/2018,20.450000,20.690000,20.120000,20.260000
11/06/2018,20.310000,20.310000,19.790000,19.890000
11/07/2018,19.140000,19.300000,18.770000,18.950000
11/08/2018,19.050000,19.070000,18.630000,18.930000
11/09/2018,19.200000,19.580000,18.990000,19.380000
11/12/2018,19.500000,20.280000,19.390000,20.010000
11/13/2018,19.940000,20.490000,19.720000,20.230000
11/14/2018,19.980000,21.100000,19.870000,20.770000
11/15/2018,21.120000,21.590000,20.410000,20.510000
11/16/2018,20.810000,20.870000,19.990000,20.020000
11/19/2018,20.240000,21.060000,20.130000,20.830000
11/20/2018,21.660000,22.150000,21.260000,21.700000
11/21/2018,21.150000,21.950000,21.120000,21.420000
11/23/2018,21.590000,21.770000,21.390000,21.640000
11/26/2018,21.340000,21.480000,20.630000,20.710000
11/27/2018,21.020000,21.190000,20.620000,21.150000
11/28/2018,20.630000,21.440000,20.610000,20.810000
11/29/2018,20.530000,21.450000,20.490000,20.740000
11/30/2018,20.510000,20.570000,19.970000,20.030000
12/03/2018,19.160000,19.160000,19.810000,19.240000
12/04/2018,19.380000,20.690000,19.050000,20.510000
12/06/2018,21.600000,22.090000,20.440000,20.560000
12/07/2018,20.700000,21.820000,20.340000,21.390000
12/10/2018,21.420000,22.430000,21.280000,21.280000
12/11/2018,20.890000,22.560000,20.890000,21.600000
12/12/2018,21.040000,21.520000,20.970000,21.430000
12/13/2018,21.200000,22.450000,21.140000,22.250000
12/14/2018,21.840000,22.930000,21.720000,22.700000
12/17/2018,22.330000,23.780000,22.320000,23.360000
12/18/2018,22.700000,23.670000,22.510000,22.950000
12/19/2018,22.900000,23.320000,21.830000,23.200000
12/20/2018,23.910000,24.340000,22.860000,23.540000
12/21/2018,23.520000,24.530000,23.200000,24.290000
12/24/2018,24.470000,25.140000,24.310000,25.090000
12/26/2018,24.420000,24.770000,22.810000,22.910000
12/27/2018,23.540000,24.270000,23.090000,23.120000
12/28/2018,23.160000,23.560000,22.550000,22.920000
12/31/2018,22.460000,22.730000,22.130000,22.170000
01/02/2019,22.800000,22.910000,21.950000,22.010000
01/03/2019,22.330000,22.880000,22.220000,22.600000
01/04/2019,22.040000,22.100000,21.560000,21.580000
01/07/2019,21.730000,21.770000,21.240000,21.400000
01/08/2019,21.200000,21.520000,21.100000,21.230000
01/09/2019,21.150000,21.320000,20.880000,21.040000
01/10/2019,21.310000,21.370000,20.900000,20.970000
01/11/2019,21.140000,21.140000,20.600000,20.620000
01/14/2019,20.990000,20.990000,20.380000,20.610000
01/15/2019,20.590000,20.590000,19.890000,20.130000
01/16/2019,20.000000,20.030000,19.740000,20.030000
01/17/2019,20.140000,20.150000,19.750000,19.960000
01/18/2019,19.750000,19.850000,19.480000,19.620000
01/22/2019,19.890000,20.590000,19.820000,20.420000
01/23/2019,20.110000,20.850000,20.000000,20.040000
01/24/2019,20.140000,20.220000,19.800000,19.980000
01/25/2019,19.670000,19.780000,19.460000,19.710000
01/28/2019,20.230000,20.350000,19.860000,19.890000
01/29/2019,19.840000,20.110000,19.760000,19.840000
01/30/2019,19.700000,19.860000,19.240000,19.350000
01/31/2019,19.410000,19.440000,18.880000,18.890000
02/01/2019,18.890000,18.960000,18.720000,18.850000
02/04/2019,18.880000,18.950000,18.560000,18.590000
02/05/2019,18.550000,18.550000,18.030000,18.370000
02/06/2019,18.310000,18.400000,18.200000,18.360000
02/07/2019,18.730000,19.120000,18.560000,18.630000
02/08/2019,18.850000,19.000000,18.460000,18.530000
02/11/2019,18.420000,18.610000,18.370000,18.500000
02/12/2019,18.230000,18.270000,17.970000,18.190000
02/13/2019,18.100000,18.310000,18.080000,18.280000
02/14/2019,18.580000,18.740000,18.360000,18.590000
02/15/2019,18.290000,18.380000,18.170000,18.220000
02/19/2019,18.380000,18.380000,17.910000,18.040000
02/20/2019,18.040000,18.050000,17.730000,17.730000
02/21/2019,17.890000,18.000000,17.670000,17.850000
02/22/2019,17.730000,17.760000,17.540000,17.560000
02/25/2019,17.450000,17.660000,17.370000,17.650000
02/26/2019,17.800000,17.840000,17.600000,17.830000
02/27/2019,17.880000,18.040000,17.530000,17.620000
02/28/2019,17.620000,17.850000,17.610000,17.700000
03/01/2019,17.490000,17.660000,17.320000,17.370000
03/04/2019,17.300000,18.090000,17.220000,17.640000
03/05/2019,17.650000,17.820000,17.500000,17.640000
03/06/2019,17.690000,18.100000,17.690000,18.040000
03/07/2019,18.180000,18.640000,18.120000,18.360000
03/08/2019,18.790000,18.830000,18.340000,18.350000
03/11/2019,18.240000,18.240000,17.800000,17.800000
03/12/2019,17.760000,17.780000,17.480000,17.620000
03/13/2019,17.530000,17.530000,17.350000,17.410000
03/14/2019,17.440000,17.560000,17.350000,17.450000
03/15/2019,17.390000,17.450000,17.180000,17.300000
03/18/2019,17.340000,17.510000,17.270000,17.400000
03/19/2019,17.230000,17.590000,17.220000,17.510000
03/20/2019,17.590000,17.850000,17.290000,17.690000
03/21/2019,17.710000,17.710000,17.320000,17.390000
03/22/2019,17.610000,18.420000,17.540000,18.250000
03/25/2019,18.400000,18.630000,18.110000,18.290000
03/26/2019,17.930000,18.110000,17.800000,17.930000
03/27/2019,17.910000,18.500000,17.840000,18.200000
03/28/2019,18.060000,18.320000,17.950000,18.050000
03/29/2019,17.790000,17.910000,17.660000,17.730000
04/01/2019,17.590000,17.650000,17.370000,17.410000
04/02/2019,17.420000,17.560000,17.410000,17.490000
04/03/2019,17.340000,17.590000,17.300000,17.450000
04/04/2019,17.460000,17.550000,17.360000,17.400000
04/05/2019,17.290000,17.320000,17.160000,17.220000
04/08/2019,17.340000,17.410000,17.170000,17.180000
04/09/2019,17.400000,17.570000,17.320000,17.520000
04/10/2019,17.380000,17.440000,17.260000,17.270000
04/11/2019,17.240000,17.340000,17.140000,17.280000
04/12/2019,17.060000,17.180000,16.980000,17.060000
04/15/2019,17.050000,17.340000,17.050000,17.200000
04/16/2019,17.120000,17.260000,17.070000,17.200000
04/17/2019,17.060000,17.440000,17.060000,17.340000
04/18/2019,17.200000,17.400000,17.170000,17.250000
04/22/2019,17.440000,17.470000,17.290000,17.300000
04/23/2019,17.230000,17.260000,17.100000,17.130000
04/24/2019,17.200000,17.410000,17.160000,17.390000
04/25/2019,17.470000,17.730000,17.320000,17.490000
04/26/2019,17.450000,17.520000,17.220000,17.290000
04/29/2019,17.350000,17.530000,17.250000,17.520000
04/30/2019,17.560000,17.840000,17.510000,17.530000
05/01/2019,17.480000,17.960000,17.310000,17.950000
05/02/2019,17.840000,18.160000,17.650000,17.830000
05/03/2019,17.600000,17.600000,17.440000,17.510000
05/06/2019,18.610000,18.610000,17.860000,17.980000
05/07/2019,18.450000,19.440000,18.420000,18.820000
05/08/2019,18.900000,19.040000,18.180000,18.710000
05/09/2019,19.400000,19.570000,18.460000,18.630000
05/10/2019,18.610000,19.100000,17.960000,18.060000
05/13/2019,19.100000,19.350000,18.780000,19.120000
05/14/2019,18.740000,18.740000,18.380000,18.570000
05/15/2019,18.830000,18.850000,18.170000,18.250000
05/16/2019,18.110000,18.110000,17.790000,17.960000
05/17/2019,18.340000,18.340000,17.780000,18.100000
05/20/2019,18.400000,18.480000,18.070000,18.210000
05/21/2019,17.970000,17.970000,17.790000,17.810000
05/22/2019,17.950000,17.980000,17.510000,17.800000
05/23/2019,18.290000,18.670000,18.240000,18.430000
05/24/2019,18.130000,18.360000,18.060000,18.270000
05/28/2019,18.250000,18.640000,18.120000,18.610000
05/29/2019,18.840000,19.110000,18.670000,18.890000
05/30/2019,18.680000,19.060000,18.550000,18.780000
05/31/2019,19.280000,19.400000,19.050000,19.230000
06/03/2019,19.090000,19.510000,18.940000,19.230000
06/04/2019,18.850000,18.990000,18.510000,18.530000
06/05/2019,18.510000,18.710000,18.370000,18.380000
06/06/2019,18.340000,18.510000,18.150000,18.170000
06/07/2019,18.200000,18.280000,18.000000,18.270000
06/10/2019,18.030000,18.230000,17.980000,18.180000
06/11/2019,18.010000,18.470000,18.000000,18.390000
06/12/2019,18.370000,18.580000,18.360000,18.370000
06/13/2019,18.260000,18.330000,18.130000,18.160000
06/14/2019,18.190000,18.340000,18.020000,18.060000
06/17/2019,18.090000,18.160000,18.010000,18.110000
06/18/2019,17.960000,18.330000,17.850000,18.060000
06/19/2019,18.010000,18.150000,17.860000,17.900000
06/20/2019,17.690000,18.100000,17.620000,17.730000
06/21/2019,17.690000,18.070000,17.670000,18.040000
06/24/2019,17.920000,18.020000,17.890000,17.960000
06/25/2019,17.940000,18.390000,17.940000,18.290000
06/26/2019,18.120000,18.400000,18.050000,18.340000
06/27/2019,18.220000,18.220000,18.060000,18.110000
06/28/2019,18.010000,18.090000,17.730000,17.730000
07/01/2019,17.350000,17.570000,17.320000,17.350000
07/02/2019,17.370000,17.390000,17.050000,17.060000
07/03/2019,17.090000,17.130000,16.810000,16.810000
07/05/2019,17.090000,17.260000,16.860000,16.940000
07/08/2019,17.140000,17.240000,17.080000,17.190000
07/09/2019,17.420000,17.420000,17.220000,17.280000
07/10/2019,17.170000,17.200000,16.990000,17.150000
07/11/2019,17.090000,17.260000,16.930000,17.100000
07/12/2019,17.020000,17.150000,16.980000,17.090000
07/15/2019,17.100000,17.310000,17.100000,17.270000
07/16/2019,17.180000,17.410000,17.170000,17.340000
07/17/2019,17.270000,17.680000,17.240000,17.680000
07/18/2019,17.660000,17.780000,17.420000,17.520000
07/19/2019,17.410000,17.770000,17.410000,17.770000
07/22/2019,17.680000,17.720000,17.430000,17.530000
07/23/2019,17.360000,17.460000,17.210000,17.220000
07/24/2019,17.350000,17.360000,17.030000,17.060000
07/25/2019,17.170000,17.480000,17.160000,17.260000
07/26/2019,17.150000,17.160000,16.950000,17.020000
07/29/2019,17.110000,17.230000,17.070000,17.190000
07/30/2019,17.470000,17.500000,17.330000,17.470000
07/31/2019,17.420000,18.250000,17.200000,18.090000
08/01/2019,17.750000,18.810000,17.380000,18.390000
08/02/2019,18.350000,18.780000,18.220000,18.310000
08/05/2019,19.280000,20.100000,19.090000,19.920000
08/06/2019,19.050000,19.530000,18.830000,19.010000
08/07/2019,19.530000,19.820000,18.820000,18.990000
08/08/2019,18.720000,18.820000,18.070000,18.180000
08/09/2019,18.370000,18.810000,18.270000,18.510000
08/12/2019,18.810000,19.410000,18.720000,19.350000
08/13/2019,19.360000,19.390000,18.300000,18.640000
08/14/2019,19.470000,20.050000,19.320000,19.960000
08/15/2019,19.940000,20.420000,19.660000,19.980000
08/16/2019,19.560000,19.560000,19.190000,19.330000
08/19/2019,18.900000,19.040000,18.640000,18.850000
08/20/2019,18.940000,19.230000,18.780000,19.220000
08/21/2019,18.670000,18.840000,18.570000,18.700000
08/22/2019,18.710000,19.190000,18.670000,18.970000
08/23/2019,19.280000,20.490000,18.680000,20.110000
08/26/2019,19.800000,20.330000,19.690000,19.820000
08/27/2019,19.670000,20.390000,19.610000,20.290000
08/28/2019,20.520000,20.650000,19.970000,20.060000
08/29/2019,19.670000,19.810000,19.500000,19.560000
08/30/2019,19.400000,19.880000,19.390000,19.860000
09/03/2019,20.220000,20.480000,20.000000,20.280000
09/04/2019,19.870000,20.000000,19.680000,19.710000
09/05/2019,19.400000,19.400000,19.070000,19.260000
09/06/2019,19.150000,19.230000,18.980000,19.010000
09/09/2019,18.900000,19.250000,18.860000,19.050000
09/10/2019,19.180000,19.500000,18.950000,18.990000
09/11/2019,19.010000,19.010000,18.800000,18.820000
09/12/2019,18.710000,18.880000,18.370000,18.650000
09/13/2019,18.600000,18.780000,18.390000,18.700000
09/16/2019,18.980000,19.120000,18.790000,19.050000
09/17/2019,19.120000,19.320000,18.980000,19.150000
09/18/2019,19.230000,19.550000,18.950000,19.000000
09/19/2019,18.940000,19.040000,18.720000,18.980000
09/20/2019,18.800000,19.620000,18.800000,19.570000
09/23/2019,19.580000,19.730000,19.580000,19.720000
09/24/2019,19.260000,20.180000,19.230000,19.840000
09/25/2019,19.790000,20.170000,19.590000,19.670000
09/26/2019,19.690000,19.990000,19.620000,19.740000
09/27/2019,19.620000,20.390000,19.590000,20.030000
09/30/2019,19.830000,19.870000,19.580000,19.600000
10/01/2019,19.490000,20.270000,19.430000,20.270000
10/02/2019,20.550000,21.010000,20.500000,20.910000
10/03/2019,20.810000,21.230000,20.560000,20.620000
10/04/2019,20.410000,20.410000,19.990000,20.000000
10/07/2019,20.130000,20.250000,19.680000,20.110000
10/08/2019,20.530000,20.970000,20.410000,20.940000
10/09/2019,20.500000,20.790000,20.340000,20.580000
10/10/2019,20.540000,20.620000,20.150000,20.190000
10/11/2019,19.790000,19.810000,19.220000,19.560000
10/14/2019,19.570000,19.620000,19.220000,19.490000
10/15/2019,19.190000,19.240000,18.800000,19.120000
10/16/2019,18.970000,19.370000,18.970000,19.260000
10/17/2019,19.280000,19.430000,18.990000,19.230000
10/18/2019,19.190000,19.640000,19.150000,19.450000
10/21/2019,19.320000,19.440000,19.200000,19.220000
10/22/2019,19.160000,19.380000,19.100000,19.340000
10/23/2019,19.370000,19.430000,19.190000,19.300000
10/24/2019,19.170000,19.490000,19.170000,19.300000
10/25/2019,19.330000,19.330000,18.980000,19.010000
10/28/2019,19.040000,19.160000,18.960000,19.110000
10/29/2019,19.200000,19.360000,19.050000,19.180000
10/30/2019,19.260000,19.370000,18.920000,19.020000
10/31/2019,19.120000,19.350000,19.040000,19.120000
11/01/2019,18.850000,18.950000,18.720000,18.830000
11/04/2019,18.730000,18.930000,18.720000,18.860000
11/05/2019,18.900000,19.120000,18.840000,19.090000
11/06/2019,19.190000,19.340000,19.100000,19.140000
11/07/2019,19.060000,19.260000,18.990000,19.140000
11/08/2019,19.230000,19.310000,19.040000,19.070000
11/11/2019,19.390000,19.390000,19.040000,19.100000
11/12/2019,19.080000,19.090000,18.880000,18.990000
11/13/2019,19.150000,19.470000,18.890000,18.950000
11/14/2019,19.040000,19.130000,18.870000,18.960000
11/15/2019,18.790000,18.850000,18.640000,18.680000
11/18/2019,18.800000,18.860000,18.680000,18.730000
11/19/2019,18.690000,18.880000,18.660000,18.870000
11/20/2019,18.910000,19.350000,18.810000,19.090000
11/21/2019,19.090000,19.490000,19.090000,19.270000
11/22/2019,19.190000,19.290000,19.080000,19.080000
11/25/2019,19.020000,19.020000,18.740000,18.740000
11/26/2019,18.760000,18.810000,18.610000,18.660000
11/27/2019,18.670000,18.700000,18.480000,18.620000
11/29/2019,18.770000,19.070000,18.730000,18.940000
12/02/2019,18.940000,19.390000,18.940000,19.390000
12/03/2019,20.140000,20.260000,19.650000,19.710000
12/04/2019,19.480000,19.510000,19.220000,19.390000
12/05/2019,19.280000,19.540000,19.230000,19.350000
12/06/2019,18.980000,19.120000,18.970000,19.100000
12/09/2019,19.150000,19.530000,19.090000,19.500000
12/10/2019,19.460000,19.640000,19.300000,19.440000
12/11/2019,19.430000,19.500000,19.250000,19.250000
12/12/2019,19.370000,19.370000,18.750000,18.910000
12/13/2019,18.950000,19.040000,18.570000,18.590000
12/16/2019,18.350000,18.400000,18.220000,18.370000
12/17/2019,18.350000,18.490000,18.300000,18.460000
12/18/2019,18.340000,18.460000,18.260000,18.370000
12/19/2019,18.370000,18.440000,18.220000,18.280000
12/20/2019,18.180000,18.400000,18.010000,18.370000
12/23/2019,18.320000,18.490000,18.320000,18.380000
12/24/2019,18.370000,18.500000,18.370000,18.370000
12/26/2019,18.360000,18.370000,18.240000,18.340000
12/27/2019,18.320000,18.580000,18.280000,18.510000
12/30/2019,18.570000,18.910000,18.550000,18.780000
12/31/2019,18.930000,18.970000,18.440000,18.500000
01/02/2020,18.310000,18.390000,18.050000,18.060000
01/03/2020,18.700000,18.700000,18.260000,18.440000
01/06/2020,18.650000,18.660000,18.220000,18.290000
01/07/2020,18.370000,18.480000,18.100000,18.200000
01/08/2020,18.250000,18.250000,17.760000,17.890000
01/09/2020,17.770000,17.830000,17.570000,17.600000
01/10/2020,17.620000,17.750000,17.510000,17.650000
01/13/2020,17.610000,17.710000,17.400000,17.410000
01/14/2020,17.480000,17.570000,17.300000,17.360000
01/15/2020,17.370000,17.480000,17.260000,17.350000
01/16/2020,17.260000,17.280000,17.140000,17.180000
01/17/2020,17.140000,17.200000,17.020000,17.080000
01/21/2020,17.280000,17.320000,17.020000,17.220000
01/22/2020,17.000000,17.310000,17.000000,17.290000
01/23/2020,17.450000,17.610000,17.210000,17.210000
01/24/2020,17.190000,17.970000,17.140000,17.750000
01/27/2020,18.620000,18.650000,18.170000,18.520000
01/28/2020,18.180000,18.270000,17.870000,18.050000
01/29/2020,17.830000,18.080000,17.790000,18.030000
01/30/2020,18.290000,18.490000,17.790000,17.840000
01/31/2020,18.020000,18.840000,18.010000,18.570000
02/03/2020,18.180000,18.560000,17.690000,18.380000
02/04/2020,17.780000,17.910000,17.570000,17.830000
02/05/2020,17.520000,17.780000,17.490000,17.530000
02/06/2020,17.460000,17.600000,17.370000,17.460000
02/07/2020,17.710000,17.870000,17.430000,17.730000
02/10/2020,17.850000,17.860000,17.520000,17.570000
02/11/2020,17.450000,17.700000,17.360000,17.610000
02/12/2020,17.450000,17.520000,17.250000,17.320000
02/13/2020,17.660000,17.730000,17.340000,17.460000
02/14/2020,17.410000,17.610000,17.370000,17.370000
02/18/2020,17.640000,17.880000,17.450000,17.590000
02/19/2020,17.260000,17.650000,17.250000,17.560000
02/20/2020,17.680000,18.150000,17.580000,17.860000
02/21/2020,18.140000,18.560000,18.140000,18.330000
02/24/2020,19.760000,20.220000,19.320000,19.900000
02/25/2020,19.440000,21.280000,19.440000,20.860000
02/26/2020,20.150000,21.070000,19.920000,20.790000
02/27/2020,22.020000,23.300000,20.950000,23.110000
02/28/2020,24.210000,25.630000,23.120000,23.140000
03/02/2020,22.760000,23.590000,21.900000,22.310000
03/03/2020,21.990000,24.010000,21.320000,23.500000
03/04/2020,22.600000,23.170000,22.270000,22.790000
03/05/2020,24.030000,25.980000,23.590000,25.550000
03/06/2020,28.430000,29.800000,27.330000,27.730000
03/09/2020,27.790000,31.970000,27.790000,31.160000
03/10/2020,28.470000,31.790000,28.150000,29.900000
03/11/2020,31.450000,32.970000,31.110000,32.290000
03/12/2020,32.270000,38.390000,32.270000,38.380000
03/13/2020,35.310000,38.240000,33.580000,34.040000
03/16/2020,34.040000,42.420000,34.040000,41.470000
03/17/2020,41.750000,42.900000,39.770000,42.010000
03/18/2020,41.930000,49.290000,41.930000,45.860000
03/19/2020,47.130000,48.640000,41.730000,43.090000
03/20/2020,41.480000,41.960000,36.160000,40.150000
03/23/2020,39.880000,40.360000,36.030000,36.370000
03/24/2020,32.480000,33.900000,30.710000,32.670000
03/25/2020,33.760000,35.150000,32.670000,34.160000
03/26/2020,33.290000,33.390000,31.870000,32.710000
03/27/2020,34.590000,35.680000,34.080000,35.210000
03/30/2020,34.270000,35.500000,33.410000,34.250000
03/31/2020,33.890000,34.490000,32.730000,34.120000
04/01/2020,35.140000,37.040000,34.260000,36.470000
04/02/2020,35.810000,36.120000,34.530000,34.790000
04/03/2020,34.500000,35.060000,33.790000,33.820000
04/06/2020,32.370000,32.660000,32.050000,32.600000
04/07/2020,32.470000,34.230000,32.340000,33.680000
04/08/2020,33.170000,33.540000,32.340000,32.950000
04/09/2020,32.900000,33.530000,32.260000,32.430000
04/13/2020,32.410000,32.980000,32.240000,32.370000
04/14/2020,31.800000,32.350000,30.910000,31.110000
04/15/2020,32.680000,33.980000,31.960000,32.740000
04/16/2020,32.460000,33.420000,32.430000,32.950000
04/17/2020,32.210000,32.740000,31.950000,32.430000
04/20/2020,32.970000,33.700000,32.350000,33.590000
04/21/2020,34.830000,35.990000,34.690000,35.350000
04/22/2020,34.550000,35.080000,34.160000,34.490000
04/23/2020,34.060000,34.800000,33.600000,34.800000
04/24/2020,34.160000,34.780000,33.400000,33.520000
04/27/2020,32.890000,33.080000,31.590000,32.110000
04/28/2020,31.210000,32.160000,31.030000,31.790000
04/29/2020,31.080000,31.130000,30.320000,30.680000
04/30/2020,31.150000,31.970000,31.140000,31.610000
05/01/2020,32.760000,33.770000,32.410000,33.290000
05/04/2020,33.830000,34.020000,32.910000,33.090000
05/05/2020,32.520000,32.690000,31.790000,32.380000
05/06/2020,31.430000,33.200000,31.430000,32.710000
05/07/2020,31.400000,32.310000,31.200000,31.910000
05/08/2020,31.350000,31.650000,30.670000,30.670000
05/11/2020,31.110000,31.340000,29.940000,30.270000
05/12/2020,29.730000,31.990000,28.710000,31.990000
05/13/2020,31.230000,33.920000,31.230000,33.300000
05/14/2020,34.060000,35.150000,32.580000,32.730000
05/15/2020,33.510000,33.740000,32.480000,32.830000
05/18/2020,31.190000,31.640000,30.670000,30.890000
05/19/2020,30.300000,31.240000,30.290000,31.160000
05/20/2020,30.540000,30.660000,29.980000,30.310000
05/21/2020,30.220000,31.330000,30.220000,31.130000
05/22/2020,31.020000,31.250000,30.640000,30.680000
05/26/2020,29.790000,30.040000,29.240000,29.940000
05/27/2020,29.470000,30.610000,29.170000,29.230000
05/28/2020,28.890000,30.000000,28.800000,29.660000
05/29/2020,30.140000,30.360000,29.230000,29.290000
06/01/2020,29.350000,29.890000,29.280000,29.430000
06/02/2020,28.980000,29.550000,28.640000,28.990000
06/03/2020,28.510000,28.870000,28.170000,28.560000
06/04/2020,28.260000,28.920000,28.170000,28.610000
06/05/2020,27.220000,27.990000,27.110000,27.470000
06/08/2020,27.430000,27.890000,27.310000,27.600000
06/09/2020,28.120000,28.750000,28.000000,28.700000
06/10/2020,28.500000,28.980000,27.850000,28.630000
06/11/2020,30.060000,33.350000,29.640000,33.180000
06/12/2020,31.360000,35.260000,30.330000,32.340000
06/15/2020,33.670000,33.990000,31.400000,31.550000
06/16/2020,30.460000,32.210000,30.200000,31.400000
06/17/2020,31.420000,32.220000,31.260000,31.790000
06/18/2020,32.020000,32.330000,31.710000,31.970000
06/19/2020,31.200000,32.920000,31.050000,32.920000
06/22/2020,32.320000,32.590000,31.300000,31.310000
06/23/2020,30.780000,31.080000,29.690000,30.940000
06/24/2020,30.940000,33.370000,30.940000,31.990000
06/25/2020,32.470000,33.320000,31.270000,31.410000
06/26/2020,31.720000,33.040000,31.030000,32.340000
06/29/2020,31.380000,32.840000,30.480000,31.180000
06/30/2020,31.330000,31.390000,29.500000,30.270000
07/01/2020,30.000000,30.430000,29.720000,29.880000
07/02/2020,28.330000,29.560000,28.180000,29.290000
07/06/2020,28.930000,29.380000,28.140000,29.050000
07/07/2020,29.520000,29.960000,28.660000,29.800000
07/08/2020,29.610000,30.040000,29.200000,29.360000
07/09/2020,29.100000,30.520000,28.610000,29.750000
07/10/2020,29.720000,30.140000,29.080000,29.230000
07/13/2020,29.180000,31.580000,28.630000,31.510000
07/14/2020,31.100000,39.460000,30.560000,31.850000
07/15/2020,29.350000,38.750000,29.350000,31.760000
07/16/2020,31.250000,49.620000,30.000000,31.060000
07/17/2020,30.850000,38.080000,30.560000,31.000000
07/20/2020,30.000000,31.070000,29.810000,30.110000
07/21/2020,29.190000,50.600000,27.240000,30.340000
07/22/2020,29.680000,30.610000,29.680000,30.050000
07/23/2020,29.970000,31.530000,29.380000,30.720000
07/24/2020,30.650000,33.770000,28.630000,30.520000
07/27/2020,30.390000,30.870000,29.850000,30.250000
07/28/2020,30.280000,31.010000,29.780000,30.930000
07/29/2020,29.780000,31.500000,29.720000,30.590000
07/30/2020,31.300000,32.660000,30.020000,30.040000
07/31/2020,30.450000,32.930000,28.960000,30.530000
08/03/2020,29.560000,35.980000,29.460000,30.650000
08/04/2020,29.510000,33.480000,28.040000,30.010000
08/05/2020,29.640000,33.300000,27.840000,29.670000
08/06/2020,29.060000,30.620000,29.060000,30.090000
08/07/2020,29.090000,38.990000,29.090000,30.270000
08/10/2020,31.020000,33.010000,29.940000,30.200000
08/11/2020,31.000000,32.540000,29.260000,30.810000
08/12/2020,29.800000,34.350000,29.620000,30.060000
08/13/2020,29.600000,31.080000,29.560000,30.110000
08/14/2020,30.030000,30.970000,29.910000,30.950000
08/17/2020,32.080000,32.080000,29.870000,30.210000
08/18/2020,29.360000,30.490000,29.360000,30.140000
08/19/2020,29.520000,32.170000,29.520000,30.270000
08/20/2020,30.340000,31.890000,30.200000,31.680000
08/21/2020,32.020000,32.540000,31.740000,31.790000
08/24/2020,31.440000,32.570000,31.440000,32.570000
08/25/2020,31.850000,32.260000,31.380000,31.380000
08/26/2020,31.320000,32.390000,31.040000,31.660000
08/27/2020,32.780000,39.010000,32.070000,33.920000
08/28/2020,33.570000,35.610000,30.050000,32.520000
08/31/2020,33.500000,43.240000,32.820000,34.460000
09/01/2020,34.710000,46.410000,33.470000,34.020000
09/02/2020,34.400000,46.000000,32.310000,35.770000
09/03/2020,33.260000,45.070000,31.100000,40.860000
09/04/2020,34.900000,41.030000,33.810000,34.330000
09/08/2020,35.320000,40.390000,33.890000,33.890000
09/09/2020,34.820000,35.900000,32.190000,33.120000
09/10/2020,32.940000,36.730000,32.610000,33.400000
09/11/2020,33.040000,35.970000,32.330000,33.070000
09/14/2020,32.430000,34.370000,32.270000,32.660000
09/15/2020,32.260000,33.450000,32.190000,32.330000
09/16/2020,32.430000,35.420000,32.040000,32.570000
09/17/2020,33.510000,35.950000,32.520000,32.740000
09/18/2020,32.670000,35.290000,32.190000,33.660000
09/21/2020,33.120000,36.020000,32.760000,32.760000
09/22/2020,32.720000,35.120000,32.520000,32.670000
09/23/2020,32.470000,35.730000,32.280000,33.260000
09/24/2020,33.700000,37.940000,32.510000,32.870000
09/25/2020,33.160000,35.370000,32.180000,32.280000
09/28/2020,32.070000,33.930000,31.960000,32.230000
09/29/2020,32.320000,32.810000,31.680000,31.730000
09/30/2020,31.740000,32.680000,30.230000,30.950000
10/01/2020,30.480000,31.790000,30.440000,31.790000
10/02/2020,31.330000,32.510000,31.160000,31.630000
10/05/2020,31.240000,31.600000,30.880000,31.010000
10/06/2020,30.770000,32.000000,30.480000,31.830000
10/07/2020,30.970000,31.680000,30.580000,31.190000
10/08/2020,31.180000,31.650000,30.830000,30.840000
10/09/2020,30.890000,30.890000,29.380000,29.490000
10/12/2020,29.060000,29.480000,29.020000,29.200000
10/13/2020,29.230000,29.830000,29.130000,29.350000
10/14/2020,29.270000,29.840000,29.100000,29.250000
10/15/2020,30.680000,31.120000,29.840000,29.930000
10/16/2020,29.760000,30.440000,29.440000,30.220000
10/19/2020,29.880000,31.420000,29.730000,30.910000
10/20/2020,30.720000,31.390000,30.350000,30.850000
10/21/2020,30.810000,31.960000,30.240000,30.360000
10/22/2020,30.450000,30.920000,29.750000,30.110000
10/23/2020,29.890000,30.440000,29.760000,29.890000
10/26/2020,30.250000,31.940000,30.050000,31.160000
10/27/2020,31.030000,32.300000,30.790000,31.340000
10/28/2020,32.830000,34.750000,32.610000,33.260000
10/29/2020,33.440000,34.220000,32.000000,32.830000
10/30/2020,32.600000,36.860000,30.210000,32.700000
11/02/2020,32.120000,32.690000,31.830000,32.120000
11/03/2020,31.430000,31.770000,30.290000,31.290000
11/04/2020,29.990000,30.440000,28.870000,29.720000
11/05/2020,28.490000,30.110000,26.720000,29.390000
11/06/2020,29.460000,29.770000,28.490000,28.770000
11/09/2020,27.380000,28.170000,26.620000,27.830000
11/10/2020,27.780000,28.350000,27.660000,28.010000
11/11/2020,27.810000,27.980000,27.560000,27.840000
11/12/2020,28.040000,29.000000,27.670000,28.360000
11/13/2020,28.070000,28.080000,27.620000,27.840000
11/16/2020,27.670000,28.120000,27.480000,27.550000
11/17/2020,27.940000,28.590000,27.560000,27.740000
11/18/2020,27.770000,28.810000,27.550000,28.810000
11/19/2020,28.280000,28.880000,27.680000,27.940000
11/20/2020,27.900000,28.050000,27.280000,27.760000
11/23/2020,27.560000,28.120000,27.210000,27.370000
11/24/2020,27.160000,27.600000,27.130000,27.150000
11/25/2020,27.290000,27.540000,27.020000,27.110000
11/27/2020,27.020000,27.240000,26.850000,27.030000
11/30/2020,27.190000,27.580000,26.760000,26.780000
12/01/2020,26.740000,26.970000,26.570000,26.950000
12/02/2020,27.050000,28.650000,26.790000,27.230000
12/03/2020,26.890000,28.100000,26.840000,27.060000
12/04/2020,27.020000,27.240000,26.930000,27.070000
12/07/2020,27.250000,27.460000,27.150000,27.180000
12/08/2020,27.270000,27.460000,26.870000,26.880000
12/09/2020,26.800000,28.160000,26.670000,27.290000
12/10/2020,27.410000,27.620000,27.030000,27.540000
12/11/2020,27.780000,28.340000,27.630000,28.030000
12/14/2020,27.700000,28.560000,27.560000,28.560000
12/15/2020,28.300000,28.900000,27.890000,28.100000
12/16/2020,28.020000,28.440000,27.770000,27.860000
12/17/2020,27.800000,27.920000,27.650000,27.810000
12/18/2020,28.280000,29.480000,27.840000,27.880000
12/21/2020,29.530000,30.270000,28.550000,28.810000
12/22/2020,28.820000,29.040000,28.600000,28.720000
12/23/2020,28.300000,28.330000,27.910000,28.280000
12/24/2020,28.250000,28.250000,27.770000,27.810000
12/28/2020,27.600000,27.750000,27.400000,27.560000
12/29/2020,27.510000,28.440000,27.510000,28.190000
12/30/2020,28.200000,28.210000,27.730000,27.930000
12/31/2020,27.930000,27.970000,27.460000,27.620000
01/04/2021,27.530000,29.350000,27.530000,29.190000
01/05/2021,29.180000,29.440000,28.460000,28.740000
01/06/2021,28.500000,28.730000,27.520000,28.290000
01/07/2021,28.280000,28.280000,27.350000,27.410000
01/08/2021,27.360000,27.790000,27.190000,27.270000
01/11/2021,27.840000,28.330000,27.580000,28.150000
01/12/2021,28.150000,28.350000,27.830000,27.880000
01/13/2021,27.880000,28.020000,27.600000,27.650000
01/14/2021,27.630000,28.180000,27.570000,28.110000
01/15/2021,28.340000,29.260000,28.190000,28.600000
01/19/2021,28.080000,28.310000,27.900000,28.200000
01/20/2021,27.900000,28.120000,27.600000,27.660000
01/21/2021,27.680000,28.030000,27.670000,27.800000
01/22/2021,28.190000,28.250000,27.890000,27.980000
01/25/2021,28.190000,29.300000,28.160000,28.570000
01/26/2021,28.450000,28.570000,28.200000,28.390000
01/27/2021,29.450000,32.970000,29.340000,32.970000
01/28/2021,30.740000,31.490000,30.440000,30.950000
01/29/2021,31.160000,32.730000,30.600000,31.920000
02/01/2021,30.970000,32.190000,30.650000,31.040000
02/02/2021,30.060000,30.070000,29.590000,29.700000
02/03/2021,29.330000,29.700000,28.800000,28.800000
02/04/2021,28.650000,29.900000,28.210000,28.350000
02/05/2021,28.260000,28.540000,28.250000,28.410000
02/08/2021,28.490000,28.540000,28.280000,28.410000
02/09/2021,28.530000,28.720000,28.420000,28.630000
02/10/2021,28.290000,29.500000,28.290000,28.990000
02/11/2021,29.050000,29.560000,28.920000,28.960000
02/12/2021,28.920000,29.070000,28.780000,28.840000
02/16/2021,29.090000,29.410000,28.930000,29.410000
02/17/2021,29.770000,29.980000,29.280000,29.400000
02/18/2021,29.840000,29.970000,29.300000,29.520000
02/19/2021,29.450000,29.600000,29.050000,29.270000
02/22/2021,29.600000,29.650000,29.140000,29.430000
02/23/2021,29.760000,30.230000,28.870000,28.950000
02/24/2021,29.210000,29.350000,28.230000,28.280000
02/25/2021,28.580000,30.130000,28.240000,29.730000
02/26/2021,29.210000,30.140000,28.790000,29.370000
03/01/2021,28.230000,28.320000,27.880000,28.030000
03/02/2021,28.030000,28.400000,27.980000,28.280000
03/03/2021,28.210000,28.940000,28.130000,28.860000
03/04/2021,28.660000,29.840000,28.360000,29.360000
03/05/2021,28.890000,29.630000,28.040000,28.100000
03/08/2021,28.210000,28.350000,27.550000,27.950000
03/09/2021,27.660000,27.760000,27.360000,27.740000
03/10/2021,27.290000,27.610000,27.220000,27.560000
03/11/2021,27.500000,27.520000,27.190000,27.230000
03/12/2021,27.520000,27.700000,27.170000,27.170000
03/15/2021,27.210000,27.390000,26.900000,26.910000
03/16/2021,26.940000,26.990000,26.660000,26.830000
03/17/2021,27.030000,27.100000,26.410000,26.420000
03/18/2021,26.420000,27.200000,26.420000,26.990000
03/19/2021,26.990000,27.420000,26.580000,26.880000
03/22/2021,26.730000,26.750000,25.930000,25.960000
03/23/2021,25.960000,26.460000,25.870000,26.010000
03/24/2021,25.940000,26.420000,25.860000,26.340000
03/25/2021,26.490000,26.830000,25.720000,25.720000
03/26/2021,25.720000,25.920000,25.110000,25.160000
03/29/2021,25.480000,25.920000,25.390000,25.390000
03/30/2021,25.440000,25.640000,24.780000,24.810000
03/31/2021,24.810000,24.810000,24.410000,24.640000
04/01/2021,24.640000,24.640000,24.180000,24.190000
04/05/2021,24.130000,24.140000,23.930000,24.040000
04/06/2021,24.040000,24.170000,23.880000,24.080000
04/07/2021,24.080000,24.080000,23.770000,23.780000
04/08/2021,23.780000,23.950000,23.620000,23.740000
04/09/2021,23.730000,24.110000,23.670000,23.810000
04/12/2021,23.820000,24.190000,23.810000,23.830000
04/13/2021,23.860000,23.900000,23.730000,23.820000
04/14/2021,23.900000,24.090000,23.850000,24.010000
04/15/2021,24.010000,24.010000,23.720000,23.850000
04/16/2021,23.850000,23.980000,23.820000,23.840000
04/19/2021,23.830000,24.480000,23.830000,24.100000
04/20/2021,24.130000,24.850000,24.130000,24.500000
04/21/2021,24.500000,24.670000,23.690000,24.040000
04/22/2021,24.030000,24.910000,23.800000,24.620000
04/23/2021,24.610000,24.610000,24.040000,24.210000
04/26/2021,24.210000,24.360000,24.180000,24.260000
04/27/2021,24.260000,24.480000,24.180000,24.250000
04/28/2021,24.150000,24.320000,24.110000,24.200000
04/29/2021,24.200000,24.670000,24.080000,24.220000
04/30/2021,24.200000,24.610000,24.200000,24.490000
05/03/2021,24.490000,31.420000,24.300000,24.340000
05/04/2021,24.340000,25.260000,24.340000,24.760000
05/05/2021,24.500000,24.730000,24.280000,24.580000
05/06/2021,24.560000,24.880000,24.200000,24.240000
05/07/2021,24.300000,24.310000,23.770000,23.770000
05/10/2021,23.830000,24.520000,23.720000,24.500000
05/11/2021,24.500000,25.540000,24.500000,25.290000
05/12/2021,25.290000,27.570000,25.290000,27.300000
05/13/2021,27.280000,27.280000,25.620000,26.020000
05/14/2021,26.030000,26.030000,24.560000,24.690000
05/17/2021,24.680000,25.860000,24.680000,25.200000
05/18/2021,25.200000,26.060000,25.140000,26.010000
05/19/2021,27.110000,28.080000,26.130000,26.300000
05/20/2021,25.840000,25.910000,25.500000,25.650000
05/21/2021,25.450000,25.680000,25.350000,25.510000
05/24/2021,25.270000,25.270000,24.640000,24.710000
05/25/2021,24.720000,24.960000,24.680000,24.810000
05/26/2021,24.720000,24.800000,24.330000,24.340000
05/27/2021,24.300000,24.330000,23.850000,23.850000
05/28/2021,23.780000,23.860000,23.530000,23.820000
06/01/2021,23.680000,24.330000,23.660000,24.270000
06/02/2021,24.320000,24.530000,24.090000,24.460000
06/03/2021,24.770000,24.950000,24.560000,24.740000
06/04/2021,24.390000,24.400000,24.140000,24.200000
06/07/2021,24.180000,24.360000,24.090000,24.100000
06/08/2021,24.050000,24.330000,23.850000,24.070000
06/09/2021,24.020000,24.280000,23.940000,24.230000
06/10/2021,23.930000,24.130000,23.420000,23.470000
06/11/2021,23.290000,23.310000,23.150000,23.240000
06/14/2021,23.330000,23.670000,23.320000,23.490000
06/15/2021,23.600000,23.850000,23.550000,23.770000
06/16/2021,23.680000,24.190000,23.580000,23.940000
06/17/2021,23.880000,24.110000,23.460000,23.730000
06/18/2021,24.430000,24.830000,24.170000,24.670000
06/21/2021,24.650000,24.650000,23.790000,23.860000
06/22/2021,24.220000,24.220000,23.390000,23.410000
06/23/2021,23.390000,23.430000,23.040000,23.210000
06/24/2021,23.010000,23.110000,22.890000,23.080000
06/25/2021,23.090000,28.930000,22.920000,23.180000
06/28/2021,23.170000,23.520000,22.970000,23.200000
06/29/2021,23.110000,23.550000,22.930000,23.490000
06/30/2021,23.560000,23.630000,23.230000,23.490000
07/01/2021,23.410000,23.600000,23.300000,23.540000
07/02/2021,23.330000,23.410000,23.180000,23.350000
07/06/2021,23.450000,24.130000,23.430000,23.730000
07/07/2021,23.670000,24.130000,23.410000,23.810000
07/08/2021,24.620000,25.030000,24.050000,24.290000
07/09/2021,24.170000,24.170000,23.700000,23.990000
07/12/2021,24.200000,24.220000,23.770000,24.020000
07/13/2021,24.310000,24.480000,23.840000,24.370000
07/14/2021,24.150000,28.170000,24.110000,24.490000
07/15/2021,24.780000,26.540000,24.460000,24.560000
07/16/2021,24.310000,25.100000,24.240000,25.040000
07/19/2021,25.050000,26.830000,25.050000,25.950000
07/20/2021,26.010000,26.130000,25.090000,25.370000
07/21/2021,23.210000,25.800000,23.210000,24.870000
07/22/2021,23.090000,25.140000,23.090000,24.840000
07/23/2021,24.110000,24.890000,24.110000,24.800000
07/26/2021,24.770000,28.800000,24.650000,24.990000
07/27/2021,24.180000,26.110000,24.180000,25.570000
07/28/2021,25.380000,26.010000,25.060000,25.340000
07/29/2021,25.070000,25.490000,24.860000,25.110000
07/30/2021,25.410000,25.570000,24.980000,25.300000
08/02/2021,25.170000,25.810000,25.090000,25.640000
08/03/2021,25.840000,26.160000,25.270000,25.400000
08/04/2021,25.550000,25.680000,25.220000,25.490000
08/05/2021,25.350000,25.500000,25.060000,25.170000
08/06/2021,24.980000,25.270000,24.860000,24.970000
08/09/2021,25.000000,25.570000,25.000000,25.360000
08/10/2021,25.320000,25.710000,25.130000,25.290000
08/11/2021,25.080000,25.960000,24.940000,25.110000
08/12/2021,25.060000,25.300000,24.240000,24.520000
08/13/2021,24.390000,24.580000,24.320000,24.530000
08/16/2021,24.520000,25.190000,24.520000,24.720000
08/17/2021,25.060000,25.620000,24.900000,25.260000
08/18/2021,25.350000,28.100000,25.130000,26.170000
08/19/2021,26.310000,29.160000,25.790000,26.220000
08/20/2021,22.320000,26.360000,22.320000,25.640000
08/23/2021,25.390000,25.650000,25.170000,25.520000
08/24/2021,25.520000,25.790000,25.510000,25.700000
08/25/2021,25.690000,25.920000,25.360000,25.520000
08/26/2021,25.580000,26.400000,25.500000,25.980000
08/27/2021,25.620000,25.750000,25.140000,25.320000
08/30/2021,25.170000,25.510000,25.120000,25.300000
08/31/2021,25.440000,25.570000,25.250000,25.320000
09/01/2021,25.310000,26.030000,24.980000,25.220000
09/02/2021,25.050000,25.350000,24.870000,25.120000
09/03/2021,25.530000,26.200000,25.290000,25.490000
09/07/2021,25.680000,27.270000,25.660000,26.090000
09/08/2021,26.500000,27.030000,26.110000,26.220000
09/09/2021,26.300000,27.900000,25.930000,26.460000
09/10/2021,25.990000,29.450000,25.920000,27.080000
09/13/2021,26.380000,33.140000,26.350000,26.620000
09/14/2021,26.340000,40.500000,26.290000,26.670000
09/15/2021,26.560000,27.100000,26.100000,26.280000
09/16/2021,26.440000,27.920000,26.000000,26.300000
09/17/2021,26.410000,27.250000,26.240000,26.880000
09/20/2021,26.900000,28.400000,26.900000,27.460000
09/21/2021,27.010000,27.550000,26.660000,27.140000
09/22/2021,26.720000,27.000000,25.750000,26.200000
09/23/2021,25.930000,26.090000,25.450000,25.490000
09/24/2021,25.750000,25.750000,25.380000,25.380000
09/27/2021,25.390000,26.090000,25.380000,25.810000
09/28/2021,26.190000,36.900000,26.190000,27.040000
09/29/2021,26.740000,26.960000,26.500000,26.800000
09/30/2021,26.510000,27.620000,26.290000,26.860000
10/01/2021,26.260000,29.480000,26.260000,26.820000
10/04/2021,26.710000,37.940000,26.630000,27.200000
10/05/2021,26.800000,28.120000,26.230000,26.570000
10/06/2021,26.570000,28.020000,26.430000,26.430000
10/07/2021,26.350000,26.390000,25.950000,26.120000
10/08/2021,25.050000,26.610000,25.050000,26.210000
10/11/2021,26.220000,27.190000,25.870000,26.270000
10/12/2021,26.170000,26.650000,25.920000,26.180000
10/13/2021,26.020000,26.280000,25.650000,25.860000
10/14/2021,25.520000,25.660000,25.270000,25.310000
10/15/2021,25.200000,25.500000,25.020000,25.490000
10/18/2021,25.500000,25.860000,25.500000,25.670000
10/19/2021,25.710000,25.790000,25.410000,25.460000
10/20/2021,25.420000,25.490000,25.280000,25.360000
10/21/2021,25.390000,25.460000,25.080000,25.160000
10/22/2021,25.200000,25.600000,25.010000,25.290000
10/25/2021,25.290000,25.480000,24.780000,24.820000
10/26/2021,24.900000,25.150000,24.780000,25.040000
10/27/2021,25.120000,25.450000,24.290000,25.030000
10/28/2021,24.890000,25.160000,24.670000,24.920000
10/29/2021,25.190000,25.290000,24.740000,24.800000
11/01/2021,24.800000,25.160000,24.660000,24.670000
11/02/2021,24.720000,24.770000,24.600000,24.720000
11/03/2021,24.680000,25.100000,24.570000,24.710000
11/04/2021,24.700000,25.040000,24.650000,24.860000
11/05/2021,24.760000,26.870000,24.760000,25.390000
11/08/2021,25.240000,25.950000,25.220000,25.550000
11/09/2021,25.520000,27.090000,25.520000,25.750000
11/10/2021,25.880000,26.140000,25.470000,25.880000
11/11/2021,25.660000,25.850000,25.510000,25.630000
11/12/2021,25.480000,25.580000,25.240000,25.400000
11/15/2021,25.440000,25.800000,25.360000,25.530000
11/16/2021,25.650000,25.930000,25.520000,25.860000
11/17/2021,25.430000,26.650000,25.430000,26.510000
11/18/2021,26.440000,26.740000,26.350000,26.620000
11/19/2021,26.900000,28.430000,26.560000,26.630000
11/22/2021,26.560000,28.300000,26.400000,26.910000
11/23/2021,27.100000,27.830000,26.700000,26.830000
11/24/2021,27.150000,27.320000,26.550000,26.560000
11/26/2021,28.260000,32.340000,27.680000,29.660000
11/29/2021,28.020000,28.570000,27.370000,27.840000
11/30/2021,28.510000,38.100000,28.180000,29.370000
12/01/2021,28.410000,30.910000,27.880000,30.370000
12/02/2021,30.400000,43.900000,27.000000,29.580000
12/03/2021,30.280000,39.790000,29.020000,31.140000
12/06/2021,29.850000,30.690000,29.590000,29.680000
12/07/2021,28.880000,29.100000,27.720000,27.960000
12/08/2021,27.960000,28.450000,27.340000,27.650000
12/09/2021,27.650000,28.800000,27.440000,28.210000
12/10/2021,27.430000,28.070000,27.300000,27.630000
12/13/2021,27.840000,28.670000,27.780000,28.180000
12/14/2021,28.700000,29.280000,28.330000,28.720000
12/15/2021,28.560000,30.010000,27.670000,27.870000
12/16/2021,27.590000,29.560000,27.480000,28.850000
12/17/2021,29.070000,29.490000,28.420000,29.090000
12/20/2021,30.080000,30.330000,29.280000,29.320000
12/21/2021,28.890000,29.290000,28.530000,28.950000
12/22/2021,28.910000,29.010000,28.240000,28.360000
12/23/2021,28.060000,30.270000,27.980000,28.310000
12/27/2021,28.270000,31.080000,27.820000,27.980000
12/28/2021,28.150000,33.150000,27.700000,28.100000
12/29/2021,28.160000,29.700000,27.480000,27.790000
12/30/2021,27.940000,28.830000,27.650000,27.920000
12/31/2021,27.870000,28.320000,27.320000,27.620000
01/03/2022,27.520000,31.610000,27.020000,27.270000
01/04/2022,29.600000,32.860000,27.220000,27.530000
01/05/2022,27.450000,32.910000,26.940000,28.240000
01/06/2022,28.330000,36.290000,27.020000,27.910000
01/07/2022,28.080000,36.510000,25.660000,27.550000
01/10/2022,28.150000,37.780000,27.410000,27.680000
01/11/2022,27.650000,37.580000,26.830000,26.930000
01/12/2022,26.830000,32.850000,26.190000,26.360000
01/13/2022,26.020000,37.030000,26.020000,27.020000
01/14/2022,27.620000,38.400000,25.380000,27.120000
01/18/2022,27.580000,36.210000,25.590000,28.010000
01/19/2022,27.940000,36.640000,27.260000,28.140000
01/20/2022,27.760000,35.000000,26.960000,28.450000
01/21/2022,28.650000,35.710000,27.170000,29.670000
01/24/2022,30.000000,40.000000,29.860000,30.360000
01/25/2022,31.260000,38.920000,29.210000,30.470000
01/26/2022,29.570000,37.590000,28.170000,30.380000
01/27/2022,29.580000,37.690000,29.060000,29.890000
01/28/2022,29.720000,33.750000,28.320000,29.050000
01/31/2022,29.290000,52.480000,27.450000,28.000000
02/01/2022,27.760000,33.710000,26.600000,27.050000
02/02/2022,26.990000,38.480000,26.340000,27.400000
02/03/2022,27.870000,39.410000,26.830000,28.250000
02/04/2022,28.170000,34.800000,26.640000,28.050000
02/07/2022,27.170000,34.140000,26.630000,27.800000
02/08/2022,27.610000,30.320000,25.990000,28.050000
02/09/2022,26.170000,27.880000,26.170000,26.600000
02/10/2022,27.100000,33.660000,25.710000,27.840000
02/11/2022,27.540000,43.690000,26.990000,28.850000
02/14/2022,29.080000,41.630000,27.790000,28.960000
02/15/2022,28.390000,28.480000,27.790000,28.010000
02/16/2022,28.340000,38.050000,26.540000,27.670000
02/17/2022,28.180000,39.450000,27.230000,28.990000
02/18/2022,28.870000,40.890000,27.300000,29.150000
02/22/2022,29.380000,42.830000,27.250000,28.850000
02/23/2022,28.710000,42.280000,27.950000,29.740000
02/24/2022,31.860000,45.770000,28.380000,29.790000
02/25/2022,28.980000,44.050000,26.580000,28.450000
02/28/2022,29.620000,43.590000,27.830000,29.410000
03/01/2022,29.490000,44.490000,29.270000,30.910000
03/02/2022,30.360000,42.800000,29.460000,29.860000
03/03/2022,29.440000,37.630000,29.350000,29.810000
03/04/2022,30.630000,48.430000,28.850000,30.680000
03/07/2022,30.610000,47.470000,30.180000,32.150000
03/08/2022,31.680000,48.570000,29.320000,32.050000
03/09/2022,30.920000,46.390000,29.230000,31.280000
03/10/2022,31.750000,45.570000,30.010000,30.920000
03/11/2022,30.570000,46.150000,29.270000,31.710000
03/14/2022,31.770000,34.340000,31.110000,32.520000
03/15/2022,32.730000,32.730000,31.300000,31.610000
03/16/2022,31.110000,31.410000,30.130000,30.260000
03/17/2022,30.340000,49.080000,29.180000,29.590000
03/18/2022,29.840000,30.270000,28.400000,28.430000
03/21/2022,29.070000,30.930000,28.310000,28.720000
03/22/2022,28.680000,43.800000,28.400000,28.480000
03/23/2022,28.940000,28.990000,28.460000,28.730000
03/24/2022,28.760000,28.990000,28.230000,28.410000
03/25/2022,28.460000,28.660000,27.990000,28.060000
03/28/2022,28.320000,28.710000,27.940000,28.010000
03/29/2022,27.770000,28.010000,27.500000,27.560000
03/30/2022,27.710000,28.190000,27.500000,27.800000
03/31/2022,28.000000,28.650000,27.860000,28.270000
04/01/2022,28.090000,28.320000,27.770000,28.140000
04/04/2022,28.090000,28.130000,27.520000,27.600000
04/05/2022,27.770000,28.640000,27.600000,28.510000
04/06/2022,28.950000,29.440000,28.600000,28.920000
04/07/2022,28.930000,29.270000,28.350000,28.610000
04/08/2022,28.630000,28.900000,28.160000,28.630000
04/11/2022,28.840000,29.420000,28.760000,29.370000
04/12/2022,29.200000,29.830000,28.880000,29.550000
04/13/2022,29.410000,29.620000,28.670000,28.800000
04/14/2022,28.580000,30.130000,28.450000,29.270000
04/18/2022,29.350000,29.530000,28.950000,29.090000
04/19/2022,29.040000,29.090000,28.220000,28.680000
04/20/2022,28.280000,28.540000,28.010000,28.230000
04/21/2022,27.930000,29.280000,27.830000,29.220000
04/22/2022,29.340000,30.950000,29.170000,30.800000
04/25/2022,30.960000,31.480000,30.170000,30.290000
04/26/2022,30.610000,32.260000,30.550000,32.030000
04/27/2022,31.500000,32.020000,30.720000,31.650000
04/28/2022,30.700000,35.710000,30.190000,31.110000
04/29/2022,31.050000,32.200000,30.690000,31.720000
05/02/2022,32.020000,32.990000,31.540000,31.710000
05/03/2022,31.510000,31.650000,30.590000,30.750000
05/04/2022,30.710000,30.880000,29.240000,29.520000
05/05/2022,29.790000,87.350000,29.660000,31.630000
05/06/2022,32.130000,33.390000,31.600000,31.960000
05/09/2022,32.580000,33.280000,32.370000,33.130000
05/10/2022,32.110000,43.270000,32.040000,32.520000
05/11/2022,32.590000,33.240000,31.560000,32.630000
05/12/2022,33.020000,37.210000,31.960000,32.150000
05/13/2022,31.520000,31.710000,30.970000,31.450000
05/16/2022,31.380000,31.380000,30.800000,31.060000
05/17/2022,30.330000,30.790000,30.200000,30.460000
05/18/2022,31.020000,33.300000,30.950000,32.800000
05/19/2022,33.120000,33.470000,31.720000,31.980000
05/20/2022,31.600000,33.250000,31.300000,31.990000
05/23/2022,31.670000,32.080000,31.240000,31.610000
05/24/2022,31.920000,32.570000,31.560000,31.720000
05/25/2022,32.030000,32.030000,30.920000,31.250000
05/26/2022,31.020000,31.340000,30.570000,30.870000
05/27/2022,30.540000,30.540000,30.100000,30.210000
05/31/2022,30.670000,30.970000,30.000000,30.300000
06/01/2022,29.950000,31.150000,29.750000,30.090000
06/02/2022,30.230000,30.310000,29.210000,29.430000
06/03/2022,29.880000,30.140000,29.640000,29.820000
06/06/2022,29.590000,30.050000,29.440000,29.910000
06/07/2022,30.270000,30.270000,29.440000,29.530000
06/08/2022,29.800000,29.880000,29.360000,29.550000
06/09/2022,29.790000,30.310000,29.530000,30.230000
06/10/2022,30.880000,36.470000,30.730000,31.060000
06/13/2022,32.400000,37.460000,32.130000,33.190000
06/14/2022,32.980000,33.150000,32.580000,32.890000
06/15/2022,32.210000,32.420000,31.120000,31.710000
06/16/2022,32.750000,33.590000,32.600000,33.290000
06/17/2022,32.770000,33.090000,32.050000,32.470000
06/21/2022,31.440000,31.780000,31.010000,31.590000
06/22/2022,31.870000,31.870000,31.000000,31.130000
06/23/2022,30.920000,31.460000,30.770000,31.020000
06/24/2022,30.530000,30.690000,30.220000,30.560000
06/27/2022,30.280000,30.680000,30.000000,30.100000
06/28/2022,29.810000,30.720000,29.610000,30.590000
06/29/2022,30.640000,30.940000,30.440000,30.650000
06/30/2022,31.120000,31.770000,30.810000,31.100000
07/01/2022,31.070000,31.270000,30.290000,30.410000
07/05/2022,31.040000,31.930000,30.000000,30.080000
07/06/2022,30.140000,31.520000,29.820000,29.970000
07/07/2022,29.740000,29.940000,29.530000,29.800000
07/08/2022,29.790000,29.960000,29.370000,29.540000
07/11/2022,29.910000,30.860000,29.830000,30.200000
07/12/2022,30.310000,31.070000,30.130000,30.660000
07/13/2022,31.080000,31.360000,30.340000,30.900000
07/14/2022,31.390000,31.660000,30.930000,31.110000
07/15/2022,30.660000,31.040000,30.290000,30.530000
07/18/2022,30.310000,31.030000,30.250000,30.920000
07/19/2022,30.520000,30.530000,29.990000,30.330000
07/20/2022,30.290000,30.450000,29.950000,30.080000
07/21/2022,30.100000,30.320000,29.730000,29.880000
07/22/2022,29.720000,30.160000,29.610000,29.900000
07/25/2022,29.780000,29.920000,29.530000,29.740000
07/26/2022,29.950000,30.290000,29.690000,30.020000
07/27/2022,29.760000,30.080000,29.000000,29.530000
07/28/2022,29.250000,29.400000,28.650000,28.790000
07/29/2022,28.640000,28.650000,28.260000,28.540000
08/01/2022,28.680000,28.770000,28.410000,28.760000
08/02/2022,29.110000,29.430000,28.610000,29.190000
08/03/2022,28.820000,29.230000,28.230000,28.490000
08/04/2022,28.480000,28.630000,28.370000,28.440000
08/05/2022,28.780000,28.780000,28.240000,28.450000
08/08/2022,28.380000,28.700000,28.110000,28.560000
08/09/2022,28.630000,28.770000,28.490000,28.620000
08/10/2022,28.230000,28.500000,27.680000,27.820000
08/11/2022,27.770000,28.100000,27.580000,27.970000
08/12/2022,27.870000,27.980000,27.490000,27.700000
08/15/2022,28.180000,28.260000,27.480000,27.640000
08/16/2022,27.650000,27.770000,27.460000,27.580000
08/17/2022,27.890000,28.990000,27.660000,27.940000
08/18/2022,28.120000,41.750000,27.730000,27.840000
08/19/2022,28.130000,28.860000,28.120000,28.360000
08/22/2022,28.950000,29.200000,28.740000,29.080000
08/23/2022,29.180000,29.270000,28.700000,28.850000
08/24/2022,28.960000,29.250000,28.430000,28.460000
08/25/2022,28.480000,28.580000,28.090000,28.210000
08/26/2022,28.320000,29.620000,28.260000,29.470000
08/29/2022,29.760000,29.760000,29.070000,29.320000
08/30/2022,29.250000,29.720000,28.750000,29.310000
08/31/2022,29.340000,29.540000,28.900000,29.260000
09/01/2022,29.440000,29.870000,29.020000,29.170000
09/02/2022,28.660000,29.580000,28.350000,29.150000
09/06/2022,28.760000,29.870000,28.740000,29.450000
09/07/2022,29.500000,29.520000,28.690000,28.750000
09/08/2022,29.140000,29.190000,28.430000,28.450000
09/09/2022,28.170000,28.620000,27.950000,28.290000
09/12/2022,28.140000,28.580000,27.960000,28.080000
09/13/2022,29.210000,43.480000,28.680000,29.690000
09/14/2022,29.670000,29.780000,29.230000,29.410000
09/15/2022,29.520000,29.930000,29.190000,29.470000
09/16/2022,29.930000,30.360000,29.470000,29.520000
09/19/2022,29.830000,29.830000,29.110000,29.130000
09/20/2022,29.460000,29.730000,28.970000,29.570000
09/21/2022,29.500000,30.020000,28.990000,30.000000
09/22/2022,29.630000,30.170000,29.500000,29.750000
09/23/2022,30.100000,31.690000,30.070000,30.830000
09/26/2022,31.100000,31.890000,30.610000,31.730000
09/27/2022,31.210000,46.390000,30.980000,32.220000
09/28/2022,32.250000,32.430000,31.360000,31.570000
09/29/2022,32.020000,32.800000,31.980000,32.120000
09/30/2022,32.120000,47.610000,31.360000,32.080000
10/03/2022,31.740000,32.310000,31.000000,31.380000
10/04/2022,30.590000,31.210000,30.330000,30.770000
10/05/2022,31.000000,44.280000,30.570000,30.890000
10/06/2022,31.060000,31.620000,30.820000,31.600000
10/07/2022,31.760000,32.700000,31.720000,32.580000
10/10/2022,32.630000,33.320000,32.620000,32.810000
10/11/2022,33.070000,33.430000,32.620000,33.140000
10/12/2022,33.240000,44.860000,32.920000,33.040000
10/13/2022,33.570000,44.930000,32.060000,32.240000
10/14/2022,31.960000,43.390000,31.760000,32.810000
10/17/2022,32.170000,32.270000,31.810000,32.140000
10/18/2022,31.710000,32.240000,31.650000,31.790000
10/19/2022,32.070000,32.310000,31.820000,32.080000
10/20/2022,32.110000,32.160000,31.570000,31.960000
10/21/2022,32.000000,32.030000,31.510000,31.710000
10/24/2022,31.750000,32.080000,31.620000,31.640000
10/25/2022,31.610000,31.660000,30.830000,31.000000
10/26/2022,31.020000,31.040000,30.520000,30.680000
10/27/2022,30.580000,30.660000,30.220000,30.580000
10/28/2022,30.300000,30.300000,29.530000,29.570000
10/31/2022,29.890000,29.930000,29.620000,29.730000
11/01/2022,29.530000,35.420000,29.370000,29.380000
11/02/2022,29.460000,36.980000,29.040000,29.740000
11/03/2022,29.940000,30.010000,29.130000,29.330000
11/04/2022,28.980000,29.430000,28.760000,29.160000
11/07/2022,29.000000,29.350000,28.920000,29.030000
11/08/2022,29.050000,29.630000,28.890000,29.600000
11/09/2022,29.630000,31.960000,29.520000,30.140000
11/10/2022,29.160000,31.290000,28.740000,31.290000
11/11/2022,29.010000,29.120000,28.760000,29.070000
11/14/2022,29.170000,29.430000,28.920000,29.420000
11/15/2022,29.080000,29.800000,28.940000,29.420000
11/16/2022,29.440000,29.480000,29.110000,29.190000
11/17/2022,29.590000,29.590000,29.010000,29.100000
11/18/2022,28.870000,29.140000,28.760000,28.880000
11/21/2022,28.940000,28.970000,28.490000,28.520000
11/22/2022,28.360000,28.430000,27.960000,27.970000
11/23/2022,28.060000,28.060000,27.660000,27.720000
11/25/2022,27.850000,27.950000,27.810000,27.920000
11/28/2022,28.300000,28.740000,28.190000,28.720000
11/29/2022,28.710000,28.820000,28.270000,28.650000
11/30/2022,28.500000,28.720000,27.590000,27.690000
12/01/2022,27.670000,27.930000,27.440000,27.510000
12/02/2022,27.810000,27.820000,27.290000,27.350000
12/05/2022,27.610000,28.710000,27.220000,27.330000
12/06/2022,27.310000,28.930000,27.280000,27.670000
12/07/2022,27.850000,28.110000,27.730000,27.990000
12/08/2022,27.870000,28.050000,27.670000,27.710000
12/09/2022,27.700000,28.070000,27.450000,28.000000
12/12/2022,28.070000,28.170000,27.920000,28.060000
12/13/2022,27.030000,28.180000,27.030000,27.850000
12/14/2022,27.790000,27.980000,27.330000,27.510000
12/15/2022,27.760000,28.720000,27.730000,28.570000
12/16/2022,28.710000,29.080000,28.360000,28.550000
12/19/2022,28.550000,28.560000,28.180000,28.380000
12/20/2022,28.320000,28.450000,27.820000,27.850000
12/21/2022,27.680000,27.770000,27.110000,27.130000
12/22/2022,27.300000,28.300000,27.300000,27.830000
12/23/2022,27.730000,27.920000,27.300000,27.340000
12/27/2022,27.510000,27.770000,27.340000,27.380000
12/28/2022,27.430000,27.660000,27.200000,27.500000
12/29/2022,27.400000,27.420000,27.020000,27.020000
12/30/2022,27.380000,27.620000,27.180000,27.300000
01/03/2023,27.310000,27.920000,27.210000,27.530000
01/04/2023,27.080000,27.280000,26.610000,26.820000
01/05/2023,26.930000,27.140000,26.690000,26.870000
01/06/2023,26.570000,26.760000,25.990000,26.160000
01/09/2023,26.060000,26.460000,25.890000,26.460000
01/10/2023,26.250000,26.250000,25.560000,25.560000
01/11/2023,25.640000,25.670000,25.350000,25.420000
01/12/2023,25.240000,25.420000,24.930000,25.040000
01/13/2023,25.120000,25.130000,24.410000,24.410000
01/17/2023,24.810000,24.980000,24.630000,24.810000
01/18/2023,24.710000,25.440000,24.670000,25.390000
01/19/2023,25.710000,25.840000,25.120000,25.300000
01/20/2023,25.220000,25.330000,24.640000,24.710000
01/23/2023,24.700000,24.750000,24.100000,24.340000
01/24/2023,24.460000,24.510000,23.360000,23.800000
01/25/2023,24.360000,24.520000,23.740000,23.940000
01/26/2023,23.620000,23.920000,23.320000,23.560000
01/27/2023,23.470000,23.690000,23.000000,23.290000
01/30/2023,23.580000,23.780000,23.430000,23.610000
01/31/2023,23.640000,23.690000,23.320000,23.400000
02/01/2023,23.400000,23.860000,22.870000,22.990000
02/02/2023,22.860000,24.990000,22.570000,23.450000
02/03/2023,23.620000,23.830000,23.200000,23.380000
02/06/2023,23.720000,23.880000,23.570000,23.820000
02/07/2023,23.950000,23.960000,23.140000,23.430000
02/08/2023,23.520000,24.060000,23.270000,23.750000
02/09/2023,23.730000,24.570000,23.600000,24.440000
02/10/2023,24.640000,24.860000,24.340000,24.590000
02/13/2023,24.530000,24.540000,24.150000,24.160000
02/14/2023,24.050000,24.200000,23.530000,23.530000
02/15/2023,22.150000,23.830000,22.150000,23.310000
02/16/2023,23.750000,24.010000,23.330000,23.960000
02/17/2023,24.210000,24.430000,23.950000,24.040000
02/21/2023,24.520000,25.050000,24.430000,25.000000
02/22/2023,24.970000,25.130000,24.230000,24.560000
02/23/2023,24.280000,24.690000,24.050000,24.130000
02/24/2023,24.500000,24.830000,24.420000,24.540000
02/27/2023,24.200000,24.290000,23.950000,24.100000
02/28/2023,24.140000,24.240000,23.630000,23.880000
03/01/2023,23.850000,24.490000,23.640000,23.980000
03/02/2023,24.430000,24.610000,23.430000,23.470000
03/03/2023,23.370000,23.840000,20.840000,23.000000
03/06/2023,23.020000,23.410000,22.830000,22.900000
03/07/2023,22.940000,23.580000,22.730000,23.160000
03/08/2023,23.200000,23.660000,22.780000,23.200000
03/09/2023,22.820000,24.200000,22.690000,24.200000
03/10/2023,24.190000,27.480000,23.950000,25.600000
03/13/2023,27.390000,27.550000,25.810000,26.300000
03/14/2023,24.560000,25.970000,24.520000,25.410000
03/15/2023,26.990000,28.830000,26.730000,27.570000
03/16/2023,27.810000,27.810000,25.700000,25.710000
03/17/2023,26.140000,27.700000,25.950000,27.630000
03/20/2023,27.300000,27.480000,26.610000,26.690000
03/21/2023,25.920000,25.920000,25.110000,25.180000
03/22/2023,25.020000,25.650000,24.530000,25.550000
03/23/2023,25.020000,26.610000,24.550000,25.990000
03/24/2023,26.540000,27.060000,25.750000,25.780000
03/27/2023,25.260000,25.580000,25.010000,25.090000
03/28/2023,25.230000,25.370000,24.780000,24.780000
03/29/2023,24.340000,24.520000,24.200000,24.220000
03/30/2023,24.060000,24.530000,23.990000,24.180000
03/31/2023,24.040000,24.190000,23.910000,24.120000
04/03/2023,24.070000,24.730000,23.800000,23.840000
04/04/2023,23.920000,24.540000,23.900000,24.330000
04/05/2023,24.490000,24.900000,24.380000,24.510000
04/06/2023,24.650000,24.800000,24.090000,24.340000
04/10/2023,24.470000,24.570000,23.930000,23.930000
04/11/2023,24.010000,24.070000,23.730000,23.930000
04/12/2023,23.830000,24.220000,23.690000,24.160000
04/13/2023,24.000000,24.040000,23.550000,23.620000
04/14/2023,23.680000,23.930000,23.530000,23.590000
04/17/2023,23.640000,23.780000,23.290000,23.310000
04/18/2023,23.290000,23.740000,23.200000,23.520000
04/19/2023,23.650000,23.940000,23.490000,23.650000
04/20/2023,24.070000,24.550000,23.600000,24.120000
04/21/2023,24.200000,24.580000,24.070000,24.120000
04/24/2023,24.270000,24.710000,24.170000,24.420000
04/25/2023,24.440000,25.570000,24.410000,25.030000
04/26/2023,25.040000,25.430000,24.500000,24.830000
04/27/2023,24.460000,24.720000,24.110000,24.300000
04/28/2023,24.450000,24.660000,24.010000,24.150000
05/01/2023,24.060000,24.480000,23.670000,23.960000
05/02/2023,24.030000,25.430000,24.030000,24.720000
05/03/2023,24.670000,26.120000,24.200000,24.420000
05/04/2023,25.100000,26.040000,24.980000,25.600000
05/05/2023,25.010000,25.170000,24.450000,24.450000
05/08/2023,24.720000,25.140000,24.500000,24.660000
05/09/2023,25.170000,25.170000,24.720000,24.750000
05/10/2023,24.430000,25.310000,24.270000,24.540000
05/11/2023,24.840000,25.200000,24.410000,24.480000
05/12/2023,24.580000,25.180000,24.210000,24.870000
05/15/2023,24.810000,25.030000,24.230000,24.250000
05/16/2023,24.690000,25.040000,24.300000,24.880000
05/17/2023,24.430000,24.950000,23.990000,24.120000
05/18/2023,24.400000,24.480000,23.670000,23.670000
05/19/2023,24.020000,24.670000,23.570000,24.370000
05/22/2023,24.430000,24.690000,24.050000,24.060000
05/23/2023,24.630000,24.910000,24.250000,24.350000
05/24/2023,25.020000,25.270000,24.550000,24.710000
05/25/2023,24.760000,24.950000,24.150000,24.480000
05/26/2023,24.510000,24.520000,23.580000,23.580000
05/30/2023,23.460000,24.370000,23.410000,23.640000
05/31/2023,23.880000,24.390000,23.600000,23.660000
06/01/2023,23.570000,23.680000,22.610000,23.030000
06/02/2023,22.930000,22.950000,22.250000,22.370000
06/05/2023,22.610000,22.920000,22.110000,22.110000
06/06/2023,22.230000,22.970000,21.460000,21.590000
06/07/2023,21.700000,21.730000,21.390000,21.600000
06/08/2023,21.620000,21.870000,21.350000,21.550000
06/09/2023,21.240000,21.700000,21.110000,21.340000
06/12/2023,21.410000,21.840000,21.240000,21.270000
06/13/2023,21.180000,21.650000,21.100000,21.260000
06/14/2023,21.350000,21.540000,21.050000,21.270000
06/15/2023,21.440000,21.470000,20.850000,21.270000
06/16/2023,21.360000,21.710000,21.130000,21.190000
06/20/2023,21.500000,21.920000,21.400000,21.510000
06/21/2023,21.510000,21.530000,21.350000,21.380000
06/22/2023,21.640000,21.680000,21.240000,21.250000
06/23/2023,21.650000,21.680000,21.230000,21.410000
06/26/2023,21.560000,21.660000,21.280000,21.440000
06/27/2023,21.360000,21.560000,20.850000,21.000000
06/28/2023,21.050000,21.370000,20.550000,20.550000
06/29/2023,20.690000,21.100000,20.570000,20.780000
06/30/2023,20.610000,20.970000,20.040000,20.530000
07/03/2023,20.510000,20.570000,20.210000,20.210000
07/05/2023,20.700000,21.030000,20.610000,20.750000
07/06/2023,21.230000,21.920000,21.190000,21.340000
07/07/2023,21.540000,24.180000,21.060000,21.230000
07/10/2023,21.400000,21.640000,21.140000,21.160000
07/11/2023,21.120000,21.250000,20.870000,20.890000
07/12/2023,20.650000,20.650000,20.360000,20.410000
07/13/2023,20.400000,20.400000,20.210000,20.300000
07/14/2023,20.250000,20.450000,20.210000,20.260000
07/17/2023,20.360000,20.610000,19.970000,20.590000
07/18/2023,20.700000,20.720000,20.470000,20.540000
07/19/2023,20.530000,20.940000,20.420000,20.810000
07/20/2023,20.880000,21.040000,20.670000,20.840000
07/21/2023,20.900000,20.950000,20.570000,20.700000
07/24/2023,20.740000,20.850000,20.530000,20.540000
07/25/2023,20.710000,20.740000,20.460000,20.540000
07/26/2023,20.780000,20.810000,20.320000,20.380000
07/27/2023,20.280000,21.010000,20.100000,20.760000
07/28/2023,20.420000,20.650000,20.370000,20.470000
07/31/2023,20.590000,20.730000,20.430000,20.540000
08/01/2023,20.810000,20.970000,20.710000,20.740000
08/02/2023,21.300000,21.840000,21.270000,21.630000
08/03/2023,21.920000,22.100000,21.470000,21.470000
08/04/2023,21.430000,22.020000,21.140000,21.780000
08/07/2023,21.740000,21.820000,21.440000,21.440000
08/08/2023,21.890000,22.520000,21.710000,21.710000
08/09/2023,21.670000,22.000000,21.480000,21.670000
08/10/2023,21.410000,21.940000,21.080000,21.270000
08/11/2023,21.910000,21.960000,21.430000,21.460000
08/14/2023,21.710000,21.730000,21.300000,21.360000
08/15/2023,21.620000,22.090000,21.560000,22.070000
08/16/2023,21.940000,22.270000,21.780000,22.240000
08/17/2023,22.070000,22.770000,22.060000,22.700000
08/18/2023,23.030000,23.070000,22.420000,22.440000
08/21/2023,22.430000,22.650000,22.200000,22.220000
08/22/2023,22.080000,22.620000,22.080000,22.540000
08/23/2023,22.150000,22.270000,21.780000,21.790000
08/24/2023,21.640000,22.200000,21.630000,22.090000
08/25/2023,21.930000,22.220000,21.450000,21.500000
08/28/2023,21.450000,21.510000,21.180000,21.190000
08/29/2023,21.180000,21.300000,20.720000,20.720000
08/30/2023,20.760000,20.900000,20.210000,20.210000
08/31/2023,20.640000,20.770000,20.080000,20.080000
09/01/2023,20.370000,20.550000,20.240000,20.250000
09/05/2023,20.610000,20.730000,20.420000,20.480000
09/06/2023,20.640000,21.030000,20.630000,20.800000
09/07/2023,21.100000,21.190000,20.580000,20.580000
09/08/2023,20.730000,20.750000,20.320000,20.320000
09/11/2023,20.350000,20.560000,20.140000,20.150000
09/12/2023,20.440000,20.490000,20.260000,20.260000
09/13/2023,20.370000,20.450000,20.130000,20.210000
09/14/2023,20.180000,20.240000,19.780000,19.780000
09/15/2023,20.130000,20.520000,19.970000,20.440000
09/18/2023,20.610000,20.630000,20.190000,20.190000
09/19/2023,20.450000,20.720000,20.190000,20.190000
09/20/2023,20.110000,20.620000,20.030000,20.450000
09/21/2023,21.000000,21.210000,18.930000,21.080000
09/22/2023,21.130000,21.300000,20.880000,21.240000
09/25/2023,21.530000,21.720000,21.330000,21.360000
09/26/2023,21.690000,22.590000,21.610000,22.370000
09/27/2023,22.200000,22.920000,22.120000,22.130000
09/28/2023,22.420000,22.450000,21.840000,22.000000
09/29/2023,21.610000,22.160000,21.500000,21.850000
10/02/2023,22.170000,22.370000,21.770000,22.130000
10/03/2023,22.430000,23.190000,22.280000,23.030000
10/04/2023,22.950000,23.180000,22.680000,22.740000
10/05/2023,22.760000,23.210000,22.650000,22.760000
10/06/2023,23.010000,23.220000,22.150000,22.250000
10/09/2023,22.860000,22.970000,22.400000,22.420000
10/10/2023,22.380000,22.380000,21.940000,22.180000
10/11/2023,22.000000,22.410000,21.860000,21.860000
10/12/2023,21.860000,22.520000,21.660000,22.080000
10/13/2023,22.130000,23.440000,22.120000,23.250000
10/16/2023,22.890000,22.950000,22.620000,22.620000
10/17/2023,22.970000,23.230000,22.460000,22.930000
10/18/2023,22.970000,23.940000,22.920000,23.550000
10/19/2023,23.530000,24.660000,23.330000,24.390000
10/20/2023,24.540000,25.000000,24.200000,24.610000
10/23/2023,24.650000,25.140000,23.860000,24.030000
10/24/2023,23.930000,24.280000,23.320000,23.470000
10/25/2023,23.570000,24.770000,23.490000,24.040000
10/26/2023,24.360000,24.980000,24.190000,24.310000
10/27/2023,24.090000,24.770000,23.990000,24.480000
10/30/2023,24.300000,24.300000,23.680000,23.710000
10/31/2023,23.650000,23.760000,22.960000,23.030000
11/01/2023,23.000000,23.030000,22.340000,22.360000
11/02/2023,22.030000,22.160000,21.880000,21.930000
11/03/2023,21.750000,21.880000,21.300000,21.580000
11/06/2023,21.550000,21.730000,21.440000,21.440000
11/07/2023,21.580000,21.660000,21.360000,21.440000
11/08/2023,21.480000,21.570000,21.160000,21.210000
11/09/2023,21.240000,21.630000,21.140000,21.550000
11/10/2023,21.560000,21.570000,20.910000,21.000000
11/13/2023,21.340000,21.390000,20.910000,21.070000
11/14/2023,20.800000,20.850000,20.610000,20.820000
11/15/2023,20.890000,20.960000,20.650000,20.960000
11/16/2023,21.090000,21.140000,20.770000,20.830000
11/17/2023,20.910000,20.910000,20.700000,20.730000
11/20/2023,20.770000,20.770000,20.510000,20.600000
11/21/2023,20.850000,20.850000,20.470000,20.520000
11/22/2023,20.510000,20.550000,20.340000,20.450000
11/24/2023,20.720000,20.720000,20.360000,20.360000
11/27/2023,20.540000,20.590000,20.210000,20.380000
11/28/2023,20.660000,20.670000,20.090000,20.330000
11/29/2023,20.450000,20.560000,20.240000,20.500000
11/30/2023,20.700000,20.710000,20.440000,20.440000
12/01/2023,20.690000,20.690000,20.230000,20.390000
12/04/2023,20.870000,20.900000,20.600000,20.620000
12/05/2023,20.860000,20.880000,20.510000,20.540000
12/06/2023,20.510000,20.660000,20.360000,20.600000
12/07/2023,20.600000,20.690000,20.370000,20.370000
12/08/2023,20.470000,20.510000,20.220000,20.220000
12/11/2023,20.460000,20.460000,20.130000,20.140000
12/12/2023,20.240000,20.250000,19.680000,19.690000
12/13/2023,19.700000,20.290000,19.660000,19.680000
12/14/2023,19.440000,19.790000,19.370000,19.480000
12/15/2023,19.590000,19.940000,19.510000,19.890000
12/18/2023,19.690000,20.060000,19.640000,20.030000
12/19/2023,19.780000,20.310000,19.770000,20.240000
12/20/2023,20.290000,20.870000,20.190000,20.770000
12/21/2023,20.490000,20.760000,20.460000,20.550000
12/22/2023,20.540000,20.820000,20.530000,20.720000
12/26/2023,20.590000,20.610000,20.380000,20.380000
12/27/2023,20.440000,20.450000,20.040000,20.050000
12/28/2023,20.390000,20.390000,19.930000,20.040000
12/29/2023,20.140000,20.300000,20.040000,20.070000
01/02/2024,20.390000,20.560000,20.190000,20.190000
01/03/2024,20.410000,20.700000,20.220000,20.510000
01/04/2024,20.510000,20.550000,20.280000,20.280000
01/05/2024,20.350000,20.360000,19.960000,20.050000
01/08/2024,20.080000,20.090000,19.570000,19.610000
01/09/2024,19.820000,19.850000,19.500000,19.660000
01/10/2024,19.670000,19.670000,19.140000,19.250000
01/11/2024,19.180000,19.550000,19.120000,19.170000
01/12/2024,19.140000,19.480000,19.100000,19.470000
01/16/2024,19.690000,19.860000,19.490000,19.750000
01/17/2024,19.990000,20.290000,19.880000,20.030000
01/18/2024,19.720000,19.930000,19.530000,19.550000
01/19/2024,19.480000,19.620000,19.180000,19.180000
01/22/2024,19.200000,19.200000,18.940000,18.940000
01/23/2024,18.970000,19.010000,18.680000,18.680000
01/24/2024,18.670000,18.980000,18.260000,18.910000
01/25/2024,18.930000,19.250000,18.630000,19.190000
01/26/2024,19.140000,19.180000,18.820000,19.050000
01/29/2024,19.230000,19.300000,19.010000,19.120000
01/30/2024,19.240000,20.550000,18.810000,20.550000
01/31/2024,19.310000,19.880000,18.990000,19.760000
02/01/2024,19.610000,21.000000,19.230000,19.520000
02/02/2024,19.620000,19.660000,19.390000,19.530000
02/05/2024,19.500000,19.600000,19.140000,19.260000
02/06/2024,19.180000,19.300000,19.040000,19.090000
02/07/2024,18.920000,19.060000,18.760000,18.970000
02/08/2024,18.950000,19.090000,18.900000,18.940000
02/09/2024,18.970000,19.140000,18.940000,19.070000
02/12/2024,19.140000,19.410000,19.090000,19.400000
02/13/2024,19.750000,20.520000,19.590000,19.800000
02/14/2024,19.400000,19.870000,19.310000,19.480000
02/15/2024,19.570000,19.930000,19.360000,19.770000
02/16/2024,19.630000,19.890000,19.430000,19.890000
02/20/2024,20.130000,20.390000,20.000000,20.200000
02/21/2024,20.380000,20.400000,19.870000,19.870000
02/22/2024,19.730000,19.730000,19.380000,19.510000
02/23/2024,19.590000,19.590000,19.360000,19.380000
02/26/2024,19.570000,19.570000,19.290000,19.350000
02/27/2024,19.480000,19.480000,19.160000,19.180000
02/28/2024,19.470000,19.510000,19.260000,19.430000
02/29/2024,19.400000,19.550000,19.210000,19.320000
03/01/2024,19.470000,19.490000,19.050000,19.400000
03/04/2024,19.650000,19.700000,19.480000,19.700000
03/05/2024,19.940000,20.260000,19.790000,20.080000
03/06/2024,19.960000,20.160000,19.850000,20.140000
03/07/2024,20.120000,20.190000,19.950000,20.060000
03/08/2024,20.130000,20.550000,19.910000,20.270000
03/11/2024,20.700000,20.710000,20.450000,20.450000
03/12/2024,20.530000,20.570000,20.100000,20.110000
03/13/2024,20.310000,20.330000,20.120000,20.200000
03/14/2024,20.320000,20.770000,20.170000,20.480000
03/15/2024,20.840000,21.060000,20.600000,20.650000
03/18/2024,20.800000,20.800000,20.500000,20.510000
03/19/2024,20.830000,20.860000,20.240000,20.270000
03/20/2024,20.650000,20.650000,19.970000,19.990000
03/21/2024,20.140000,20.140000,19.920000,19.970000
03/22/2024,20.290000,20.290000,20.010000,20.140000
03/25/2024,20.470000,20.470000,20.080000,20.230000
03/26/2024,20.370000,20.370000,19.950000,20.100000
03/27/2024,20.110000,20.210000,19.870000,19.880000
03/28/2024,20.020000,20.060000,19.500000,20.030000
04/01/2024,20.240000,20.280000,19.930000,19.930000
04/02/2024,20.340000,20.510000,20.240000,20.240000
04/03/2024,20.460000,20.460000,20.190000,20.210000
04/04/2024,20.140000,20.930000,20.030000,20.780000
04/05/2024,20.910000,20.930000,20.580000,20.830000
04/08/2024,20.870000,20.870000,20.440000,20.470000
04/09/2024,20.570000,20.850000,20.120000,20.380000
04/10/2024,20.920000,21.550000,20.310000,20.700000
04/11/2024,20.920000,21.240000,20.440000,20.450000
04/12/2024,21.080000,21.730000,20.890000,21.290000
04/15/2024,21.050000,22.030000,20.880000,22.000000
04/16/2024,21.920000,22.100000,21.420000,21.570000
04/17/2024,21.760000,21.920000,21.290000,21.520000
04/18/2024,21.570000,21.610000,21.150000,21.410000
04/19/2024,22.060000,22.080000,21.280000,21.590000
04/22/2024,21.360000,21.380000,20.430000,20.500000
04/23/2024,20.430000,20.430000,19.890000,20.000000
04/24/2024,20.200000,20.620000,19.820000,20.040000
04/25/2024,20.370000,20.480000,19.210000,19.600000
04/26/2024,19.640000,19.890000,19.340000,19.600000
04/29/2024,19.580000,19.630000,19.380000,19.440000
04/30/2024,19.550000,19.890000,19.350000,19.650000
05/01/2024,19.840000,19.870000,19.130000,19.720000
05/02/2024,19.590000,19.770000,19.360000,19.400000
05/03/2024,19.160000,20.570000,18.970000,18.980000
05/06/2024,18.990000,19.040000,18.740000,18.880000
05/07/2024,18.970000,18.980000,18.720000,18.870000
05/08/2024,19.120000,19.120000,18.600000,18.690000
05/09/2024,18.740000,18.760000,18.500000,18.550000
05/10/2024,18.600000,18.680000,18.510000,18.680000
05/13/2024,18.860000,18.870000,18.590000,18.650000
05/14/2024,18.720000,18.760000,18.570000,18.720000
05/15/2024,18.520000,18.530000,18.230000,18.280000
05/16/2024,18.320000,18.390000,18.250000,18.370000
05/17/2024,18.360000,18.390000,18.220000,18.310000
05/20/2024,18.370000,18.400000,18.230000,18.330000
05/21/2024,18.520000,18.530000,18.250000,18.270000
05/22/2024,18.370000,18.530000,18.240000,18.470000
05/23/2024,18.360000,18.790000,18.360000,18.660000
05/24/2024,18.590000,18.740000,18.400000,18.440000
05/28/2024,18.510000,18.740000,18.470000,18.560000
05/29/2024,18.960000,19.000000,18.730000,18.890000
05/30/2024,18.950000,18.950000,18.670000,18.900000
05/31/2024,18.790000,19.100000,18.400000,18.400000
06/03/2024,18.540000,18.780000,18.380000,18.500000
06/04/2024,18.740000,18.760000,18.510000,18.610000
06/05/2024,18.610000,18.620000,18.330000,18.370000
06/06/2024,18.450000,18.450000,18.300000,18.350000
06/07/2024,18.490000,18.500000,18.140000,18.250000
06/10/2024,18.530000,18.550000,18.270000,18.320000
06/11/2024,18.480000,18.500000,18.240000,18.250000
06/12/2024,18.200000,18.220000,18.030000,18.210000
06/13/2024,18.230000,18.470000,18.110000,18.250000
06/14/2024,18.570000,18.660000,18.430000,18.590000
06/17/2024,18.730000,18.780000,18.470000,18.560000
06/18/2024,18.590000,18.850000,18.530000,18.590000
06/20/2024,18.680000,19.180000,18.660000,19.090000
06/21/2024,19.540000,19.940000,19.050000,19.130000
06/24/2024,19.300000,19.340000,19.030000,19.250000
06/25/2024,19.170000,19.190000,18.870000,18.900000
06/26/2024,19.100000,19.100000,18.800000,18.890000
06/27/2024,18.890000,18.930000,18.660000,18.660000
06/28/2024,18.740000,18.810000,18.530000,18.730000
07/01/2024,18.780000,18.880000,18.420000,18.480000
07/02/2024,18.650000,18.650000,18.290000,18.380000
07/03/2024,18.360000,18.770000,18.300000,18.400000
07/05/2024,18.430000,18.500000,18.320000,18.440000
07/08/2024,18.490000,18.530000,18.380000,18.380000
07/09/2024,18.420000,18.570000,18.310000,18.480000
07/10/2024,18.500000,18.510000,18.330000,18.500000
07/11/2024,18.730000,18.850000,18.370000,18.800000
07/12/2024,18.860000,18.860000,18.310000,18.610000
07/15/2024,18.780000,18.910000,18.420000,18.860000
07/16/2024,18.960000,18.970000,18.600000,18.860000
07/17/2024,19.360000,19.470000,18.860000,19.280000
07/18/2024,19.380000,19.790000,18.960000,19.550000
07/19/2024,20.060000,20.060000,19.480000,19.830000
07/22/2024,19.710000,19.710000,19.070000,19.350000
07/23/2024,19.420000,19.530000,18.960000,19.370000
07/24/2024,19.700000,20.490000,19.510000,20.410000
07/25/2024,20.390000,20.780000,19.650000,20.560000
07/26/2024,20.280000,20.290000,19.590000,19.630000
07/29/2024,19.710000,19.730000,19.360000,19.510000
07/30/2024,19.470000,25.280000,19.340000,19.930000
07/31/2024,19.390000,19.400000,18.930000,19.250000
08/01/2024,19.280000,20.690000,19.230000,20.430000
08/02/2024,21.290000,23.450000,21.140000,22.430000
08/05/2024,32.020000,33.320000,23.800000,26.380000
08/06/2024,25.000000,27.330000,22.180000,23.960000
08/07/2024,22.400000,25.340000,21.930000,24.090000
08/08/2024,23.440000,24.330000,22.820000,23.300000
08/09/2024,23.620000,23.650000,21.820000,21.860000
08/12/2024,21.770000,23.380000,20.950000,21.910000
08/13/2024,21.640000,21.980000,20.970000,21.060000
08/14/2024,21.020000,21.340000,20.530000,20.720000
08/15/2024,20.330000,20.400000,19.440000,19.990000
08/16/2024,20.480000,26.760000,19.940000,20.080000
08/19/2024,20.490000,20.510000,19.920000,20.040000
08/20/2024,20.230000,20.980000,20.020000,20.660000
08/21/2024,20.810000,23.560000,20.780000,21.440000
08/22/2024,21.060000,21.660000,20.480000,21.650000
08/23/2024,21.120000,21.340000,20.740000,21.240000
08/26/2024,20.330000,20.680000,20.160000,20.270000
08/27/2024,20.560000,20.670000,19.870000,20.040000
08/28/2024,20.090000,21.000000,20.080000,20.810000
08/29/2024,20.290000,20.580000,19.890000,20.180000
08/30/2024,20.170000,21.060000,19.960000,20.290000
09/03/2024,20.390000,22.380000,20.320000,22.010000
09/04/2024,23.500000,23.560000,21.340000,22.760000
09/05/2024,22.780000,23.180000,22.040000,22.430000
09/06/2024,21.250000,23.700000,21.250000,23.380000
09/09/2024,22.630000,22.920000,22.110000,22.270000
09/10/2024,22.130000,26.590000,22.030000,22.190000
09/11/2024,21.350000,43.800000,21.270000,21.630000
09/12/2024,21.620000,22.050000,21.440000,21.910000
09/13/2024,21.640000,22.440000,21.410000,21.650000
09/16/2024,21.720000,24.780000,21.690000,21.830000
09/17/2024,21.660000,22.840000,20.800000,22.080000
09/18/2024,22.090000,24.910000,21.600000,22.250000
09/19/2024,21.410000,21.950000,21.320000,21.520000
09/20/2024,21.530000,22.200000,21.290000,21.470000
09/23/2024,21.510000,21.890000,21.270000,21.410000
09/24/2024,21.410000,25.570000,21.240000,21.290000
09/25/2024,21.310000,21.970000,21.170000,21.490000
09/26/2024,21.680000,22.960000,21.320000,21.600000
09/27/2024,21.460000,22.620000,21.390000,22.230000
09/30/2024,22.180000,23.390000,21.720000,21.850000
10/01/2024,21.910000,43.020000,21.910000,22.660000
10/02/2024,22.750000,23.100000,22.340000,22.430000
10/03/2024,22.780000,23.820000,22.340000,22.860000
10/04/2024,22.440000,22.990000,22.170000,22.320000
10/07/2024,22.550000,23.430000,22.450000,23.200000
10/08/2024,22.730000,23.370000,22.560000,22.800000
10/09/2024,22.770000,23.540000,22.390000,22.550000
10/10/2024,22.550000,25.220000,22.420000,22.540000
10/11/2024,22.590000,24.720000,22.350000,22.470000
10/14/2024,22.230000,22.240000,21.850000,21.950000
10/15/2024,21.810000,22.150000,21.610000,22.140000
10/16/2024,22.080000,22.750000,21.910000,21.920000
10/17/2024,21.750000,22.000000,21.570000,21.660000
10/18/2024,21.570000,21.640000,21.230000,21.290000
10/21/2024,21.450000,21.730000,21.220000,21.260000
10/22/2024,21.580000,21.740000,21.140000,21.260000
10/23/2024,21.290000,22.040000,21.160000,21.640000
10/24/2024,21.440000,24.360000,21.440000,21.610000
10/25/2024,21.340000,22.170000,21.260000,21.980000
10/28/2024,21.500000,21.780000,21.270000,21.600000
10/29/2024,21.670000,21.760000,21.240000,21.440000
10/30/2024,21.700000,25.240000,21.460000,21.940000
10/31/2024,22.330000,24.090000,22.170000,22.730000
11/01/2024,22.530000,22.570000,22.130000,22.410000
11/04/2024,22.530000,22.710000,22.100000,22.370000
11/05/2024,22.190000,22.250000,21.320000,21.510000
11/06/2024,20.480000,21.140000,20.270000,20.470000
11/07/2024,20.160000,20.460000,20.080000,20.260000
11/08/2024,20.050000,20.350000,19.950000,20.240000
11/11/2024,20.170000,20.400000,19.810000,20.140000
11/12/2024,20.140000,20.430000,19.880000,20.170000
11/13/2024,20.250000,20.370000,19.920000,20.060000
11/14/2024,20.020000,20.200000,19.680000,20.190000
11/15/2024,20.290000,21.130000,20.260000,20.720000
11/18/2024,20.750000,20.810000,20.240000,20.400000
11/19/2024,20.900000,20.930000,20.300000,20.520000
11/20/2024,20.580000,21.290000,20.430000,20.750000
11/21/2024,20.540000,21.480000,20.460000,20.630000
11/22/2024,20.630000,20.790000,20.230000,20.260000
11/25/2024,20.040000,20.430000,19.930000,20.060000
11/26/2024,20.040000,21.480000,19.790000,19.890000
11/27/2024,19.910000,20.220000,19.570000,20.030000
11/29/2024,19.930000,19.930000,19.410000,19.740000
12/02/2024,19.800000,20.460000,19.750000,19.810000
12/03/2024,19.870000,20.090000,19.810000,19.820000
12/04/2024,19.820000,21.700000,19.800000,20.080000
12/05/2024,20.150000,20.280000,20.100000,20.240000
12/06/2024,20.060000,20.550000,19.950000,20.180000
12/09/2024,20.170000,20.600000,20.150000,20.580000
12/10/2024,20.440000,20.680000,20.320000,20.530000
12/11/2024,20.300000,20.850000,20.280000,20.590000
12/12/2024,20.520000,20.730000,20.410000,20.730000
12/13/2024,20.520000,20.970000,20.460000,20.870000
12/16/2024,20.760000,21.140000,20.750000,21.000000
12/17/2024,21.120000,21.220000,20.940000,21.140000
12/18/2024,21.180000,26.230000,20.880000,23.880000
12/19/2024,21.980000,23.340000,21.910000,23.310000
12/20/2024,23.300000,24.090000,21.670000,21.940000
12/23/2024,21.710000,22.840000,21.240000,21.240000
12/24/2024,21.230000,21.310000,20.570000,20.800000
12/26/2024,20.600000,20.970000,20.500000,20.740000
12/27/2024,20.930000,21.670000,20.850000,20.890000
12/30/2024,21.470000,22.110000,20.960000,21.360000
12/31/2024,21.070000,22.810000,20.920000,21.480000
01/02/2025,21.210000,22.950000,21.190000,21.620000
01/03/2025,21.350000,22.900000,20.760000,20.870000
01/06/2025,20.630000,20.930000,20.470000,20.790000
01/07/2025,20.640000,21.570000,20.640000,21.240000
01/08/2025,21.380000,21.780000,20.980000,21.210000
01/10/2025,21.710000,22.150000,21.390000,22.020000
01/13/2025,22.510000,22.590000,21.380000,21.550000
01/14/2025,21.330000,21.790000,21.180000,21.300000
01/15/2025,20.760000,20.940000,20.470000,20.640000
01/16/2025,20.620000,20.810000,20.360000,20.800000
01/17/2025,20.410000,20.980000,20.370000,20.680000
01/21/2025,20.350000,20.600000,20.170000,20.220000
01/22/2025,19.900000,20.940000,19.810000,20.400000
01/23/2025,20.420000,20.560000,20.040000,20.160000
01/24/2025,20.180000,20.630000,20.070000,20.180000
01/27/2025,21.440000,21.440000,20.580000,20.610000
01/28/2025,20.500000,21.000000,20.000000,20.080000
01/29/2025,20.110000,21.030000,19.680000,19.680000
01/30/2025,19.970000,20.270000,19.530000,20.090000
01/31/2025,19.920000,20.560000,19.790000,20.390000
02/03/2025,21.200000,21.840000,20.120000,20.780000
02/04/2025,21.200000,21.210000,20.190000,20.660000
02/05/2025,20.340000,20.550000,19.930000,19.930000
02/06/2025,19.980000,20.320000,19.860000,20.110000
02/07/2025,19.960000,20.700000,19.550000,20.420000
02/10/2025,20.190000,20.940000,20.030000,20.210000
02/11/2025,20.320000,20.990000,19.780000,20.240000
02/12/2025,20.520000,20.970000,20.060000,20.300000
02/13/2025,20.240000,20.410000,19.840000,20.070000
02/14/2025,20.000000,20.300000,19.970000,20.140000
02/18/2025,20.220000,20.450000,20.040000,20.330000
02/19/2025,20.370000,20.520000,20.010000,20.420000
02/20/2025,20.530000,20.930000,20.190000,20.570000
02/21/2025,20.600000,21.460000,20.410000,21.260000
02/24/2025,21.040000,21.630000,20.560000,21.340000
02/25/2025,21.440000,22.080000,20.940000,21.390000
02/26/2025,21.350000,21.650000,20.620000,21.270000
02/27/2025,21.030000,22.140000,20.740000,22.130000
02/28/2025,22.110000,22.360000,20.970000,21.300000
03/03/2025,21.290000,22.600000,20.810000,22.030000
03/04/2025,22.630000,23.400000,21.420000,22.290000
03/05/2025,22.330000,22.890000,21.600000,21.950000
03/06/2025,22.590000,23.310000,22.030000,22.690000
03/07/2025,22.970000,23.530000,22.220000,22.490000
03/10/2025,23.310000,24.360000,22.960000,23.800000
03/11/2025,23.800000,24.980000,23.050000,24.390000
03/12/2025,23.800000,24.400000,23.400000,23.550000
03/13/2025,23.580000,24.110000,23.350000,23.670000
03/14/2025,23.260000,23.300000,22.570000,22.700000
03/17/2025,22.740000,22.740000,22.070000,22.190000
03/18/2025,21.210000,23.040000,21.200000,22.630000
03/19/2025,22.550000,22.610000,21.650000,22.200000
03/20/2025,22.550000,22.560000,21.810000,22.070000
03/21/2025,22.330000,22.430000,21.820000,21.820000
03/24/2025,21.500000,21.550000,21.090000,21.170000
03/25/2025,21.030000,21.300000,21.010000,21.100000
03/26/2025,21.210000,22.080000,21.150000,21.790000
03/27/2025,21.880000,22.090000,21.490000,21.760000
03/28/2025,21.980000,23.130000,21.870000,23.020000
03/31/2025,23.670000,24.110000,22.490000,22.750000
04/01/2025,23.280000,23.360000,22.500000,22.740000
04/02/2025,23.540000,23.540000,21.400000,21.400000
04/03/2025,24.470000,37.490000,24.120000,25.290000
04/04/2025,26.530000,29.430000,26.160000,29.220000
04/07/2025,30.130000,31.530000,25.770000,28.070000
04/08/2025,26.630000,32.530000,26.450000,30.690000
04/09/2025,30.730000,32.720000,24.440000,24.930000
04/10/2025,26.320000,31.940000,26.320000,28.860000
04/11/2025,29.480000,30.510000,28.440000,28.460000
04/14/2025,27.000000,28.010000,26.320000,26.970000
04/15/2025,27.030000,27.030000,25.930000,26.490000
04/16/2025,27.230000,28.330000,26.570000,27.820000
04/17/2025,27.510000,27.860000,27.030000,27.150000
04/21/2025,27.710000,29.140000,27.700000,28.620000
04/22/2025,27.770000,28.220000,26.810000,27.400000
04/23/2025,26.250000,27.650000,25.550000,26.720000
04/24/2025,26.440000,26.690000,25.480000,25.580000
04/25/2025,25.640000,25.950000,24.690000,25.150000
04/28/2025,24.880000,25.910000,24.780000,25.380000
04/29/2025,25.430000,25.540000,24.670000,25.380000
04/30/2025,26.210000,26.630000,25.150000,25.630000
05/01/2025,25.270000,25.550000,24.820000,25.490000
05/02/2025,24.740000,25.020000,24.400000,24.530000
05/05/2025,24.880000,24.980000,24.250000,24.780000
05/06/2025,25.350000,25.410000,24.820000,25.340000
05/07/2025,25.260000,28.720000,24.960000,25.110000
05/08/2025,24.730000,24.980000,24.250000,24.610000
05/09/2025,24.220000,24.660000,24.030000,24.500000
05/12/2025,23.160000,23.170000,22.130000,22.440000
05/13/2025,22.160000,22.160000,21.450000,22.120000
05/14/2025,22.070000,22.500000,21.970000,22.310000
05/15/2025,22.510000,22.580000,22.060000,22.170000
05/16/2025,22.120000,22.990000,21.950000,22.200000
05/19/2025,22.730000,22.740000,22.160000,22.500000
05/20/2025,22.500000,22.760000,22.130000,22.480000
05/21/2025,22.620000,23.700000,22.280000,23.620000
05/22/2025,23.580000,23.850000,23.040000,23.530000
05/23/2025,24.300000,24.410000,23.610000,24.350000
05/27/2025,23.450000,23.640000,22.540000,22.870000
05/28/2025,22.920000,23.240000,22.610000,23.110000
05/29/2025,22.820000,23.310000,22.660000,23.100000
05/30/2025,23.260000,23.660000,22.680000,23.000000
06/02/2025,23.160000,25.680000,22.690000,22.820000
06/03/2025,22.820000,22.940000,22.350000,22.660000
06/04/2025,22.590000,23.460000,22.490000,22.790000
06/05/2025,22.500000,23.170000,22.400000,22.680000
06/06/2025,22.470000,22.660000,22.290000,22.390000
06/09/2025,22.430000,22.730000,22.250000,22.490000
06/10/2025,22.440000,22.790000,22.290000,22.440000
06/11/2025,22.150000,23.340000,22.130000,22.450000
06/12/2025,22.770000,22.930000,22.510000,22.690000
06/13/2025,23.080000,23.910000,22.920000,23.430000
06/16/2025,23.060000,23.070000,22.480000,22.870000
06/17/2025,23.250000,23.840000,22.860000,23.730000
06/18/2025,23.460000,23.830000,23.200000,23.410000
06/20/2025,23.020000,23.790000,22.980000,23.640000
06/23/2025,23.830000,24.080000,23.120000,23.250000
06/24/2025,22.940000,22.940000,22.400000,22.740000
06/25/2025,22.600000,22.830000,22.590000,22.630000
06/26/2025,22.730000,22.730000,21.930000,22.530000
06/27/2025,22.550000,22.960000,22.220000,22.720000
06/30/2025,22.470000,22.640000,22.370000,22.480000
07/01/2025,22.460000,22.690000,22.340000,22.560000
07/02/2025,22.520000,22.630000,22.270000,22.300000
07/03/2025,22.270000,22.330000,21.760000,22.310000
07/07/2025,22.510000,22.850000,22.410000,22.680000
07/08/2025,22.410000,22.520000,22.090000,22.200000
07/09/2025,21.970000,22.300000,21.540000,22.010000
07/10/2025,21.990000,22.120000,21.930000,21.990000
07/11/2025,22.250000,22.360000,22.070000,22.230000
07/14/2025,22.370000,22.480000,22.230000,22.450000
07/15/2025,22.210000,22.580000,22.210000,22.560000
07/16/2025,22.420000,23.430000,22.410000,22.640000
07/17/2025,22.650000,22.770000,22.330000,22.590000
07/18/2025,22.540000,22.950000,22.410000,22.490000
07/21/2025,22.420000,22.430000,22.210000,22.400000
07/22/2025,22.490000,22.750000,22.290000,22.350000
07/23/2025,22.200000,22.260000,21.530000,21.790000
07/24/2025,21.780000,21.920000,21.510000,21.800000
07/25/2025,21.810000,21.820000,21.550000,21.640000
07/28/2025,21.520000,21.620000,21.400000,21.400000
07/29/2025,21.410000,21.830000,21.130000,21.760000
07/30/2025,21.820000,21.980000,20.980000,21.470000
07/31/2025,21.460000,22.550000,21.320000,21.820000
08/01/2025,22.610000,23.090000,22.290000,22.740000
08/04/2025,22.370000,22.380000,21.870000,21.890000
08/05/2025,21.920000,25.310000,21.850000,21.900000
08/06/2025,22.120000,22.120000,21.750000,21.950000
08/07/2025,21.740000,22.290000,21.350000,21.970000
08/08/2025,21.850000,21.950000,21.690000,21.690000
08/11/2025,21.810000,22.020000,21.750000,21.920000
08/12/2025,21.730000,22.030000,21.570000,21.790000
08/13/2025,21.530000,21.780000,21.480000,21.710000
08/14/2025,21.950000,22.020000,21.680000,21.920000
08/15/2025,21.700000,21.890000,21.680000,21.860000
08/18/2025,21.900000,21.960000,21.570000,21.710000
08/19/2025,21.710000,22.060000,21.580000,21.980000
08/20/2025,21.740000,22.490000,21.740000,22.020000
08/21/2025,22.320000,22.440000,21.940000,22.220000
08/22/2025,22.160000,22.170000,21.250000,21.490000
08/25/2025,21.630000,21.720000,21.430000,21.670000
08/26/2025,21.880000,21.880000,21.660000,21.690000
08/27/2025,21.830000,21.850000,21.450000,21.740000
08/28/2025,21.630000,21.800000,21.360000,21.660000
08/29/2025,21.770000,22.070000,21.570000,21.920000
09/02/2025,22.770000,22.820000,21.980000,22.200000
09/03/2025,22.250000,22.290000,21.870000,22.010000
09/04/2025,22.070000,22.070000,21.440000,21.740000
09/05/2025,21.660000,22.310000,21.610000,21.870000
09/08/2025,21.810000,21.920000,21.420000,21.800000
09/09/2025,21.840000,22.010000,21.770000,21.870000
09/10/2025,21.750000,22.040000,21.690000,21.930000
09/11/2025,21.800000,21.870000,21.710000,21.830000
09/12/2025,21.860000,21.910000,21.590000,21.870000
09/15/2025,21.770000,22.080000,21.770000,22.050000
09/16/2025,22.000000,22.370000,22.000000,22.320000
09/17/2025,21.950000,22.550000,21.740000,22.120000
09/18/2025,21.950000,22.070000,21.790000,22.050000
09/19/2025,21.970000,22.160000,21.640000,22.080000
09/22/2025,22.260000,22.380000,22.130000,22.380000
09/23/2025,22.370000,22.770000,22.100000,22.650000
09/24/2025,22.610000,23.020000,22.470000,22.530000
09/25/2025,22.860000,23.000000,22.440000,22.570000
09/26/2025,22.480000,22.570000,22.070000,22.130000
09/29/2025,22.140000,22.410000,22.110000,22.370000
09/30/2025,22.440000,22.630000,22.020000,22.330000
10/01/2025,22.540000,22.540000,22.090000,22.420000
10/02/2025,22.380000,22.640000,22.280000,22.630000
10/03/2025,22.620000,22.870000,22.310000,22.740000
10/06/2025,22.700000,22.840000,22.530000,22.780000
10/07/2025,22.750000,22.980000,22.490000,22.900000
10/08/2025,22.830000,22.930000,22.720000,22.810000
10/09/2025,22.820000,23.120000,22.780000,22.780000
10/10/2025,22.820000,24.350000,22.630000,24.050000
10/13/2025,23.460000,23.700000,23.070000,23.460000
10/14/2025,24.090000,24.570000,23.280000,23.850000
10/15/2025,23.510000,24.370000,23.170000,23.910000
10/16/2025,23.780000,25.140000,23.720000,25.060000
10/17/2025,24.810000,25.030000,23.500000,23.860000
10/20/2025,23.530000,23.530000,22.780000,23.140000
10/21/2025,23.220000,23.370000,22.980000,23.140000
10/22/2025,22.870000,23.900000,22.870000,23.360000
10/23/2025,23.360000,23.400000,22.950000,23.020000
10/24/2025,22.710000,22.800000,22.440000,22.790000
10/27/2025,22.520000,22.820000,22.510000,22.770000
10/28/2025,22.740000,23.230000,22.720000,23.210000
10/29/2025,23.180000,23.480000,23.070000,23.270000
10/30/2025,23.340000,23.540000,23.040000,23.350000
10/31/2025,23.210000,23.790000,23.210000,23.580000
11/03/2025,23.470000,23.900000,23.380000,23.740000
11/04/2025,24.210000,24.310000,23.840000,24.070000
11/05/2025,23.960000,24.010000,23.270000,23.700000
11/06/2025,23.740000,24.350000,23.670000,24.150000
11/07/2025,24.390000,24.710000,23.930000,24.010000
11/10/2025,23.550000,23.920000,23.200000,23.770000
11/11/2025,23.690000,23.910000,23.630000,23.830000
11/12/2025,23.740000,24.030000,23.740000,23.860000
11/13/2025,23.930000,24.760000,23.830000,24.460000
11/14/2025,24.880000,25.160000,24.070000,24.360000
11/17/2025,24.590000,25.150000,24.210000,24.820000
11/18/2025,25.190000,25.740000,24.740000,25.330000
11/19/2025,25.180000,25.570000,24.750000,25.270000
11/20/2025,24.250000,26.330000,24.130000,26.040000
11/21/2025,25.830000,26.550000,25.230000,25.580000
11/24/2025,25.430000,25.430000,24.600000,24.660000
11/25/2025,24.630000,24.920000,24.100000,24.130000
11/26/2025,23.990000,24.090000,23.800000,23.870000
11/28/2025,23.610000,23.920000,20.050000,23.660000
12/01/2025,23.940000,24.050000,23.610000,23.940000
12/02/2025,23.700000,23.870000,23.600000,23.670000
12/03/2025,23.810000,23.900000,23.570000,23.650000
12/04/2025,23.580000,23.820000,23.530000,23.550000
12/05/2025,23.520000,23.700000,23.340000,23.360000
12/08/2025,23.440000,23.750000,23.400000,23.600000
12/09/2025,23.640000,23.700000,23.440000,23.690000
12/10/2025,23.760000,23.840000,23.260000,23.330000
12/11/2025,23.460000,23.640000,23.050000,23.150000
12/12/2025,23.130000,23.790000,23.080000,23.290000
12/15/2025,23.150000,23.670000,23.140000,23.410000
12/16/2025,23.490000,24.070000,23.260000,23.360000
12/17/2025,23.220000,23.680000,23.040000,23.530000
12/18/2025,23.220000,23.500000,23.060000,23.230000
12/19/2025,22.970000,22.970000,22.560000,22.570000
12/22/2025,22.400000,22.480000,22.250000,22.300000
12/23/2025,22.310000,22.370000,22.220000,22.360000
12/24/2025,22.380000,22.390000,22.280000,22.380000
12/26/2025,22.420000,22.460000,22.340000,22.420000
12/29/2025,22.590000,22.600000,22.360000,22.430000
12/30/2025,22.410000,22.450000,22.200000,22.430000
12/31/2025,22.290000,22.570000,22.290000,22.540000
01/02/2026,22.350000,22.620000,22.290000,22.420000
01/05/2026,22.320000,22.510000,22.110000,22.500000
01/06/2026,22.460000,22.510000,22.230000,22.380000
01/07/2026,22.530000,23.020000,22.200000,22.610000
01/08/2026,22.670000,22.730000,22.380000,22.440000
01/09/2026,22.550000,22.980000,22.180000,22.290000
01/12/2026,22.410000,22.430000,22.230000,22.370000
01/13/2026,22.350000,22.800000,22.350000,22.670000
01/14/2026,22.900000,23.270000,22.760000,22.920000
01/15/2026,22.660000,22.780000,22.560000,22.710000
01/16/2026,22.650000,22.840000,22.410000,22.620000
01/20/2026,23.460000,23.710000,23.150000,23.540000
01/21/2026,23.250000,23.550000,22.670000,22.790000
01/22/2026,22.540000,22.810000,22.480000,22.630000
01/23/2026,22.680000,22.820000,22.190000,22.820000
01/26/2026,22.760000,22.860000,22.540000,22.850000
01/27/2026,22.790000,22.970000,22.590000,22.970000
01/28/2026,22.940000,23.290000,22.850000,23.020000
01/29/2026,23.140000,23.820000,23.060000,23.180000
01/30/2026,23.310000,23.590000,22.980000,23.390000
02/02/2026,23.450000,23.480000,22.710000,23.120000
02/03/2026,23.070000,23.960000,22.930000,23.430000
02/04/2026,23.430000,24.110000,23.100000,23.470000
02/05/2026,24.250000,24.540000,23.700000,24.380000
02/06/2026,23.990000,24.000000,23.430000,23.530000
02/09/2026,23.730000,23.740000,23.220000,23.400000
02/10/2026,23.420000,23.720000,23.190000,23.700000
02/11/2026,23.420000,23.930000,23.380000,23.660000
02/12/2026,23.560000,24.400000,23.510000,24.340000
02/13/2026,24.380000,24.700000,23.870000,24.390000
02/17/2026,24.510000,24.790000,23.900000,24.070000
02/18/2026,23.850000,24.250000,23.710000,24.050000
02/19/2026,24.510000,24.730000,24.260000,24.470000
02/20/2026,24.650000,26.350000,23.830000,24.180000
02/23/2026,24.270000,25.120000,24.130000,24.710000
02/24/2026,24.780000,25.030000,24.020000,24.410000
02/25/2026,24.240000,24.540000,23.650000,23.680000
02/26/2026,23.910000,24.540000,23.880000,24.120000
02/27/2026,24.540000,24.770000,24.200000,24.400000
03/02/2026,24.910000,24.950000,24.220000,24.750000
03/03/2026,25.410000,26.230000,24.530000,24.990000
03/04/2026,24.580000,24.870000,24.020000,24.130000
03/05/2026,24.690000,25.470000,24.570000,25.080000
03/06/2026,25.960000,26.670000,25.250000,26.220000
03/09/2026,26.560000,27.310000,25.110000,25.600000
03/10/2026,25.420000,28.320000,25.040000,25.770000
03/11/2026,25.670000,26.140000,25.400000,25.430000
03/12/2026,25.990000,26.280000,25.700000,26.240000
03/13/2026,25.810000,26.760000,25.560000,26.750000
03/16/2026,25.800000,26.010000,25.410000,25.630000
03/17/2026,25.300000,25.610000,25.160000,25.430000
03/18/2026,25.640000,27.230000,25.510000,26.480000
03/19/2026,27.270000,27.300000,26.030000,26.230000
03/20/2026,26.280000,27.450000,26.260000,26.840000
03/23/2026,25.950000,27.830000,25.550000,26.520000
03/24/2026,26.830000,26.980000,26.310000,26.640000
03/25/2026,26.110000,26.640000,25.910000,26.340000
03/26/2026,26.740000,27.200000,26.280000,26.760000
03/27/2026,27.560000,28.180000,27.270000,28.090000
03/30/2026,27.390000,28.200000,27.330000,28.070000
03/31/2026,27.420000,27.520000,26.450000,26.480000
04/01/2026,26.190000,26.310000,25.710000,25.840000
04/02/2026,26.580000,26.780000,25.550000,25.730000
04/06/2026,25.730000,25.840000,25.280000,25.620000
04/07/2026,25.680000,26.360000,25.680000,25.780000
04/08/2026,24.240000,27.160000,24.140000,24.450000
04/09/2026,24.500000,24.590000,23.880000,24.110000
04/10/2026,23.990000,24.450000,23.810000,24.250000
04/13/2026,24.450000,24.860000,23.930000,23.960000
04/14/2026,23.760000,24.050000,23.640000,23.950000
04/15/2026,23.640000,24.220000,23.640000,24.020000
04/16/2026,23.970000,24.330000,23.750000,23.940000
04/17/2026,23.660000,23.820000,23.520000,23.660000
04/20/2026,23.790000,24.130000,23.700000,23.950000
04/21/2026,23.870000,24.350000,23.670000,24.030000
04/22/2026,23.880000,25.390000,23.800000,23.950000
04/23/2026,24.000000,25.680000,23.870000,24.040000
04/24/2026,23.910000,24.040000,23.670000,24.030000
04/27/2026,24.050000,24.180000,23.950000,24.040000
04/28/2026,24.320000,24.330000,23.980000,23.980000
04/29/2026,23.960000,25.850000,23.880000,24.210000
04/30/2026,23.880000,24.970000,23.640000,23.650000
05/01/2026,23.520000,23.800000,23.380000,23.780000
05/04/2026,23.870000,24.260000,23.550000,24.070000
05/05/2026,23.750000,24.070000,23.640000,24.010000
05/06/2026,23.810000,24.070000,23.560000,24.020000
05/07/2026,23.910000,24.070000,23.480000,23.870000
05/08/2026,23.990000,25.160000,23.810000,23.930000
05/11/2026,24.220000,24.220000,23.830000,23.990000
05/12/2026,24.050000,24.300000,23.940000,24.000000
05/13/2026,24.110000,24.410000,23.910000,24.210000
05/14/2026,24.180000,24.410000,23.940000,23.950000
05/15/2026,24.200000,24.290000,23.890000,24.040000
05/18/2026,23.970000,24.010000,23.620000,23.690000
05/19/2026,23.800000,23.950000,23.580000,23.790000
05/20/2026,23.730000,24.220000,23.340000,23.710000
05/21/2026,23.820000,23.820000,23.330000,23.370000
05/22/2026,23.390000,25.680000,23.240000,23.440000
05/26/2026,23.360000,23.490000,23.290000,23.490000
05/27/2026,23.530000,24.290000,23.410000,23.410000
05/28/2026,23.450000,23.710000,23.290000,23.340000
05/29/2026,23.300000,25.090000,23.030000,23.060000
06/01/2026,23.250000,23.420000,22.860000,23.400000
06/02/2026,23.420000,25.320000,23.350000,23.450000
06/03/2026,23.510000,25.520000,23.380000,24.100000
06/04/2026,23.690000,23.760000,23.260000,23.370000
06/05/2026,23.480000,24.360000,23.400000,24.330000
06/08/2026,23.560000,23.810000,23.420000,23.700000
06/09/2026,23.440000,25.850000,23.350000,23.870000
06/10/2026,24.130000,25.140000,23.890000,24.600000
06/11/2026,24.630000,27.740000,23.820000,23.950000
06/12/2026,23.900000,26.100000,23.680000,23.750000
06/15/2026,23.220000,23.470000,23.180000,23.320000
06/16/2026,23.260000,23.470000,23.240000,23.380000
06/17/2026,23.310000,24.170000,23.040000,23.860000
06/18/2026,23.360000,23.940000,23.360000,23.850000
06/22/2026,23.410000,23.850000,23.350000,23.540000
06/23/2026,24.270000,24.380000,23.820000,24.280000
06/24/2026,23.920000,24.760000,23.550000,23.580000
06/25/2026,23.380000,23.890000,23.310000,23.500000
06/26/2026,23.920000,24.010000,23.210000,23.450000
06/29/2026,23.280000,23.540000,23.080000,23.160000
06/30/2026,23.160000,23.170000,22.940000,23.030000
07/01/2026,23.100000,23.230000,22.870000,23.190000
07/02/2026,23.090000,23.510000,22.950000,23.160000
07/06/2026,22.950000,23.150000,22.820000,23.050000
07/07/2026,23.110000,23.300000,22.980000,23.130000
07/08/2026,23.420000,23.600000,22.850000,23.220000
07/09/2026,23.150000,23.260000,23.020000,23.090000
07/10/2026,23.010000,23.250000,22.690000,22.970000
07/13/2026,23.140000,32.080000,23.100000,23.420000
07/14/2026,23.350000,27.560000,23.210000,23.280000
07/15/2026,23.140000,23.420000,23.100000,23.130000
07/16/2026,23.210000,26.500000,23.130000,23.410000
07/17/2026,23.960000,25.230000,23.570000,23.820000
07/20/2026,23.490000,23.710000,23.370000,23.670000
07/21/2026,23.350000,23.490000,23.190000,23.310000
07/22/2026,23.700000,23.860000,23.200000,23.400000
07/23/2026,24.070000,24.240000,23.750000,23.760000
07/24/2026,23.870000,24.780000,23.490000,23.760000
07/27/2026,23.400000,23.950000,23.380000,23.530000
07/28/2026,23.540000,23.710000,23.220000,23.290000
07/29/2026,23.480000,24.650000,22.900000,24.090000
07/30/2026,23.550000,23.680000,23.090000,23.120000
07/31/2026,23.040000,23.590000,22.840000,22.940000
08/03/2026,22.870000,23.870000,22.690000,22.900000
08/04/2026,22.740000,23.530000,22.740000,22.890000
08/05/2026,22.870000,23.930000,22.580000,22.670000
08/06/2026,22.690000,22.720000,22.440000,22.560000
08/07/2026,22.610000,22.800000,22.600000,22.660000
08/10/2026,22.730000,22.900000,22.600000,22.760000
08/11/2026,22.770000,23.110000,22.720000,22.750000
08/12/2026,22.680000,22.810000,22.190000,22.620000
08/13/2026,22.740000,23.160000,22.610000,22.820000
08/14/2026,22.760000,22.880000,22.420000,22.750000
08/17/2026,22.850000,23.260000,22.840000,23.040000
08/18/2026,23.140000,23.850000,22.750000,22.940000
08/19/2026,22.820000,22.900000,22.600000,22.690000
08/20/2026,22.850000,22.940000,22.720000,22.900000
08/21/2026,22.770000,22.770000,22.570000,22.640000
08/24/2026,22.700000,22.770000,22.260000,22.690000
08/25/2026,22.690000,22.720000,22.590000,22.610000
08/26/2026,22.660000,22.660000,22.400000,22.420000
08/27/2026,22.400000,22.450000,22.180000,22.240000
08/28/2026,22.200000,22.910000,21.890000,22.160000
08/31/2026,22.290000,22.710000,21.860000,21.870000
09/01/2026,22.150000,22.150000,21.770000,21.930000
09/02/2026,21.930000,21.930000,21.240000,21.240000
09/03/2026,21.460000,21.540000,21.280000,21.430000
09/04/2026,21.400000,21.500000,21.260000,21.490000
09/08/2026,21.590000,21.800000,21.590000,21.780000
09/09/2026,21.880000,22.040000,21.860000,21.970000
09/10/2026,22.240000,22.350000,21.730000,22.230000
09/11/2026,21.900000,21.930000,21.650000,21.750000
09/14/2026,22.120000,22.260000,21.560000,21.970000
09/15/2026,21.890000,22.010000,21.850000,21.880000
09/16/2026,21.830000,22.320000,21.770000,22.070000
09/17/2026,21.590000,21.770000,21.590000,21.720000
09/18/2026,21.700000,21.910000,21.680000,21.740000
09/21/2026,21.660000,21.810000,21.660000,21.800000
09/22/2026,21.750000,21.870000,21.520000,21.590000
09/23/2026,21.650000,22.560000,21.280000,21.690000
09/24/2026,21.860000,21.910000,21.670000,21.820000
09/25/2026,21.770000,21.920000,21.470000,21.600000
