,regime,ratio,position
2011-10-20,POST_PANIC_REVERSION,0.983,1.0
2011-10-21,POST_PANIC_REVERSION,1.021,1.0
2011-10-24,POST_PANIC_REVERSION,1.041,1.0
2011-10-25,POST_PANIC_REVERSION,1.004,1.0
2011-10-26,POST_PANIC_REVERSION,1.036,1.0
2011-10-27,BULL_FRAGILE,1.062,0.7
2011-10-28,BULL_QUIET,1.081,1.0
2011-10-31,POST_PANIC_REVERSION,1.014,1.0
2011-11-01,STRESS_UNSTABLE,0.978,0.0
2011-11-02,POST_PANIC_REVERSION,1.004,1.0
2011-11-03,POST_PANIC_REVERSION,1.037,1.0
2011-11-04,POST_PANIC_REVERSION,1.035,1.0
2011-11-07,BULL_FRAGILE,1.051,0.7
2011-11-08,BULL_FRAGILE,1.074,0.7
2011-11-09,POST_PANIC_REVERSION,0.981,1.0
2011-11-10,POST_PANIC_REVERSION,1.029,1.0
2011-11-11,BULL_FRAGILE,1.052,0.7
2011-11-14,BULL_FRAGILE,1.051,0.7
2011-11-15,POST_PANIC_REVERSION,1.042,1.0
2011-11-16,POST_PANIC_REVERSION,1.026,1.0
2011-11-17,POST_PANIC_REVERSION,1.023,1.0
2011-11-18,STRESS_UNSTABLE,1.069,0.0
2011-11-21,BULL_FRAGILE,1.057,0.7
2011-11-22,BULL_FRAGILE,1.071,0.7
2011-11-23,STRESS_UNSTABLE,1.056,0.0
2011-11-25,STRESS_UNSTABLE,1.057,0.0
2011-11-28,BULL_FRAGILE,1.056,0.7
2011-11-29,BULL_FRAGILE,1.084,0.7
2011-11-30,BULL_FRAGILE,1.1,0.7
2011-12-01,BULL_FRAGILE,1.096,0.7
2011-12-02,BULL_FRAGILE,1.085,0.7
2011-12-05,BULL_FRAGILE,1.074,0.7
2011-12-06,BULL_FRAGILE,1.072,0.7
2011-12-07,BULL_FRAGILE,1.068,0.7
2011-12-08,POST_PANIC_REVERSION,1.049,1.0
2011-12-09,BULL_FRAGILE,1.119,0.7
2011-12-12,BULL_FRAGILE,1.175,0.7
2011-12-13,BULL_FRAGILE,1.187,0.7
2011-12-14,BULL_FRAGILE,1.168,0.7
2011-12-15,BULL_FRAGILE,1.173,0.7
2011-12-16,BULL_QUIET,1.195,1.0
2011-12-19,BULL_QUIET,1.153,1.0
2011-12-20,BULL_QUIET,1.157,1.0
2011-12-21,BULL_QUIET,1.193,1.0
2011-12-22,BULL_QUIET,1.195,1.0
2011-12-23,BULL_QUIET,1.217,1.0
2011-12-27,BULL_QUIET,1.166,1.0
2011-12-28,BULL_QUIET,1.137,1.0
2011-12-29,BULL_QUIET,1.159,1.0
2011-12-30,BULL_QUIET,1.148,1.0
2012-01-03,BULL_QUIET,1.134,1.0
2012-01-04,BULL_QUIET,1.139,1.0
2012-01-05,BULL_QUIET,1.15,1.0
2012-01-06,BULL_QUIET,1.168,1.0
2012-01-09,BULL_QUIET,1.145,1.0
2012-01-10,BULL_QUIET,1.145,1.0
2012-01-11,BULL_QUIET,1.145,1.0
2012-01-12,BULL_QUIET,1.174,1.0
2012-01-13,BULL_QUIET,1.18,1.0
2012-01-17,BULL_QUIET,1.126,1.0
2012-01-18,BULL_QUIET,1.157,1.0
2012-01-19,BULL_QUIET,1.19,1.0
2012-01-20,BULL_QUIET,1.248,1.0
2012-01-23,BULL_QUIET,1.196,1.0
2012-01-24,BULL_QUIET,1.165,1.0
2012-01-25,BULL_QUIET,1.167,1.0
2012-01-26,BULL_QUIET,1.167,1.0
2012-01-27,BULL_QUIET,1.155,1.0
2012-01-30,BULL_QUIET,1.13,1.0
2012-01-31,BULL_QUIET,1.136,1.0
2012-02-01,BULL_QUIET,1.161,1.0
2012-02-02,BULL_QUIET,1.169,1.0
2012-02-03,BULL_QUIET,1.173,1.0
2012-02-06,BULL_QUIET,1.148,1.0
2012-02-07,BULL_QUIET,1.141,1.0
2012-02-08,BULL_QUIET,1.139,1.0
2012-02-09,BULL_QUIET,1.145,1.0
2012-02-10,BULL_QUIET,1.12,1.0
2012-02-13,BULL_QUIET,1.162,1.0
2012-02-14,BULL_QUIET,1.168,1.0
2012-02-15,BULL_QUIET,1.141,1.0
2012-02-16,BULL_QUIET,1.206,1.0
2012-02-17,BULL_QUIET,1.259,1.0
2012-02-21,BULL_QUIET,1.229,1.0
2012-02-22,BULL_QUIET,1.214,1.0
2012-02-23,BULL_QUIET,1.237,1.0
2012-02-24,BULL_QUIET,1.224,1.0
2012-02-27,BULL_QUIET,1.202,1.0
2012-02-28,BULL_QUIET,1.203,1.0
2012-02-29,BULL_QUIET,1.183,1.0
2012-03-01,BULL_QUIET,1.218,1.0
2012-03-02,BULL_QUIET,1.23,1.0
2012-03-05,BULL_QUIET,1.218,1.0
2012-03-06,BULL_QUIET,1.145,1.0
2012-03-07,BULL_QUIET,1.191,1.0
2012-03-08,BULL_QUIET,1.217,1.0
2012-03-09,BULL_QUIET,1.24,1.0
2012-03-12,BULL_QUIET,1.331,1.0
2012-03-13,BULL_QUIET,1.324,1.0
2012-03-14,BULL_QUIET,1.355,1.0
2012-03-15,BULL_QUIET,1.332,1.0
2012-03-16,BULL_QUIET,1.408,1.0
2012-03-19,BULL_QUIET,1.326,1.0
2012-03-20,BULL_QUIET,1.281,1.0
2012-03-21,BULL_QUIET,1.272,1.0
2012-03-22,BULL_QUIET,1.256,1.0
2012-03-23,BULL_QUIET,1.258,1.0
2012-03-26,BULL_QUIET,1.222,1.0
2012-03-27,BULL_QUIET,1.191,1.0
2012-03-28,BULL_QUIET,1.215,1.0
2012-03-29,BULL_QUIET,1.217,1.0
2012-03-30,BULL_QUIET,1.201,1.0
2012-04-02,BULL_QUIET,1.18,1.0
2012-04-03,BULL_QUIET,1.201,1.0
2012-04-04,BULL_QUIET,1.183,1.0
2012-04-05,BULL_QUIET,1.187,1.0
2012-04-09,BULL_QUIET,1.128,1.0
2012-04-10,BULL_QUIET,1.109,1.0
2012-04-11,BULL_QUIET,1.122,1.0
2012-04-12,BULL_QUIET,1.177,1.0
2012-04-13,BULL_QUIET,1.125,1.0
2012-04-16,BULL_QUIET,1.127,1.0
2012-04-17,BULL_QUIET,1.129,1.0
2012-04-18,BULL_QUIET,1.133,1.0
2012-04-19,BULL_QUIET,1.156,1.0
2012-04-20,BULL_QUIET,1.174,1.0
2012-04-23,BULL_QUIET,1.128,1.0
2012-04-24,BULL_QUIET,1.133,1.0
2012-04-25,BULL_QUIET,1.157,1.0
2012-04-26,BULL_QUIET,1.142,1.0
2012-04-27,BULL_QUIET,1.148,1.0
2012-04-30,BULL_QUIET,1.127,1.0
2012-05-01,BULL_QUIET,1.152,1.0
2012-05-02,BULL_QUIET,1.126,1.0
2012-05-03,BULL_QUIET,1.11,1.0
2012-05-04,BULL_QUIET,1.081,1.0
2012-05-07,BULL_QUIET,1.08,1.0
2012-05-08,BULL_QUIET,1.092,1.0
2012-05-09,BULL_QUIET,1.072,1.0
2012-05-10,BULL_QUIET,1.108,1.0
2012-05-11,BULL_QUIET,1.083,1.0
2012-05-14,BULL_QUIET,1.05,1.0
2012-05-15,STRESS_UNSTABLE,1.089,0.0
2012-05-16,STRESS_UNSTABLE,1.119,0.0
2012-05-17,STRESS_UNSTABLE,1.078,0.0
2012-05-18,STRESS_UNSTABLE,1.102,0.0
2012-05-21,BULL_QUIET,1.123,1.0
2012-05-22,BULL_QUIET,1.122,1.0
2012-05-23,BULL_QUIET,1.124,1.0
2012-05-24,BULL_QUIET,1.15,1.0
2012-05-25,BULL_QUIET,1.146,1.0
2012-05-29,BULL_QUIET,1.136,1.0
2012-05-30,BULL_QUIET,1.085,1.0
2012-05-31,BULL_QUIET,1.09,1.0
2012-06-01,BULL_FRAGILE,1.068,0.7
2012-06-04,BULL_FRAGILE,1.077,0.7
2012-06-05,BULL_QUIET,1.089,1.0
2012-06-06,BULL_QUIET,1.115,1.0
2012-06-07,BULL_QUIET,1.127,1.0
2012-06-08,BULL_QUIET,1.114,1.0
2012-06-11,BULL_QUIET,1.082,1.0
2012-06-12,BULL_QUIET,1.129,1.0
2012-06-13,BULL_QUIET,1.092,1.0
2012-06-14,BULL_QUIET,1.153,1.0
2012-06-15,BULL_QUIET,1.121,1.0
2012-06-18,BULL_QUIET,1.208,1.0
2012-06-19,BULL_QUIET,1.193,1.0
2012-06-20,BULL_QUIET,1.209,1.0
2012-06-21,BULL_QUIET,1.153,1.0
2012-06-22,BULL_QUIET,1.188,1.0
2012-06-25,BULL_QUIET,1.13,1.0
2012-06-26,BULL_QUIET,1.139,1.0
2012-06-27,BULL_QUIET,1.15,1.0
2012-06-28,BULL_QUIET,1.129,1.0
2012-06-29,BULL_QUIET,1.19,1.0
2012-07-02,BULL_QUIET,1.178,1.0
2012-07-03,BULL_QUIET,1.16,1.0
2012-07-05,BULL_QUIET,1.149,1.0
2012-07-06,BULL_QUIET,1.172,1.0
2012-07-09,BULL_QUIET,1.133,1.0
2012-07-10,BULL_QUIET,1.115,1.0
2012-07-11,BULL_QUIET,1.128,1.0
2012-07-12,BULL_QUIET,1.129,1.0
2012-07-13,BULL_QUIET,1.158,1.0
2012-07-16,BULL_QUIET,1.146,1.0
2012-07-17,BULL_QUIET,1.148,1.0
2012-07-18,BULL_QUIET,1.172,1.0
2012-07-19,BULL_QUIET,1.205,1.0
2012-07-20,BULL_QUIET,1.207,1.0
2012-07-23,BULL_QUIET,1.137,1.0
2012-07-24,BULL_QUIET,1.087,1.0
2012-07-25,BULL_QUIET,1.131,1.0
2012-07-26,BULL_QUIET,1.155,1.0
2012-07-27,BULL_QUIET,1.177,1.0
2012-07-30,BULL_QUIET,1.116,1.0
2012-07-31,BULL_QUIET,1.098,1.0
2012-08-01,BULL_QUIET,1.09,1.0
2012-08-02,BULL_QUIET,1.151,1.0
2012-08-03,BULL_QUIET,1.194,1.0
2012-08-06,BULL_QUIET,1.175,1.0
2012-08-07,BULL_QUIET,1.176,1.0
2012-08-08,BULL_QUIET,1.213,1.0
2012-08-09,BULL_QUIET,1.193,1.0
2012-08-10,BULL_QUIET,1.231,1.0
2012-08-13,BULL_QUIET,1.319,1.0
2012-08-14,BULL_QUIET,1.246,1.0
2012-08-15,BULL_QUIET,1.289,1.0
2012-08-16,BULL_QUIET,1.298,1.0
2012-08-17,BULL_QUIET,1.364,1.0
2012-08-20,BULL_QUIET,1.326,1.0
2012-08-21,BULL_QUIET,1.252,1.0
2012-08-22,BULL_QUIET,1.285,1.0
2012-08-23,BULL_QUIET,1.259,1.0
2012-08-24,BULL_QUIET,1.267,1.0
2012-08-27,BULL_QUIET,1.218,1.0
2012-08-28,BULL_QUIET,1.202,1.0
2012-08-29,BULL_QUIET,1.199,1.0
2012-08-30,BULL_QUIET,1.173,1.0
2012-08-31,BULL_QUIET,1.18,1.0
2012-09-04,BULL_QUIET,1.15,1.0
2012-09-05,BULL_QUIET,1.127,1.0
2012-09-06,BULL_QUIET,1.194,1.0
2012-09-07,BULL_QUIET,1.223,1.0
2012-09-10,BULL_QUIET,1.124,1.0
2012-09-11,BULL_QUIET,1.115,1.0
2012-09-12,BULL_QUIET,1.114,1.0
2012-09-13,BULL_QUIET,1.171,1.0
2012-09-14,BULL_QUIET,1.165,1.0
2012-09-17,BULL_QUIET,1.174,1.0
2012-09-18,BULL_QUIET,1.173,1.0
2012-09-19,BULL_QUIET,1.188,1.0
2012-09-20,BULL_QUIET,1.19,1.0
2012-09-21,BULL_QUIET,1.201,1.0
2012-09-24,BULL_QUIET,1.172,1.0
2012-09-25,BULL_QUIET,1.141,1.0
2012-09-26,BULL_QUIET,1.101,1.0
2012-09-27,BULL_QUIET,1.15,1.0
2012-09-28,BULL_QUIET,1.12,1.0
2012-10-01,BULL_QUIET,1.098,1.0
2012-10-02,BULL_QUIET,1.129,1.0
2012-10-03,BULL_QUIET,1.139,1.0
2012-10-04,BULL_QUIET,1.173,1.0
2012-10-05,BULL_QUIET,1.181,1.0
2012-10-08,BULL_QUIET,1.149,1.0
2012-10-09,BULL_QUIET,1.1,1.0
2012-10-10,BULL_QUIET,1.113,1.0
2012-10-11,BULL_QUIET,1.127,1.0
2012-10-12,BULL_QUIET,1.099,1.0
2012-10-15,BULL_QUIET,1.12,1.0
2012-10-16,BULL_QUIET,1.115,1.0
2012-10-17,BULL_QUIET,1.102,1.0
2012-10-18,BULL_QUIET,1.103,1.0
2012-10-19,STRESS_UNSTABLE,1.062,0.0
2012-10-22,BULL_QUIET,1.075,1.0
2012-10-23,POST_PANIC_REVERSION,1.033,1.0
2012-10-24,BULL_QUIET,1.051,1.0
2012-10-25,BULL_QUIET,1.055,1.0
2012-10-26,BULL_QUIET,1.068,1.0
2012-10-31,POST_PANIC_REVERSION,1.038,1.0
2012-11-01,BULL_QUIET,1.062,1.0
2012-11-02,BULL_QUIET,1.055,1.0
2012-11-05,POST_PANIC_REVERSION,1.03,1.0
2012-11-06,POST_PANIC_REVERSION,1.038,1.0
2012-11-07,POST_PANIC_REVERSION,1.038,1.0
2012-11-08,STRESS_UNSTABLE,1.072,0.0
2012-11-09,STRESS_UNSTABLE,1.078,0.0
2012-11-12,STRESS_UNSTABLE,1.148,0.0
2012-11-13,STRESS_UNSTABLE,1.139,0.0
2012-11-14,STRESS_UNSTABLE,1.109,0.0
2012-11-15,STRESS_UNSTABLE,1.1,0.0
2012-11-16,STRESS_UNSTABLE,1.154,0.0
2012-11-19,BULL_QUIET,1.154,1.0
2012-11-20,BULL_QUIET,1.146,1.0
2012-11-21,BULL_QUIET,1.148,1.0
2012-11-23,BULL_QUIET,1.161,1.0
2012-11-26,BULL_QUIET,1.117,1.0
2012-11-27,BULL_QUIET,1.107,1.0
2012-11-28,BULL_QUIET,1.109,1.0
2012-11-29,BULL_QUIET,1.117,1.0
2012-11-30,BULL_QUIET,1.088,1.0
2012-12-03,BULL_QUIET,1.071,1.0
2012-12-04,BULL_QUIET,1.062,1.0
2012-12-05,BULL_QUIET,1.083,1.0
2012-12-06,BULL_QUIET,1.076,1.0
2012-12-07,BULL_QUIET,1.087,1.0
2012-12-10,BULL_QUIET,1.081,1.0
2012-12-11,BULL_QUIET,1.092,1.0
2012-12-12,BULL_QUIET,1.093,1.0
2012-12-13,BULL_QUIET,1.08,1.0
2012-12-14,BULL_QUIET,1.061,1.0
2012-12-17,BULL_QUIET,1.071,1.0
2012-12-18,BULL_QUIET,1.08,1.0
2012-12-19,POST_PANIC_REVERSION,1.029,1.0
2012-12-20,POST_PANIC_REVERSION,1.027,1.0
2012-12-21,BULL_QUIET,1.058,1.0
2012-12-24,BULL_QUIET,1.058,1.0
2012-12-26,POST_PANIC_REVERSION,1.023,1.0
2012-12-27,POST_PANIC_REVERSION,1.023,1.0
2012-12-28,STRESS_UNSTABLE,0.963,0.0
2012-12-31,POST_PANIC_REVERSION,1.039,1.0
2013-01-02,BULL_QUIET,1.137,1.0
2013-01-03,BULL_QUIET,1.15,1.0
2013-01-04,BULL_QUIET,1.181,1.0
2013-01-07,BULL_QUIET,1.193,1.0
2013-01-08,BULL_QUIET,1.208,1.0
2013-01-09,BULL_QUIET,1.195,1.0
2013-01-10,BULL_QUIET,1.195,1.0
2013-01-11,BULL_QUIET,1.198,1.0
2013-01-14,BULL_QUIET,1.205,1.0
2013-01-15,BULL_QUIET,1.205,1.0
2013-01-16,BULL_QUIET,1.21,1.0
2013-01-17,BULL_QUIET,1.185,1.0
2013-01-18,BULL_QUIET,1.227,1.0
2013-01-22,BULL_QUIET,1.184,1.0
2013-01-23,BULL_QUIET,1.164,1.0
2013-01-24,BULL_QUIET,1.156,1.0
2013-01-25,BULL_QUIET,1.137,1.0
2013-01-28,BULL_QUIET,1.111,1.0
2013-01-29,BULL_QUIET,1.107,1.0
2013-01-30,BULL_QUIET,1.077,1.0
2013-01-31,BULL_QUIET,1.089,1.0
2013-02-01,BULL_QUIET,1.147,1.0
2013-02-04,BULL_QUIET,1.076,1.0
2013-02-05,BULL_QUIET,1.115,1.0
2013-02-06,BULL_QUIET,1.129,1.0
2013-02-07,BULL_QUIET,1.125,1.0
2013-02-08,BULL_QUIET,1.137,1.0
2013-02-11,BULL_QUIET,1.134,1.0
2013-02-12,BULL_QUIET,1.15,1.0
2013-02-13,BULL_QUIET,1.127,1.0
2013-02-14,BULL_QUIET,1.14,1.0
2013-02-15,BULL_QUIET,1.144,1.0
2013-02-19,BULL_QUIET,1.136,1.0
2013-02-20,BULL_QUIET,1.05,1.0
2013-02-21,POST_PANIC_REVERSION,1.032,1.0
2013-02-22,BULL_QUIET,1.057,1.0
2013-02-25,STRESS_UNSTABLE,0.945,0.0
2013-02-26,POST_PANIC_REVERSION,1.023,1.0
2013-02-27,BULL_QUIET,1.063,1.0
2013-02-28,POST_PANIC_REVERSION,1.043,1.0
2013-03-01,BULL_QUIET,1.061,1.0
2013-03-04,BULL_QUIET,1.101,1.0
2013-03-05,BULL_QUIET,1.109,1.0
2013-03-06,BULL_QUIET,1.111,1.0
2013-03-07,BULL_QUIET,1.129,1.0
2013-03-08,BULL_QUIET,1.153,1.0
2013-03-11,BULL_QUIET,1.237,1.0
2013-03-12,BULL_QUIET,1.188,1.0
2013-03-13,BULL_QUIET,1.227,1.0
2013-03-14,BULL_QUIET,1.248,1.0
2013-03-15,BULL_QUIET,1.262,1.0
2013-03-18,BULL_QUIET,1.152,1.0
2013-03-19,BULL_QUIET,1.092,1.0
2013-03-20,BULL_QUIET,1.178,1.0
2013-03-21,BULL_QUIET,1.11,1.0
2013-03-22,BULL_QUIET,1.125,1.0
2013-03-25,BULL_QUIET,1.114,1.0
2013-03-26,BULL_QUIET,1.155,1.0
2013-03-27,BULL_QUIET,1.135,1.0
2013-03-28,BULL_QUIET,1.153,1.0
2013-04-01,BULL_QUIET,1.125,1.0
2013-04-02,BULL_QUIET,1.151,1.0
2013-04-03,BULL_QUIET,1.09,1.0
2013-04-04,BULL_QUIET,1.102,1.0
2013-04-05,BULL_QUIET,1.105,1.0
2013-04-08,BULL_QUIET,1.115,1.0
2013-04-09,BULL_QUIET,1.126,1.0
2013-04-10,BULL_QUIET,1.142,1.0
2013-04-11,BULL_QUIET,1.158,1.0
2013-04-12,BULL_QUIET,1.163,1.0
2013-04-15,POST_PANIC_REVERSION,0.986,1.0
2013-04-16,BULL_QUIET,1.082,1.0
2013-04-17,POST_PANIC_REVERSION,1.025,1.0
2013-04-18,POST_PANIC_REVERSION,0.998,1.0
2013-04-19,BULL_QUIET,1.08,1.0
2013-04-22,BULL_QUIET,1.088,1.0
2013-04-23,BULL_QUIET,1.1,1.0
2013-04-24,BULL_QUIET,1.1,1.0
2013-04-25,BULL_QUIET,1.098,1.0
2013-04-26,BULL_QUIET,1.094,1.0
2013-04-29,BULL_QUIET,1.088,1.0
2013-04-30,BULL_QUIET,1.093,1.0
2013-05-01,BULL_QUIET,1.077,1.0
2013-05-02,BULL_QUIET,1.094,1.0
2013-05-03,BULL_QUIET,1.125,1.0
2013-05-06,BULL_QUIET,1.13,1.0
2013-05-07,BULL_QUIET,1.118,1.0
2013-05-08,BULL_QUIET,1.137,1.0
2013-05-09,BULL_QUIET,1.128,1.0
2013-05-10,BULL_QUIET,1.168,1.0
2013-05-13,BULL_QUIET,1.199,1.0
2013-05-14,BULL_QUIET,1.173,1.0
2013-05-15,BULL_QUIET,1.175,1.0
2013-05-16,BULL_QUIET,1.182,1.0
2013-05-17,BULL_QUIET,1.218,1.0
2013-05-20,BULL_QUIET,1.176,1.0
2013-05-21,BULL_QUIET,1.18,1.0
2013-05-22,BULL_QUIET,1.145,1.0
2013-05-23,BULL_QUIET,1.137,1.0
2013-05-24,BULL_QUIET,1.138,1.0
2013-05-28,BULL_QUIET,1.096,1.0
2013-05-29,BULL_QUIET,1.089,1.0
2013-05-30,BULL_QUIET,1.102,1.0
2013-05-31,BULL_QUIET,1.051,1.0
2013-06-03,BULL_QUIET,1.058,1.0
2013-06-04,BULL_QUIET,1.061,1.0
2013-06-05,POST_PANIC_REVERSION,1.029,1.0
2013-06-06,BULL_QUIET,1.055,1.0
2013-06-07,BULL_QUIET,1.104,1.0
2013-06-10,BULL_QUIET,1.084,1.0
2013-06-11,POST_PANIC_REVERSION,1.049,1.0
2013-06-12,POST_PANIC_REVERSION,1.026,1.0
2013-06-13,BULL_QUIET,1.087,1.0
2013-06-14,BULL_QUIET,1.067,1.0
2013-06-17,BULL_QUIET,1.071,1.0
2013-06-18,BULL_QUIET,1.069,1.0
2013-06-19,BULL_QUIET,1.069,1.0
2013-06-20,POST_PANIC_REVERSION,0.993,1.0
2013-06-21,POST_PANIC_REVERSION,1.031,1.0
2013-06-24,POST_PANIC_REVERSION,1.031,1.0
2013-06-25,BULL_QUIET,1.065,1.0
2013-06-26,BULL_QUIET,1.094,1.0
2013-06-27,BULL_QUIET,1.101,1.0
2013-06-28,BULL_QUIET,1.091,1.0
2013-07-01,BULL_QUIET,1.095,1.0
2013-07-02,BULL_QUIET,1.096,1.0
2013-07-03,BULL_QUIET,1.099,1.0
2013-07-05,BULL_QUIET,1.134,1.0
2013-07-08,BULL_QUIET,1.11,1.0
2013-07-09,BULL_QUIET,1.109,1.0
2013-07-10,BULL_QUIET,1.11,1.0
2013-07-11,BULL_QUIET,1.106,1.0
2013-07-12,BULL_QUIET,1.131,1.0
2013-07-15,BULL_QUIET,1.133,1.0
2013-07-16,BULL_QUIET,1.11,1.0
2013-07-17,BULL_QUIET,1.129,1.0
2013-07-18,BULL_QUIET,1.13,1.0
2013-07-19,BULL_QUIET,1.199,1.0
2013-07-22,BULL_QUIET,1.195,1.0
2013-07-23,BULL_QUIET,1.175,1.0
2013-07-24,BULL_QUIET,1.153,1.0
2013-07-25,BULL_QUIET,1.157,1.0
2013-07-26,BULL_QUIET,1.164,1.0
2013-07-29,BULL_QUIET,1.128,1.0
2013-07-30,BULL_QUIET,1.119,1.0
2013-07-31,BULL_QUIET,1.109,1.0
2013-08-01,BULL_QUIET,1.124,1.0
2013-08-02,BULL_QUIET,1.171,1.0
2013-08-05,BULL_QUIET,1.171,1.0
2013-08-06,BULL_QUIET,1.145,1.0
2013-08-07,BULL_QUIET,1.141,1.0
2013-08-08,BULL_QUIET,1.152,1.0
2013-08-09,BULL_QUIET,1.126,1.0
2013-08-12,BULL_QUIET,1.184,1.0
2013-08-13,BULL_QUIET,1.207,1.0
2013-08-14,BULL_QUIET,1.169,1.0
2013-08-15,BULL_QUIET,1.103,1.0
2013-08-16,BULL_QUIET,1.109,1.0
2013-08-19,BULL_QUIET,1.086,1.0
2013-08-20,BULL_QUIET,1.094,1.0
2013-08-21,BULL_QUIET,1.053,1.0
2013-08-22,BULL_QUIET,1.083,1.0
2013-08-23,BULL_QUIET,1.112,1.0
2013-08-26,BULL_QUIET,1.081,1.0
2013-08-27,BULL_QUIET,1.054,1.0
2013-08-28,BULL_QUIET,1.069,1.0
2013-08-29,BULL_QUIET,1.065,1.0
2013-08-30,BULL_QUIET,1.061,1.0
2013-09-03,BULL_QUIET,1.062,1.0
2013-09-04,BULL_QUIET,1.089,1.0
2013-09-05,BULL_QUIET,1.087,1.0
2013-09-06,BULL_QUIET,1.083,1.0
2013-09-09,BULL_QUIET,1.077,1.0
2013-09-10,BULL_QUIET,1.109,1.0
2013-09-11,BULL_QUIET,1.13,1.0
2013-09-12,BULL_QUIET,1.109,1.0
2013-09-13,BULL_QUIET,1.109,1.0
2013-09-16,BULL_QUIET,1.083,1.0
2013-09-17,BULL_QUIET,1.078,1.0
2013-09-18,BULL_QUIET,1.117,1.0
2013-09-19,BULL_QUIET,1.141,1.0
2013-09-20,BULL_QUIET,1.168,1.0
2013-09-23,BULL_QUIET,1.113,1.0
2013-09-24,BULL_QUIET,1.111,1.0
2013-09-25,BULL_QUIET,1.111,1.0
2013-09-26,BULL_QUIET,1.096,1.0
2013-09-27,POST_PANIC_REVERSION,1.038,1.0
2013-09-30,POST_PANIC_REVERSION,1.012,1.0
2013-10-01,POST_PANIC_REVERSION,1.038,1.0
2013-10-02,POST_PANIC_REVERSION,1.013,1.0
2013-10-03,POST_PANIC_REVERSION,1.002,1.0
2013-10-04,POST_PANIC_REVERSION,1.028,1.0
2013-10-07,POST_PANIC_REVERSION,0.982,1.0
2013-10-08,STRESS_UNSTABLE,0.975,0.0
2013-10-09,POST_PANIC_REVERSION,0.984,1.0
2013-10-10,POST_PANIC_REVERSION,1.044,1.0
2013-10-11,BULL_QUIET,1.054,1.0
2013-10-14,BULL_QUIET,1.053,1.0
2013-10-15,POST_PANIC_REVERSION,0.987,1.0
2013-10-16,BULL_QUIET,1.105,1.0
2013-10-17,BULL_QUIET,1.145,1.0
2013-10-18,BULL_QUIET,1.144,1.0
2013-10-21,BULL_QUIET,1.15,1.0
2013-10-22,BULL_QUIET,1.127,1.0
2013-10-23,BULL_QUIET,1.126,1.0
2013-10-24,BULL_QUIET,1.129,1.0
2013-10-25,BULL_QUIET,1.136,1.0
2013-10-28,BULL_QUIET,1.117,1.0
2013-10-29,BULL_QUIET,1.121,1.0
2013-10-30,BULL_QUIET,1.108,1.0
2013-10-31,BULL_QUIET,1.109,1.0
2013-11-01,BULL_QUIET,1.134,1.0
2013-11-04,BULL_QUIET,1.135,1.0
2013-11-05,BULL_QUIET,1.124,1.0
2013-11-06,BULL_QUIET,1.157,1.0
2013-11-07,BULL_QUIET,1.104,1.0
2013-11-08,BULL_QUIET,1.134,1.0
2013-11-11,BULL_QUIET,1.176,1.0
2013-11-12,BULL_QUIET,1.161,1.0
2013-11-13,BULL_QUIET,1.185,1.0
2013-11-14,BULL_QUIET,1.203,1.0
2013-11-15,BULL_QUIET,1.214,1.0
2013-11-18,BULL_QUIET,1.14,1.0
2013-11-19,BULL_QUIET,1.139,1.0
2013-11-20,BULL_QUIET,1.119,1.0
2013-11-21,BULL_QUIET,1.147,1.0
2013-11-22,BULL_QUIET,1.154,1.0
2013-11-25,BULL_QUIET,1.128,1.0
2013-11-26,BULL_QUIET,1.136,1.0
2013-11-27,BULL_QUIET,1.125,1.0
2013-11-29,BULL_QUIET,1.097,1.0
2013-12-02,BULL_QUIET,1.067,1.0
2013-12-03,BULL_QUIET,1.065,1.0
2013-12-04,BULL_QUIET,1.059,1.0
2013-12-05,POST_PANIC_REVERSION,1.046,1.0
2013-12-06,BULL_QUIET,1.084,1.0
2013-12-09,BULL_QUIET,1.107,1.0
2013-12-10,BULL_QUIET,1.094,1.0
2013-12-11,POST_PANIC_REVERSION,1.037,1.0
2013-12-12,POST_PANIC_REVERSION,1.037,1.0
2013-12-13,POST_PANIC_REVERSION,1.032,1.0
2013-12-16,POST_PANIC_REVERSION,1.022,1.0
2013-12-17,POST_PANIC_REVERSION,1.018,1.0
2013-12-18,BULL_QUIET,1.086,1.0
2013-12-19,BULL_QUIET,1.08,1.0
2013-12-20,BULL_QUIET,1.088,1.0
2013-12-23,BULL_QUIET,1.113,1.0
2013-12-24,BULL_QUIET,1.141,1.0
2013-12-26,BULL_QUIET,1.138,1.0
2013-12-27,BULL_QUIET,1.122,1.0
2013-12-30,BULL_QUIET,1.089,1.0
2013-12-31,BULL_QUIET,1.077,1.0
2014-01-02,BULL_QUIET,1.072,1.0
2014-01-03,BULL_QUIET,1.097,1.0
2014-01-06,BULL_QUIET,1.094,1.0
2014-01-07,BULL_QUIET,1.115,1.0
2014-01-08,BULL_QUIET,1.11,1.0
2014-01-09,BULL_QUIET,1.109,1.0
2014-01-10,BULL_QUIET,1.148,1.0
2014-01-13,BULL_QUIET,1.128,1.0
2014-01-14,BULL_QUIET,1.18,1.0
2014-01-15,BULL_QUIET,1.178,1.0
2014-01-16,BULL_QUIET,1.172,1.0
2014-01-17,BULL_QUIET,1.176,1.0
2014-01-21,BULL_QUIET,1.136,1.0
2014-01-22,BULL_QUIET,1.127,1.0
2014-01-23,BULL_QUIET,1.088,1.0
2014-01-24,STRESS_UNSTABLE,0.959,0.0
2014-01-27,POST_PANIC_REVERSION,0.983,1.0
2014-01-28,POST_PANIC_REVERSION,1.025,1.0
2014-01-29,POST_PANIC_REVERSION,0.994,1.0
2014-01-30,POST_PANIC_REVERSION,1.005,1.0
2014-01-31,POST_PANIC_REVERSION,0.983,1.0
2014-02-03,STRESS_UNSTABLE,0.939,0.0
2014-02-04,POST_PANIC_REVERSION,0.998,1.0
2014-02-05,POST_PANIC_REVERSION,0.986,1.0
2014-02-06,POST_PANIC_REVERSION,1.033,1.0
2014-02-07,BULL_QUIET,1.069,1.0
2014-02-10,BULL_QUIET,1.069,1.0
2014-02-11,BULL_QUIET,1.085,1.0
2014-02-12,BULL_QUIET,1.094,1.0
2014-02-13,BULL_QUIET,1.096,1.0
2014-02-14,BULL_QUIET,1.118,1.0
2014-02-18,BULL_QUIET,1.097,1.0
2014-02-19,BULL_QUIET,1.051,1.0
2014-02-20,BULL_QUIET,1.063,1.0
2014-02-21,BULL_QUIET,1.065,1.0
2014-02-24,BULL_QUIET,1.089,1.0
2014-02-25,BULL_QUIET,1.134,1.0
2014-02-26,BULL_QUIET,1.109,1.0
2014-02-27,BULL_QUIET,1.113,1.0
2014-02-28,BULL_QUIET,1.129,1.0
2014-03-03,BULL_QUIET,1.058,1.0
2014-03-04,BULL_QUIET,1.113,1.0
2014-03-05,BULL_QUIET,1.135,1.0
2014-03-06,BULL_QUIET,1.114,1.0
2014-03-07,BULL_QUIET,1.125,1.0
2014-03-10,BULL_QUIET,1.125,1.0
2014-03-11,BULL_QUIET,1.105,1.0
2014-03-12,BULL_QUIET,1.111,1.0
2014-03-13,BULL_QUIET,1.056,1.0
2014-03-14,POST_PANIC_REVERSION,1.006,1.0
2014-03-17,BULL_QUIET,1.067,1.0
2014-03-18,BULL_QUIET,1.112,1.0
2014-03-19,BULL_QUIET,1.083,1.0
2014-03-20,BULL_QUIET,1.092,1.0
2014-03-21,BULL_QUIET,1.079,1.0
2014-03-24,BULL_QUIET,1.067,1.0
2014-03-25,BULL_QUIET,1.108,1.0
2014-03-26,BULL_QUIET,1.077,1.0
2014-03-27,BULL_QUIET,1.085,1.0
2014-03-28,BULL_QUIET,1.073,1.0
2014-03-31,BULL_QUIET,1.086,1.0
2014-04-01,BULL_QUIET,1.099,1.0
2014-04-02,BULL_QUIET,1.104,1.0
2014-04-03,BULL_QUIET,1.085,1.0
2014-04-04,BULL_QUIET,1.072,1.0
2014-04-07,POST_PANIC_REVERSION,1.021,1.0
2014-04-08,POST_PANIC_REVERSION,1.043,1.0
2014-04-09,BULL_QUIET,1.073,1.0
2014-04-10,POST_PANIC_REVERSION,1.011,1.0
2014-04-11,POST_PANIC_REVERSION,0.986,1.0
2014-04-14,POST_PANIC_REVERSION,1.014,1.0
2014-04-15,POST_PANIC_REVERSION,1.024,1.0
2014-04-16,BULL_QUIET,1.074,1.0
2014-04-17,BULL_QUIET,1.111,1.0
2014-04-21,BULL_QUIET,1.113,1.0
2014-04-22,BULL_QUIET,1.108,1.0
2014-04-23,BULL_QUIET,1.118,1.0
2014-04-24,BULL_QUIET,1.109,1.0
2014-04-25,BULL_QUIET,1.08,1.0
2014-04-28,BULL_QUIET,1.069,1.0
2014-04-29,BULL_QUIET,1.082,1.0
2014-04-30,BULL_QUIET,1.096,1.0
2014-05-01,BULL_QUIET,1.107,1.0
2014-05-02,BULL_QUIET,1.137,1.0
2014-05-05,BULL_QUIET,1.11,1.0
2014-05-06,BULL_QUIET,1.096,1.0
2014-05-07,BULL_QUIET,1.091,1.0
2014-05-08,BULL_QUIET,1.086,1.0
2014-05-09,BULL_QUIET,1.113,1.0
2014-05-12,BULL_QUIET,1.135,1.0
2014-05-13,BULL_QUIET,1.157,1.0
2014-05-14,BULL_QUIET,1.165,1.0
2014-05-15,BULL_QUIET,1.128,1.0
2014-05-16,BULL_QUIET,1.152,1.0
2014-05-19,BULL_QUIET,1.136,1.0
2014-05-20,BULL_QUIET,1.112,1.0
2014-05-21,BULL_QUIET,1.165,1.0
2014-05-22,BULL_QUIET,1.15,1.0
2014-05-23,BULL_QUIET,1.199,1.0
2014-05-27,BULL_QUIET,1.185,1.0
2014-05-28,BULL_QUIET,1.179,1.0
2014-05-29,BULL_QUIET,1.185,1.0
2014-05-30,BULL_QUIET,1.206,1.0
2014-06-02,BULL_QUIET,1.199,1.0
2014-06-03,BULL_QUIET,1.164,1.0
2014-06-04,BULL_QUIET,1.14,1.0
2014-06-05,BULL_QUIET,1.163,1.0
2014-06-06,BULL_QUIET,1.196,1.0
2014-06-09,BULL_QUIET,1.168,1.0
2014-06-10,BULL_QUIET,1.184,1.0
2014-06-11,BULL_QUIET,1.146,1.0
2014-06-12,BULL_QUIET,1.123,1.0
2014-06-13,BULL_QUIET,1.132,1.0
2014-06-16,BULL_QUIET,1.104,1.0
2014-06-17,BULL_QUIET,1.133,1.0
2014-06-18,BULL_QUIET,1.189,1.0
2014-06-19,BULL_QUIET,1.196,1.0
2014-06-20,BULL_QUIET,1.186,1.0
2014-06-23,BULL_QUIET,1.177,1.0
2014-06-24,BULL_QUIET,1.103,1.0
2014-06-25,BULL_QUIET,1.131,1.0
2014-06-26,BULL_QUIET,1.124,1.0
2014-06-27,BULL_QUIET,1.139,1.0
2014-06-30,BULL_QUIET,1.124,1.0
2014-07-01,BULL_QUIET,1.143,1.0
2014-07-02,BULL_QUIET,1.154,1.0
2014-07-03,BULL_QUIET,1.186,1.0
2014-07-07,BULL_QUIET,1.136,1.0
2014-07-08,BULL_QUIET,1.103,1.0
2014-07-09,BULL_QUIET,1.115,1.0
2014-07-10,BULL_QUIET,1.084,1.0
2014-07-11,BULL_QUIET,1.099,1.0
2014-07-14,BULL_QUIET,1.094,1.0
2014-07-15,BULL_QUIET,1.1,1.0
2014-07-16,BULL_QUIET,1.148,1.0
2014-07-17,POST_PANIC_REVERSION,1.03,1.0
2014-07-18,BULL_QUIET,1.108,1.0
2014-07-21,BULL_QUIET,1.077,1.0
2014-07-22,BULL_QUIET,1.103,1.0
2014-07-23,BULL_QUIET,1.161,1.0
2014-07-24,BULL_QUIET,1.136,1.0
2014-07-25,BULL_QUIET,1.103,1.0
2014-07-28,BULL_QUIET,1.108,1.0
2014-07-29,BULL_QUIET,1.071,1.0
2014-07-30,BULL_QUIET,1.07,1.0
2014-07-31,STRESS_UNSTABLE,0.966,0.0
2014-08-01,POST_PANIC_REVERSION,0.985,1.0
2014-08-04,POST_PANIC_REVERSION,1.046,1.0
2014-08-05,POST_PANIC_REVERSION,1.016,1.0
2014-08-06,POST_PANIC_REVERSION,1.034,1.0
2014-08-07,POST_PANIC_REVERSION,1.034,1.0
2014-08-08,BULL_QUIET,1.058,1.0
2014-08-11,BULL_QUIET,1.108,1.0
2014-08-12,BULL_QUIET,1.111,1.0
2014-08-13,BULL_QUIET,1.151,1.0
2014-08-14,BULL_QUIET,1.162,1.0
2014-08-15,BULL_QUIET,1.097,1.0
2014-08-18,BULL_QUIET,1.129,1.0
2014-08-19,BULL_QUIET,1.129,1.0
2014-08-20,BULL_QUIET,1.168,1.0
2014-08-21,BULL_QUIET,1.151,1.0
2014-08-22,BULL_QUIET,1.178,1.0
2014-08-25,BULL_QUIET,1.16,1.0
2014-08-26,BULL_QUIET,1.179,1.0
2014-08-27,BULL_QUIET,1.182,1.0
2014-08-28,BULL_QUIET,1.173,1.0
2014-08-29,BULL_QUIET,1.191,1.0
2014-09-02,BULL_QUIET,1.18,1.0
2014-09-03,BULL_QUIET,1.164,1.0
2014-09-04,BULL_QUIET,1.15,1.0
2014-09-05,BULL_QUIET,1.165,1.0
2014-09-08,BULL_QUIET,1.137,1.0
2014-09-09,BULL_QUIET,1.099,1.0
2014-09-10,BULL_QUIET,1.136,1.0
2014-09-11,BULL_QUIET,1.147,1.0
2014-09-12,BULL_QUIET,1.13,1.0
2014-09-15,BULL_QUIET,1.103,1.0
2014-09-16,BULL_QUIET,1.167,1.0
2014-09-17,BULL_QUIET,1.156,1.0
2014-09-18,BULL_QUIET,1.183,1.0
2014-09-19,BULL_QUIET,1.187,1.0
2014-09-22,BULL_QUIET,1.115,1.0
2014-09-23,BULL_QUIET,1.076,1.0
2014-09-24,BULL_QUIET,1.147,1.0
2014-09-25,BULL_QUIET,1.061,1.0
2014-09-26,BULL_QUIET,1.079,1.0
2014-09-29,BULL_QUIET,1.053,1.0
2014-09-30,POST_PANIC_REVERSION,1.047,1.0
2014-10-01,BULL_QUIET,1.054,1.0
2014-10-02,BULL_QUIET,1.067,1.0
2014-10-03,BULL_QUIET,1.102,1.0
2014-10-06,BULL_QUIET,1.071,1.0
2014-10-07,POST_PANIC_REVERSION,1.028,1.0
2014-10-08,BULL_QUIET,1.077,1.0
2014-10-09,STRESS_UNSTABLE,0.964,0.0
2014-10-10,STRESS_UNSTABLE,0.938,0.0
2014-10-13,STRESS_UNSTABLE,0.898,0.0
2014-10-14,STRESS_UNSTABLE,0.938,0.0
2014-10-15,STRESS_UNSTABLE,0.907,0.0
2014-10-16,STRESS_UNSTABLE,0.907,0.0
2014-10-17,STRESS_UNSTABLE,0.966,0.0
2014-10-20,BULL_QUIET,1.059,1.0
2014-10-21,BULL_QUIET,1.111,1.0
2014-10-22,BULL_QUIET,1.067,1.0
2014-10-23,BULL_QUIET,1.102,1.0
2014-10-24,BULL_QUIET,1.112,1.0
2014-10-27,BULL_QUIET,1.113,1.0
2014-10-28,BULL_QUIET,1.144,1.0
2014-10-29,BULL_QUIET,1.115,1.0
2014-10-30,BULL_QUIET,1.153,1.0
2014-10-31,BULL_QUIET,1.177,1.0
2014-11-03,BULL_QUIET,1.141,1.0
2014-11-04,BULL_QUIET,1.137,1.0
2014-11-05,BULL_QUIET,1.169,1.0
2014-11-06,BULL_QUIET,1.189,1.0
2014-11-07,BULL_QUIET,1.207,1.0
2014-11-10,BULL_QUIET,1.187,1.0
2014-11-11,BULL_QUIET,1.189,1.0
2014-11-12,BULL_QUIET,1.209,1.0
2014-11-13,BULL_QUIET,1.152,1.0
2014-11-14,BULL_QUIET,1.199,1.0
2014-11-17,BULL_QUIET,1.139,1.0
2014-11-18,BULL_QUIET,1.133,1.0
2014-11-19,BULL_QUIET,1.144,1.0
2014-11-20,BULL_QUIET,1.179,1.0
2014-11-21,BULL_QUIET,1.224,1.0
2014-11-24,BULL_QUIET,1.232,1.0
2014-11-25,BULL_QUIET,1.258,1.0
2014-11-26,BULL_QUIET,1.269,1.0
2014-11-28,BULL_QUIET,1.195,1.0
2014-12-01,BULL_QUIET,1.171,1.0
2014-12-02,BULL_QUIET,1.242,1.0
2014-12-03,BULL_QUIET,1.247,1.0
2014-12-04,BULL_QUIET,1.263,1.0
2014-12-05,BULL_QUIET,1.316,1.0
2014-12-08,BULL_QUIET,1.181,1.0
2014-12-09,BULL_QUIET,1.134,1.0
2014-12-10,POST_PANIC_REVERSION,1.033,1.0
2014-12-11,POST_PANIC_REVERSION,1.032,1.0
2014-12-12,POST_PANIC_REVERSION,0.996,1.0
2014-12-15,POST_PANIC_REVERSION,1.031,1.0
2014-12-16,POST_PANIC_REVERSION,0.98,1.0
2014-12-17,BULL_QUIET,1.051,1.0
2014-12-18,BULL_QUIET,1.099,1.0
2014-12-19,BULL_QUIET,1.12,1.0
2014-12-22,BULL_QUIET,1.153,1.0
2014-12-23,BULL_QUIET,1.212,1.0
2014-12-24,BULL_QUIET,1.201,1.0
2014-12-26,BULL_QUIET,1.183,1.0
2014-12-29,BULL_QUIET,1.147,1.0
2014-12-30,BULL_QUIET,1.132,1.0
2014-12-31,POST_PANIC_REVERSION,1.028,1.0
2015-01-02,BULL_QUIET,1.094,1.0
2015-01-05,POST_PANIC_REVERSION,1.044,1.0
2015-01-06,POST_PANIC_REVERSION,1.014,1.0
2015-01-07,POST_PANIC_REVERSION,1.04,1.0
2015-01-08,BULL_QUIET,1.097,1.0
2015-01-09,BULL_QUIET,1.101,1.0
2015-01-12,POST_PANIC_REVERSION,1.045,1.0
2015-01-13,POST_PANIC_REVERSION,1.035,1.0
2015-01-14,STRESS_UNSTABLE,0.974,0.0
2015-01-15,POST_PANIC_REVERSION,0.987,1.0
2015-01-16,POST_PANIC_REVERSION,1.01,1.0
2015-01-20,POST_PANIC_REVERSION,1.049,1.0
2015-01-21,BULL_QUIET,1.063,1.0
2015-01-22,BULL_QUIET,1.134,1.0
2015-01-23,BULL_QUIET,1.14,1.0
2015-01-26,BULL_QUIET,1.162,1.0
2015-01-27,BULL_QUIET,1.11,1.0
2015-01-28,POST_PANIC_REVERSION,1.049,1.0
2015-01-29,BULL_QUIET,1.066,1.0
2015-01-30,POST_PANIC_REVERSION,1.041,1.0
2015-02-02,BULL_QUIET,1.076,1.0
2015-02-03,BULL_QUIET,1.125,1.0
2015-02-04,BULL_QUIET,1.115,1.0
2015-02-05,BULL_QUIET,1.144,1.0
2015-02-06,BULL_QUIET,1.15,1.0
2015-02-09,BULL_QUIET,1.114,1.0
2015-02-10,BULL_QUIET,1.145,1.0
2015-02-11,BULL_QUIET,1.162,1.0
2015-02-12,BULL_QUIET,1.196,1.0
2015-02-13,BULL_QUIET,1.234,1.0
2015-02-17,BULL_QUIET,1.163,1.0
2015-02-18,BULL_QUIET,1.208,1.0
2015-02-19,BULL_QUIET,1.178,1.0
2015-02-20,BULL_QUIET,1.209,1.0
2015-02-23,BULL_QUIET,1.205,1.0
2015-02-24,BULL_QUIET,1.221,1.0
2015-02-25,BULL_QUIET,1.219,1.0
2015-02-26,BULL_QUIET,1.211,1.0
2015-02-27,BULL_QUIET,1.266,1.0
2015-03-02,BULL_QUIET,1.262,1.0
2015-03-03,BULL_QUIET,1.211,1.0
2015-03-04,BULL_QUIET,1.188,1.0
2015-03-05,BULL_QUIET,1.185,1.0
2015-03-06,BULL_QUIET,1.152,1.0
2015-03-09,BULL_QUIET,1.149,1.0
2015-03-10,BULL_QUIET,1.094,1.0
2015-03-11,BULL_QUIET,1.098,1.0
2015-03-12,BULL_QUIET,1.128,1.0
2015-03-13,BULL_QUIET,1.118,1.0
2015-03-16,BULL_QUIET,1.115,1.0
2015-03-17,BULL_QUIET,1.116,1.0
2015-03-18,BULL_QUIET,1.176,1.0
2015-03-19,BULL_QUIET,1.206,1.0
2015-03-20,BULL_QUIET,1.283,1.0
2015-03-23,BULL_QUIET,1.233,1.0
2015-03-24,BULL_QUIET,1.218,1.0
2015-03-25,BULL_QUIET,1.138,1.0
2015-03-26,BULL_QUIET,1.112,1.0
2015-03-27,BULL_QUIET,1.154,1.0
2015-03-30,BULL_QUIET,1.166,1.0
2015-03-31,BULL_QUIET,1.147,1.0
2015-04-01,BULL_QUIET,1.148,1.0
2015-04-02,BULL_QUIET,1.174,1.0
2015-04-06,BULL_QUIET,1.141,1.0
2015-04-07,BULL_QUIET,1.137,1.0
2015-04-08,BULL_QUIET,1.173,1.0
2015-04-09,BULL_QUIET,1.224,1.0
2015-04-10,BULL_QUIET,1.229,1.0
2015-04-13,BULL_QUIET,1.171,1.0
2015-04-14,BULL_QUIET,1.159,1.0
2015-04-15,BULL_QUIET,1.222,1.0
2015-04-16,BULL_QUIET,1.217,1.0
2015-04-17,BULL_QUIET,1.162,1.0
2015-04-20,BULL_QUIET,1.171,1.0
2015-04-21,BULL_QUIET,1.171,1.0
2015-04-22,BULL_QUIET,1.216,1.0
2015-04-23,BULL_QUIET,1.216,1.0
2015-04-24,BULL_QUIET,1.242,1.0
2015-04-27,BULL_QUIET,1.214,1.0
2015-04-28,BULL_QUIET,1.234,1.0
2015-04-29,BULL_QUIET,1.193,1.0
2015-04-30,BULL_QUIET,1.133,1.0
2015-05-01,BULL_QUIET,1.211,1.0
2015-05-04,BULL_QUIET,1.201,1.0
2015-05-05,BULL_QUIET,1.14,1.0
2015-05-06,BULL_QUIET,1.104,1.0
2015-05-07,BULL_QUIET,1.106,1.0
2015-05-08,BULL_QUIET,1.21,1.0
2015-05-11,BULL_QUIET,1.162,1.0
2015-05-12,BULL_QUIET,1.183,1.0
2015-05-13,BULL_QUIET,1.184,1.0
2015-05-14,BULL_QUIET,1.249,1.0
2015-05-15,BULL_QUIET,1.258,1.0
2015-05-18,BULL_QUIET,1.196,1.0
2015-05-19,BULL_QUIET,1.189,1.0
2015-05-20,BULL_QUIET,1.176,1.0
2015-05-21,BULL_QUIET,1.206,1.0
2015-05-22,BULL_QUIET,1.194,1.0
2015-05-26,BULL_QUIET,1.101,1.0
2015-05-27,BULL_QUIET,1.13,1.0
2015-05-28,BULL_QUIET,1.128,1.0
2015-05-29,BULL_QUIET,1.111,1.0
2015-06-01,BULL_QUIET,1.103,1.0
2015-06-02,BULL_QUIET,1.103,1.0
2015-06-03,BULL_QUIET,1.124,1.0
2015-06-04,BULL_QUIET,1.107,1.0
2015-06-05,BULL_QUIET,1.123,1.0
2015-06-08,BULL_QUIET,1.086,1.0
2015-06-09,BULL_QUIET,1.123,1.0
2015-06-10,BULL_QUIET,1.16,1.0
2015-06-11,BULL_QUIET,1.175,1.0
2015-06-12,BULL_QUIET,1.133,1.0
2015-06-15,BULL_QUIET,1.08,1.0
2015-06-16,BULL_QUIET,1.094,1.0
2015-06-17,BULL_QUIET,1.119,1.0
2015-06-18,BULL_QUIET,1.171,1.0
2015-06-19,BULL_QUIET,1.14,1.0
2015-06-22,BULL_QUIET,1.177,1.0
2015-06-23,BULL_QUIET,1.201,1.0
2015-06-24,BULL_QUIET,1.145,1.0
2015-06-25,BULL_QUIET,1.108,1.0
2015-06-26,BULL_QUIET,1.103,1.0
2015-06-29,POST_PANIC_REVERSION,0.993,1.0
2015-06-30,POST_PANIC_REVERSION,1.013,1.0
2015-07-01,POST_PANIC_REVERSION,1.044,1.0
2015-07-02,BULL_QUIET,1.053,1.0
2015-07-06,BULL_QUIET,1.061,1.0
2015-07-07,BULL_QUIET,1.058,1.0
2015-07-08,STRESS_UNSTABLE,0.979,0.0
2015-07-09,POST_PANIC_REVERSION,0.99,1.0
2015-07-10,BULL_QUIET,1.053,1.0
2015-07-13,BULL_QUIET,1.147,1.0
2015-07-14,BULL_QUIET,1.156,1.0
2015-07-15,BULL_QUIET,1.179,1.0
2015-07-16,BULL_QUIET,1.216,1.0
2015-07-17,BULL_QUIET,1.223,1.0
2015-07-20,BULL_QUIET,1.212,1.0
2015-07-21,BULL_QUIET,1.207,1.0
2015-07-22,BULL_QUIET,1.222,1.0
2015-07-23,BULL_QUIET,1.181,1.0
2015-07-24,BULL_QUIET,1.139,1.0
2015-07-27,BULL_QUIET,1.076,1.0
2015-07-28,BULL_QUIET,1.148,1.0
2015-07-29,BULL_QUIET,1.194,1.0
2015-07-30,BULL_QUIET,1.213,1.0
2015-07-31,BULL_QUIET,1.229,1.0
2015-08-03,BULL_QUIET,1.182,1.0
2015-08-04,BULL_QUIET,1.164,1.0
2015-08-05,BULL_QUIET,1.189,1.0
2015-08-06,BULL_QUIET,1.129,1.0
2015-08-07,BULL_QUIET,1.152,1.0
2015-08-10,BULL_QUIET,1.226,1.0
2015-08-11,BULL_QUIET,1.163,1.0
2015-08-12,BULL_QUIET,1.166,1.0
2015-08-13,BULL_QUIET,1.168,1.0
2015-08-14,BULL_QUIET,1.209,1.0
2015-08-17,BULL_QUIET,1.168,1.0
2015-08-18,BULL_QUIET,1.132,1.0
2015-08-19,BULL_QUIET,1.082,1.0
2015-08-20,POST_PANIC_REVERSION,0.984,1.0
2015-08-21,STRESS_UNSTABLE,0.837,0.0
2015-08-24,STRESS_UNSTABLE,0.764,0.0
2015-08-25,STRESS_UNSTABLE,0.821,0.0
2015-08-26,STRESS_UNSTABLE,0.846,0.0
2015-08-27,STRESS_UNSTABLE,0.952,0.0
2015-08-28,STRESS_UNSTABLE,0.973,0.0
2015-08-31,STRESS_UNSTABLE,0.933,0.0
2015-09-01,STRESS_UNSTABLE,0.94,0.0
2015-09-02,POST_PANIC_REVERSION,1.004,1.0
2015-09-03,POST_PANIC_REVERSION,1.023,1.0
2015-09-04,POST_PANIC_REVERSION,1.01,1.0
2015-09-08,POST_PANIC_REVERSION,1.032,1.0
2015-09-09,POST_PANIC_REVERSION,1.003,1.0
2015-09-10,STRESS_UNSTABLE,1.053,0.0
2015-09-11,STRESS_UNSTABLE,1.064,0.0
2015-09-14,STRESS_UNSTABLE,0.977,0.0
2015-09-15,POST_PANIC_REVERSION,1.026,1.0
2015-09-16,POST_PANIC_REVERSION,1.046,1.0
2015-09-17,POST_PANIC_REVERSION,1.0,1.0
2015-09-18,POST_PANIC_REVERSION,1.041,1.0
2015-09-21,BULL_QUIET,1.072,1.0
2015-09-22,POST_PANIC_REVERSION,1.037,1.0
2015-09-23,POST_PANIC_REVERSION,1.034,1.0
2015-09-24,POST_PANIC_REVERSION,1.0,1.0
2015-09-25,POST_PANIC_REVERSION,1.033,1.0
2015-09-28,STRESS_UNSTABLE,0.955,0.0
2015-09-29,STRESS_UNSTABLE,0.969,0.0
2015-09-30,POST_PANIC_REVERSION,1.01,1.0
2015-10-01,BULL_QUIET,1.057,1.0
2015-10-02,BULL_QUIET,1.079,1.0
2015-10-05,BULL_QUIET,1.092,1.0
2015-10-06,BULL_QUIET,1.113,1.0
2015-10-07,BULL_QUIET,1.126,1.0
2015-10-08,BULL_QUIET,1.153,1.0
2015-10-09,BULL_QUIET,1.162,1.0
2015-10-12,BULL_QUIET,1.191,1.0
2015-10-13,BULL_QUIET,1.16,1.0
2015-10-14,BULL_QUIET,1.154,1.0
2015-10-15,BULL_QUIET,1.211,1.0
2015-10-16,BULL_QUIET,1.241,1.0
2015-10-19,BULL_QUIET,1.192,1.0
2015-10-20,BULL_QUIET,1.181,1.0
2015-10-21,BULL_QUIET,1.165,1.0
2015-10-22,BULL_QUIET,1.188,1.0
2015-10-23,BULL_QUIET,1.209,1.0
2015-10-26,BULL_QUIET,1.177,1.0
2015-10-27,BULL_QUIET,1.176,1.0
2015-10-28,BULL_QUIET,1.221,1.0
2015-10-29,BULL_QUIET,1.219,1.0
2015-10-30,BULL_QUIET,1.221,1.0
2015-11-02,BULL_QUIET,1.231,1.0
2015-11-03,BULL_QUIET,1.202,1.0
2015-11-04,BULL_QUIET,1.181,1.0
2015-11-05,BULL_QUIET,1.183,1.0
2015-11-06,BULL_QUIET,1.218,1.0
2015-11-09,BULL_QUIET,1.141,1.0
2015-11-10,BULL_QUIET,1.179,1.0
2015-11-11,BULL_QUIET,1.149,1.0
2015-11-12,BULL_QUIET,1.098,1.0
2015-11-13,BULL_QUIET,1.075,1.0
2015-11-16,BULL_QUIET,1.1,1.0
2015-11-17,BULL_QUIET,1.084,1.0
2015-11-18,BULL_QUIET,1.141,1.0
2015-11-19,BULL_QUIET,1.156,1.0
2015-11-20,BULL_QUIET,1.224,1.0
2015-11-23,BULL_QUIET,1.193,1.0
2015-11-24,BULL_QUIET,1.175,1.0
2015-11-25,BULL_QUIET,1.197,1.0
2015-11-27,BULL_QUIET,1.147,1.0
2015-11-30,BULL_QUIET,1.146,1.0
2015-12-01,BULL_QUIET,1.198,1.0
2015-12-02,BULL_QUIET,1.152,1.0
2015-12-03,BULL_QUIET,1.11,1.0
2015-12-04,BULL_QUIET,1.227,1.0
2015-12-07,BULL_QUIET,1.177,1.0
2015-12-08,BULL_QUIET,1.14,1.0
2015-12-09,BULL_QUIET,1.073,1.0
2015-12-10,BULL_QUIET,1.073,1.0
2015-12-11,POST_PANIC_REVERSION,1.0,1.0
2015-12-14,POST_PANIC_REVERSION,1.025,1.0
2015-12-15,POST_PANIC_REVERSION,1.043,1.0
2015-12-16,BULL_QUIET,1.096,1.0
2015-12-17,BULL_QUIET,1.076,1.0
2015-12-18,POST_PANIC_REVERSION,1.027,1.0
2015-12-21,BULL_QUIET,1.129,1.0
2015-12-22,BULL_QUIET,1.195,1.0
2015-12-23,BULL_QUIET,1.241,1.0
2015-12-24,BULL_QUIET,1.251,1.0
2015-12-28,BULL_QUIET,1.164,1.0
2015-12-29,BULL_QUIET,1.188,1.0
2015-12-30,BULL_QUIET,1.133,1.0
2015-12-31,BULL_QUIET,1.087,1.0
2016-01-04,BULL_QUIET,1.063,1.0
2016-01-05,BULL_QUIET,1.061,1.0
2016-01-06,POST_PANIC_REVERSION,1.033,1.0
2016-01-07,POST_PANIC_REVERSION,0.985,1.0
2016-01-08,STRESS_UNSTABLE,0.971,0.0
2016-01-11,POST_PANIC_REVERSION,1.018,1.0
2016-01-12,POST_PANIC_REVERSION,1.003,1.0
2016-01-13,POST_PANIC_REVERSION,0.987,1.0
2016-01-14,POST_PANIC_REVERSION,0.982,1.0
2016-01-15,POST_PANIC_REVERSION,0.995,1.0
2016-01-19,POST_PANIC_REVERSION,1.015,1.0
2016-01-20,POST_PANIC_REVERSION,1.008,1.0
2016-01-21,POST_PANIC_REVERSION,1.001,1.0
2016-01-22,BULL_QUIET,1.087,1.0
2016-01-25,POST_PANIC_REVERSION,1.046,1.0
2016-01-26,POST_PANIC_REVERSION,1.035,1.0
2016-01-27,STRESS_UNSTABLE,1.059,0.0
2016-01-28,BULL_QUIET,1.071,1.0
2016-01-29,BULL_QUIET,1.122,1.0
2016-02-01,BULL_QUIET,1.102,1.0
2016-02-02,BULL_QUIET,1.065,1.0
2016-02-03,BULL_QUIET,1.072,1.0
2016-02-04,BULL_QUIET,1.083,1.0
2016-02-05,POST_PANIC_REVERSION,1.047,1.0
2016-02-08,POST_PANIC_REVERSION,0.999,1.0
2016-02-09,POST_PANIC_REVERSION,1.01,1.0
2016-02-10,POST_PANIC_REVERSION,1.016,1.0
2016-02-11,POST_PANIC_REVERSION,0.985,1.0
2016-02-12,POST_PANIC_REVERSION,1.033,1.0
2016-02-16,POST_PANIC_REVERSION,1.037,1.0
2016-02-17,BULL_QUIET,1.056,1.0
2016-02-18,BULL_QUIET,1.072,1.0
2016-02-19,BULL_QUIET,1.111,1.0
2016-02-22,BULL_QUIET,1.116,1.0
2016-02-23,BULL_QUIET,1.07,1.0
2016-02-24,BULL_QUIET,1.078,1.0
2016-02-25,BULL_QUIET,1.111,1.0
2016-02-26,BULL_QUIET,1.103,1.0
2016-02-29,BULL_QUIET,1.09,1.0
2016-03-01,BULL_QUIET,1.146,1.0
2016-03-02,BULL_QUIET,1.166,1.0
2016-03-03,BULL_QUIET,1.167,1.0
2016-03-04,BULL_QUIET,1.164,1.0
2016-03-07,BULL_QUIET,1.147,1.0
2016-03-08,BULL_QUIET,1.127,1.0
2016-03-09,BULL_QUIET,1.131,1.0
2016-03-10,BULL_QUIET,1.147,1.0
2016-03-11,BULL_QUIET,1.18,1.0
2016-03-14,BULL_QUIET,1.148,1.0
2016-03-15,BULL_QUIET,1.148,1.0
2016-03-16,BULL_QUIET,1.233,1.0
2016-03-17,BULL_QUIET,1.256,1.0
2016-03-18,BULL_QUIET,1.279,1.0
2016-03-21,BULL_QUIET,1.276,1.0
2016-03-22,BULL_QUIET,1.253,1.0
2016-03-23,BULL_QUIET,1.225,1.0
2016-03-24,BULL_QUIET,1.239,1.0
2016-03-28,BULL_QUIET,1.201,1.0
2016-03-29,BULL_QUIET,1.247,1.0
2016-03-30,BULL_QUIET,1.248,1.0
2016-03-31,BULL_QUIET,1.224,1.0
2016-04-01,BULL_QUIET,1.26,1.0
2016-04-04,BULL_QUIET,1.22,1.0
2016-04-05,BULL_QUIET,1.192,1.0
2016-04-06,BULL_QUIET,1.226,1.0
2016-04-07,BULL_QUIET,1.167,1.0
2016-04-08,BULL_QUIET,1.193,1.0
2016-04-11,BULL_QUIET,1.162,1.0
2016-04-12,BULL_QUIET,1.21,1.0
2016-04-13,BULL_QUIET,1.247,1.0
2016-04-14,BULL_QUIET,1.257,1.0
2016-04-15,BULL_QUIET,1.26,1.0
2016-04-18,BULL_QUIET,1.237,1.0
2016-04-19,BULL_QUIET,1.244,1.0
2016-04-20,BULL_QUIET,1.25,1.0
2016-04-21,BULL_QUIET,1.229,1.0
2016-04-22,BULL_QUIET,1.259,1.0
2016-04-25,BULL_QUIET,1.223,1.0
2016-04-26,BULL_QUIET,1.212,1.0
2016-04-27,BULL_QUIET,1.218,1.0
2016-04-28,BULL_QUIET,1.168,1.0
2016-04-29,BULL_QUIET,1.175,1.0
2016-05-02,BULL_QUIET,1.211,1.0
2016-05-03,BULL_QUIET,1.19,1.0
2016-05-04,BULL_QUIET,1.178,1.0
2016-05-05,BULL_QUIET,1.189,1.0
2016-05-06,BULL_QUIET,1.241,1.0
2016-05-09,BULL_QUIET,1.239,1.0
2016-05-10,BULL_QUIET,1.26,1.0
2016-05-11,BULL_QUIET,1.227,1.0
2016-05-12,BULL_QUIET,1.232,1.0
2016-05-13,BULL_QUIET,1.213,1.0
2016-05-16,BULL_QUIET,1.206,1.0
2016-05-17,BULL_QUIET,1.184,1.0
2016-05-18,BULL_QUIET,1.162,1.0
2016-05-19,BULL_QUIET,1.149,1.0
2016-05-20,BULL_QUIET,1.188,1.0
2016-05-23,BULL_QUIET,1.147,1.0
2016-05-24,BULL_QUIET,1.184,1.0
2016-05-25,BULL_QUIET,1.206,1.0
2016-05-26,BULL_QUIET,1.233,1.0
2016-05-27,BULL_QUIET,1.243,1.0
2016-05-31,BULL_QUIET,1.172,1.0
2016-06-01,BULL_QUIET,1.176,1.0
2016-06-02,BULL_QUIET,1.201,1.0
2016-06-03,BULL_QUIET,1.224,1.0
2016-06-06,BULL_QUIET,1.204,1.0
2016-06-07,BULL_QUIET,1.184,1.0
2016-06-08,BULL_QUIET,1.192,1.0
2016-06-09,BULL_QUIET,1.183,1.0
2016-06-10,BULL_QUIET,1.112,1.0
2016-06-13,POST_PANIC_REVERSION,1.043,1.0
2016-06-14,BULL_QUIET,1.07,1.0
2016-06-15,BULL_QUIET,1.083,1.0
2016-06-16,BULL_QUIET,1.092,1.0
2016-06-17,BULL_QUIET,1.098,1.0
2016-06-20,BULL_QUIET,1.078,1.0
2016-06-21,BULL_QUIET,1.065,1.0
2016-06-22,POST_PANIC_REVERSION,0.996,1.0
2016-06-23,BULL_QUIET,1.068,1.0
2016-06-24,STRESS_UNSTABLE,0.929,0.0
2016-06-27,POST_PANIC_REVERSION,0.993,1.0
2016-06-28,BULL_QUIET,1.081,1.0
2016-06-29,BULL_QUIET,1.126,1.0
2016-06-30,BULL_QUIET,1.157,1.0
2016-07-01,BULL_QUIET,1.195,1.0
2016-07-05,BULL_QUIET,1.171,1.0
2016-07-06,BULL_QUIET,1.186,1.0
2016-07-07,BULL_QUIET,1.203,1.0
2016-07-08,BULL_QUIET,1.249,1.0
2016-07-11,BULL_QUIET,1.218,1.0
2016-07-12,BULL_QUIET,1.193,1.0
2016-07-13,BULL_QUIET,1.225,1.0
2016-07-14,BULL_QUIET,1.237,1.0
2016-07-15,BULL_QUIET,1.262,1.0
2016-07-18,BULL_QUIET,1.268,1.0
2016-07-19,BULL_QUIET,1.315,1.0
2016-07-20,BULL_QUIET,1.312,1.0
2016-07-21,BULL_QUIET,1.264,1.0
2016-07-22,BULL_QUIET,1.314,1.0
2016-07-25,BULL_QUIET,1.264,1.0
2016-07-26,BULL_QUIET,1.251,1.0
2016-07-27,BULL_QUIET,1.255,1.0
2016-07-28,BULL_QUIET,1.258,1.0
2016-07-29,BULL_QUIET,1.299,1.0
2016-08-01,BULL_QUIET,1.262,1.0
2016-08-02,BULL_QUIET,1.226,1.0
2016-08-03,BULL_QUIET,1.25,1.0
2016-08-04,BULL_QUIET,1.265,1.0
2016-08-05,BULL_QUIET,1.329,1.0
2016-08-08,BULL_QUIET,1.318,1.0
2016-08-09,BULL_QUIET,1.296,1.0
2016-08-10,BULL_QUIET,1.279,1.0
2016-08-11,BULL_QUIET,1.31,1.0
2016-08-12,BULL_QUIET,1.321,1.0
2016-08-15,BULL_QUIET,1.302,1.0
2016-08-16,BULL_QUIET,1.267,1.0
2016-08-17,BULL_QUIET,1.273,1.0
2016-08-18,BULL_QUIET,1.326,1.0
2016-08-19,BULL_QUIET,1.334,1.0
2016-08-22,BULL_QUIET,1.263,1.0
2016-08-23,BULL_QUIET,1.246,1.0
2016-08-24,BULL_QUIET,1.19,1.0
2016-08-25,BULL_QUIET,1.183,1.0
2016-08-26,BULL_QUIET,1.19,1.0
2016-08-29,BULL_QUIET,1.231,1.0
2016-08-30,BULL_QUIET,1.222,1.0
2016-08-31,BULL_QUIET,1.203,1.0
2016-09-01,BULL_QUIET,1.21,1.0
2016-09-02,BULL_QUIET,1.306,1.0
2016-09-06,BULL_QUIET,1.295,1.0
2016-09-07,BULL_QUIET,1.297,1.0
2016-09-08,BULL_QUIET,1.264,1.0
2016-09-09,BULL_QUIET,1.076,1.0
2016-09-12,BULL_QUIET,1.139,1.0
2016-09-13,BULL_QUIET,1.067,1.0
2016-09-14,BULL_QUIET,1.067,1.0
2016-09-15,BULL_QUIET,1.116,1.0
2016-09-16,BULL_QUIET,1.163,1.0
2016-09-19,BULL_QUIET,1.145,1.0
2016-09-20,BULL_QUIET,1.13,1.0
2016-09-21,BULL_QUIET,1.253,1.0
2016-09-22,BULL_QUIET,1.326,1.0
2016-09-23,BULL_QUIET,1.306,1.0
2016-09-26,BULL_QUIET,1.192,1.0
2016-09-27,BULL_QUIET,1.256,1.0
2016-09-28,BULL_QUIET,1.292,1.0
2016-09-29,BULL_QUIET,1.203,1.0
2016-09-30,BULL_QUIET,1.232,1.0
2016-10-03,BULL_QUIET,1.209,1.0
2016-10-04,BULL_QUIET,1.208,1.0
2016-10-05,BULL_QUIET,1.249,1.0
2016-10-06,BULL_QUIET,1.252,1.0
2016-10-07,BULL_QUIET,1.22,1.0
2016-10-10,BULL_QUIET,1.192,1.0
2016-10-11,BULL_QUIET,1.103,1.0
2016-10-12,BULL_QUIET,1.07,1.0
2016-10-13,BULL_QUIET,1.054,1.0
2016-10-14,BULL_QUIET,1.081,1.0
2016-10-17,BULL_QUIET,1.078,1.0
2016-10-18,BULL_QUIET,1.107,1.0
2016-10-19,BULL_QUIET,1.142,1.0
2016-10-20,BULL_QUIET,1.18,1.0
2016-10-21,BULL_QUIET,1.202,1.0
2016-10-24,BULL_QUIET,1.199,1.0
2016-10-25,BULL_QUIET,1.175,1.0
2016-10-26,BULL_QUIET,1.141,1.0
2016-10-27,BULL_QUIET,1.102,1.0
2016-10-28,BULL_QUIET,1.073,1.0
2016-10-31,POST_PANIC_REVERSION,1.046,1.0
2016-11-01,POST_PANIC_REVERSION,1.01,1.0
2016-11-02,POST_PANIC_REVERSION,0.993,1.0
2016-11-03,STRESS_UNSTABLE,0.938,0.0
2016-11-04,STRESS_UNSTABLE,0.939,0.0
2016-11-07,STRESS_UNSTABLE,0.97,0.0
2016-11-08,STRESS_UNSTABLE,0.966,0.0
2016-11-09,BULL_QUIET,1.132,1.0
2016-11-10,BULL_QUIET,1.136,1.0
2016-11-11,BULL_QUIET,1.164,1.0
2016-11-14,BULL_QUIET,1.153,1.0
2016-11-15,BULL_QUIET,1.178,1.0
2016-11-16,BULL_QUIET,1.171,1.0
2016-11-17,BULL_QUIET,1.172,1.0
2016-11-18,BULL_QUIET,1.208,1.0
2016-11-21,BULL_QUIET,1.233,1.0
2016-11-22,BULL_QUIET,1.237,1.0
2016-11-23,BULL_QUIET,1.241,1.0
2016-11-25,BULL_QUIET,1.257,1.0
2016-11-28,BULL_QUIET,1.218,1.0
2016-11-29,BULL_QUIET,1.233,1.0
2016-11-30,BULL_QUIET,1.208,1.0
2016-12-01,BULL_QUIET,1.185,1.0
2016-12-02,BULL_QUIET,1.188,1.0
2016-12-05,BULL_QUIET,1.299,1.0
2016-12-06,BULL_QUIET,1.313,1.0
2016-12-07,BULL_QUIET,1.267,1.0
2016-12-08,BULL_QUIET,1.244,1.0
2016-12-09,BULL_QUIET,1.295,1.0
2016-12-12,BULL_QUIET,1.244,1.0
2016-12-13,BULL_QUIET,1.234,1.0
2016-12-14,BULL_QUIET,1.203,1.0
2016-12-15,BULL_QUIET,1.231,1.0
2016-12-16,BULL_QUIET,1.276,1.0
2016-12-19,BULL_QUIET,1.307,1.0
2016-12-20,BULL_QUIET,1.322,1.0
2016-12-21,BULL_QUIET,1.339,1.0
2016-12-22,BULL_QUIET,1.338,1.0
2016-12-23,BULL_QUIET,1.333,1.0
2016-12-27,BULL_QUIET,1.281,1.0
2016-12-28,BULL_QUIET,1.23,1.0
2016-12-29,BULL_QUIET,1.209,1.0
2016-12-30,BULL_QUIET,1.178,1.0
2017-01-03,BULL_QUIET,1.211,1.0
2017-01-04,BULL_QUIET,1.252,1.0
2017-01-05,BULL_QUIET,1.26,1.0
2017-01-06,BULL_QUIET,1.286,1.0
2017-01-09,BULL_QUIET,1.266,1.0
2017-01-10,BULL_QUIET,1.276,1.0
2017-01-11,BULL_QUIET,1.285,1.0
2017-01-12,BULL_QUIET,1.263,1.0
2017-01-13,BULL_QUIET,1.295,1.0
2017-01-17,BULL_QUIET,1.254,1.0
2017-01-18,BULL_QUIET,1.197,1.0
2017-01-19,BULL_QUIET,1.175,1.0
2017-01-20,BULL_QUIET,1.256,1.0
2017-01-23,BULL_QUIET,1.235,1.0
2017-01-24,BULL_QUIET,1.253,1.0
2017-01-25,BULL_QUIET,1.259,1.0
2017-01-26,BULL_QUIET,1.282,1.0
2017-01-27,BULL_QUIET,1.293,1.0
2017-01-30,BULL_QUIET,1.213,1.0
2017-01-31,BULL_QUIET,1.208,1.0
2017-02-01,BULL_QUIET,1.21,1.0
2017-02-02,BULL_QUIET,1.223,1.0
2017-02-03,BULL_QUIET,1.281,1.0
2017-02-06,BULL_QUIET,1.252,1.0
2017-02-07,BULL_QUIET,1.271,1.0
2017-02-08,BULL_QUIET,1.272,1.0
2017-02-09,BULL_QUIET,1.302,1.0
2017-02-10,BULL_QUIET,1.282,1.0
2017-02-13,BULL_QUIET,1.236,1.0
2017-02-14,BULL_QUIET,1.228,1.0
2017-02-15,BULL_QUIET,1.12,1.0
2017-02-16,BULL_QUIET,1.159,1.0
2017-02-17,BULL_QUIET,1.194,1.0
2017-02-21,BULL_QUIET,1.213,1.0
2017-02-22,BULL_QUIET,1.226,1.0
2017-02-23,BULL_QUIET,1.259,1.0
2017-02-24,BULL_QUIET,1.287,1.0
2017-02-27,BULL_QUIET,1.233,1.0
2017-02-28,BULL_QUIET,1.183,1.0
2017-03-01,BULL_QUIET,1.185,1.0
2017-03-02,BULL_QUIET,1.251,1.0
2017-03-03,BULL_QUIET,1.301,1.0
2017-03-06,BULL_QUIET,1.276,1.0
2017-03-07,BULL_QUIET,1.259,1.0
2017-03-08,BULL_QUIET,1.226,1.0
2017-03-09,BULL_QUIET,1.202,1.0
2017-03-10,BULL_QUIET,1.233,1.0
2017-03-13,BULL_QUIET,1.265,1.0
2017-03-14,BULL_QUIET,1.189,1.0
2017-03-15,BULL_QUIET,1.221,1.0
2017-03-16,BULL_QUIET,1.229,1.0
2017-03-17,BULL_QUIET,1.234,1.0
2017-03-20,BULL_QUIET,1.226,1.0
2017-03-21,BULL_QUIET,1.172,1.0
2017-03-22,BULL_QUIET,1.146,1.0
2017-03-23,BULL_QUIET,1.136,1.0
2017-03-24,BULL_QUIET,1.123,1.0
2017-03-27,BULL_QUIET,1.138,1.0
2017-03-28,BULL_QUIET,1.186,1.0
2017-03-29,BULL_QUIET,1.176,1.0
2017-03-30,BULL_QUIET,1.159,1.0
2017-03-31,BULL_QUIET,1.099,1.0
2017-04-03,BULL_QUIET,1.104,1.0
2017-04-04,BULL_QUIET,1.134,1.0
2017-04-05,BULL_QUIET,1.095,1.0
2017-04-06,BULL_QUIET,1.103,1.0
2017-04-07,BULL_QUIET,1.092,1.0
2017-04-10,POST_PANIC_REVERSION,1.038,1.0
2017-04-11,POST_PANIC_REVERSION,1.006,1.0
2017-04-12,STRESS_UNSTABLE,0.969,0.0
2017-04-13,POST_PANIC_REVERSION,0.987,1.0
2017-04-17,POST_PANIC_REVERSION,1.014,1.0
2017-04-18,POST_PANIC_REVERSION,1.024,1.0
2017-04-19,POST_PANIC_REVERSION,1.01,1.0
2017-04-20,POST_PANIC_REVERSION,1.027,1.0
2017-04-21,POST_PANIC_REVERSION,1.008,1.0
2017-04-24,BULL_QUIET,1.19,1.0
2017-04-25,BULL_QUIET,1.194,1.0
2017-04-26,BULL_QUIET,1.196,1.0
2017-04-27,BULL_QUIET,1.236,1.0
2017-04-28,BULL_QUIET,1.195,1.0
2017-05-01,BULL_QUIET,1.249,1.0
2017-05-02,BULL_QUIET,1.212,1.0
2017-05-03,BULL_QUIET,1.226,1.0
2017-05-04,BULL_QUIET,1.227,1.0
2017-05-05,BULL_QUIET,1.216,1.0
2017-05-08,BULL_QUIET,1.289,1.0
2017-05-09,BULL_QUIET,1.276,1.0
2017-05-10,BULL_QUIET,1.264,1.0
2017-05-11,BULL_QUIET,1.227,1.0
2017-05-12,BULL_QUIET,1.247,1.0
2017-05-15,BULL_QUIET,1.226,1.0
2017-05-16,BULL_QUIET,1.188,1.0
2017-05-17,POST_PANIC_REVERSION,1.001,1.0
2017-05-18,POST_PANIC_REVERSION,1.021,1.0
2017-05-19,BULL_QUIET,1.12,1.0
2017-05-22,BULL_QUIET,1.186,1.0
2017-05-23,BULL_QUIET,1.203,1.0
2017-05-24,BULL_QUIET,1.256,1.0
2017-05-25,BULL_QUIET,1.252,1.0
2017-05-26,BULL_QUIET,1.268,1.0
2017-05-30,BULL_QUIET,1.227,1.0
2017-05-31,BULL_QUIET,1.213,1.0
2017-06-01,BULL_QUIET,1.256,1.0
2017-06-02,BULL_QUIET,1.278,1.0
2017-06-05,BULL_QUIET,1.276,1.0
2017-06-06,BULL_QUIET,1.252,1.0
2017-06-07,BULL_QUIET,1.26,1.0
2017-06-08,BULL_QUIET,1.256,1.0
2017-06-09,BULL_QUIET,1.211,1.0
2017-06-12,BULL_QUIET,1.161,1.0
2017-06-13,BULL_QUIET,1.222,1.0
2017-06-14,BULL_QUIET,1.2,1.0
2017-06-15,BULL_QUIET,1.184,1.0
2017-06-16,BULL_QUIET,1.224,1.0
2017-06-19,BULL_QUIET,1.196,1.0
2017-06-20,BULL_QUIET,1.169,1.0
2017-06-21,BULL_QUIET,1.187,1.0
2017-06-22,BULL_QUIET,1.204,1.0
2017-06-23,BULL_QUIET,1.234,1.0
2017-06-26,BULL_QUIET,1.239,1.0
2017-06-27,BULL_QUIET,1.172,1.0
2017-06-28,BULL_QUIET,1.236,1.0
2017-06-29,BULL_QUIET,1.149,1.0
2017-06-30,BULL_QUIET,1.175,1.0
2017-07-03,BULL_QUIET,1.186,1.0
2017-07-05,BULL_QUIET,1.202,1.0
2017-07-06,BULL_QUIET,1.125,1.0
2017-07-07,BULL_QUIET,1.208,1.0
2017-07-10,BULL_QUIET,1.202,1.0
2017-07-11,BULL_QUIET,1.208,1.0
2017-07-12,BULL_QUIET,1.241,1.0
2017-07-13,BULL_QUIET,1.268,1.0
2017-07-14,BULL_QUIET,1.286,1.0
2017-07-17,BULL_QUIET,1.251,1.0
2017-07-18,BULL_QUIET,1.239,1.0
2017-07-19,BULL_QUIET,1.226,1.0
2017-07-20,BULL_QUIET,1.257,1.0
2017-07-21,BULL_QUIET,1.288,1.0
2017-07-24,BULL_QUIET,1.277,1.0
2017-07-25,BULL_QUIET,1.278,1.0
2017-07-26,BULL_QUIET,1.261,1.0
2017-07-27,BULL_QUIET,1.228,1.0
2017-07-28,BULL_QUIET,1.223,1.0
2017-07-31,BULL_QUIET,1.215,1.0
2017-08-01,BULL_QUIET,1.229,1.0
2017-08-02,BULL_QUIET,1.222,1.0
2017-08-03,BULL_QUIET,1.22,1.0
2017-08-04,BULL_QUIET,1.271,1.0
2017-08-07,BULL_QUIET,1.275,1.0
2017-08-08,BULL_QUIET,1.204,1.0
2017-08-09,BULL_QUIET,1.214,1.0
2017-08-10,POST_PANIC_REVERSION,1.011,1.0
2017-08-11,BULL_QUIET,1.057,1.0
2017-08-14,BULL_QUIET,1.129,1.0
2017-08-15,BULL_QUIET,1.154,1.0
2017-08-16,BULL_QUIET,1.157,1.0
2017-08-17,POST_PANIC_REVERSION,1.038,1.0
2017-08-18,BULL_QUIET,1.097,1.0
2017-08-21,BULL_QUIET,1.136,1.0
2017-08-22,BULL_QUIET,1.201,1.0
2017-08-23,BULL_QUIET,1.17,1.0
2017-08-24,BULL_QUIET,1.177,1.0
2017-08-25,BULL_QUIET,1.24,1.0
2017-08-28,BULL_QUIET,1.236,1.0
2017-08-29,BULL_QUIET,1.207,1.0
2017-08-30,BULL_QUIET,1.26,1.0
2017-08-31,BULL_QUIET,1.303,1.0
2017-09-01,BULL_QUIET,1.342,1.0
2017-09-05,BULL_QUIET,1.192,1.0
2017-09-06,BULL_QUIET,1.238,1.0
2017-09-07,BULL_QUIET,1.24,1.0
2017-09-08,BULL_QUIET,1.212,1.0
2017-09-11,BULL_QUIET,1.292,1.0
2017-09-12,BULL_QUIET,1.282,1.0
2017-09-13,BULL_QUIET,1.26,1.0
2017-09-14,BULL_QUIET,1.261,1.0
2017-09-15,BULL_QUIET,1.274,1.0
2017-09-18,BULL_QUIET,1.25,1.0
2017-09-19,BULL_QUIET,1.25,1.0
2017-09-20,BULL_QUIET,1.294,1.0
2017-09-21,BULL_QUIET,1.309,1.0
2017-09-22,BULL_QUIET,1.34,1.0
2017-09-25,BULL_QUIET,1.279,1.0
2017-09-26,BULL_QUIET,1.28,1.0
2017-09-27,BULL_QUIET,1.308,1.0
2017-09-28,BULL_QUIET,1.336,1.0
2017-09-29,BULL_QUIET,1.313,1.0
2017-10-02,BULL_QUIET,1.308,1.0
2017-10-03,BULL_QUIET,1.294,1.0
2017-10-04,BULL_QUIET,1.286,1.0
2017-10-05,BULL_QUIET,1.325,1.0
2017-10-06,BULL_QUIET,1.289,1.0
2017-10-09,BULL_QUIET,1.232,1.0
2017-10-10,BULL_QUIET,1.237,1.0
2017-10-11,BULL_QUIET,1.243,1.0
2017-10-12,BULL_QUIET,1.237,1.0
2017-10-13,BULL_QUIET,1.247,1.0
2017-10-16,BULL_QUIET,1.205,1.0
2017-10-17,BULL_QUIET,1.169,1.0
2017-10-18,BULL_QUIET,1.184,1.0
2017-10-19,BULL_QUIET,1.19,1.0
2017-10-20,BULL_QUIET,1.189,1.0
2017-10-23,BULL_QUIET,1.134,1.0
2017-10-24,BULL_QUIET,1.135,1.0
2017-10-25,BULL_QUIET,1.153,1.0
2017-10-26,BULL_QUIET,1.144,1.0
2017-10-27,BULL_QUIET,1.248,1.0
2017-10-30,BULL_QUIET,1.197,1.0
2017-10-31,BULL_QUIET,1.216,1.0
2017-11-01,BULL_QUIET,1.232,1.0
2017-11-02,BULL_QUIET,1.277,1.0
2017-11-03,BULL_QUIET,1.359,1.0
2017-11-06,BULL_QUIET,1.337,1.0
2017-11-07,BULL_QUIET,1.29,1.0
2017-11-08,BULL_QUIET,1.317,1.0
2017-11-09,BULL_QUIET,1.251,1.0
2017-11-10,BULL_QUIET,1.205,1.0
2017-11-13,BULL_QUIET,1.196,1.0
2017-11-14,BULL_QUIET,1.202,1.0
2017-11-15,BULL_QUIET,1.117,1.0
2017-11-16,BULL_QUIET,1.187,1.0
2017-11-17,BULL_QUIET,1.207,1.0
2017-11-20,BULL_QUIET,1.247,1.0
2017-11-21,BULL_QUIET,1.29,1.0
2017-11-22,BULL_QUIET,1.259,1.0
2017-11-24,BULL_QUIET,1.284,1.0
2017-11-27,BULL_QUIET,1.274,1.0
2017-11-28,BULL_QUIET,1.223,1.0
2017-11-29,BULL_QUIET,1.198,1.0
2017-11-30,BULL_QUIET,1.156,1.0
2017-12-01,BULL_QUIET,1.162,1.0
2017-12-04,BULL_QUIET,1.16,1.0
2017-12-05,BULL_QUIET,1.195,1.0
2017-12-06,BULL_QUIET,1.221,1.0
2017-12-07,BULL_QUIET,1.273,1.0
2017-12-08,BULL_QUIET,1.301,1.0
2017-12-11,BULL_QUIET,1.315,1.0
2017-12-12,BULL_QUIET,1.258,1.0
2017-12-13,BULL_QUIET,1.228,1.0
2017-12-14,BULL_QUIET,1.22,1.0
2017-12-15,BULL_QUIET,1.282,1.0
2017-12-18,BULL_QUIET,1.267,1.0
2017-12-19,BULL_QUIET,1.247,1.0
2017-12-20,BULL_QUIET,1.273,1.0
2017-12-21,BULL_QUIET,1.284,1.0
2017-12-22,BULL_QUIET,1.262,1.0
2017-12-26,BULL_QUIET,1.231,1.0
2017-12-27,BULL_QUIET,1.208,1.0
2017-12-28,BULL_QUIET,1.253,1.0
2017-12-29,BULL_QUIET,1.186,1.0
2018-01-02,BULL_QUIET,1.291,1.0
2018-01-03,BULL_QUIET,1.346,1.0
2018-01-04,BULL_QUIET,1.328,1.0
2018-01-05,BULL_QUIET,1.308,1.0
2018-01-08,BULL_QUIET,1.276,1.0
2018-01-09,BULL_QUIET,1.231,1.0
2018-01-10,BULL_QUIET,1.259,1.0
2018-01-11,BULL_QUIET,1.231,1.0
2018-01-12,BULL_QUIET,1.201,1.0
2018-01-16,BULL_QUIET,1.135,1.0
2018-01-17,BULL_QUIET,1.113,1.0
2018-01-18,BULL_QUIET,1.111,1.0
2018-01-19,BULL_QUIET,1.157,1.0
2018-01-22,BULL_QUIET,1.178,1.0
2018-01-23,BULL_QUIET,1.191,1.0
2018-01-24,BULL_QUIET,1.18,1.0
2018-01-25,BULL_QUIET,1.181,1.0
2018-01-26,BULL_QUIET,1.215,1.0
2018-01-29,BULL_QUIET,1.083,1.0
2018-01-30,BULL_QUIET,1.07,1.0
2018-01-31,BULL_QUIET,1.1,1.0
2018-02-01,BULL_QUIET,1.093,1.0
2018-02-02,POST_PANIC_REVERSION,0.984,1.0
2018-02-05,STRESS_UNSTABLE,0.754,0.0
2018-02-06,STRESS_UNSTABLE,0.792,0.0
2018-02-07,STRESS_UNSTABLE,0.831,0.0
2018-02-08,STRESS_UNSTABLE,0.817,0.0
2018-02-09,STRESS_UNSTABLE,0.858,0.0
2018-02-12,STRESS_UNSTABLE,0.893,0.0
2018-02-13,STRESS_UNSTABLE,0.907,0.0
2018-02-14,POST_PANIC_REVERSION,1.004,1.0
2018-02-15,POST_PANIC_REVERSION,0.997,1.0
2018-02-16,POST_PANIC_REVERSION,0.985,1.0
2018-02-20,STRESS_UNSTABLE,0.971,0.0
2018-02-21,POST_PANIC_REVERSION,1.0,1.0
2018-02-22,POST_PANIC_REVERSION,1.018,1.0
2018-02-23,BULL_QUIET,1.061,1.0
2018-02-26,BULL_QUIET,1.071,1.0
2018-02-27,POST_PANIC_REVERSION,1.023,1.0
2018-02-28,POST_PANIC_REVERSION,1.002,1.0
2018-03-01,STRESS_UNSTABLE,0.953,0.0
2018-03-02,POST_PANIC_REVERSION,1.014,1.0
2018-03-05,POST_PANIC_REVERSION,1.026,1.0
2018-03-06,POST_PANIC_REVERSION,1.048,1.0
2018-03-07,BULL_QUIET,1.061,1.0
2018-03-08,BULL_QUIET,1.099,1.0
2018-03-09,BULL_QUIET,1.162,1.0
2018-03-12,BULL_QUIET,1.128,1.0
2018-03-13,BULL_QUIET,1.104,1.0
2018-03-14,BULL_QUIET,1.09,1.0
2018-03-15,BULL_QUIET,1.098,1.0
2018-03-16,BULL_QUIET,1.123,1.0
2018-03-19,POST_PANIC_REVERSION,1.019,1.0
2018-03-20,POST_PANIC_REVERSION,1.037,1.0
2018-03-21,POST_PANIC_REVERSION,1.048,1.0
2018-03-22,STRESS_UNSTABLE,0.928,0.0
2018-03-23,STRESS_UNSTABLE,0.916,0.0
2018-03-26,POST_PANIC_REVERSION,0.984,1.0
2018-03-27,STRESS_UNSTABLE,0.975,0.0
2018-03-28,STRESS_UNSTABLE,0.976,0.0
2018-03-29,POST_PANIC_REVERSION,1.029,1.0
2018-04-02,STRESS_UNSTABLE,0.956,0.0
2018-04-03,POST_PANIC_REVERSION,0.996,1.0
2018-04-04,POST_PANIC_REVERSION,1.018,1.0
2018-04-05,POST_PANIC_REVERSION,1.035,1.0
2018-04-06,POST_PANIC_REVERSION,0.987,1.0
2018-04-09,STRESS_UNSTABLE,0.975,0.0
2018-04-10,POST_PANIC_REVERSION,0.997,1.0
2018-04-11,POST_PANIC_REVERSION,1.006,1.0
2018-04-12,POST_PANIC_REVERSION,1.043,1.0
2018-04-13,BULL_QUIET,1.065,1.0
2018-04-16,BULL_QUIET,1.076,1.0
2018-04-17,BULL_QUIET,1.102,1.0
2018-04-18,BULL_QUIET,1.077,1.0
2018-04-19,BULL_QUIET,1.073,1.0
2018-04-20,BULL_QUIET,1.05,1.0
2018-04-23,BULL_QUIET,1.062,1.0
2018-04-24,POST_PANIC_REVERSION,1.012,1.0
2018-04-25,POST_PANIC_REVERSION,1.022,1.0
2018-04-26,BULL_QUIET,1.065,1.0
2018-04-27,BULL_QUIET,1.108,1.0
2018-04-30,BULL_QUIET,1.089,1.0
2018-05-01,BULL_QUIET,1.092,1.0
2018-05-02,BULL_QUIET,1.081,1.0
2018-05-03,BULL_QUIET,1.071,1.0
2018-05-04,BULL_QUIET,1.127,1.0
2018-05-07,BULL_QUIET,1.129,1.0
2018-05-08,BULL_QUIET,1.12,1.0
2018-05-09,BULL_QUIET,1.176,1.0
2018-05-10,BULL_QUIET,1.152,1.0
2018-05-11,BULL_QUIET,1.172,1.0
2018-05-14,BULL_QUIET,1.124,1.0
2018-05-15,BULL_QUIET,1.079,1.0
2018-05-16,BULL_QUIET,1.128,1.0
2018-05-17,BULL_QUIET,1.118,1.0
2018-05-18,BULL_QUIET,1.132,1.0
2018-05-21,BULL_QUIET,1.123,1.0
2018-05-22,BULL_QUIET,1.126,1.0
2018-05-23,BULL_QUIET,1.151,1.0
2018-05-24,BULL_QUIET,1.152,1.0
2018-05-25,BULL_QUIET,1.122,1.0
2018-05-29,POST_PANIC_REVERSION,1.006,1.0
2018-05-30,BULL_QUIET,1.071,1.0
2018-05-31,BULL_QUIET,1.058,1.0
2018-06-01,BULL_QUIET,1.134,1.0
2018-06-04,BULL_QUIET,1.17,1.0
2018-06-05,BULL_QUIET,1.187,1.0
2018-06-06,BULL_QUIET,1.219,1.0
2018-06-07,BULL_QUIET,1.19,1.0
2018-06-08,BULL_QUIET,1.199,1.0
2018-06-11,BULL_QUIET,1.178,1.0
2018-06-12,BULL_QUIET,1.182,1.0
2018-06-13,BULL_QUIET,1.153,1.0
2018-06-14,BULL_QUIET,1.188,1.0
2018-06-15,BULL_QUIET,1.204,1.0
2018-06-18,BULL_QUIET,1.176,1.0
2018-06-19,BULL_QUIET,1.136,1.0
2018-06-20,BULL_QUIET,1.156,1.0
2018-06-21,BULL_QUIET,1.084,1.0
2018-06-22,BULL_QUIET,1.126,1.0
2018-06-25,POST_PANIC_REVERSION,1.011,1.0
2018-06-26,BULL_QUIET,1.06,1.0
2018-06-27,POST_PANIC_REVERSION,1.008,1.0
2018-06-28,POST_PANIC_REVERSION,1.04,1.0
2018-06-29,BULL_QUIET,1.065,1.0
2018-07-02,BULL_QUIET,1.087,1.0
2018-07-03,BULL_QUIET,1.075,1.0
2018-07-05,BULL_QUIET,1.104,1.0
2018-07-06,BULL_QUIET,1.175,1.0
2018-07-09,BULL_QUIET,1.172,1.0
2018-07-10,BULL_QUIET,1.164,1.0
2018-07-11,BULL_QUIET,1.128,1.0
2018-07-12,BULL_QUIET,1.173,1.0
2018-07-13,BULL_QUIET,1.194,1.0
2018-07-16,BULL_QUIET,1.157,1.0
2018-07-17,BULL_QUIET,1.194,1.0
2018-07-18,BULL_QUIET,1.189,1.0
2018-07-19,BULL_QUIET,1.163,1.0
2018-07-20,BULL_QUIET,1.173,1.0
2018-07-23,BULL_QUIET,1.177,1.0
2018-07-24,BULL_QUIET,1.185,1.0
2018-07-25,BULL_QUIET,1.184,1.0
2018-07-26,BULL_QUIET,1.186,1.0
2018-07-27,BULL_QUIET,1.151,1.0
2018-07-30,BULL_QUIET,1.098,1.0
2018-07-31,BULL_QUIET,1.159,1.0
2018-08-01,BULL_QUIET,1.157,1.0
2018-08-02,BULL_QUIET,1.211,1.0
2018-08-03,BULL_QUIET,1.245,1.0
2018-08-06,BULL_QUIET,1.263,1.0
2018-08-07,BULL_QUIET,1.274,1.0
2018-08-08,BULL_QUIET,1.287,1.0
2018-08-09,BULL_QUIET,1.254,1.0
2018-08-10,BULL_QUIET,1.157,1.0
2018-08-13,BULL_QUIET,1.097,1.0
2018-08-14,BULL_QUIET,1.153,1.0
2018-08-15,BULL_QUIET,1.106,1.0
2018-08-16,BULL_QUIET,1.153,1.0
2018-08-17,BULL_QUIET,1.2,1.0
2018-08-20,BULL_QUIET,1.201,1.0
2018-08-21,BULL_QUIET,1.181,1.0
2018-08-22,BULL_QUIET,1.231,1.0
2018-08-23,BULL_QUIET,1.214,1.0
2018-08-24,BULL_QUIET,1.236,1.0
2018-08-27,BULL_QUIET,1.216,1.0
2018-08-28,BULL_QUIET,1.209,1.0
2018-08-29,BULL_QUIET,1.22,1.0
2018-08-30,BULL_QUIET,1.149,1.0
2018-08-31,BULL_QUIET,1.178,1.0
2018-09-04,BULL_QUIET,1.174,1.0
2018-09-05,BULL_QUIET,1.145,1.0
2018-09-06,BULL_QUIET,1.115,1.0
2018-09-07,BULL_QUIET,1.115,1.0
2018-09-10,BULL_QUIET,1.142,1.0
2018-09-11,BULL_QUIET,1.175,1.0
2018-09-12,BULL_QUIET,1.166,1.0
2018-09-13,BULL_QUIET,1.194,1.0
2018-09-14,BULL_QUIET,1.191,1.0
2018-09-17,BULL_QUIET,1.117,1.0
2018-09-18,BULL_QUIET,1.176,1.0
2018-09-19,BULL_QUIET,1.247,1.0
2018-09-20,BULL_QUIET,1.23,1.0
2018-09-21,BULL_QUIET,1.248,1.0
2018-09-24,BULL_QUIET,1.211,1.0
2018-09-25,BULL_QUIET,1.201,1.0
2018-09-26,BULL_QUIET,1.175,1.0
2018-09-27,BULL_QUIET,1.2,1.0
2018-09-28,BULL_QUIET,1.219,1.0
2018-10-01,BULL_QUIET,1.228,1.0
2018-10-02,BULL_QUIET,1.232,1.0
2018-10-03,BULL_QUIET,1.264,1.0
2018-10-04,BULL_QUIET,1.114,1.0
2018-10-05,BULL_QUIET,1.096,1.0
2018-10-08,BULL_QUIET,1.052,1.0
2018-10-09,POST_PANIC_REVERSION,1.043,1.0
2018-10-10,STRESS_UNSTABLE,0.902,0.0
2018-10-11,STRESS_UNSTABLE,0.863,0.0
2018-10-12,STRESS_UNSTABLE,0.931,0.0
2018-10-15,STRESS_UNSTABLE,0.953,0.0
2018-10-16,POST_PANIC_REVERSION,1.019,1.0
2018-10-17,POST_PANIC_REVERSION,1.04,1.0
2018-10-18,POST_PANIC_REVERSION,0.99,1.0
2018-10-19,POST_PANIC_REVERSION,0.997,1.0
2018-10-22,POST_PANIC_REVERSION,1.009,1.0
2018-10-23,STRESS_UNSTABLE,0.979,0.0
2018-10-24,STRESS_UNSTABLE,0.897,0.0
2018-10-25,STRESS_UNSTABLE,0.927,0.0
2018-10-26,STRESS_UNSTABLE,0.93,0.0
2018-10-29,STRESS_UNSTABLE,0.934,0.0
2018-10-30,STRESS_UNSTABLE,0.952,0.0
2018-10-31,POST_PANIC_REVERSION,0.996,1.0
2018-11-01,POST_PANIC_REVERSION,1.038,1.0
2018-11-02,POST_PANIC_REVERSION,1.04,1.0
2018-11-05,POST_PANIC_REVERSION,1.012,1.0
2018-11-06,POST_PANIC_REVERSION,0.983,1.0
2018-11-07,BULL_QUIET,1.077,1.0
2018-11-08,BULL_QUIET,1.057,1.0
2018-11-09,BULL_QUIET,1.063,1.0
2018-11-12,POST_PANIC_REVERSION,0.989,1.0
2018-11-13,POST_PANIC_REVERSION,1.012,1.0
2018-11-14,POST_PANIC_REVERSION,0.999,1.0
2018-11-15,POST_PANIC_REVERSION,1.017,1.0
2018-11-16,BULL_QUIET,1.067,1.0
2018-11-19,POST_PANIC_REVERSION,1.027,1.0
2018-11-20,POST_PANIC_REVERSION,0.991,1.0
2018-11-21,POST_PANIC_REVERSION,1.025,1.0
2018-11-23,POST_PANIC_REVERSION,1.011,1.0
2018-11-26,BULL_QUIET,1.064,1.0
2018-11-27,POST_PANIC_REVERSION,1.048,1.0
2018-11-28,POST_PANIC_REVERSION,1.043,1.0
2018-11-29,POST_PANIC_REVERSION,1.043,1.0
2018-11-30,POST_PANIC_REVERSION,1.045,1.0
2018-12-03,BULL_QUIET,1.092,1.0
2018-12-04,POST_PANIC_REVERSION,1.0,1.0
2018-12-06,POST_PANIC_REVERSION,0.994,1.0
2018-12-07,STRESS_UNSTABLE,0.966,0.0
2018-12-10,STRESS_UNSTABLE,0.972,0.0
2018-12-11,POST_PANIC_REVERSION,0.998,1.0
2018-12-12,POST_PANIC_REVERSION,1.006,1.0
2018-12-13,POST_PANIC_REVERSION,1.034,1.0
2018-12-14,POST_PANIC_REVERSION,1.015,1.0
2018-12-17,STRESS_UNSTABLE,0.955,0.0
2018-12-18,STRESS_UNSTABLE,0.934,0.0
2018-12-19,STRESS_UNSTABLE,0.939,0.0
2018-12-20,STRESS_UNSTABLE,0.889,0.0
2018-12-21,STRESS_UNSTABLE,0.871,0.0
2018-12-24,STRESS_UNSTABLE,0.8,0.0
2018-12-26,STRESS_UNSTABLE,0.845,0.0
2018-12-27,STRESS_UNSTABLE,0.864,0.0
2018-12-28,STRESS_UNSTABLE,0.893,0.0
2018-12-31,STRESS_UNSTABLE,0.934,0.0
2019-01-02,POST_PANIC_REVERSION,0.98,1.0
2019-01-03,STRESS_UNSTABLE,0.947,0.0
2019-01-04,POST_PANIC_REVERSION,1.022,1.0
2019-01-07,POST_PANIC_REVERSION,1.01,1.0
2019-01-08,POST_PANIC_REVERSION,1.033,1.0
2019-01-09,POST_PANIC_REVERSION,1.036,1.0
2019-01-10,BULL_QUIET,1.052,1.0
2019-01-11,BULL_QUIET,1.085,1.0
2019-01-14,POST_PANIC_REVERSION,1.045,1.0
2019-01-15,POST_PANIC_REVERSION,1.034,1.0
2019-01-16,POST_PANIC_REVERSION,1.026,1.0
2019-01-17,BULL_QUIET,1.061,1.0
2019-01-18,BULL_QUIET,1.058,1.0
2019-01-22,POST_PANIC_REVERSION,0.995,1.0
2019-01-23,POST_PANIC_REVERSION,1.029,1.0
2019-01-24,POST_PANIC_REVERSION,1.041,1.0
2019-01-25,BULL_QUIET,1.08,1.0
2019-01-28,POST_PANIC_REVERSION,1.038,1.0
2019-01-29,POST_PANIC_REVERSION,1.025,1.0
2019-01-30,BULL_QUIET,1.058,1.0
2019-01-31,BULL_QUIET,1.079,1.0
2019-02-01,BULL_QUIET,1.09,1.0
2019-02-04,BULL_QUIET,1.093,1.0
2019-02-05,BULL_QUIET,1.096,1.0
2019-02-06,BULL_QUIET,1.099,1.0
2019-02-07,BULL_QUIET,1.07,1.0
2019-02-08,BULL_QUIET,1.098,1.0
2019-02-11,BULL_QUIET,1.078,1.0
2019-02-12,BULL_QUIET,1.09,1.0
2019-02-13,BULL_QUIET,1.084,1.0
2019-02-14,BULL_QUIET,1.068,1.0
2019-02-15,BULL_QUIET,1.105,1.0
2019-02-19,BULL_QUIET,1.106,1.0
2019-02-20,BULL_QUIET,1.128,1.0
2019-02-21,BULL_QUIET,1.118,1.0
2019-02-22,BULL_QUIET,1.144,1.0
2019-02-25,BULL_QUIET,1.077,1.0
2019-02-26,BULL_QUIET,1.074,1.0
2019-02-27,BULL_QUIET,1.088,1.0
2019-02-28,BULL_QUIET,1.089,1.0
2019-03-01,BULL_QUIET,1.133,1.0
2019-03-04,BULL_QUIET,1.096,1.0
2019-03-05,BULL_QUIET,1.096,1.0
2019-03-06,BULL_QUIET,1.064,1.0
2019-03-07,POST_PANIC_REVERSION,1.043,1.0
2019-03-08,BULL_QUIET,1.066,1.0
2019-03-11,BULL_QUIET,1.117,1.0
2019-03-12,BULL_QUIET,1.137,1.0
2019-03-13,BULL_QUIET,1.143,1.0
2019-03-14,BULL_QUIET,1.133,1.0
2019-03-15,BULL_QUIET,1.163,1.0
2019-03-18,BULL_QUIET,1.163,1.0
2019-03-19,BULL_QUIET,1.147,1.0
2019-03-20,BULL_QUIET,1.135,1.0
2019-03-21,BULL_QUIET,1.138,1.0
2019-03-22,BULL_QUIET,1.054,1.0
2019-03-25,BULL_QUIET,1.069,1.0
2019-03-26,BULL_QUIET,1.121,1.0
2019-03-27,BULL_QUIET,1.108,1.0
2019-03-28,BULL_QUIET,1.13,1.0
2019-03-29,BULL_QUIET,1.152,1.0
2019-04-01,BULL_QUIET,1.154,1.0
2019-04-02,BULL_QUIET,1.163,1.0
2019-04-03,BULL_QUIET,1.138,1.0
2019-04-04,BULL_QUIET,1.14,1.0
2019-04-05,BULL_QUIET,1.175,1.0
2019-04-08,BULL_QUIET,1.159,1.0
2019-04-09,BULL_QUIET,1.12,1.0
2019-04-10,BULL_QUIET,1.156,1.0
2019-04-11,BULL_QUIET,1.171,1.0
2019-04-12,BULL_QUIET,1.204,1.0
2019-04-15,BULL_QUIET,1.179,1.0
2019-04-16,BULL_QUIET,1.188,1.0
2019-04-17,BULL_QUIET,1.176,1.0
2019-04-18,BULL_QUIET,1.205,1.0
2019-04-22,BULL_QUIET,1.185,1.0
2019-04-23,BULL_QUIET,1.184,1.0
2019-04-24,BULL_QUIET,1.145,1.0
2019-04-25,BULL_QUIET,1.148,1.0
2019-04-26,BULL_QUIET,1.17,1.0
2019-04-29,BULL_QUIET,1.162,1.0
2019-04-30,BULL_QUIET,1.161,1.0
2019-05-01,BULL_QUIET,1.094,1.0
2019-05-02,BULL_QUIET,1.112,1.0
2019-05-03,BULL_QUIET,1.171,1.0
2019-05-06,BULL_QUIET,1.062,1.0
2019-05-07,STRESS_UNSTABLE,0.972,0.0
2019-05-08,STRESS_UNSTABLE,0.966,0.0
2019-05-09,STRESS_UNSTABLE,0.965,0.0
2019-05-10,BULL_QUIET,1.054,1.0
2019-05-13,STRESS_UNSTABLE,0.963,0.0
2019-05-14,POST_PANIC_REVERSION,1.013,1.0
2019-05-15,BULL_QUIET,1.064,1.0
2019-05-16,BULL_QUIET,1.095,1.0
2019-05-17,BULL_QUIET,1.069,1.0
2019-05-20,BULL_QUIET,1.06,1.0
2019-05-21,BULL_QUIET,1.098,1.0
2019-05-22,BULL_QUIET,1.113,1.0
2019-05-23,POST_PANIC_REVERSION,1.046,1.0
2019-05-24,BULL_QUIET,1.078,1.0
2019-05-28,POST_PANIC_REVERSION,1.023,1.0
2019-05-29,POST_PANIC_REVERSION,1.019,1.0
2019-05-30,POST_PANIC_REVERSION,1.038,1.0
2019-05-31,POST_PANIC_REVERSION,1.006,1.0
2019-06-03,POST_PANIC_REVERSION,0.995,1.0
2019-06-04,POST_PANIC_REVERSION,1.037,1.0
2019-06-05,BULL_QUIET,1.065,1.0
2019-06-06,BULL_QUIET,1.062,1.0
2019-06-07,BULL_QUIET,1.052,1.0
2019-06-10,BULL_QUIET,1.059,1.0
2019-06-11,BULL_QUIET,1.063,1.0
2019-06-12,BULL_QUIET,1.072,1.0
2019-06-13,BULL_QUIET,1.066,1.0
2019-06-14,BULL_QUIET,1.086,1.0
2019-06-17,BULL_QUIET,1.082,1.0
2019-06-18,BULL_QUIET,1.089,1.0
2019-06-19,BULL_QUIET,1.124,1.0
2019-06-20,BULL_QUIET,1.094,1.0
2019-06-21,BULL_QUIET,1.082,1.0
2019-06-24,BULL_QUIET,1.079,1.0
2019-06-25,BULL_QUIET,1.052,1.0
2019-06-26,BULL_QUIET,1.052,1.0
2019-06-27,BULL_QUIET,1.059,1.0
2019-06-28,BULL_QUIET,1.065,1.0
2019-07-01,BULL_QUIET,1.097,1.0
2019-07-02,BULL_QUIET,1.138,1.0
2019-07-03,BULL_QUIET,1.156,1.0
2019-07-05,BULL_QUIET,1.128,1.0
2019-07-08,BULL_QUIET,1.109,1.0
2019-07-09,BULL_QUIET,1.105,1.0
2019-07-10,BULL_QUIET,1.166,1.0
2019-07-11,BULL_QUIET,1.159,1.0
2019-07-12,BULL_QUIET,1.195,1.0
2019-07-15,BULL_QUIET,1.186,1.0
2019-07-16,BULL_QUIET,1.184,1.0
2019-07-17,BULL_QUIET,1.132,1.0
2019-07-18,BULL_QUIET,1.149,1.0
2019-07-19,BULL_QUIET,1.102,1.0
2019-07-22,BULL_QUIET,1.143,1.0
2019-07-23,BULL_QUIET,1.184,1.0
2019-07-24,BULL_QUIET,1.206,1.0
2019-07-25,BULL_QUIET,1.181,1.0
2019-07-26,BULL_QUIET,1.208,1.0
2019-07-29,BULL_QUIET,1.169,1.0
2019-07-30,BULL_QUIET,1.126,1.0
2019-07-31,POST_PANIC_REVERSION,1.049,1.0
2019-08-01,POST_PANIC_REVERSION,1.007,1.0
2019-08-02,POST_PANIC_REVERSION,1.016,1.0
2019-08-05,STRESS_UNSTABLE,0.891,0.0
2019-08-06,STRESS_UNSTABLE,0.976,0.0
2019-08-07,POST_PANIC_REVERSION,1.001,1.0
2019-08-08,BULL_QUIET,1.056,1.0
2019-08-09,POST_PANIC_REVERSION,1.033,1.0
2019-08-12,STRESS_UNSTABLE,0.972,0.0
2019-08-13,BULL_QUIET,1.058,1.0
2019-08-14,STRESS_UNSTABLE,0.964,0.0
2019-08-15,POST_PANIC_REVERSION,0.995,1.0
2019-08-16,BULL_QUIET,1.067,1.0
2019-08-19,BULL_QUIET,1.088,1.0
2019-08-20,BULL_QUIET,1.078,1.0
2019-08-21,BULL_QUIET,1.122,1.0
2019-08-22,BULL_QUIET,1.093,1.0
2019-08-23,POST_PANIC_REVERSION,1.025,1.0
2019-08-26,POST_PANIC_REVERSION,1.026,1.0
2019-08-27,POST_PANIC_REVERSION,1.016,1.0
2019-08-28,POST_PANIC_REVERSION,1.036,1.0
2019-08-29,BULL_QUIET,1.064,1.0
2019-08-30,POST_PANIC_REVERSION,1.03,1.0
2019-09-03,POST_PANIC_REVERSION,1.023,1.0
2019-09-04,BULL_QUIET,1.085,1.0
2019-09-05,BULL_QUIET,1.111,1.0
2019-09-06,BULL_QUIET,1.164,1.0
2019-09-09,BULL_QUIET,1.149,1.0
2019-09-10,BULL_QUIET,1.145,1.0
2019-09-11,BULL_QUIET,1.17,1.0
2019-09-12,BULL_QUIET,1.182,1.0
2019-09-13,BULL_QUIET,1.213,1.0
2019-09-16,BULL_QUIET,1.172,1.0
2019-09-17,BULL_QUIET,1.193,1.0
2019-09-18,BULL_QUIET,1.209,1.0
2019-09-19,BULL_QUIET,1.195,1.0
2019-09-20,BULL_QUIET,1.156,1.0
2019-09-23,BULL_QUIET,1.199,1.0
2019-09-24,BULL_QUIET,1.088,1.0
2019-09-25,BULL_QUIET,1.128,1.0
2019-09-26,BULL_QUIET,1.128,1.0
2019-09-27,BULL_QUIET,1.089,1.0
2019-09-30,BULL_QUIET,1.106,1.0
2019-10-01,POST_PANIC_REVERSION,1.043,1.0
2019-10-02,POST_PANIC_REVERSION,1.009,1.0
2019-10-03,POST_PANIC_REVERSION,1.035,1.0
2019-10-04,BULL_QUIET,1.091,1.0
2019-10-07,BULL_QUIET,1.059,1.0
2019-10-08,POST_PANIC_REVERSION,1.005,1.0
2019-10-09,POST_PANIC_REVERSION,1.047,1.0
2019-10-10,BULL_QUIET,1.069,1.0
2019-10-11,BULL_QUIET,1.126,1.0
2019-10-14,BULL_QUIET,1.175,1.0
2019-10-15,BULL_QUIET,1.217,1.0
2019-10-16,BULL_QUIET,1.205,1.0
2019-10-17,BULL_QUIET,1.192,1.0
2019-10-18,BULL_QUIET,1.168,1.0
2019-10-21,BULL_QUIET,1.163,1.0
2019-10-22,BULL_QUIET,1.145,1.0
2019-10-23,BULL_QUIET,1.163,1.0
2019-10-24,BULL_QUIET,1.185,1.0
2019-10-25,BULL_QUIET,1.242,1.0
2019-10-28,BULL_QUIET,1.22,1.0
2019-10-29,BULL_QUIET,1.219,1.0
2019-10-30,BULL_QUIET,1.273,1.0
2019-10-31,BULL_QUIET,1.214,1.0
2019-11-01,BULL_QUIET,1.254,1.0
2019-11-04,BULL_QUIET,1.217,1.0
2019-11-05,BULL_QUIET,1.215,1.0
2019-11-06,BULL_QUIET,1.254,1.0
2019-11-07,BULL_QUIET,1.241,1.0
2019-11-08,BULL_QUIET,1.287,1.0
2019-11-11,BULL_QUIET,1.229,1.0
2019-11-12,BULL_QUIET,1.222,1.0
2019-11-13,BULL_QUIET,1.202,1.0
2019-11-14,BULL_QUIET,1.195,1.0
2019-11-15,BULL_QUIET,1.244,1.0
2019-11-18,BULL_QUIET,1.217,1.0
2019-11-19,BULL_QUIET,1.205,1.0
2019-11-20,BULL_QUIET,1.224,1.0
2019-11-21,BULL_QUIET,1.205,1.0
2019-11-22,BULL_QUIET,1.248,1.0
2019-11-25,BULL_QUIET,1.263,1.0
2019-11-26,BULL_QUIET,1.287,1.0
2019-11-27,BULL_QUIET,1.273,1.0
2019-11-29,BULL_QUIET,1.229,1.0
2019-12-02,BULL_QUIET,1.129,1.0
2019-12-03,BULL_QUIET,1.105,1.0
2019-12-04,BULL_QUIET,1.147,1.0
2019-12-05,BULL_QUIET,1.156,1.0
2019-12-06,BULL_QUIET,1.19,1.0
2019-12-09,BULL_QUIET,1.091,1.0
2019-12-10,BULL_QUIET,1.092,1.0
2019-12-11,BULL_QUIET,1.128,1.0
2019-12-12,BULL_QUIET,1.154,1.0
2019-12-13,BULL_QUIET,1.21,1.0
2019-12-16,BULL_QUIET,1.234,1.0
2019-12-17,BULL_QUIET,1.233,1.0
2019-12-18,BULL_QUIET,1.208,1.0
2019-12-19,BULL_QUIET,1.211,1.0
2019-12-20,BULL_QUIET,1.225,1.0
2019-12-23,BULL_QUIET,1.229,1.0
2019-12-24,BULL_QUIET,1.225,1.0
2019-12-26,BULL_QUIET,1.227,1.0
2019-12-27,BULL_QUIET,1.188,1.0
2019-12-30,BULL_QUIET,1.126,1.0
2019-12-31,BULL_QUIET,1.152,1.0
2020-01-02,BULL_QUIET,1.218,1.0
2020-01-03,BULL_QUIET,1.142,1.0
2020-01-06,BULL_QUIET,1.149,1.0
2020-01-07,BULL_QUIET,1.15,1.0
2020-01-08,BULL_QUIET,1.145,1.0
2020-01-09,BULL_QUIET,1.192,1.0
2020-01-10,BULL_QUIET,1.19,1.0
2020-01-13,BULL_QUIET,1.188,1.0
2020-01-14,BULL_QUIET,1.182,1.0
2020-01-15,BULL_QUIET,1.178,1.0
2020-01-16,BULL_QUIET,1.173,1.0
2020-01-17,BULL_QUIET,1.191,1.0
2020-01-21,BULL_QUIET,1.157,1.0
2020-01-22,BULL_QUIET,1.16,1.0
2020-01-23,BULL_QUIET,1.155,1.0
2020-01-24,BULL_QUIET,1.104,1.0
2020-01-27,POST_PANIC_REVERSION,0.996,1.0
2020-01-28,POST_PANIC_REVERSION,1.046,1.0
2020-01-29,POST_PANIC_REVERSION,1.039,1.0
2020-01-30,BULL_QUIET,1.071,1.0
2020-01-31,POST_PANIC_REVERSION,0.989,1.0
2020-02-03,POST_PANIC_REVERSION,1.004,1.0
2020-02-04,POST_PANIC_REVERSION,1.04,1.0
2020-02-05,BULL_QUIET,1.063,1.0
2020-02-06,BULL_QUIET,1.062,1.0
2020-02-07,BULL_QUIET,1.053,1.0
2020-02-10,BULL_QUIET,1.072,1.0
2020-02-11,BULL_QUIET,1.063,1.0
2020-02-12,BULL_QUIET,1.118,1.0
2020-02-13,BULL_QUIET,1.108,1.0
2020-02-14,BULL_QUIET,1.133,1.0
2020-02-18,BULL_QUIET,1.086,1.0
2020-02-19,BULL_QUIET,1.1,1.0
2020-02-20,BULL_QUIET,1.067,1.0
2020-02-21,POST_PANIC_REVERSION,1.031,1.0
2020-02-24,STRESS_UNSTABLE,0.876,0.0
2020-02-25,STRESS_UNSTABLE,0.857,0.0
2020-02-26,STRESS_UNSTABLE,0.86,0.0
2020-02-27,STRESS_UNSTABLE,0.764,0.0
2020-02-28,STRESS_UNSTABLE,0.744,0.0
2020-03-02,STRESS_UNSTABLE,0.829,0.0
2020-03-03,STRESS_UNSTABLE,0.819,0.0
2020-03-04,STRESS_UNSTABLE,0.86,0.0
2020-03-05,STRESS_UNSTABLE,0.822,0.0
2020-03-06,STRESS_UNSTABLE,0.845,0.0
2020-03-09,STRESS_UNSTABLE,0.79,0.0
2020-03-10,STRESS_UNSTABLE,0.834,0.0
2020-03-11,STRESS_UNSTABLE,0.823,0.0
2020-03-12,STRESS_UNSTABLE,0.758,0.0
2020-03-13,STRESS_UNSTABLE,0.835,0.0
2020-03-16,STRESS_UNSTABLE,0.819,0.0
2020-03-17,STRESS_UNSTABLE,0.86,0.0
2020-03-18,STRESS_UNSTABLE,0.955,0.0
2020-03-19,STRESS_UNSTABLE,0.965,0.0
2020-03-20,POST_PANIC_REVERSION,0.993,1.0
2020-03-23,STRESS_UNSTABLE,0.92,0.0
2020-03-24,STRESS_UNSTABLE,0.845,0.0
2020-03-25,STRESS_UNSTABLE,0.842,0.0
2020-03-26,STRESS_UNSTABLE,0.816,0.0
2020-03-27,STRESS_UNSTABLE,0.851,0.0
2020-03-30,STRESS_UNSTABLE,0.898,0.0
2020-03-31,STRESS_UNSTABLE,0.903,0.0
2020-04-01,STRESS_UNSTABLE,0.897,0.0
2020-04-02,STRESS_UNSTABLE,0.929,0.0
2020-04-03,STRESS_UNSTABLE,0.958,0.0
2020-04-06,STRESS_UNSTABLE,0.952,0.0
2020-04-07,STRESS_UNSTABLE,0.93,0.0
2020-04-08,STRESS_UNSTABLE,0.959,0.0
2020-04-09,STRESS_UNSTABLE,0.975,0.0
2020-04-13,STRESS_UNSTABLE,0.971,0.0
2020-04-14,STRESS_UNSTABLE,0.966,0.0
2020-04-15,STRESS_UNSTABLE,0.962,0.0
2020-04-16,STRESS_UNSTABLE,0.978,0.0
2020-04-17,STRESS_UNSTABLE,0.977,0.0
2020-04-20,STRESS_UNSTABLE,0.935,0.0
2020-04-21,STRESS_UNSTABLE,0.953,0.0
2020-04-22,STRESS_UNSTABLE,0.975,0.0
2020-04-23,POST_PANIC_REVERSION,0.987,1.0
2020-04-24,BULL_FRAGILE,1.052,0.7
2020-04-27,BULL_FRAGILE,1.061,0.7
2020-04-28,BULL_FRAGILE,1.054,0.7
2020-04-29,BULL_FRAGILE,1.067,0.7
2020-04-30,POST_PANIC_REVERSION,1.026,1.0
2020-05-01,POST_PANIC_REVERSION,1.021,1.0
2020-05-04,POST_PANIC_REVERSION,1.029,1.0
2020-05-05,BULL_FRAGILE,1.057,0.7
2020-05-06,POST_PANIC_REVERSION,1.046,1.0
2020-05-07,BULL_FRAGILE,1.082,0.7
2020-05-08,BULL_FRAGILE,1.131,0.7
2020-05-11,BULL_FRAGILE,1.102,0.7
2020-05-12,POST_PANIC_REVERSION,1.037,1.0
2020-05-13,POST_PANIC_REVERSION,1.035,1.0
2020-05-14,BULL_FRAGILE,1.07,0.7
2020-05-15,BULL_FRAGILE,1.082,0.7
2020-05-18,BULL_FRAGILE,1.084,0.7
2020-05-19,BULL_FRAGILE,1.075,0.7
2020-05-20,BULL_FRAGILE,1.111,0.7
2020-05-21,BULL_FRAGILE,1.097,0.7
2020-05-22,BULL_FRAGILE,1.12,0.7
2020-05-26,BULL_FRAGILE,1.101,0.7
2020-05-27,BULL_FRAGILE,1.093,0.7
2020-05-28,BULL_FRAGILE,1.092,0.7
2020-05-29,BULL_FRAGILE,1.1,0.7
2020-06-01,BULL_FRAGILE,1.095,0.7
2020-06-02,BULL_FRAGILE,1.115,0.7
2020-06-03,BULL_FRAGILE,1.127,0.7
2020-06-04,BULL_FRAGILE,1.118,0.7
2020-06-05,BULL_QUIET,1.118,1.0
2020-06-08,BULL_FRAGILE,1.088,0.7
2020-06-09,BULL_FRAGILE,1.076,0.7
2020-06-10,BULL_FRAGILE,1.073,0.7
2020-06-11,POST_PANIC_REVERSION,0.991,1.0
2020-06-12,BULL_FRAGILE,1.054,0.7
2020-06-15,BULL_FRAGILE,1.059,0.7
2020-06-16,BULL_FRAGILE,1.063,0.7
2020-06-17,BULL_FRAGILE,1.067,0.7
2020-06-18,BULL_FRAGILE,1.067,0.7
2020-06-19,POST_PANIC_REVERSION,1.044,1.0
2020-06-22,BULL_FRAGILE,1.062,0.7
2020-06-23,BULL_FRAGILE,1.054,0.7
2020-06-24,POST_PANIC_REVERSION,1.046,1.0
2020-06-25,BULL_FRAGILE,1.058,0.7
2020-06-26,POST_PANIC_REVERSION,1.031,1.0
2020-06-29,BULL_FRAGILE,1.067,0.7
2020-06-30,BULL_FRAGILE,1.069,0.7
2020-07-01,BULL_FRAGILE,1.107,0.7
2020-07-02,BULL_FRAGILE,1.115,0.7
2020-07-06,BULL_FRAGILE,1.109,0.7
2020-07-07,BULL_FRAGILE,1.09,0.7
2020-07-08,BULL_FRAGILE,1.111,0.7
2020-07-09,BULL_FRAGILE,1.096,0.7
2020-07-10,BULL_FRAGILE,1.137,0.7
2020-07-13,BULL_FRAGILE,1.073,0.7
2020-07-14,BULL_FRAGILE,1.103,0.7
2020-07-15,BULL_FRAGILE,1.137,0.7
2020-07-16,BULL_FRAGILE,1.127,0.7
2020-07-17,BULL_FRAGILE,1.183,0.7
2020-07-20,BULL_QUIET,1.19,1.0
2020-07-21,BULL_QUIET,1.186,1.0
2020-07-22,BULL_QUIET,1.194,1.0
2020-07-23,BULL_FRAGILE,1.16,0.7
2020-07-24,BULL_FRAGILE,1.183,0.7
2020-07-27,BULL_QUIET,1.213,1.0
2020-07-28,BULL_FRAGILE,1.183,0.7
2020-07-29,BULL_QUIET,1.215,1.0
2020-07-30,BULL_QUIET,1.202,1.0
2020-07-31,BULL_QUIET,1.215,1.0
2020-08-03,BULL_QUIET,1.222,1.0
2020-08-04,BULL_QUIET,1.224,1.0
2020-08-05,BULL_QUIET,1.244,1.0
2020-08-06,BULL_QUIET,1.245,1.0
2020-08-07,BULL_QUIET,1.273,1.0
2020-08-10,BULL_QUIET,1.268,1.0
2020-08-11,BULL_QUIET,1.214,1.0
2020-08-12,BULL_QUIET,1.262,1.0
2020-08-13,BULL_QUIET,1.273,1.0
2020-08-14,BULL_QUIET,1.287,1.0
2020-08-17,BULL_QUIET,1.286,1.0
2020-08-18,BULL_QUIET,1.272,1.0
2020-08-19,BULL_QUIET,1.247,1.0
2020-08-20,BULL_QUIET,1.238,1.0
2020-08-21,BULL_QUIET,1.25,1.0
2020-08-24,BULL_QUIET,1.256,1.0
2020-08-25,BULL_QUIET,1.267,1.0
2020-08-26,BULL_QUIET,1.233,1.0
2020-08-27,BULL_QUIET,1.223,1.0
2020-08-28,BULL_QUIET,1.29,1.0
2020-08-31,BULL_FRAGILE,1.206,0.7
2020-09-01,BULL_FRAGILE,1.229,0.7
2020-09-02,BULL_FRAGILE,1.23,0.7
2020-09-03,BULL_FRAGILE,1.12,0.7
2020-09-04,BULL_FRAGILE,1.13,0.7
2020-09-08,BULL_FRAGILE,1.091,0.7
2020-09-09,BULL_FRAGILE,1.115,0.7
2020-09-10,BULL_FRAGILE,1.108,0.7
2020-09-11,BULL_FRAGILE,1.159,0.7
2020-09-14,BULL_FRAGILE,1.179,0.7
2020-09-15,BULL_FRAGILE,1.183,0.7
2020-09-16,BULL_FRAGILE,1.174,0.7
2020-09-17,STRESS_UNSTABLE,1.162,0.0
2020-09-18,BULL_FRAGILE,1.179,0.7
2020-09-21,STRESS_UNSTABLE,1.139,0.0
2020-09-22,BULL_FRAGILE,1.179,0.7
2020-09-23,BULL_FRAGILE,1.164,0.7
2020-09-24,BULL_FRAGILE,1.16,0.7
2020-09-25,BULL_FRAGILE,1.214,0.7
2020-09-28,BULL_FRAGILE,1.212,0.7
2020-09-29,BULL_FRAGILE,1.183,0.7
2020-09-30,BULL_FRAGILE,1.2,0.7
2020-10-01,BULL_FRAGILE,1.188,0.7
2020-10-02,BULL_FRAGILE,1.172,0.7
2020-10-05,BULL_FRAGILE,1.119,0.7
2020-10-06,BULL_FRAGILE,1.081,0.7
2020-10-07,BULL_FRAGILE,1.094,0.7
2020-10-08,BULL_FRAGILE,1.119,0.7
2020-10-09,BULL_QUIET,1.131,1.0
2020-10-12,BULL_FRAGILE,1.116,0.7
2020-10-13,BULL_FRAGILE,1.087,0.7
2020-10-14,BULL_FRAGILE,1.07,0.7
2020-10-15,BULL_FRAGILE,1.065,0.7
2020-10-16,BULL_FRAGILE,1.066,0.7
2020-10-19,POST_PANIC_REVERSION,1.042,1.0
2020-10-20,POST_PANIC_REVERSION,1.026,1.0
2020-10-21,POST_PANIC_REVERSION,1.034,1.0
2020-10-22,POST_PANIC_REVERSION,1.042,1.0
2020-10-23,BULL_FRAGILE,1.052,0.7
2020-10-26,POST_PANIC_REVERSION,0.988,1.0
2020-10-27,POST_PANIC_REVERSION,0.981,1.0
2020-10-28,STRESS_UNSTABLE,0.937,0.0
2020-10-29,STRESS_UNSTABLE,0.953,0.0
2020-10-30,STRESS_UNSTABLE,0.954,0.0
2020-11-02,STRESS_UNSTABLE,0.944,0.0
2020-11-03,STRESS_UNSTABLE,0.943,0.0
2020-11-04,POST_PANIC_REVERSION,1.014,1.0
2020-11-05,BULL_FRAGILE,1.053,0.7
2020-11-06,BULL_QUIET,1.101,1.0
2020-11-09,POST_PANIC_REVERSION,1.044,1.0
2020-11-10,BULL_QUIET,1.068,1.0
2020-11-11,BULL_QUIET,1.093,1.0
2020-11-12,BULL_FRAGILE,1.074,0.7
2020-11-13,BULL_QUIET,1.112,1.0
2020-11-16,BULL_QUIET,1.129,1.0
2020-11-17,BULL_QUIET,1.118,1.0
2020-11-18,BULL_QUIET,1.107,1.0
2020-11-19,BULL_QUIET,1.116,1.0
2020-11-20,BULL_QUIET,1.1,1.0
2020-11-23,BULL_QUIET,1.122,1.0
2020-11-24,BULL_QUIET,1.148,1.0
2020-11-25,BULL_QUIET,1.149,1.0
2020-11-27,BULL_QUIET,1.172,1.0
2020-11-30,BULL_QUIET,1.183,1.0
2020-12-01,BULL_QUIET,1.179,1.0
2020-12-02,BULL_QUIET,1.159,1.0
2020-12-03,BULL_QUIET,1.154,1.0
2020-12-04,BULL_QUIET,1.168,1.0
2020-12-07,BULL_QUIET,1.151,1.0
2020-12-08,BULL_QUIET,1.154,1.0
2020-12-09,BULL_QUIET,1.11,1.0
2020-12-10,BULL_QUIET,1.112,1.0
2020-12-11,BULL_QUIET,1.118,1.0
2020-12-14,BULL_QUIET,1.097,1.0
2020-12-15,BULL_QUIET,1.13,1.0
2020-12-16,BULL_QUIET,1.132,1.0
2020-12-17,BULL_QUIET,1.147,1.0
2020-12-18,BULL_QUIET,1.167,1.0
2020-12-21,BULL_FRAGILE,1.096,0.7
2020-12-22,BULL_QUIET,1.125,1.0
2020-12-23,BULL_QUIET,1.127,1.0
2020-12-24,BULL_QUIET,1.178,1.0
2020-12-28,BULL_QUIET,1.159,1.0
2020-12-29,BULL_QUIET,1.137,1.0
2020-12-30,BULL_QUIET,1.117,1.0
2020-12-31,BULL_QUIET,1.111,1.0
2021-01-04,POST_PANIC_REVERSION,1.048,1.0
2021-01-05,BULL_FRAGILE,1.075,0.7
2021-01-06,BULL_FRAGILE,1.069,0.7
2021-01-07,BULL_QUIET,1.118,1.0
2021-01-08,BULL_QUIET,1.155,1.0
2021-01-11,BULL_QUIET,1.109,1.0
2021-01-12,BULL_QUIET,1.123,1.0
2021-01-13,BULL_QUIET,1.15,1.0
2021-01-14,BULL_QUIET,1.132,1.0
2021-01-15,BULL_QUIET,1.12,1.0
2021-01-19,BULL_QUIET,1.148,1.0
2021-01-20,BULL_QUIET,1.192,1.0
2021-01-21,BULL_QUIET,1.205,1.0
2021-01-22,BULL_QUIET,1.186,1.0
2021-01-25,BULL_QUIET,1.159,1.0
2021-01-26,BULL_QUIET,1.168,1.0
2021-01-27,STRESS_UNSTABLE,0.96,0.0
2021-01-28,BULL_FRAGILE,1.052,0.7
2021-01-29,POST_PANIC_REVERSION,1.024,1.0
2021-02-01,BULL_FRAGILE,1.076,0.7
2021-02-02,BULL_FRAGILE,1.149,0.7
2021-02-03,BULL_QUIET,1.203,1.0
2021-02-04,BULL_QUIET,1.231,1.0
2021-02-05,BULL_QUIET,1.271,1.0
2021-02-08,BULL_QUIET,1.255,1.0
2021-02-09,BULL_QUIET,1.253,1.0
2021-02-10,BULL_QUIET,1.25,1.0
2021-02-11,BULL_QUIET,1.281,1.0
2021-02-12,BULL_QUIET,1.327,1.0
2021-02-16,BULL_QUIET,1.284,1.0
2021-02-17,BULL_QUIET,1.28,1.0
2021-02-18,BULL_QUIET,1.239,1.0
2021-02-19,BULL_QUIET,1.229,1.0
2021-02-22,BULL_QUIET,1.186,1.0
2021-02-23,BULL_QUIET,1.174,1.0
2021-02-24,BULL_QUIET,1.213,1.0
2021-02-25,POST_PANIC_REVERSION,1.047,1.0
2021-02-26,BULL_FRAGILE,1.059,0.7
2021-03-01,BULL_QUIET,1.147,1.0
2021-03-02,BULL_QUIET,1.127,1.0
2021-03-03,STRESS_UNSTABLE,1.079,0.0
2021-03-04,STRESS_UNSTABLE,1.053,0.0
2021-03-05,BULL_QUIET,1.131,1.0
2021-03-08,BULL_FRAGILE,1.104,0.7
2021-03-09,BULL_QUIET,1.135,1.0
2021-03-10,BULL_QUIET,1.183,1.0
2021-03-11,BULL_QUIET,1.191,1.0
2021-03-12,BULL_QUIET,1.244,1.0
2021-03-15,BULL_QUIET,1.243,1.0
2021-03-16,BULL_QUIET,1.249,1.0
2021-03-17,BULL_QUIET,1.242,1.0
2021-03-18,BULL_QUIET,1.171,1.0
2021-03-19,BULL_QUIET,1.193,1.0
2021-03-22,BULL_QUIET,1.215,1.0
2021-03-23,BULL_QUIET,1.172,1.0
2021-03-24,STRESS_UNSTABLE,1.151,0.0
2021-03-25,STRESS_UNSTABLE,1.18,0.0
2021-03-26,BULL_QUIET,1.183,1.0
2021-03-29,BULL_QUIET,1.119,1.0
2021-03-30,BULL_QUIET,1.138,1.0
2021-03-31,BULL_QUIET,1.142,1.0
2021-04-01,BULL_QUIET,1.21,1.0
2021-04-05,BULL_QUIET,1.17,1.0
2021-04-06,BULL_QUIET,1.168,1.0
2021-04-07,BULL_QUIET,1.204,1.0
2021-04-08,BULL_QUIET,1.215,1.0
2021-04-09,BULL_QUIET,1.243,1.0
2021-04-12,BULL_QUIET,1.231,1.0
2021-04-13,BULL_QUIET,1.248,1.0
2021-04-14,BULL_QUIET,1.24,1.0
2021-04-15,BULL_QUIET,1.253,1.0
2021-04-16,BULL_QUIET,1.263,1.0
2021-04-19,BULL_QUIET,1.236,1.0
2021-04-20,BULL_QUIET,1.196,1.0
2021-04-21,BULL_QUIET,1.228,1.0
2021-04-22,BULL_QUIET,1.204,1.0
2021-04-23,BULL_QUIET,1.245,1.0
2021-04-26,BULL_QUIET,1.221,1.0
2021-04-27,BULL_QUIET,1.214,1.0
2021-04-28,BULL_QUIET,1.223,1.0
2021-04-29,BULL_QUIET,1.21,1.0
2021-04-30,BULL_QUIET,1.186,1.0
2021-05-03,BULL_QUIET,1.187,1.0
2021-05-04,BULL_QUIET,1.164,1.0
2021-05-05,BULL_QUIET,1.162,1.0
2021-05-06,BULL_QUIET,1.19,1.0
2021-05-07,BULL_QUIET,1.246,1.0
2021-05-10,BULL_QUIET,1.139,1.0
2021-05-11,BULL_QUIET,1.109,1.0
2021-05-12,POST_PANIC_REVERSION,1.021,1.0
2021-05-13,STRESS_UNSTABLE,1.092,0.0
2021-05-14,BULL_QUIET,1.183,1.0
2021-05-17,BULL_QUIET,1.173,1.0
2021-05-18,BULL_QUIET,1.135,1.0
2021-05-19,BULL_QUIET,1.139,1.0
2021-05-20,BULL_QUIET,1.152,1.0
2021-05-21,BULL_QUIET,1.166,1.0
2021-05-24,BULL_QUIET,1.208,1.0
2021-05-25,BULL_QUIET,1.189,1.0
2021-05-26,BULL_QUIET,1.227,1.0
2021-05-27,BULL_QUIET,1.213,1.0
2021-05-28,BULL_QUIET,1.222,1.0
2021-06-01,BULL_QUIET,1.192,1.0
2021-06-02,BULL_QUIET,1.225,1.0
2021-06-03,BULL_QUIET,1.21,1.0
2021-06-04,BULL_QUIET,1.256,1.0
2021-06-07,BULL_QUIET,1.252,1.0
2021-06-08,BULL_QUIET,1.221,1.0
2021-06-09,BULL_QUIET,1.189,1.0
2021-06-10,BULL_QUIET,1.247,1.0
2021-06-11,BULL_QUIET,1.255,1.0
2021-06-14,BULL_QUIET,1.229,1.0
2021-06-15,BULL_QUIET,1.215,1.0
2021-06-16,BULL_QUIET,1.171,1.0
2021-06-17,BULL_QUIET,1.182,1.0
2021-06-18,BULL_QUIET,1.108,1.0
2021-06-21,BULL_QUIET,1.181,1.0
2021-06-22,BULL_QUIET,1.205,1.0
2021-06-23,BULL_QUIET,1.207,1.0
2021-06-24,BULL_QUIET,1.206,1.0
2021-06-25,BULL_QUIET,1.216,1.0
2021-06-28,BULL_QUIET,1.207,1.0
2021-06-29,BULL_QUIET,1.217,1.0
2021-06-30,BULL_QUIET,1.232,1.0
2021-07-01,BULL_QUIET,1.256,1.0
2021-07-02,BULL_QUIET,1.281,1.0
2021-07-06,BULL_QUIET,1.232,1.0
2021-07-07,BULL_QUIET,1.26,1.0
2021-07-08,BULL_QUIET,1.157,1.0
2021-07-09,BULL_QUIET,1.263,1.0
2021-07-12,BULL_QUIET,1.265,1.0
2021-07-13,BULL_QUIET,1.234,1.0
2021-07-14,BULL_QUIET,1.263,1.0
2021-07-15,BULL_QUIET,1.24,1.0
2021-07-16,BULL_QUIET,1.196,1.0
2021-07-19,BULL_QUIET,1.107,1.0
2021-07-20,BULL_QUIET,1.176,1.0
2021-07-21,BULL_QUIET,1.221,1.0
2021-07-22,BULL_QUIET,1.236,1.0
2021-07-23,BULL_QUIET,1.259,1.0
2021-07-26,BULL_QUIET,1.237,1.0
2021-07-27,BULL_QUIET,1.188,1.0
2021-07-28,BULL_QUIET,1.221,1.0
2021-07-29,BULL_QUIET,1.236,1.0
2021-07-30,BULL_QUIET,1.216,1.0
2021-08-02,BULL_QUIET,1.184,1.0
2021-08-03,BULL_QUIET,1.229,1.0
2021-08-04,BULL_QUIET,1.234,1.0
2021-08-05,BULL_QUIET,1.245,1.0
2021-08-06,BULL_QUIET,1.292,1.0
2021-08-09,BULL_QUIET,1.272,1.0
2021-08-10,BULL_QUIET,1.263,1.0
2021-08-11,BULL_QUIET,1.287,1.0
2021-08-12,BULL_QUIET,1.299,1.0
2021-08-13,BULL_QUIET,1.311,1.0
2021-08-16,BULL_QUIET,1.28,1.0
2021-08-17,BULL_QUIET,1.212,1.0
2021-08-18,BULL_QUIET,1.103,1.0
2021-08-19,BULL_QUIET,1.117,1.0
2021-08-20,BULL_QUIET,1.207,1.0
2021-08-23,BULL_QUIET,1.236,1.0
2021-08-24,BULL_QUIET,1.232,1.0
2021-08-25,BULL_QUIET,1.238,1.0
2021-08-26,BULL_QUIET,1.16,1.0
2021-08-27,BULL_QUIET,1.257,1.0
2021-08-30,BULL_QUIET,1.26,1.0
2021-08-31,BULL_QUIET,1.239,1.0
2021-09-01,BULL_QUIET,1.246,1.0
2021-09-02,BULL_QUIET,1.227,1.0
2021-09-03,BULL_QUIET,1.238,1.0
2021-09-07,BULL_QUIET,1.187,1.0
2021-09-08,BULL_QUIET,1.202,1.0
2021-09-09,BULL_QUIET,1.173,1.0
2021-09-10,BULL_QUIET,1.113,1.0
2021-09-13,BULL_QUIET,1.16,1.0
2021-09-14,BULL_QUIET,1.159,1.0
2021-09-15,BULL_QUIET,1.197,1.0
2021-09-16,BULL_QUIET,1.167,1.0
2021-09-17,BULL_QUIET,1.116,1.0
2021-09-20,POST_PANIC_REVERSION,1.027,1.0
2021-09-21,POST_PANIC_REVERSION,1.046,1.0
2021-09-22,BULL_QUIET,1.104,1.0
2021-09-23,BULL_QUIET,1.147,1.0
2021-09-24,BULL_QUIET,1.173,1.0
2021-09-27,BULL_QUIET,1.141,1.0
2021-09-28,POST_PANIC_REVERSION,1.034,1.0
2021-09-29,STRESS_UNSTABLE,1.051,0.0
2021-09-30,POST_PANIC_REVERSION,1.032,1.0
2021-10-01,BULL_QUIET,1.09,1.0
2021-10-04,STRESS_UNSTABLE,1.05,0.0
2021-10-05,BULL_QUIET,1.085,1.0
2021-10-06,BULL_QUIET,1.088,1.0
2021-10-07,BULL_QUIET,1.132,1.0
2021-10-08,BULL_QUIET,1.166,1.0
2021-10-11,BULL_QUIET,1.12,1.0
2021-10-12,BULL_QUIET,1.125,1.0
2021-10-13,BULL_QUIET,1.156,1.0
2021-10-14,BULL_QUIET,1.208,1.0
2021-10-15,BULL_QUIET,1.245,1.0
2021-10-18,BULL_QUIET,1.244,1.0
2021-10-19,BULL_QUIET,1.273,1.0
2021-10-20,BULL_QUIET,1.283,1.0
2021-10-21,BULL_QUIET,1.298,1.0
2021-10-22,BULL_QUIET,1.297,1.0
2021-10-25,BULL_QUIET,1.283,1.0
2021-10-26,BULL_QUIET,1.258,1.0
2021-10-27,BULL_QUIET,1.23,1.0
2021-10-28,BULL_QUIET,1.239,1.0
2021-10-29,BULL_QUIET,1.253,1.0
2021-11-01,BULL_QUIET,1.243,1.0
2021-11-02,BULL_QUIET,1.254,1.0
2021-11-03,BULL_QUIET,1.291,1.0
2021-11-04,BULL_QUIET,1.276,1.0
2021-11-05,BULL_QUIET,1.243,1.0
2021-11-08,BULL_QUIET,1.218,1.0
2021-11-09,BULL_QUIET,1.204,1.0
2021-11-10,BULL_QUIET,1.175,1.0
2021-11-11,BULL_QUIET,1.211,1.0
2021-11-12,BULL_QUIET,1.27,1.0
2021-11-15,BULL_QUIET,1.266,1.0
2021-11-16,BULL_QUIET,1.277,1.0
2021-11-17,BULL_QUIET,1.261,1.0
2021-11-18,BULL_QUIET,1.245,1.0
2021-11-19,BULL_QUIET,1.224,1.0
2021-11-22,BULL_QUIET,1.18,1.0
2021-11-23,BULL_QUIET,1.158,1.0
2021-11-24,BULL_QUIET,1.179,1.0
2021-11-26,POST_PANIC_REVERSION,1.019,1.0
2021-11-29,BULL_QUIET,1.091,1.0
2021-11-30,POST_PANIC_REVERSION,1.035,1.0
2021-12-01,POST_PANIC_REVERSION,0.989,1.0
2021-12-02,POST_PANIC_REVERSION,1.043,1.0
2021-12-03,POST_PANIC_REVERSION,1.036,1.0
2021-12-06,BULL_FRAGILE,1.063,0.7
2021-12-07,BULL_QUIET,1.14,1.0
2021-12-08,BULL_QUIET,1.187,1.0
2021-12-09,BULL_QUIET,1.143,1.0
2021-12-10,BULL_QUIET,1.24,1.0
2021-12-13,BULL_QUIET,1.197,1.0
2021-12-14,BULL_QUIET,1.158,1.0
2021-12-15,BULL_QUIET,1.208,1.0
2021-12-16,BULL_QUIET,1.185,1.0
2021-12-17,BULL_QUIET,1.177,1.0
2021-12-20,BULL_QUIET,1.15,1.0
2021-12-21,BULL_QUIET,1.19,1.0
2021-12-22,BULL_QUIET,1.265,1.0
2021-12-23,BULL_QUIET,1.294,1.0
2021-12-27,BULL_QUIET,1.286,1.0
2021-12-28,BULL_QUIET,1.273,1.0
2021-12-29,BULL_QUIET,1.288,1.0
2021-12-30,BULL_QUIET,1.263,1.0
2021-12-31,BULL_QUIET,1.271,1.0
2022-01-03,BULL_QUIET,1.297,1.0
2022-01-04,BULL_QUIET,1.279,1.0
2022-01-05,STRESS_UNSTABLE,1.19,0.0
2022-01-06,STRESS_UNSTABLE,1.198,0.0
2022-01-07,BULL_QUIET,1.219,1.0
2022-01-10,BULL_QUIET,1.169,1.0
2022-01-11,BULL_QUIET,1.194,1.0
2022-01-12,BULL_QUIET,1.225,1.0
2022-01-13,BULL_QUIET,1.153,1.0
2022-01-14,BULL_QUIET,1.189,1.0
2022-01-18,BULL_QUIET,1.102,1.0
2022-01-19,STRESS_UNSTABLE,1.082,0.0
2022-01-20,STRESS_UNSTABLE,1.065,0.0
2022-01-21,POST_PANIC_REVERSION,1.038,1.0
2022-01-24,POST_PANIC_REVERSION,1.031,1.0
2022-01-25,POST_PANIC_REVERSION,1.019,1.0
2022-01-26,POST_PANIC_REVERSION,1.0,1.0
2022-01-27,POST_PANIC_REVERSION,1.012,1.0
2022-01-28,POST_PANIC_REVERSION,1.042,1.0
2022-01-31,BULL_QUIET,1.081,1.0
2022-02-01,BULL_QUIET,1.128,1.0
2022-02-02,BULL_QUIET,1.138,1.0
2022-02-03,BULL_QUIET,1.095,1.0
2022-02-04,BULL_QUIET,1.13,1.0
2022-02-07,BULL_QUIET,1.124,1.0
2022-02-08,BULL_QUIET,1.145,1.0
2022-02-09,BULL_QUIET,1.177,1.0
2022-02-10,BULL_QUIET,1.09,1.0
2022-02-11,BULL_FRAGILE,1.054,0.7
2022-02-14,POST_PANIC_REVERSION,1.039,1.0
2022-02-15,BULL_FRAGILE,1.061,0.7
2022-02-16,BULL_QUIET,1.081,1.0
2022-02-17,POST_PANIC_REVERSION,1.043,1.0
2022-02-18,STRESS_UNSTABLE,1.053,0.0
2022-02-22,POST_PANIC_REVERSION,1.01,1.0
2022-02-23,POST_PANIC_REVERSION,0.995,1.0
2022-02-24,POST_PANIC_REVERSION,0.991,1.0
2022-02-25,POST_PANIC_REVERSION,1.016,1.0
2022-02-28,POST_PANIC_REVERSION,0.983,1.0
2022-03-01,STRESS_UNSTABLE,0.978,0.0
2022-03-02,POST_PANIC_REVERSION,1.007,1.0
2022-03-03,POST_PANIC_REVERSION,1.01,1.0
2022-03-04,POST_PANIC_REVERSION,1.011,1.0
2022-03-07,POST_PANIC_REVERSION,0.981,1.0
2022-03-08,POST_PANIC_REVERSION,0.996,1.0
2022-03-09,POST_PANIC_REVERSION,1.019,1.0
2022-03-10,POST_PANIC_REVERSION,1.043,1.0
2022-03-11,STRESS_UNSTABLE,1.052,0.0
2022-03-14,POST_PANIC_REVERSION,1.049,1.0
2022-03-15,STRESS_UNSTABLE,1.071,0.0
2022-03-16,BULL_FRAGILE,1.086,0.7
2022-03-17,BULL_FRAGILE,1.099,0.7
2022-03-18,BULL_QUIET,1.112,1.0
2022-03-21,BULL_QUIET,1.121,1.0
2022-03-22,BULL_QUIET,1.127,1.0
2022-03-23,BULL_QUIET,1.12,1.0
2022-03-24,BULL_QUIET,1.168,1.0
2022-03-25,BULL_QUIET,1.188,1.0
2022-03-28,BULL_QUIET,1.232,1.0
2022-03-29,BULL_QUIET,1.227,1.0
2022-03-30,BULL_QUIET,1.219,1.0
2022-03-31,BULL_QUIET,1.19,1.0
2022-04-01,BULL_QUIET,1.233,1.0
2022-04-04,BULL_QUIET,1.24,1.0
2022-04-05,BULL_QUIET,1.184,1.0
2022-04-06,BULL_QUIET,1.167,1.0
2022-04-07,BULL_QUIET,1.171,1.0
2022-04-08,BULL_QUIET,1.19,1.0
2022-04-11,STRESS_UNSTABLE,1.108,0.0
2022-04-12,STRESS_UNSTABLE,1.12,0.0
2022-04-13,BULL_QUIET,1.17,1.0
2022-04-14,BULL_QUIET,1.147,1.0
2022-04-18,BULL_QUIET,1.161,1.0
2022-04-19,BULL_QUIET,1.173,1.0
2022-04-20,BULL_QUIET,1.188,1.0
2022-04-21,BULL_QUIET,1.151,1.0
2022-04-22,STRESS_UNSTABLE,1.059,0.0
2022-04-25,STRESS_UNSTABLE,1.076,0.0
2022-04-26,POST_PANIC_REVERSION,0.989,1.0
2022-04-27,POST_PANIC_REVERSION,1.019,1.0
2022-04-28,POST_PANIC_REVERSION,1.039,1.0
2022-04-29,POST_PANIC_REVERSION,0.993,1.0
2022-05-02,POST_PANIC_REVERSION,1.021,1.0
2022-05-03,STRESS_UNSTABLE,1.053,0.0
2022-05-04,BULL_FRAGILE,1.105,0.7
2022-05-05,POST_PANIC_REVERSION,1.047,1.0
2022-05-06,STRESS_UNSTABLE,1.07,0.0
2022-05-09,POST_PANIC_REVERSION,1.009,1.0
2022-05-10,POST_PANIC_REVERSION,1.03,1.0
2022-05-11,POST_PANIC_REVERSION,1.033,1.0
2022-05-12,POST_PANIC_REVERSION,1.041,1.0
2022-05-13,STRESS_UNSTABLE,1.063,0.0
2022-05-16,STRESS_UNSTABLE,1.074,0.0
2022-05-17,BULL_FRAGILE,1.087,0.7
2022-05-18,STRESS_UNSTABLE,1.059,0.0
2022-05-19,POST_PANIC_REVERSION,1.049,1.0
2022-05-20,STRESS_UNSTABLE,1.058,0.0
2022-05-23,STRESS_UNSTABLE,1.064,0.0
2022-05-24,POST_PANIC_REVERSION,1.044,1.0
2022-05-25,POST_PANIC_REVERSION,1.048,1.0
2022-05-26,BULL_FRAGILE,1.065,0.7
2022-05-27,BULL_FRAGILE,1.089,0.7
2022-05-31,BULL_FRAGILE,1.069,0.7
2022-06-01,BULL_FRAGILE,1.079,0.7
2022-06-02,BULL_QUIET,1.095,1.0
2022-06-03,BULL_QUIET,1.102,1.0
2022-06-06,BULL_FRAGILE,1.086,0.7
2022-06-07,BULL_QUIET,1.104,1.0
2022-06-08,BULL_QUIET,1.108,1.0
2022-06-09,STRESS_UNSTABLE,1.074,0.0
2022-06-10,STRESS_UNSTABLE,1.071,0.0
2022-06-13,POST_PANIC_REVERSION,1.006,1.0
2022-06-14,POST_PANIC_REVERSION,1.018,1.0
2022-06-15,POST_PANIC_REVERSION,1.039,1.0
2022-06-16,POST_PANIC_REVERSION,1.016,1.0
2022-06-17,POST_PANIC_REVERSION,1.04,1.0
2022-06-21,POST_PANIC_REVERSION,1.035,1.0
2022-06-22,POST_PANIC_REVERSION,1.045,1.0
2022-06-23,POST_PANIC_REVERSION,1.039,1.0
2022-06-24,BULL_FRAGILE,1.063,0.7
2022-06-27,POST_PANIC_REVERSION,1.046,1.0
2022-06-28,POST_PANIC_REVERSION,1.028,1.0
2022-06-29,POST_PANIC_REVERSION,1.03,1.0
2022-06-30,POST_PANIC_REVERSION,1.035,1.0
2022-07-01,STRESS_UNSTABLE,1.068,0.0
2022-07-05,POST_PANIC_REVERSION,1.049,1.0
2022-07-06,BULL_FRAGILE,1.062,0.7
2022-07-07,BULL_FRAGILE,1.075,0.7
2022-07-08,BULL_QUIET,1.108,1.0
2022-07-11,BULL_FRAGILE,1.079,0.7
2022-07-12,BULL_FRAGILE,1.056,0.7
2022-07-13,STRESS_UNSTABLE,1.065,0.0
2022-07-14,STRESS_UNSTABLE,1.084,0.0
2022-07-15,BULL_QUIET,1.118,1.0
2022-07-18,BULL_FRAGILE,1.1,0.7
2022-07-19,BULL_QUIET,1.115,1.0
2022-07-20,BULL_QUIET,1.118,1.0
2022-07-21,BULL_QUIET,1.135,1.0
2022-07-22,BULL_QUIET,1.128,1.0
2022-07-25,BULL_QUIET,1.104,1.0
2022-07-26,BULL_QUIET,1.07,1.0
2022-07-27,BULL_QUIET,1.089,1.0
2022-07-28,BULL_QUIET,1.09,1.0
2022-07-29,BULL_QUIET,1.115,1.0
2022-08-01,BULL_QUIET,1.088,1.0
2022-08-02,BULL_QUIET,1.072,1.0
2022-08-03,BULL_QUIET,1.11,1.0
2022-08-04,BULL_QUIET,1.134,1.0
2022-08-05,BULL_QUIET,1.143,1.0
2022-08-08,BULL_QUIET,1.15,1.0
2022-08-09,BULL_QUIET,1.134,1.0
2022-08-10,BULL_QUIET,1.188,1.0
2022-08-11,BULL_QUIET,1.174,1.0
2022-08-12,BULL_QUIET,1.194,1.0
2022-08-15,BULL_QUIET,1.169,1.0
2022-08-16,BULL_QUIET,1.184,1.0
2022-08-17,BULL_QUIET,1.186,1.0
2022-08-18,BULL_QUIET,1.196,1.0
2022-08-19,BULL_QUIET,1.181,1.0
2022-08-22,STRESS_UNSTABLE,1.092,0.0
2022-08-23,BULL_QUIET,1.075,1.0
2022-08-24,BULL_QUIET,1.091,1.0
2022-08-25,BULL_QUIET,1.108,1.0
2022-08-26,POST_PANIC_REVERSION,1.039,1.0
2022-08-29,POST_PANIC_REVERSION,1.023,1.0
2022-08-30,POST_PANIC_REVERSION,1.027,1.0
2022-08-31,POST_PANIC_REVERSION,1.03,1.0
2022-09-01,POST_PANIC_REVERSION,1.034,1.0
2022-09-02,POST_PANIC_REVERSION,1.04,1.0
2022-09-06,POST_PANIC_REVERSION,1.025,1.0
2022-09-07,STRESS_UNSTABLE,1.059,0.0
2022-09-08,BULL_QUIET,1.081,1.0
2022-09-09,BULL_QUIET,1.103,1.0
2022-09-12,BULL_QUIET,1.063,1.0
2022-09-13,POST_PANIC_REVERSION,1.025,1.0
2022-09-14,STRESS_UNSTABLE,1.05,0.0
2022-09-15,STRESS_UNSTABLE,1.051,0.0
2022-09-16,STRESS_UNSTABLE,1.051,0.0
2022-09-19,POST_PANIC_REVERSION,1.049,1.0
2022-09-20,POST_PANIC_REVERSION,1.027,1.0
2022-09-21,POST_PANIC_REVERSION,1.028,1.0
2022-09-22,POST_PANIC_REVERSION,1.032,1.0
2022-09-23,POST_PANIC_REVERSION,1.013,1.0
2022-09-26,POST_PANIC_REVERSION,0.985,1.0
2022-09-27,POST_PANIC_REVERSION,0.985,1.0
2022-09-28,POST_PANIC_REVERSION,1.013,1.0
2022-09-29,POST_PANIC_REVERSION,0.997,1.0
2022-09-30,POST_PANIC_REVERSION,1.008,1.0
2022-10-03,POST_PANIC_REVERSION,1.02,1.0
2022-10-04,POST_PANIC_REVERSION,1.021,1.0
2022-10-05,POST_PANIC_REVERSION,1.031,1.0
2022-10-06,POST_PANIC_REVERSION,1.009,1.0
2022-10-07,POST_PANIC_REVERSION,1.024,1.0
2022-10-10,POST_PANIC_REVERSION,1.009,1.0
2022-10-11,POST_PANIC_REVERSION,0.992,1.0
2022-10-12,POST_PANIC_REVERSION,0.987,1.0
2022-10-13,POST_PANIC_REVERSION,0.996,1.0
2022-10-14,POST_PANIC_REVERSION,1.013,1.0
2022-10-17,POST_PANIC_REVERSION,1.012,1.0
2022-10-18,POST_PANIC_REVERSION,1.016,1.0
2022-10-19,POST_PANIC_REVERSION,1.019,1.0
2022-10-20,POST_PANIC_REVERSION,1.028,1.0
2022-10-21,POST_PANIC_REVERSION,1.026,1.0
2022-10-24,POST_PANIC_REVERSION,1.016,1.0
2022-10-25,POST_PANIC_REVERSION,1.029,1.0
2022-10-26,POST_PANIC_REVERSION,1.043,1.0
2022-10-27,POST_PANIC_REVERSION,1.032,1.0
2022-10-28,POST_PANIC_REVERSION,1.045,1.0
2022-10-31,POST_PANIC_REVERSION,1.04,1.0
2022-11-01,POST_PANIC_REVERSION,1.034,1.0
2022-11-02,STRESS_UNSTABLE,1.053,0.0
2022-11-03,STRESS_UNSTABLE,1.055,0.0
2022-11-04,BULL_QUIET,1.075,1.0
2022-11-07,BULL_QUIET,1.078,1.0
2022-11-08,BULL_FRAGILE,1.061,0.7
2022-11-09,BULL_FRAGILE,1.07,0.7
2022-11-10,BULL_QUIET,1.113,1.0
2022-11-11,BULL_QUIET,1.143,1.0
2022-11-14,BULL_QUIET,1.101,1.0
2022-11-15,BULL_QUIET,1.084,1.0
2022-11-16,BULL_QUIET,1.08,1.0
2022-11-17,BULL_QUIET,1.079,1.0
2022-11-18,BULL_QUIET,1.096,1.0
2022-11-21,BULL_QUIET,1.106,1.0
2022-11-22,BULL_QUIET,1.119,1.0
2022-11-23,BULL_QUIET,1.149,1.0
2022-11-25,BULL_QUIET,1.151,1.0
2022-11-28,BULL_QUIET,1.121,1.0
2022-11-29,BULL_QUIET,1.126,1.0
2022-11-30,BULL_QUIET,1.143,1.0
2022-12-01,BULL_QUIET,1.175,1.0
2022-12-02,BULL_QUIET,1.205,1.0
2022-12-05,BULL_QUIET,1.151,1.0
2022-12-06,BULL_QUIET,1.115,1.0
2022-12-07,BULL_QUIET,1.11,1.0
2022-12-08,BULL_QUIET,1.109,1.0
2022-12-09,BULL_QUIET,1.104,1.0
2022-12-12,POST_PANIC_REVERSION,1.027,1.0
2022-12-13,BULL_QUIET,1.077,1.0
2022-12-14,BULL_QUIET,1.11,1.0
2022-12-15,STRESS_UNSTABLE,1.099,0.0
2022-12-16,STRESS_UNSTABLE,1.112,0.0
2022-12-19,STRESS_UNSTABLE,1.119,0.0
2022-12-20,STRESS_UNSTABLE,1.136,0.0
2022-12-21,BULL_QUIET,1.163,1.0
2022-12-22,STRESS_UNSTABLE,1.128,0.0
2022-12-23,BULL_QUIET,1.156,1.0
2022-12-27,BULL_QUIET,1.128,1.0
2022-12-28,STRESS_UNSTABLE,1.11,0.0
2022-12-29,BULL_QUIET,1.117,1.0
2022-12-30,BULL_QUIET,1.121,1.0
2023-01-03,BULL_QUIET,1.073,1.0
2023-01-04,BULL_QUIET,1.082,1.0
2023-01-05,BULL_QUIET,1.072,1.0
2023-01-06,BULL_QUIET,1.097,1.0
2023-01-09,BULL_QUIET,1.081,1.0
2023-01-10,BULL_QUIET,1.105,1.0
2023-01-11,BULL_QUIET,1.078,1.0
2023-01-12,BULL_QUIET,1.146,1.0
2023-01-13,BULL_QUIET,1.152,1.0
2023-01-17,BULL_QUIET,1.108,1.0
2023-01-18,BULL_QUIET,1.095,1.0
2023-01-19,BULL_QUIET,1.094,1.0
2023-01-20,BULL_QUIET,1.094,1.0
2023-01-23,BULL_QUIET,1.09,1.0
2023-01-24,BULL_QUIET,1.089,1.0
2023-01-25,BULL_QUIET,1.097,1.0
2023-01-26,BULL_QUIET,1.105,1.0
2023-01-27,BULL_QUIET,1.106,1.0
2023-01-30,BULL_QUIET,1.072,1.0
2023-01-31,BULL_QUIET,1.073,1.0
2023-02-01,BULL_QUIET,1.118,1.0
2023-02-02,BULL_QUIET,1.113,1.0
2023-02-03,BULL_QUIET,1.134,1.0
2023-02-06,BULL_QUIET,1.103,1.0
2023-02-07,BULL_QUIET,1.114,1.0
2023-02-08,BULL_QUIET,1.112,1.0
2023-02-09,BULL_QUIET,1.086,1.0
2023-02-10,BULL_QUIET,1.098,1.0
2023-02-13,BULL_QUIET,1.08,1.0
2023-02-14,BULL_QUIET,1.118,1.0
2023-02-15,BULL_QUIET,1.134,1.0
2023-02-16,BULL_QUIET,1.085,1.0
2023-02-17,BULL_QUIET,1.087,1.0
2023-02-21,POST_PANIC_REVERSION,1.022,1.0
2023-02-22,POST_PANIC_REVERSION,1.017,1.0
2023-02-23,POST_PANIC_REVERSION,1.028,1.0
2023-02-24,POST_PANIC_REVERSION,1.035,1.0
2023-02-27,POST_PANIC_REVERSION,1.031,1.0
2023-02-28,POST_PANIC_REVERSION,1.03,1.0
2023-03-01,POST_PANIC_REVERSION,1.038,1.0
2023-03-02,BULL_QUIET,1.053,1.0
2023-03-03,BULL_QUIET,1.081,1.0
2023-03-06,BULL_QUIET,1.074,1.0
2023-03-07,STRESS_UNSTABLE,1.051,0.0
2023-03-08,STRESS_UNSTABLE,1.057,0.0
2023-03-09,POST_PANIC_REVERSION,1.011,1.0
2023-03-10,POST_PANIC_REVERSION,1.024,1.0
2023-03-13,POST_PANIC_REVERSION,1.005,1.0
2023-03-14,POST_PANIC_REVERSION,1.048,1.0
2023-03-15,POST_PANIC_REVERSION,1.041,1.0
2023-03-16,BULL_QUIET,1.068,1.0
2023-03-17,BULL_FRAGILE,1.075,0.7
2023-03-20,BULL_QUIET,1.07,1.0
2023-03-21,BULL_QUIET,1.102,1.0
2023-03-22,BULL_QUIET,1.095,1.0
2023-03-23,BULL_QUIET,1.085,1.0
2023-03-24,BULL_QUIET,1.102,1.0
2023-03-27,BULL_QUIET,1.11,1.0
2023-03-28,BULL_QUIET,1.121,1.0
2023-03-29,BULL_QUIET,1.124,1.0
2023-03-30,BULL_QUIET,1.128,1.0
2023-03-31,BULL_QUIET,1.135,1.0
2023-04-03,BULL_QUIET,1.123,1.0
2023-04-04,BULL_QUIET,1.123,1.0
2023-04-05,BULL_QUIET,1.126,1.0
2023-04-06,BULL_QUIET,1.141,1.0
2023-04-10,BULL_QUIET,1.111,1.0
2023-04-11,BULL_QUIET,1.1,1.0
2023-04-12,BULL_QUIET,1.103,1.0
2023-04-13,BULL_QUIET,1.138,1.0
2023-04-14,BULL_QUIET,1.173,1.0
2023-04-17,BULL_QUIET,1.159,1.0
2023-04-18,BULL_QUIET,1.178,1.0
2023-04-19,BULL_QUIET,1.216,1.0
2023-04-20,BULL_QUIET,1.197,1.0
2023-04-21,BULL_QUIET,1.216,1.0
2023-04-24,BULL_QUIET,1.208,1.0
2023-04-25,BULL_QUIET,1.154,1.0
2023-04-26,BULL_QUIET,1.143,1.0
2023-04-27,BULL_QUIET,1.196,1.0
2023-04-28,BULL_QUIET,1.238,1.0
2023-05-01,BULL_QUIET,1.223,1.0
2023-05-02,BULL_QUIET,1.167,1.0
2023-05-03,BULL_QUIET,1.161,1.0
2023-05-04,BULL_QUIET,1.133,1.0
2023-05-05,BULL_QUIET,1.209,1.0
2023-05-08,BULL_QUIET,1.22,1.0
2023-05-09,BULL_QUIET,1.195,1.0
2023-05-10,BULL_QUIET,1.221,1.0
2023-05-11,BULL_QUIET,1.218,1.0
2023-05-12,BULL_QUIET,1.213,1.0
2023-05-15,BULL_QUIET,1.186,1.0
2023-05-16,BULL_QUIET,1.162,1.0
2023-05-17,BULL_QUIET,1.189,1.0
2023-05-18,BULL_QUIET,1.204,1.0
2023-05-19,BULL_QUIET,1.192,1.0
2023-05-22,BULL_QUIET,1.183,1.0
2023-05-23,BULL_QUIET,1.137,1.0
2023-05-24,BULL_QUIET,1.099,1.0
2023-05-25,BULL_QUIET,1.117,1.0
2023-05-26,BULL_QUIET,1.139,1.0
2023-05-30,BULL_QUIET,1.153,1.0
2023-05-31,BULL_QUIET,1.127,1.0
2023-06-01,BULL_QUIET,1.198,1.0
2023-06-02,BULL_QUIET,1.227,1.0
2023-06-05,BULL_QUIET,1.215,1.0
2023-06-06,BULL_QUIET,1.221,1.0
2023-06-07,BULL_QUIET,1.23,1.0
2023-06-08,BULL_QUIET,1.235,1.0
2023-06-09,BULL_QUIET,1.226,1.0
2023-06-12,BULL_QUIET,1.151,1.0
2023-06-13,BULL_QUIET,1.179,1.0
2023-06-14,BULL_QUIET,1.215,1.0
2023-06-15,BULL_QUIET,1.185,1.0
2023-06-16,BULL_QUIET,1.237,1.0
2023-06-20,BULL_QUIET,1.246,1.0
2023-06-21,BULL_QUIET,1.28,1.0
2023-06-22,BULL_QUIET,1.283,1.0
2023-06-23,BULL_QUIET,1.255,1.0
2023-06-26,BULL_QUIET,1.196,1.0
2023-06-27,BULL_QUIET,1.197,1.0
2023-06-28,BULL_QUIET,1.184,1.0
2023-06-29,BULL_QUIET,1.189,1.0
2023-06-30,BULL_QUIET,1.179,1.0
2023-07-03,BULL_QUIET,1.184,1.0
2023-07-05,BULL_QUIET,1.164,1.0
2023-07-06,BULL_QUIET,1.135,1.0
2023-07-07,BULL_QUIET,1.163,1.0
2023-07-10,BULL_QUIET,1.145,1.0
2023-07-11,BULL_QUIET,1.144,1.0
2023-07-12,BULL_QUIET,1.19,1.0
2023-07-13,BULL_QUIET,1.184,1.0
2023-07-14,BULL_QUIET,1.202,1.0
2023-07-17,BULL_QUIET,1.207,1.0
2023-07-18,BULL_QUIET,1.213,1.0
2023-07-19,BULL_QUIET,1.203,1.0
2023-07-20,BULL_QUIET,1.191,1.0
2023-07-21,BULL_QUIET,1.206,1.0
2023-07-24,BULL_QUIET,1.169,1.0
2023-07-25,BULL_QUIET,1.17,1.0
2023-07-26,BULL_QUIET,1.197,1.0
2023-07-27,BULL_QUIET,1.154,1.0
2023-07-28,BULL_QUIET,1.194,1.0
2023-07-31,BULL_QUIET,1.175,1.0
2023-08-01,BULL_QUIET,1.173,1.0
2023-08-02,BULL_QUIET,1.116,1.0
2023-08-03,BULL_QUIET,1.113,1.0
2023-08-04,BULL_QUIET,1.088,1.0
2023-08-07,BULL_QUIET,1.124,1.0
2023-08-08,BULL_QUIET,1.134,1.0
2023-08-09,BULL_QUIET,1.131,1.0
2023-08-10,BULL_QUIET,1.146,1.0
2023-08-11,BULL_QUIET,1.183,1.0
2023-08-14,BULL_QUIET,1.175,1.0
2023-08-15,BULL_QUIET,1.129,1.0
2023-08-16,BULL_QUIET,1.131,1.0
2023-08-17,STRESS_UNSTABLE,1.108,0.0
2023-08-18,BULL_QUIET,1.112,1.0
2023-08-21,BULL_QUIET,1.096,1.0
2023-08-22,BULL_QUIET,1.103,1.0
2023-08-23,BULL_QUIET,1.123,1.0
2023-08-24,BULL_QUIET,1.09,1.0
2023-08-25,BULL_QUIET,1.13,1.0
2023-08-28,BULL_QUIET,1.135,1.0
2023-08-29,BULL_QUIET,1.146,1.0
2023-08-30,BULL_QUIET,1.166,1.0
2023-08-31,BULL_QUIET,1.173,1.0
2023-09-01,BULL_QUIET,1.202,1.0
2023-09-05,BULL_QUIET,1.159,1.0
2023-09-06,BULL_QUIET,1.149,1.0
2023-09-07,BULL_QUIET,1.151,1.0
2023-09-08,BULL_QUIET,1.166,1.0
2023-09-11,BULL_QUIET,1.161,1.0
2023-09-12,BULL_QUIET,1.142,1.0
2023-09-13,BULL_QUIET,1.181,1.0
2023-09-14,BULL_QUIET,1.197,1.0
2023-09-15,BULL_QUIET,1.162,1.0
2023-09-18,BULL_QUIET,1.152,1.0
2023-09-19,BULL_QUIET,1.143,1.0
2023-09-20,BULL_QUIET,1.11,1.0
2023-09-21,POST_PANIC_REVERSION,1.04,1.0
2023-09-22,STRESS_UNSTABLE,1.052,0.0
2023-09-25,BULL_QUIET,1.066,1.0
2023-09-26,POST_PANIC_REVERSION,1.041,1.0
2023-09-27,POST_PANIC_REVERSION,1.049,1.0
2023-09-28,BULL_QUIET,1.06,1.0
2023-09-29,BULL_QUIET,1.057,1.0
2023-10-02,BULL_QUIET,1.057,1.0
2023-10-03,POST_PANIC_REVERSION,1.032,1.0
2023-10-04,BULL_QUIET,1.051,1.0
2023-10-05,BULL_QUIET,1.055,1.0
2023-10-06,BULL_QUIET,1.073,1.0
2023-10-09,BULL_QUIET,1.063,1.0
2023-10-10,BULL_QUIET,1.073,1.0
2023-10-11,BULL_QUIET,1.096,1.0
2023-10-12,BULL_QUIET,1.084,1.0
2023-10-13,BULL_QUIET,1.065,1.0
2023-10-16,BULL_QUIET,1.092,1.0
2023-10-17,BULL_QUIET,1.077,1.0
2023-10-18,BULL_QUIET,1.065,1.0
2023-10-19,POST_PANIC_REVERSION,1.037,1.0
2023-10-20,POST_PANIC_REVERSION,1.034,1.0
2023-10-23,POST_PANIC_REVERSION,1.047,1.0
2023-10-24,BULL_QUIET,1.065,1.0
2023-10-25,STRESS_UNSTABLE,1.056,0.0
2023-10-26,POST_PANIC_REVERSION,1.043,1.0
2023-10-27,POST_PANIC_REVERSION,1.047,1.0
2023-10-30,STRESS_UNSTABLE,1.053,0.0
2023-10-31,BULL_QUIET,1.074,1.0
2023-11-01,BULL_QUIET,1.1,1.0
2023-11-02,BULL_QUIET,1.137,1.0
2023-11-03,BULL_QUIET,1.155,1.0
2023-11-06,BULL_QUIET,1.144,1.0
2023-11-07,BULL_QUIET,1.142,1.0
2023-11-08,BULL_QUIET,1.152,1.0
2023-11-09,BULL_QUIET,1.131,1.0
2023-11-10,BULL_QUIET,1.166,1.0
2023-11-13,BULL_QUIET,1.125,1.0
2023-11-14,BULL_QUIET,1.15,1.0
2023-11-15,BULL_QUIET,1.148,1.0
2023-11-16,BULL_QUIET,1.127,1.0
2023-11-17,BULL_QUIET,1.149,1.0
2023-11-20,BULL_QUIET,1.17,1.0
2023-11-21,BULL_QUIET,1.161,1.0
2023-11-22,BULL_QUIET,1.205,1.0
2023-11-24,BULL_QUIET,1.213,1.0
2023-11-27,BULL_QUIET,1.209,1.0
2023-11-28,BULL_QUIET,1.201,1.0
2023-11-29,BULL_QUIET,1.195,1.0
2023-11-30,BULL_QUIET,1.195,1.0
2023-12-01,BULL_QUIET,1.216,1.0
2023-12-04,BULL_QUIET,1.199,1.0
2023-12-05,BULL_QUIET,1.212,1.0
2023-12-06,BULL_QUIET,1.214,1.0
2023-12-07,BULL_QUIET,1.198,1.0
2023-12-08,BULL_QUIET,1.228,1.0
2023-12-11,BULL_QUIET,1.203,1.0
2023-12-12,BULL_QUIET,1.229,1.0
2023-12-13,BULL_QUIET,1.203,1.0
2023-12-14,BULL_QUIET,1.185,1.0
2023-12-15,BULL_QUIET,1.232,1.0
2023-12-18,BULL_QUIET,1.232,1.0
2023-12-19,BULL_QUIET,1.248,1.0
2023-12-20,BULL_QUIET,1.213,1.0
2023-12-21,BULL_QUIET,1.194,1.0
2023-12-22,BULL_QUIET,1.227,1.0
2023-12-26,BULL_QUIET,1.222,1.0
2023-12-27,BULL_QUIET,1.228,1.0
2023-12-28,BULL_QUIET,1.221,1.0
2023-12-29,BULL_QUIET,1.226,1.0
2024-01-02,BULL_QUIET,1.173,1.0
2024-01-03,BULL_QUIET,1.142,1.0
2024-01-04,BULL_QUIET,1.135,1.0
2024-01-05,BULL_QUIET,1.162,1.0
2024-01-08,BULL_QUIET,1.157,1.0
2024-01-09,BULL_QUIET,1.168,1.0
2024-01-10,BULL_QUIET,1.161,1.0
2024-01-11,BULL_QUIET,1.17,1.0
2024-01-12,BULL_QUIET,1.176,1.0
2024-01-16,BULL_QUIET,1.137,1.0
2024-01-17,BULL_QUIET,1.108,1.0
2024-01-18,BULL_QUIET,1.121,1.0
2024-01-19,BULL_QUIET,1.147,1.0
2024-01-22,BULL_QUIET,1.135,1.0
2024-01-23,BULL_QUIET,1.157,1.0
2024-01-24,BULL_QUIET,1.139,1.0
2024-01-25,BULL_QUIET,1.123,1.0
2024-01-26,BULL_QUIET,1.133,1.0
2024-01-29,BULL_QUIET,1.119,1.0
2024-01-30,BULL_QUIET,1.137,1.0
2024-01-31,BULL_QUIET,1.112,1.0
2024-02-01,BULL_QUIET,1.117,1.0
2024-02-02,BULL_QUIET,1.127,1.0
2024-02-05,BULL_QUIET,1.121,1.0
2024-02-06,BULL_QUIET,1.148,1.0
2024-02-07,BULL_QUIET,1.157,1.0
2024-02-08,BULL_QUIET,1.167,1.0
2024-02-09,BULL_QUIET,1.166,1.0
2024-02-12,BULL_QUIET,1.125,1.0
2024-02-13,BULL_QUIET,1.061,1.0
2024-02-14,BULL_QUIET,1.108,1.0
2024-02-15,BULL_QUIET,1.125,1.0
2024-02-16,BULL_QUIET,1.114,1.0
2024-02-20,BULL_QUIET,1.064,1.0
2024-02-21,BULL_QUIET,1.058,1.0
2024-02-22,BULL_QUIET,1.085,1.0
2024-02-23,BULL_QUIET,1.109,1.0
2024-02-26,BULL_QUIET,1.108,1.0
2024-02-27,BULL_QUIET,1.109,1.0
2024-02-28,BULL_QUIET,1.1,1.0
2024-02-29,BULL_QUIET,1.114,1.0
2024-03-01,BULL_QUIET,1.139,1.0
2024-03-04,BULL_QUIET,1.129,1.0
2024-03-05,BULL_QUIET,1.1,1.0
2024-03-06,BULL_QUIET,1.101,1.0
2024-03-07,BULL_QUIET,1.102,1.0
2024-03-08,BULL_QUIET,1.106,1.0
2024-03-11,BULL_QUIET,1.081,1.0
2024-03-12,BULL_QUIET,1.132,1.0
2024-03-13,BULL_QUIET,1.135,1.0
2024-03-14,BULL_QUIET,1.119,1.0
2024-03-15,BULL_QUIET,1.139,1.0
2024-03-18,BULL_QUIET,1.132,1.0
2024-03-19,BULL_QUIET,1.141,1.0
2024-03-20,BULL_QUIET,1.172,1.0
2024-03-21,BULL_QUIET,1.175,1.0
2024-03-22,BULL_QUIET,1.172,1.0
2024-03-25,BULL_QUIET,1.166,1.0
2024-03-26,BULL_QUIET,1.155,1.0
2024-03-27,BULL_QUIET,1.174,1.0
2024-03-28,BULL_QUIET,1.168,1.0
2024-04-01,BULL_QUIET,1.137,1.0
2024-04-02,BULL_QUIET,1.101,1.0
2024-04-03,BULL_QUIET,1.11,1.0
2024-04-04,BULL_QUIET,1.05,1.0
2024-04-05,BULL_QUIET,1.072,1.0
2024-04-08,BULL_QUIET,1.09,1.0
2024-04-09,BULL_QUIET,1.096,1.0
2024-04-10,BULL_QUIET,1.078,1.0
2024-04-11,BULL_QUIET,1.106,1.0
2024-04-12,BULL_QUIET,1.051,1.0
2024-04-15,POST_PANIC_REVERSION,1.017,1.0
2024-04-16,POST_PANIC_REVERSION,1.024,1.0
2024-04-17,POST_PANIC_REVERSION,1.031,1.0
2024-04-18,POST_PANIC_REVERSION,1.037,1.0
2024-04-19,POST_PANIC_REVERSION,1.029,1.0
2024-04-22,POST_PANIC_REVERSION,1.041,1.0
2024-04-23,BULL_QUIET,1.063,1.0
2024-04-24,BULL_QUIET,1.054,1.0
2024-04-25,BULL_QUIET,1.065,1.0
2024-04-26,BULL_QUIET,1.083,1.0
2024-04-29,BULL_QUIET,1.091,1.0
2024-04-30,BULL_QUIET,1.06,1.0
2024-05-01,BULL_QUIET,1.077,1.0
2024-05-02,BULL_QUIET,1.093,1.0
2024-05-03,BULL_QUIET,1.132,1.0
2024-05-06,BULL_QUIET,1.113,1.0
2024-05-07,BULL_QUIET,1.13,1.0
2024-05-08,BULL_QUIET,1.146,1.0
2024-05-09,BULL_QUIET,1.159,1.0
2024-05-10,BULL_QUIET,1.168,1.0
2024-05-13,BULL_QUIET,1.095,1.0
2024-05-14,BULL_QUIET,1.095,1.0
2024-05-15,BULL_QUIET,1.131,1.0
2024-05-16,BULL_QUIET,1.145,1.0
2024-05-17,BULL_QUIET,1.167,1.0
2024-05-20,BULL_QUIET,1.161,1.0
2024-05-21,BULL_QUIET,1.176,1.0
2024-05-22,BULL_QUIET,1.164,1.0
2024-05-23,BULL_QUIET,1.149,1.0
2024-05-24,BULL_QUIET,1.188,1.0
2024-05-28,BULL_QUIET,1.139,1.0
2024-05-29,BULL_QUIET,1.082,1.0
2024-05-30,BULL_QUIET,1.077,1.0
2024-05-31,BULL_QUIET,1.135,1.0
2024-06-03,BULL_QUIET,1.129,1.0
2024-06-04,BULL_QUIET,1.131,1.0
2024-06-05,BULL_QUIET,1.151,1.0
2024-06-06,BULL_QUIET,1.156,1.0
2024-06-07,BULL_QUIET,1.179,1.0
2024-06-10,BULL_QUIET,1.146,1.0
2024-06-11,BULL_QUIET,1.128,1.0
2024-06-12,BULL_QUIET,1.173,1.0
2024-06-13,BULL_QUIET,1.187,1.0
2024-06-14,BULL_QUIET,1.172,1.0
2024-06-17,BULL_QUIET,1.16,1.0
2024-06-18,BULL_QUIET,1.194,1.0
2024-06-20,BULL_QUIET,1.16,1.0
2024-06-21,BULL_QUIET,1.149,1.0
2024-06-24,BULL_QUIET,1.143,1.0
2024-06-25,BULL_QUIET,1.157,1.0
2024-06-26,BULL_QUIET,1.172,1.0
2024-06-27,BULL_QUIET,1.178,1.0
2024-06-28,BULL_QUIET,1.167,1.0
2024-07-01,BULL_QUIET,1.161,1.0
2024-07-02,BULL_QUIET,1.165,1.0
2024-07-03,BULL_QUIET,1.16,1.0
2024-07-05,BULL_QUIET,1.15,1.0
2024-07-08,BULL_QUIET,1.155,1.0
2024-07-09,BULL_QUIET,1.15,1.0
2024-07-10,BULL_QUIET,1.128,1.0
2024-07-11,BULL_QUIET,1.135,1.0
2024-07-12,BULL_QUIET,1.153,1.0
2024-07-15,BULL_QUIET,1.133,1.0
2024-07-16,BULL_QUIET,1.13,1.0
2024-07-17,BULL_QUIET,1.09,1.0
2024-07-18,POST_PANIC_REVERSION,1.04,1.0
2024-07-19,POST_PANIC_REVERSION,1.039,1.0
2024-07-22,BULL_QUIET,1.079,1.0
2024-07-23,BULL_QUIET,1.088,1.0
2024-07-24,POST_PANIC_REVERSION,1.022,1.0
2024-07-25,POST_PANIC_REVERSION,1.012,1.0
2024-07-26,BULL_QUIET,1.052,1.0
2024-07-29,POST_PANIC_REVERSION,1.034,1.0
2024-07-30,POST_PANIC_REVERSION,1.018,1.0
2024-07-31,POST_PANIC_REVERSION,1.037,1.0
2024-08-01,POST_PANIC_REVERSION,1.03,1.0
2024-08-02,POST_PANIC_REVERSION,0.998,1.0
2024-08-05,STRESS_UNSTABLE,0.874,0.0
2024-08-06,STRESS_UNSTABLE,0.966,0.0
2024-08-07,STRESS_UNSTABLE,0.97,0.0
2024-08-08,POST_PANIC_REVERSION,1.014,1.0
2024-08-09,POST_PANIC_REVERSION,1.04,1.0
2024-08-12,POST_PANIC_REVERSION,1.044,1.0
2024-08-13,BULL_QUIET,1.096,1.0
2024-08-14,BULL_QUIET,1.14,1.0
2024-08-15,BULL_QUIET,1.174,1.0
2024-08-16,BULL_QUIET,1.203,1.0
2024-08-19,BULL_QUIET,1.201,1.0
2024-08-20,BULL_QUIET,1.151,1.0
2024-08-21,BULL_QUIET,1.142,1.0
2024-08-22,BULL_QUIET,1.103,1.0
2024-08-23,BULL_QUIET,1.147,1.0
2024-08-26,BULL_QUIET,1.13,1.0
2024-08-27,BULL_QUIET,1.149,1.0
2024-08-28,BULL_QUIET,1.105,1.0
2024-08-29,BULL_QUIET,1.15,1.0
2024-08-30,BULL_QUIET,1.162,1.0
2024-09-03,POST_PANIC_REVERSION,1.047,1.0
2024-09-04,POST_PANIC_REVERSION,1.035,1.0
2024-09-05,BULL_QUIET,1.052,1.0
2024-09-06,POST_PANIC_REVERSION,1.016,1.0
2024-09-09,BULL_QUIET,1.074,1.0
2024-09-10,BULL_QUIET,1.077,1.0
2024-09-11,BULL_QUIET,1.107,1.0
2024-09-12,BULL_QUIET,1.141,1.0
2024-09-13,BULL_QUIET,1.164,1.0
2024-09-16,BULL_QUIET,1.156,1.0
2024-09-17,BULL_QUIET,1.143,1.0
2024-09-18,BULL_QUIET,1.116,1.0
2024-09-19,BULL_QUIET,1.168,1.0
2024-09-20,BULL_QUIET,1.173,1.0
2024-09-23,BULL_QUIET,1.177,1.0
2024-09-24,BULL_QUIET,1.2,1.0
2024-09-25,BULL_QUIET,1.205,1.0
2024-09-26,BULL_QUIET,1.2,1.0
2024-09-27,BULL_QUIET,1.152,1.0
2024-09-30,BULL_QUIET,1.149,1.0
2024-10-01,BULL_QUIET,1.085,1.0
2024-10-02,BULL_QUIET,1.089,1.0
2024-10-03,BULL_QUIET,1.056,1.0
2024-10-04,BULL_QUIET,1.075,1.0
2024-10-07,POST_PANIC_REVERSION,0.998,1.0
2024-10-08,POST_PANIC_REVERSION,1.005,1.0
2024-10-09,POST_PANIC_REVERSION,1.002,1.0
2024-10-10,POST_PANIC_REVERSION,1.004,1.0
2024-10-11,POST_PANIC_REVERSION,1.015,1.0
2024-10-14,POST_PANIC_REVERSION,1.021,1.0
2024-10-15,POST_PANIC_REVERSION,1.008,1.0
2024-10-16,POST_PANIC_REVERSION,1.038,1.0
2024-10-17,POST_PANIC_REVERSION,1.037,1.0
2024-10-18,BULL_QUIET,1.064,1.0
2024-10-21,POST_PANIC_REVERSION,1.047,1.0
2024-10-22,BULL_QUIET,1.053,1.0
2024-10-23,POST_PANIC_REVERSION,1.042,1.0
2024-10-24,POST_PANIC_REVERSION,1.04,1.0
2024-10-25,POST_PANIC_REVERSION,1.03,1.0
2024-10-28,POST_PANIC_REVERSION,1.019,1.0
2024-10-29,POST_PANIC_REVERSION,1.032,1.0
2024-10-30,POST_PANIC_REVERSION,1.02,1.0
2024-10-31,STRESS_UNSTABLE,0.978,0.0
2024-11-01,POST_PANIC_REVERSION,1.001,1.0
2024-11-04,POST_PANIC_REVERSION,0.981,1.0
2024-11-05,POST_PANIC_REVERSION,0.985,1.0
2024-11-06,BULL_QUIET,1.086,1.0
2024-11-07,BULL_QUIET,1.115,1.0
2024-11-08,BULL_QUIET,1.127,1.0
2024-11-11,BULL_QUIET,1.122,1.0
2024-11-12,BULL_QUIET,1.136,1.0
2024-11-13,BULL_QUIET,1.178,1.0
2024-11-14,BULL_QUIET,1.166,1.0
2024-11-15,BULL_QUIET,1.103,1.0
2024-11-18,BULL_QUIET,1.103,1.0
2024-11-19,BULL_QUIET,1.082,1.0
2024-11-20,BULL_QUIET,1.064,1.0
2024-11-21,BULL_QUIET,1.078,1.0
2024-11-22,BULL_QUIET,1.135,1.0
2024-11-25,BULL_QUIET,1.155,1.0
2024-11-26,BULL_QUIET,1.172,1.0
2024-11-27,BULL_QUIET,1.177,1.0
2024-11-29,BULL_QUIET,1.204,1.0
2024-12-02,BULL_QUIET,1.225,1.0
2024-12-03,BULL_QUIET,1.221,1.0
2024-12-04,BULL_QUIET,1.219,1.0
2024-12-05,BULL_QUIET,1.225,1.0
2024-12-06,BULL_QUIET,1.278,1.0
2024-12-09,BULL_QUIET,1.204,1.0
2024-12-10,BULL_QUIET,1.197,1.0
2024-12-11,BULL_QUIET,1.243,1.0
2024-12-12,BULL_QUIET,1.246,1.0
2024-12-13,BULL_QUIET,1.242,1.0
2024-12-16,BULL_QUIET,1.196,1.0
2024-12-17,BULL_QUIET,1.142,1.0
2024-12-18,STRESS_UNSTABLE,0.878,0.0
2024-12-19,POST_PANIC_REVERSION,1.002,1.0
2024-12-20,BULL_QUIET,1.095,1.0
2024-12-23,BULL_QUIET,1.111,1.0
2024-12-24,BULL_QUIET,1.205,1.0
2024-12-26,BULL_QUIET,1.179,1.0
2024-12-27,BULL_QUIET,1.133,1.0
2024-12-30,BULL_QUIET,1.089,1.0
2024-12-31,BULL_QUIET,1.094,1.0
2025-01-02,BULL_QUIET,1.078,1.0
2025-01-03,BULL_QUIET,1.125,1.0
2025-01-06,BULL_QUIET,1.124,1.0
2025-01-07,BULL_QUIET,1.077,1.0
2025-01-08,BULL_QUIET,1.093,1.0
2025-01-10,BULL_QUIET,1.073,1.0
2025-01-13,BULL_QUIET,1.065,1.0
2025-01-14,BULL_QUIET,1.068,1.0
2025-01-15,BULL_QUIET,1.131,1.0
2025-01-16,BULL_QUIET,1.105,1.0
2025-01-17,BULL_QUIET,1.139,1.0
2025-01-21,BULL_QUIET,1.162,1.0
2025-01-22,BULL_QUIET,1.179,1.0
2025-01-23,BULL_QUIET,1.166,1.0
2025-01-24,BULL_QUIET,1.182,1.0
2025-01-27,BULL_QUIET,1.06,1.0
2025-01-28,BULL_QUIET,1.105,1.0
2025-01-29,BULL_QUIET,1.096,1.0
2025-01-30,BULL_QUIET,1.131,1.0
2025-01-31,BULL_QUIET,1.122,1.0
2025-02-03,BULL_QUIET,1.05,1.0
2025-02-04,BULL_QUIET,1.083,1.0
2025-02-05,BULL_QUIET,1.139,1.0
2025-02-06,BULL_QUIET,1.157,1.0
2025-02-07,BULL_QUIET,1.126,1.0
2025-02-10,BULL_QUIET,1.153,1.0
2025-02-11,BULL_QUIET,1.141,1.0
2025-02-12,BULL_QUIET,1.152,1.0
2025-02-13,BULL_QUIET,1.181,1.0
2025-02-14,BULL_QUIET,1.206,1.0
2025-02-18,BULL_QUIET,1.161,1.0
2025-02-19,BULL_QUIET,1.174,1.0
2025-02-20,BULL_QUIET,1.15,1.0
2025-02-21,BULL_QUIET,1.07,1.0
2025-02-24,POST_PANIC_REVERSION,1.046,1.0
2025-02-25,POST_PANIC_REVERSION,1.031,1.0
2025-02-26,POST_PANIC_REVERSION,1.034,1.0
2025-02-27,POST_PANIC_REVERSION,1.004,1.0
2025-02-28,POST_PANIC_REVERSION,1.028,1.0
2025-03-03,STRESS_UNSTABLE,0.974,0.0
2025-03-04,STRESS_UNSTABLE,0.969,0.0
2025-03-05,POST_PANIC_REVERSION,0.99,1.0
2025-03-06,STRESS_UNSTABLE,0.953,0.0
2025-03-07,STRESS_UNSTABLE,0.967,0.0
2025-03-10,STRESS_UNSTABLE,0.923,0.0
2025-03-11,STRESS_UNSTABLE,0.941,0.0
2025-03-12,STRESS_UNSTABLE,0.977,0.0
2025-03-13,STRESS_UNSTABLE,0.976,0.0
2025-03-14,POST_PANIC_REVERSION,1.018,1.0
2025-03-17,POST_PANIC_REVERSION,1.039,1.0
2025-03-18,POST_PANIC_REVERSION,1.012,1.0
2025-03-19,POST_PANIC_REVERSION,1.047,1.0
2025-03-20,POST_PANIC_REVERSION,1.046,1.0
2025-03-21,BULL_QUIET,1.055,1.0
2025-03-24,BULL_QUIET,1.089,1.0
2025-03-25,BULL_QUIET,1.111,1.0
2025-03-26,BULL_QUIET,1.082,1.0
2025-03-27,BULL_QUIET,1.064,1.0
2025-03-28,POST_PANIC_REVERSION,1.017,1.0
2025-03-31,POST_PANIC_REVERSION,0.986,1.0
2025-04-01,POST_PANIC_REVERSION,1.002,1.0
2025-04-02,POST_PANIC_REVERSION,0.997,1.0
2025-04-03,STRESS_UNSTABLE,0.912,0.0
2025-04-04,STRESS_UNSTABLE,0.81,0.0
2025-04-07,STRESS_UNSTABLE,0.785,0.0
2025-04-08,STRESS_UNSTABLE,0.793,0.0
2025-04-09,STRESS_UNSTABLE,0.89,0.0
2025-04-10,STRESS_UNSTABLE,0.877,0.0
2025-04-11,STRESS_UNSTABLE,0.903,0.0
2025-04-14,STRESS_UNSTABLE,0.959,0.0
2025-04-15,STRESS_UNSTABLE,0.963,0.0
2025-04-16,STRESS_UNSTABLE,0.948,0.0
2025-04-17,POST_PANIC_REVERSION,0.99,1.0
2025-04-21,STRESS_UNSTABLE,0.941,0.0
2025-04-22,STRESS_UNSTABLE,0.963,0.0
2025-04-23,POST_PANIC_REVERSION,0.985,1.0
2025-04-24,POST_PANIC_REVERSION,0.999,1.0
2025-04-25,POST_PANIC_REVERSION,1.021,1.0
2025-04-28,POST_PANIC_REVERSION,1.023,1.0
2025-04-29,POST_PANIC_REVERSION,1.043,1.0
2025-04-30,POST_PANIC_REVERSION,1.034,1.0
2025-05-01,POST_PANIC_REVERSION,1.036,1.0
2025-05-02,BULL_QUIET,1.058,1.0
2025-05-05,POST_PANIC_REVERSION,1.038,1.0
2025-05-06,POST_PANIC_REVERSION,1.026,1.0
2025-05-07,POST_PANIC_REVERSION,1.049,1.0
2025-05-08,BULL_QUIET,1.057,1.0
2025-05-09,BULL_QUIET,1.068,1.0
2025-05-12,BULL_QUIET,1.1,1.0
2025-05-13,BULL_QUIET,1.103,1.0
2025-05-14,BULL_QUIET,1.105,1.0
2025-05-15,BULL_QUIET,1.136,1.0
2025-05-16,BULL_QUIET,1.165,1.0
2025-05-19,BULL_QUIET,1.141,1.0
2025-05-20,BULL_QUIET,1.145,1.0
2025-05-21,BULL_QUIET,1.086,1.0
2025-05-22,BULL_QUIET,1.101,1.0
2025-05-23,BULL_QUIET,1.068,1.0
2025-05-27,BULL_QUIET,1.123,1.0
2025-05-28,BULL_QUIET,1.122,1.0
2025-05-29,BULL_QUIET,1.127,1.0
2025-05-30,BULL_QUIET,1.151,1.0
2025-06-02,BULL_QUIET,1.149,1.0
2025-06-03,BULL_QUIET,1.171,1.0
2025-06-04,BULL_QUIET,1.173,1.0
2025-06-05,BULL_QUIET,1.142,1.0
2025-06-06,BULL_QUIET,1.194,1.0
2025-06-09,BULL_QUIET,1.171,1.0
2025-06-10,BULL_QUIET,1.176,1.0
2025-06-11,BULL_QUIET,1.176,1.0
2025-06-12,BULL_QUIET,1.146,1.0
2025-06-13,BULL_QUIET,1.086,1.0
2025-06-16,BULL_QUIET,1.111,1.0
2025-06-17,BULL_QUIET,1.061,1.0
2025-06-18,BULL_QUIET,1.091,1.0
2025-06-20,BULL_QUIET,1.09,1.0
2025-06-23,BULL_QUIET,1.1,1.0
2025-06-24,BULL_QUIET,1.147,1.0
2025-06-25,BULL_QUIET,1.174,1.0
2025-06-26,BULL_QUIET,1.172,1.0
2025-06-27,BULL_QUIET,1.192,1.0
2025-06-30,BULL_QUIET,1.162,1.0
2025-07-01,BULL_QUIET,1.159,1.0
2025-07-02,BULL_QUIET,1.163,1.0
2025-07-03,BULL_QUIET,1.173,1.0
2025-07-07,BULL_QUIET,1.136,1.0
2025-07-08,BULL_QUIET,1.165,1.0
2025-07-09,BULL_QUIET,1.193,1.0
2025-07-10,BULL_QUIET,1.199,1.0
2025-07-11,BULL_QUIET,1.181,1.0
2025-07-14,BULL_QUIET,1.153,1.0
2025-07-15,BULL_QUIET,1.154,1.0
2025-07-16,BULL_QUIET,1.171,1.0
2025-07-17,BULL_QUIET,1.192,1.0
2025-07-18,BULL_QUIET,1.193,1.0
2025-07-21,BULL_QUIET,1.172,1.0
2025-07-22,BULL_QUIET,1.184,1.0
2025-07-23,BULL_QUIET,1.208,1.0
2025-07-24,BULL_QUIET,1.206,1.0
2025-07-25,BULL_QUIET,1.227,1.0
2025-07-28,BULL_QUIET,1.208,1.0
2025-07-29,BULL_QUIET,1.175,1.0
2025-07-30,BULL_QUIET,1.185,1.0
2025-07-31,BULL_QUIET,1.145,1.0
2025-08-01,POST_PANIC_REVERSION,1.042,1.0
2025-08-04,BULL_QUIET,1.119,1.0
2025-08-05,BULL_QUIET,1.122,1.0
2025-08-06,BULL_QUIET,1.161,1.0
2025-08-07,BULL_QUIET,1.168,1.0
2025-08-08,BULL_QUIET,1.234,1.0
2025-08-11,BULL_QUIET,1.185,1.0
2025-08-12,BULL_QUIET,1.245,1.0
2025-08-13,BULL_QUIET,1.265,1.0
2025-08-14,BULL_QUIET,1.247,1.0
2025-08-15,BULL_QUIET,1.235,1.0
2025-08-18,BULL_QUIET,1.231,1.0
2025-08-19,BULL_QUIET,1.214,1.0
2025-08-20,BULL_QUIET,1.217,1.0
2025-08-21,BULL_QUIET,1.169,1.0
2025-08-22,BULL_QUIET,1.249,1.0
2025-08-25,BULL_QUIET,1.218,1.0
2025-08-26,BULL_QUIET,1.224,1.0
2025-08-27,BULL_QUIET,1.208,1.0
2025-08-28,BULL_QUIET,1.228,1.0
2025-08-29,BULL_QUIET,1.195,1.0
2025-09-02,BULL_QUIET,1.129,1.0
2025-09-03,BULL_QUIET,1.158,1.0
2025-09-04,BULL_QUIET,1.202,1.0
2025-09-05,BULL_QUIET,1.213,1.0
2025-09-08,BULL_QUIET,1.21,1.0
2025-09-09,BULL_QUIET,1.215,1.0
2025-09-10,BULL_QUIET,1.201,1.0
2025-09-11,BULL_QUIET,1.226,1.0
2025-09-12,BULL_QUIET,1.224,1.0
2025-09-15,BULL_QUIET,1.181,1.0
2025-09-16,BULL_QUIET,1.156,1.0
2025-09-17,BULL_QUIET,1.173,1.0
2025-09-18,BULL_QUIET,1.18,1.0
2025-09-19,BULL_QUIET,1.196,1.0
2025-09-22,BULL_QUIET,1.177,1.0
2025-09-23,BULL_QUIET,1.168,1.0
2025-09-24,BULL_QUIET,1.183,1.0
2025-09-25,BULL_QUIET,1.162,1.0
2025-09-26,BULL_QUIET,1.204,1.0
2025-09-29,BULL_QUIET,1.164,1.0
2025-09-30,BULL_QUIET,1.153,1.0
2025-10-01,BULL_QUIET,1.152,1.0
2025-10-02,BULL_QUIET,1.136,1.0
2025-10-03,BULL_QUIET,1.146,1.0
2025-10-06,BULL_QUIET,1.168,1.0
2025-10-07,BULL_QUIET,1.143,1.0
2025-10-08,BULL_QUIET,1.182,1.0
2025-10-09,BULL_QUIET,1.18,1.0
2025-10-10,BULL_QUIET,1.053,1.0
2025-10-13,BULL_QUIET,1.1,1.0
2025-10-14,BULL_QUIET,1.059,1.0
2025-10-15,BULL_QUIET,1.063,1.0
2025-10-16,POST_PANIC_REVERSION,0.983,1.0
2025-10-17,BULL_QUIET,1.063,1.0
2025-10-20,BULL_QUIET,1.114,1.0
2025-10-21,BULL_QUIET,1.119,1.0
2025-10-22,BULL_QUIET,1.092,1.0
2025-10-23,BULL_QUIET,1.136,1.0
2025-10-24,BULL_QUIET,1.173,1.0
2025-10-27,BULL_QUIET,1.203,1.0
2025-10-28,BULL_QUIET,1.191,1.0
2025-10-29,BULL_QUIET,1.172,1.0
2025-10-30,BULL_QUIET,1.182,1.0
2025-10-31,BULL_QUIET,1.175,1.0
2025-11-03,BULL_QUIET,1.187,1.0
2025-11-04,BULL_QUIET,1.121,1.0
2025-11-05,BULL_QUIET,1.144,1.0
2025-11-06,BULL_QUIET,1.095,1.0
2025-11-07,BULL_QUIET,1.111,1.0
2025-11-10,BULL_QUIET,1.15,1.0
2025-11-11,BULL_QUIET,1.168,1.0
2025-11-12,BULL_QUIET,1.162,1.0
2025-11-13,BULL_QUIET,1.092,1.0
2025-11-14,BULL_QUIET,1.088,1.0
2025-11-17,POST_PANIC_REVERSION,1.036,1.0
2025-11-18,POST_PANIC_REVERSION,0.994,1.0
2025-11-19,POST_PANIC_REVERSION,1.014,1.0
2025-11-20,STRESS_UNSTABLE,0.975,0.0
2025-11-21,POST_PANIC_REVERSION,1.023,1.0
2025-11-24,BULL_QUIET,1.065,1.0
2025-11-25,BULL_QUIET,1.117,1.0
2025-11-26,BULL_QUIET,1.165,1.0
2025-11-28,BULL_QUIET,1.201,1.0
2025-12-01,BULL_QUIET,1.173,1.0
2025-12-02,BULL_QUIET,1.196,1.0
2025-12-03,BULL_QUIET,1.226,1.0
2025-12-04,BULL_QUIET,1.235,1.0
2025-12-05,BULL_QUIET,1.25,1.0
2025-12-08,BULL_QUIET,1.195,1.0
2025-12-09,BULL_QUIET,1.186,1.0
2025-12-10,BULL_QUIET,1.227,1.0
2025-12-11,BULL_QUIET,1.283,1.0
2025-12-12,BULL_QUIET,1.223,1.0
2025-12-15,BULL_QUIET,1.193,1.0
2025-12-16,BULL_QUIET,1.194,1.0
2025-12-17,BULL_QUIET,1.14,1.0
2025-12-18,BULL_QUIET,1.161,1.0
2025-12-19,BULL_QUIET,1.224,1.0
2025-12-22,BULL_QUIET,1.263,1.0
2025-12-23,BULL_QUIET,1.274,1.0
2025-12-24,BULL_QUIET,1.319,1.0
2025-12-26,BULL_QUIET,1.307,1.0
2025-12-29,BULL_QUIET,1.255,1.0
2025-12-30,BULL_QUIET,1.24,1.0
2025-12-31,BULL_QUIET,1.216,1.0
2026-01-02,BULL_QUIET,1.242,1.0
2026-01-05,BULL_QUIET,1.23,1.0
2026-01-06,BULL_QUIET,1.231,1.0
2026-01-07,BULL_QUIET,1.209,1.0
2026-01-08,BULL_QUIET,1.19,1.0
2026-01-09,BULL_QUIET,1.234,1.0
2026-01-12,BULL_QUIET,1.206,1.0
2026-01-13,BULL_QUIET,1.18,1.0
2026-01-14,BULL_QUIET,1.156,1.0
2026-01-15,BULL_QUIET,1.193,1.0
2026-01-16,BULL_QUIET,1.197,1.0
2026-01-20,BULL_QUIET,1.059,1.0
2026-01-21,BULL_QUIET,1.146,1.0
2026-01-22,BULL_QUIET,1.199,1.0
2026-01-23,BULL_QUIET,1.19,1.0
2026-01-26,BULL_QUIET,1.181,1.0
2026-01-27,BULL_QUIET,1.176,1.0
2026-01-28,BULL_QUIET,1.18,1.0
2026-01-29,BULL_QUIET,1.165,1.0
2026-01-30,BULL_QUIET,1.151,1.0
2026-02-02,BULL_QUIET,1.185,1.0
2026-02-03,BULL_QUIET,1.131,1.0
2026-02-04,BULL_QUIET,1.106,1.0
2026-02-05,POST_PANIC_REVERSION,1.031,1.0
2026-02-06,BULL_QUIET,1.147,1.0
2026-02-09,BULL_QUIET,1.157,1.0
2026-02-10,BULL_QUIET,1.148,1.0
2026-02-11,BULL_QUIET,1.154,1.0
2026-02-12,BULL_QUIET,1.065,1.0
2026-02-13,BULL_QUIET,1.076,1.0
2026-02-17,BULL_QUIET,1.065,1.0
2026-02-18,BULL_QUIET,1.09,1.0
2026-02-19,BULL_QUIET,1.082,1.0
2026-02-20,BULL_QUIET,1.105,1.0
2026-02-23,BULL_QUIET,1.054,1.0
2026-02-24,BULL_QUIET,1.092,1.0
2026-02-25,BULL_QUIET,1.136,1.0
2026-02-26,BULL_QUIET,1.117,1.0
2026-02-27,BULL_QUIET,1.086,1.0
2026-03-02,POST_PANIC_REVERSION,1.047,1.0
2026-03-03,POST_PANIC_REVERSION,0.999,1.0
2026-03-04,BULL_QUIET,1.054,1.0
2026-03-05,POST_PANIC_REVERSION,1.005,1.0
2026-03-06,STRESS_UNSTABLE,0.935,0.0
2026-03-09,POST_PANIC_REVERSION,0.994,1.0
2026-03-10,POST_PANIC_REVERSION,1.023,1.0
2026-03-11,POST_PANIC_REVERSION,1.031,1.0
2026-03-12,POST_PANIC_REVERSION,0.988,1.0
2026-03-13,POST_PANIC_REVERSION,1.003,1.0
2026-03-16,BULL_QUIET,1.06,1.0
2026-03-17,BULL_QUIET,1.088,1.0
2026-03-18,STRESS_UNSTABLE,1.059,0.0
2026-03-19,STRESS_UNSTABLE,1.062,0.0
2026-03-20,POST_PANIC_REVERSION,1.024,1.0
2026-03-23,POST_PANIC_REVERSION,0.998,1.0
2026-03-24,POST_PANIC_REVERSION,0.986,1.0
2026-03-25,POST_PANIC_REVERSION,1.012,1.0
2026-03-26,POST_PANIC_REVERSION,0.99,1.0
2026-03-27,STRESS_UNSTABLE,0.943,0.0
2026-03-30,STRESS_UNSTABLE,0.952,0.0
2026-03-31,POST_PANIC_REVERSION,1.012,1.0
2026-04-01,POST_PANIC_REVERSION,1.013,1.0
2026-04-02,POST_PANIC_REVERSION,1.036,1.0
2026-04-06,POST_PANIC_REVERSION,1.025,1.0
2026-04-07,POST_PANIC_REVERSION,0.992,1.0
2026-04-08,BULL_QUIET,1.078,1.0
2026-04-09,BULL_QUIET,1.119,1.0
2026-04-10,BULL_QUIET,1.137,1.0
2026-04-13,BULL_QUIET,1.116,1.0
2026-04-14,BULL_QUIET,1.134,1.0
2026-04-15,BULL_QUIET,1.144,1.0
2026-04-16,BULL_QUIET,1.158,1.0
2026-04-17,BULL_QUIET,1.173,1.0
2026-04-20,BULL_QUIET,1.126,1.0
2026-04-21,BULL_QUIET,1.103,1.0
2026-04-22,BULL_QUIET,1.123,1.0
2026-04-23,BULL_QUIET,1.112,1.0
2026-04-24,BULL_QUIET,1.138,1.0
2026-04-27,BULL_QUIET,1.153,1.0
2026-04-28,BULL_QUIET,1.149,1.0
2026-04-29,BULL_QUIET,1.127,1.0
2026-04-30,BULL_QUIET,1.189,1.0
2026-05-01,BULL_QUIET,1.199,1.0
2026-05-04,BULL_QUIET,1.151,1.0
2026-05-05,BULL_QUIET,1.198,1.0
2026-05-06,BULL_QUIET,1.183,1.0
2026-05-07,BULL_QUIET,1.191,1.0
2026-05-08,BULL_QUIET,1.193,1.0
2026-05-11,BULL_QUIET,1.156,1.0
2026-05-12,BULL_QUIET,1.17,1.0
2026-05-13,BULL_QUIET,1.185,1.0
2026-05-14,BULL_QUIET,1.208,1.0
2026-05-15,BULL_QUIET,1.159,1.0
2026-05-18,BULL_QUIET,1.174,1.0
2026-05-19,BULL_QUIET,1.169,1.0
2026-05-20,BULL_QUIET,1.19,1.0
2026-05-21,BULL_QUIET,1.193,1.0
2026-05-22,BULL_QUIET,1.199,1.0
2026-05-26,BULL_QUIET,1.169,1.0
2026-05-27,BULL_QUIET,1.194,1.0
2026-05-28,BULL_QUIET,1.214,1.0
2026-05-29,BULL_QUIET,1.218,1.0
2026-06-01,BULL_QUIET,1.211,1.0
2026-06-02,BULL_QUIET,1.236,1.0
2026-06-03,BULL_QUIET,1.23,1.0
2026-06-04,BULL_QUIET,1.249,1.0
2026-06-05,POST_PANIC_REVERSION,1.014,1.0
2026-06-08,BULL_QUIET,1.099,1.0
2026-06-09,BULL_QUIET,1.072,1.0
2026-06-10,POST_PANIC_REVERSION,1.03,1.0
2026-06-11,BULL_QUIET,1.102,1.0
2026-06-12,BULL_QUIET,1.16,1.0
2026-06-15,BULL_QUIET,1.195,1.0
2026-06-16,BULL_QUIET,1.19,1.0
2026-06-17,BULL_QUIET,1.118,1.0
2026-06-18,BULL_QUIET,1.193,1.0
2026-06-22,BULL_QUIET,1.144,1.0
2026-06-23,BULL_QUIET,1.081,1.0
2026-06-24,BULL_QUIET,1.093,1.0
2026-06-25,BULL_QUIET,1.076,1.0
2026-06-26,STRESS_UNSTABLE,1.093,0.0
2026-06-29,BULL_QUIET,1.107,1.0
2026-06-30,BULL_QUIET,1.155,1.0
2026-07-01,BULL_QUIET,1.155,1.0
2026-07-02,BULL_QUIET,1.179,1.0
2026-07-06,BULL_QUIET,1.206,1.0
2026-07-07,BULL_QUIET,1.179,1.0
2026-07-08,BULL_QUIET,1.151,1.0
2026-07-09,BULL_QUIET,1.199,1.0
2026-07-10,BULL_QUIET,1.236,1.0
2026-07-13,BULL_QUIET,1.145,1.0
2026-07-14,BULL_QUIET,1.17,1.0
2026-07-15,BULL_QUIET,1.207,1.0
2026-07-16,BULL_QUIET,1.166,1.0
2026-07-17,BULL_QUIET,1.094,1.0
2026-07-20,BULL_QUIET,1.094,1.0
2026-07-21,BULL_QUIET,1.149,1.0
2026-07-22,BULL_QUIET,1.174,1.0
2026-07-23,BULL_QUIET,1.102,1.0
2026-07-24,BULL_QUIET,1.104,1.0
2026-07-27,BULL_QUIET,1.082,1.0
2026-07-28,BULL_QUIET,1.091,1.0
2026-07-29,POST_PANIC_REVERSION,1.041,1.0
2026-07-30,BULL_QUIET,1.141,1.0
2026-07-31,BULL_QUIET,1.189,1.0
2026-08-03,BULL_QUIET,1.194,1.0
2026-08-04,BULL_QUIET,1.172,1.0
2026-08-05,BULL_QUIET,1.199,1.0
2026-08-06,BULL_QUIET,1.234,1.0
2026-08-07,BULL_QUIET,1.256,1.0
2026-08-10,BULL_QUIET,1.228,1.0
2026-08-11,BULL_QUIET,1.238,1.0
2026-08-12,BULL_QUIET,1.274,1.0
2026-08-13,BULL_QUIET,1.272,1.0
2026-08-14,BULL_QUIET,1.295,1.0
2026-08-17,BULL_QUIET,1.253,1.0
2026-08-18,BULL_QUIET,1.217,1.0
2026-08-19,BULL_QUIET,1.247,1.0
2026-08-20,BULL_QUIET,1.191,1.0
2026-08-21,BULL_QUIET,1.223,1.0
2026-08-24,BULL_QUIET,1.171,1.0
2026-08-25,BULL_QUIET,1.179,1.0
2026-08-26,BULL_QUIET,1.183,1.0
2026-08-27,BULL_QUIET,1.21,1.0
