Date,BULL_QUIET,POST_PANIC_REVERSION,BULL_FRAGILE
1990-01-03,0.6459790095838346,0.33078613344989816,0.023234856966267106
1990-01-04,0.5319528242129032,0.450658938812568,0.017388236974529046
1990-01-05,0.3479774287618679,0.6362104968661497,0.015812074371982607
1990-01-08,0.5047671213268433,0.4886634933496891,0.006569385323467375
1990-01-09,0.20695899430906148,0.782954778769531,0.010086226921407341
1990-01-10,0.21774246714603268,0.7750507381292864,0.007206794724680901
1990-01-11,0.37247166448289665,0.6233309388406323,0.004197396676471128
1990-01-12,0.0003118748652932959,0.9609060212897618,0.03878210384494478
1990-01-15,0.016531481018024166,0.95968745306348,0.023781065918495905
1990-01-16,0.02663061983690192,0.9555438544571766,0.017825525705921642
1990-01-17,0.024215743128533047,0.9619129278759149,0.013871328995552401
1990-01-18,0.09617471592326829,0.8959842178938522,0.007841066182879821
1990-01-19,0.21186454642386227,0.7830819820687965,0.005053471507341116
1990-01-22,6.865470982385898e-05,0.9537935252127684,0.046137820077407576
1990-01-23,0.04894433505797738,0.9294419338099604,0.02161373113206224
1990-01-24,0.10340794851617315,0.885087059962054,0.011504991521773028
1990-01-25,0.026421163143391938,0.9603149141733057,0.013263922683302828
1990-01-26,0.0964339596644118,0.8960126764351591,0.007553363900428937
1990-01-29,0.19793354241690173,0.7970535521127591,0.00501290547033928
1990-01-30,0.20185877291507923,0.7931785626006913,0.004962664484229589
1990-01-31,0.012356287410948243,0.972140227178146,0.015503485410905814
1990-02-01,0.07214615237219076,0.919299156086717,0.008554691541092676
1990-02-02,0.13473859387854567,0.858908362251467,0.006353043869987054
1990-02-05,0.2689604251244937,0.7267637142534671,0.004275860622038944
1990-02-06,0.2754970909680848,0.7201932383351796,0.0043096706967358945
1990-02-07,0.15352147643670597,0.8395567728085721,0.006921750754722178
1990-02-08,0.2686720698940272,0.7267834577104308,0.0045444723955419325
1990-02-09,0.4468960922342832,0.5501742370705933,0.002929670695123592
1990-02-12,0.2306170457166242,0.7639407448228466,0.005442209460529271
1990-02-13,0.3955776694512729,0.6009642910881171,0.003458039460610031
1990-02-14,0.5734628246374898,0.42434821962511765,0.002188955737392419
1990-02-15,0.5836887064067722,0.41386678181222997,0.0024445117809977343
1990-02-16,0.5787083378222075,0.4188546450817525,0.002437017096039663
1990-02-20,0.12820987017797225,0.8633143728277781,0.008475756994249808
1990-02-21,0.2536601462048325,0.7413081730803006,0.005031680714867003
1990-02-22,0.2829319861955014,0.7126106760818834,0.004457337722615227
1990-02-23,0.35726141136500794,0.6390745277058797,0.0036640609291123775
1990-02-26,0.1412247374802609,0.8510014876918709,0.007773774827868085
1990-02-27,0.25331609060813914,0.7415629706232854,0.005120938768575482
1990-02-28,0.3902329262667925,0.6061696541361951,0.0035974195970124457
1990-03-01,0.5722378566501605,0.42554971284998167,0.0022124304998576583
1990-03-02,0.5938243889220025,0.4038144758020155,0.002361135275981997
1990-03-05,0.6351987969202534,0.3627948656367184,0.0020063374430281168
1990-03-06,0.42255094786788744,0.5729856876125763,0.004463364519536663
1990-03-07,0.5563213661902243,0.4410124976427534,0.0026661361670219886
1990-03-08,0.509867278861134,0.4868225595652665,0.0033101615735996164
1990-03-09,0.4891940209667743,0.5075617189163388,0.003244260116886912
1990-03-12,0.6644979253657549,0.3337272268054241,0.001774847828821065
1990-03-13,0.5869767780618533,0.41061757634009627,0.0024056455980503858
1990-03-14,0.7401584702811672,0.2585294485269981,0.0013120811918349074
1990-03-15,0.8396833908921377,0.15956866028513314,0.0007479488227287849
1990-03-16,0.7342122751902361,0.26416565398717196,0.0016220708225917167
1990-03-19,0.824070004012844,0.17500860820451944,0.0009213877826363154
1990-03-20,0.8286923945588135,0.1704606126591891,0.0008469927819974361
1990-03-21,0.8406647067050677,0.15857907625231293,0.0007562170426193773
1990-03-22,0.5345225974148636,0.4623462808256593,0.003131121759476908
1990-03-23,0.6753821967032332,0.3227769195437901,0.0018408837529764934
1990-03-26,0.8066455383269072,0.192417587530809,0.0009368741422840931
1990-03-27,0.6872132245348606,0.31078817779489476,0.001998597670244598
1990-03-28,0.8144766131074629,0.18457370818942137,0.0009496787031157103
1990-03-29,0.8620625097279683,0.13730282864400314,0.0006346616280284247
1990-03-30,0.9049728109007938,0.09463412363309481,0.0003930654661117902
1990-04-02,0.9229865581415171,0.07672023967817507,0.00029320218030778433
1990-04-03,0.6843778718564889,0.31360255164208845,0.00201957650142286
1990-04-04,0.6315335960862315,0.3661882535399781,0.0022781503737903303
1990-04-05,0.7649478093869319,0.2338520460811748,0.0012001445318935075
1990-04-06,0.8481905535339427,0.15111633100836705,0.0006931154576905161
1990-04-09,0.9047176432668447,0.09487883686692934,0.0004035198662255932
1990-04-10,0.9410504562543613,0.05873211487003234,0.0002174288756066813
1990-04-11,0.9585469551928016,0.041325059501815656,0.0001279853053823779
1990-04-12,0.9530964737506809,0.04676341388740822,0.00014011236191125364
1990-04-16,0.9658979453658325,0.03401068327650369,9.13713576636893e-05
1990-04-17,0.9714766122118748,0.02845794163722739,6.544615089784918e-05
1990-04-18,0.8397645071652599,0.15972634181821146,0.0005091510165284095
1990-04-19,0.7823744797975871,0.21666017981009558,0.0009653403923173048
1990-04-20,0.6663172861568901,0.33185213131451025,0.0018305825285997485
1990-04-23,0.3046147168444692,0.6899385452126121,0.005446737942918685
1990-04-24,0.4549448616099534,0.5417816858549049,0.003273452535141771
1990-04-25,0.5952737550243447,0.4025059668315014,0.0022202781441538555
1990-04-26,0.7457479583488648,0.25300237075910864,0.001249670892026773
1990-04-27,0.4400092368744329,0.5561112053128009,0.0038795578127665178
1990-04-30,0.5796656972318442,0.4178534859567627,0.0024808168113931595
1990-05-01,0.715008078404749,0.2834893888462678,0.001502532748983286
1990-05-02,0.7750400438251313,0.22377336893190414,0.0011865872429648637
1990-05-03,0.8638000709869372,0.13556486471639687,0.0006350642966661723
1990-05-04,0.8595067288693352,0.13979364725442467,0.0006996238762404945
1990-05-07,0.8902284454979916,0.1092574168271845,0.0005141376748236685
1990-05-08,0.9263051305932899,0.07339165503008849,0.00030321437662164365
1990-05-09,0.9516874672770048,0.04814543150277768,0.0001671012202174109
1990-05-10,0.9642183695664832,0.035678379107123105,0.00010325132639336033
1990-05-11,0.0608791265883125,0.926193630352253,0.012927243059434343
1990-05-14,0.10119806511340014,0.8898154153808144,0.008986519505785755
1990-05-15,0.21086990518034424,0.7836982985903791,0.0054317962292766255
1990-05-16,0.3661548339328747,0.6303229157102714,0.0035222503568539155
1990-05-17,0.5535635037465962,0.44421471944359936,0.002221776809804649
1990-05-18,0.7173239015309752,0.2813602209413292,0.0013158775276952029
1990-05-21,0.6861015411959644,0.3120984232008528,0.0018000356031830447
1990-05-22,0.8137643103764555,0.18533098332225484,0.0009047063012898829
1990-05-23,0.8904968086485995,0.10902673107326431,0.00047646027813607683
1990-05-24,0.9228175048547406,0.07688234335615218,0.0003001517891072602
1990-05-25,0.7688914824528664,0.22995902198879606,0.0011494955583372455
1990-05-29,0.22486867274699288,0.7667076953038163,0.008423631949190751
1990-05-30,0.3949826538610833,0.600692400101276,0.004324946037640841
1990-05-31,0.5819120275457745,0.41574725718307826,0.002340715271147426
1990-06-01,0.6991390377688168,0.29926961588994677,0.0015913463412362487
1990-06-04,0.5484610632327416,0.44836980586547803,0.0031691309017801562
1990-06-05,0.686470774669803,0.3117840651249375,0.0017451602052594459
1990-06-06,0.7418515632937028,0.256815440018435,0.0013329966878620036
1990-06-07,0.777779126371876,0.22111436808510107,0.001106505543022809
1990-06-08,0.4179604074879234,0.5777865688842535,0.004253023627823159
1990-06-11,0.45952104109020087,0.5367748304941005,0.003704128415698442
1990-06-12,0.2584316155949784,0.7349605360593539,0.0066078483456679295
1990-06-13,0.3645610501757819,0.631195073684242,0.004243876139975764
1990-06-14,0.4131817391379095,0.5832813386051683,0.0035369222569223767
1990-06-15,0.5947137233371065,0.4032047894696282,0.002081487193265196
1990-06-18,0.05509721478387838,0.9338517265170663,0.011051058699055656
1990-06-19,0.13539985858275,0.857732404855899,0.006867736561350837
1990-06-20,0.27522615959488406,0.7204117152736483,0.004362125131467549
1990-06-21,0.4361494432984672,0.5608202511586482,0.0030303055428846206
1990-06-22,0.08522679371078883,0.9062312532567385,0.008541953032472915
1990-06-25,0.06727135628368089,0.9247649796558154,0.007963664060503622
1990-06-26,0.16425386790216137,0.8305176484387091,0.005228483659129815
1990-06-27,0.18822262585219643,0.806397263936925,0.005380110210878482
1990-06-28,0.2626910397767982,0.7326897070648593,0.004619253158342622
1990-06-29,0.4414288241477428,0.555620385697059,0.0029507901551983056
1990-07-02,0.5989971690806625,0.3989706360308056,0.0020321948885319106
1990-07-03,0.752637448564876,0.24620199197637863,0.001160559458745417
1990-07-05,0.37024869548160955,0.6251369582064206,0.00461434631197005
1990-07-06,0.43060336503229363,0.5655583987216608,0.0038382362460457993
1990-07-09,0.6058351080079337,0.3919797161123917,0.0021851758796747524
1990-07-10,0.4964745578185963,0.5004100072655487,0.0031154349158545955
1990-07-11,0.25636132986085414,0.7370852133344767,0.0065534568046692115
1990-07-12,0.16840370974915989,0.8237171912589569,0.00787909899188335
1990-07-13,0.2837176192089602,0.7112015175402084,0.005080863250831402
1990-07-16,0.43452096693229914,0.5621341153492485,0.003344917718451975
1990-07-17,0.5398733094060206,0.4576526162024722,0.0024740743915067816
1990-07-18,0.39994372690874225,0.5962433245640995,0.003812948527158538
1990-07-19,0.5774383533032516,0.4202829933796082,0.0022786533171401456
1990-07-20,0.3600649114815694,0.6355700534950243,0.004365035023405942
1990-07-23,0.016065966998860322,0.969296069289222,0.014637963711917504
1990-07-24,0.08277207136510652,0.9090942763814998,0.008133652253393776
1990-07-25,0.1850733021090531,0.8095537282470264,0.005372969643920664
1990-07-26,0.289173224391269,0.7068063224715964,0.0040204531371345045
1990-07-27,0.28061162455129024,0.7151128866882438,0.004275488760465687
1990-07-30,0.39532012427784896,0.6012414602684069,0.0034384154537445604
1990-07-31,0.5816718241038508,0.41622265492936666,0.002105520966782338
1990-08-01,0.717971539611202,0.2806953801291107,0.0013330802596873063
1990-08-02,0.4139997293166402,0.581994541509892,0.004005729173467608
1990-08-03,0.01018094664149273,0.9725027988741934,0.01731625448431373
1990-08-06,3.229333859915531e-07,0.8331801906070085,0.16681948645960534
1990-08-07,0.04933502578366493,0.87721011828385,0.07345485593248527
1990-08-08,0.054204168659992016,0.8998159145694065,0.045979916770601155
1990-08-09,0.1326186453181772,0.8462565594146129,0.021124795267209968
1990-08-10,0.029522732818490046,0.9488797818444528,0.021597485337056906
1990-08-13,0.0454676863409145,0.9393973633259672,0.015134950333118534
1990-08-14,0.13442508295124184,0.8575398995822733,0.008035017466484986
1990-08-15,0.27327830454486546,0.721939143154943,0.004782552300191927
1990-08-16,0.0007538130670339476,0.9710193460606177,0.02822684087234889
1990-08-17,0.003567997728882273,0.9697957552839025,0.02663624698721523
1990-08-20,0.059146301572059766,0.9277955814251463,0.01305811700279416
1990-08-21,0.0006162552138827543,0.9674949629246674,0.03188878186144976
1990-08-22,0.0011471529980789927,0.9603725877625886,0.03848025923933243
1990-08-23,2.6324844363182733e-07,0.7344216142808566,0.26557812247069973
1990-08-24,0.005032155524387202,0.776905688337511,0.21806215613810162
1990-08-27,1.7810060163547649e-07,0.2631710021327393,0.736828819766659
1990-08-28,0.023789562781217997,0.48183069723142824,0.4943797399873537
1990-08-29,0.047305776586891335,0.6314879022771197,0.32120632113598885
1990-08-30,0.0023315829370345064,0.6515757241126685,0.34609269295029677
1990-08-31,0.011024539506229315,0.7418111287566199,0.2471643317371507
1990-09-04,0.07048572633129291,0.817405384395039,0.1121088892736682
1990-09-05,0.16731272348055745,0.7850265297207816,0.04766074679866076
1990-09-06,0.04985629789020136,0.9094018177928279,0.04074188431697071
1990-09-07,0.07118245360690234,0.9044900221894384,0.024327524203659304
1990-09-10,0.11015313610754646,0.8764861245369565,0.013360739355496823
1990-09-11,0.2181242234041706,0.7748346646122692,0.007041111983560206
1990-09-12,0.3541800768824532,0.6414364452433534,0.004383477874193767
1990-09-13,0.11702836292114513,0.8751143927701039,0.007857244308750849
1990-09-14,0.1539613570318727,0.8399827889689179,0.0060558539992096785
1990-09-17,0.29469703849320583,0.7012236973140591,0.004079264192734761
1990-09-18,0.4724309090853736,0.5248489689392613,0.002720121975365223
1990-09-19,0.48238874387550457,0.5147767110790484,0.0028345450454472427
1990-09-20,0.04395629103258327,0.9449360851360801,0.011107623831336708
1990-09-21,0.1275585116094489,0.8658862626984196,0.006555225692131213
1990-09-24,0.0005598848787220683,0.9728396620006409,0.026600453120637246
1990-09-25,0.013333143862386182,0.965844717570728,0.020822138566886084
1990-09-26,0.01557440403700216,0.9682864339629692,0.01613916200002846
1990-09-27,0.006223839578842075,0.9766919688044011,0.01708419161675665
1990-09-28,0.0033792987392015058,0.9734826924244945,0.023138008836304416
1990-10-01,4.054659755296699e-06,0.8514396621140966,0.14855628322614806
1990-10-02,0.0497556462780038,0.8853546420743066,0.06488971164768942
1990-10-03,0.017972805894890122,0.9324236840073021,0.04960351009780747
1990-10-04,0.07831007477077004,0.898757460255778,0.022932464973451742
1990-10-05,0.14563923792761535,0.8426801184262217,0.011680643646162846
1990-10-08,0.22952544032188246,0.7632883314725147,0.007186228205603195
1990-10-09,4.0980418638161217e-05,0.9357730725465044,0.06418594703485751
1990-10-10,0.001711082039065754,0.9348352581581576,0.06345365980277679
1990-10-11,0.0012002808913359013,0.9296206995327471,0.06917901957591696
1990-10-12,0.004598715859211125,0.9314809082730746,0.0639203758677142
1990-10-15,0.021094593381339802,0.9384741110567645,0.04043129556189595
1990-10-16,0.0051796208446875745,0.9566419933544403,0.03817838580087178
1990-10-17,0.06013037899009404,0.9223189498036749,0.017550671206230863
1990-10-18,0.0004435147048864474,0.9452926993245315,0.05426378597058204
1990-10-19,0.00025248906562024145,0.894224634873504,0.10552287606087557
1990-10-22,0.03323996990674884,0.9128765499446788,0.05388348014857234
1990-10-23,0.0461151111250811,0.9236701718773844,0.030214716997534603
1990-10-24,0.13574138472897862,0.8505998288969058,0.013658786374115627
1990-10-25,0.12278750135495217,0.8672847397014412,0.00992775894360703
1990-10-26,0.00427076877740049,0.9754659213949889,0.020263309827610716
1990-10-29,0.016196917444303443,0.9691719973171401,0.014631085238556194
1990-10-30,0.055160585322034876,0.9351343455366397,0.00970506914132548
1990-10-31,0.1475816126986201,0.8464940080480682,0.005924379253311686
1990-11-01,0.1409175926444999,0.8526613501049927,0.0064210572505069745
1990-11-02,0.029027094891663198,0.9590398820108076,0.011933023097529305
1990-11-05,0.05563812736101303,0.9351505991300825,0.009211273508904362
1990-11-06,0.041746906357683335,0.9495127151736408,0.008740378468676143
1990-11-07,0.0015042894110229056,0.9797438259407195,0.018751884648257663
1990-11-08,0.04648074091334948,0.9427694089028273,0.010749850183823385
1990-11-09,0.0021214837159298943,0.9732126806649862,0.024665835619084038
1990-11-12,0.0016555170023525826,0.9629475071694199,0.035396975828227574
1990-11-13,0.03165946325306165,0.9494726640299627,0.01886787271697603
1990-11-14,0.06018119555058369,0.9273010992902264,0.012517705159189776
1990-11-15,0.03282005092413044,0.9556477700812896,0.01153217899458017
1990-11-16,0.11154305279193828,0.8816836785779302,0.006773268630131318
1990-11-19,0.1741942466118735,0.8202364805738459,0.005569272814280556
1990-11-20,0.04380091646963681,0.9472550978544273,0.008943985675935915
1990-11-21,0.13014966078408405,0.8640649098957044,0.005785429320211257
1990-11-23,0.227588987246867,0.7680500387089868,0.004360974044146138
1990-11-26,0.3690032727173455,0.6276440799533244,0.003352647329330223
1990-11-27,0.5129834481207151,0.4844765193520969,0.002540032527187955
1990-11-28,0.6785162847978398,0.319947082023307,0.0015366331788536323
1990-11-29,0.7285043170843969,0.27017064454231293,0.0013250383732896346
1990-11-30,0.12690422523006972,0.8621828646475274,0.010912910122402895
1990-12-03,0.21676408338280584,0.7764774295889435,0.006758487028250311
1990-12-04,0.2967710437102089,0.6981862612594093,0.005042695030381852
1990-12-05,0.2256041778542423,0.7681602163924646,0.006235605753293256
1990-12-06,0.3544266396389143,0.6415909459920511,0.003982414369034371
1990-12-07,0.45639517948261477,0.5405969127805466,0.003007907736838771
1990-12-10,0.6243411877809555,0.3737511014642939,0.0019077107547507267
1990-12-11,0.5699343381942098,0.4276406093206932,0.002425052485096768
1990-12-12,0.428613582752744,0.5672205342314982,0.004165883015757493
1990-12-13,0.5699394865465425,0.42757132136449294,0.0024891920889646875
1990-12-14,0.5058670605775726,0.4911268223661295,0.003006117056298235
1990-12-17,0.6428776935149648,0.3552489492642593,0.0018733572207761304
1990-12-18,0.4433665355307537,0.5524875776284797,0.004145886840766497
1990-12-19,0.6252148014298361,0.37265225489903875,0.0021329436711251147
1990-12-20,0.7671749810675234,0.2316858479325811,0.0011391709998953858
1990-12-21,0.8440569471269256,0.15520746258559778,0.0007355902874767067
1990-12-24,0.8489215797319474,0.15037823042651702,0.0007001898415355129
1990-12-26,0.9090877081182955,0.09053192789893717,0.0003803639827671388
1990-12-27,0.8608357841725127,0.13854725303549326,0.0006169627919939123
1990-12-28,0.9182192462183234,0.08145441564749711,0.000326338134179416
1990-12-31,0.9414282138999078,0.05835750586336167,0.00021428023673006406
1991-01-02,0.7687699796501706,0.23012820944339712,0.0011018109064323562
1991-01-03,0.2744315723087247,0.7195376776720498,0.006030750019225472
1991-01-04,0.4049835369315268,0.5912713639317342,0.003745099136739074
1991-01-07,0.02006267842138776,0.9661142524351126,0.013823069143499612
1991-01-08,0.0814730733020964,0.9105953485586405,0.007931578139262783
1991-01-09,0.038161342352041765,0.952874840938637,0.0089638167093215
1991-01-10,0.053876393703817964,0.9378939367821615,0.0082296695140205
1991-01-11,0.14724881621998429,0.847315561568783,0.005435622211232391
1991-01-14,0.10877990525147153,0.8850507418472381,0.006169352901290574
1991-01-15,0.22036075523251264,0.7751101662676209,0.004529078499866635
1991-01-16,0.27479968453873826,0.720789506245218,0.004410809216043663
1991-01-17,6.635044437639874e-08,0.7052009687187534,0.29479896493080227
1991-01-18,0.00792535736471717,0.772757402126853,0.21931724050842993
1991-01-21,0.04928063779262557,0.8469380223369476,0.10378133987042683
1991-01-22,0.05091202103237579,0.8899785538687399,0.05910942509888434
1991-01-23,0.11630016924543679,0.8557658341879142,0.027933996566649077
1991-01-24,0.044713015612841196,0.9286571055327281,0.026629878854430654
1991-01-25,0.12423680918746664,0.8628233606045624,0.012939830207970697
1991-01-28,0.2555435801206334,0.7379232019695018,0.006533217909864764
1991-01-29,0.4233321882339787,0.5730311941244742,0.003636617641546923
1991-01-30,0.12790199445153053,0.8629576241591277,0.009140381389341621
1991-01-31,0.15033535492003783,0.8421565909596179,0.007508054120344323
1991-02-01,0.2611378335479816,0.7340513682269603,0.0048107982250582704
1991-02-04,0.06204306771039497,0.9275691845472204,0.010387747742384962
1991-02-05,0.09394293902010407,0.8979638455799631,0.008093215399933
1991-02-06,0.00467120810008703,0.9752630035061959,0.020065788393717025
1991-02-07,0.04287653106624706,0.9458250464325372,0.011298422501215663
1991-02-08,0.07940274975515052,0.91222003944789,0.008377210796959602
1991-02-11,0.00014595744800545982,0.9513746582402489,0.048479384311745644
1991-02-12,0.017390212706835675,0.9540989962283875,0.028510791064776896
1991-02-13,0.0376275429942448,0.9438074671920831,0.018564989813671978
1991-02-14,0.011033696158423964,0.9704883505085387,0.018477953333037263
1991-02-15,0.013110163278265023,0.9694361679991285,0.017453668722606397
1991-02-19,0.07726306532316655,0.9135047397912867,0.009232194885546694
1991-02-20,0.0299406631185746,0.9597173684383843,0.010341968443041437
1991-02-21,0.10409536058138268,0.8895238520075699,0.006380787411047225
1991-02-22,0.22837150899755584,0.767234732914907,0.004393758087537318
1991-02-25,0.37125889334264706,0.6253938956977496,0.003347210959603394
1991-02-26,0.12236524941654506,0.8706396426051797,0.0069951079782752616
1991-02-27,0.050306689839117215,0.939746322523431,0.009946987637451266
1991-02-28,0.12899511033117134,0.8647928499509706,0.0062120397178583395
1991-03-01,0.14155294722307094,0.8521943606228214,0.006252692154107688
1991-03-04,0.2398746950123729,0.7556204602785636,0.004504844709063403
1991-03-05,0.009143521223540086,0.9734707930132676,0.01738568576319207
1991-03-06,0.06438934740704644,0.926216410718773,0.0093942418741806
1991-03-07,0.15984183571110552,0.8343856392865102,0.005772525002383913
1991-03-08,0.2733883591120773,0.7224779792734257,0.0041336616144970134
1991-03-11,0.32815295344635975,0.6681008387518236,0.003746207801816557
1991-03-12,0.27555628941542376,0.7199771533197203,0.004466557264855774
1991-03-13,0.15850969841286983,0.8345655341796426,0.006924767407487462
1991-03-14,0.26596330183551625,0.729418066694867,0.004618631469616795
1991-03-15,0.4421880410014445,0.5548647944564928,0.002947164542062621
1991-03-18,0.5444097001943032,0.4532581518278299,0.0023321479778671645
1991-03-19,0.09195193917657331,0.8991452021206634,0.008902858702763035
1991-03-20,0.19925221360814965,0.7951561884209218,0.005591597970928798
1991-03-21,0.2979367370392393,0.6979453065545667,0.004117956406193715
1991-03-22,0.4772697025820222,0.5200239922597232,0.0027063051582547092
1991-03-25,0.5800804551478821,0.41766749210013154,0.002252052751986417
1991-03-26,0.09887558605282269,0.8901175084824653,0.011006905464712332
1991-03-27,0.1925062278220763,0.8010887570775378,0.00640501510038575
1991-03-28,0.3473684001902312,0.6487338642783547,0.0038977355314138537
1991-04-01,0.1749136483917395,0.8189543888901168,0.006131962718143445
1991-04-02,0.002326992691840318,0.972022949229759,0.025650058078400755
1991-04-03,0.05251587066657944,0.9347305162965578,0.012753613036862515
1991-04-04,0.14521116599459094,0.8476599793110284,0.007128854694380937
1991-04-05,0.050264561026406335,0.9405581776711629,0.00917726130243076
1991-04-08,0.07632699514768425,0.9159085809404092,0.00776442391190702
1991-04-09,0.015454552154367971,0.9734039114007533,0.011141536444878981
1991-04-10,0.07669992121115013,0.916443035002286,0.006857043786563815
1991-04-11,0.05218973492913617,0.9393609482477793,0.008449316823085001
1991-04-12,0.09773758025971861,0.8955235644983834,0.006738855241897842
1991-04-15,0.21798974936380686,0.7774353193236767,0.004574931312516538
1991-04-16,0.030334788024107693,0.9578428950140095,0.011822316961882911
1991-04-17,0.07183427643217777,0.9197904934643059,0.008375230103516412
1991-04-18,0.11655744113441217,0.8772017477393254,0.006240811126262473
1991-04-19,0.04963285682058114,0.9423406557994783,0.008026487379940786
1991-04-22,0.04892855058568385,0.9435309621422502,0.007540487272066104
1991-04-23,0.1392140575960808,0.8555776373820829,0.00520830502183641
1991-04-24,0.27660275324685346,0.7195644123988897,0.003832834354257085
1991-04-25,0.18076166146462183,0.813907501371116,0.005330837164262004
1991-04-26,0.3293380587512582,0.6670379489196271,0.003623992329114574
1991-04-29,0.0540547527477828,0.9369003443361097,0.009044902916107371
1991-04-30,0.1333729635084924,0.8605335983886784,0.006093438102829356
1991-05-01,0.060924550890480926,0.9301668571566654,0.008908591952853729
1991-05-02,0.15978206107634849,0.8346524725502679,0.005565466373383997
1991-05-03,0.30957019292823895,0.6866721462301719,0.003757660841589112
1991-05-06,0.46389323665264826,0.5334215337598586,0.0026852295874930264
1991-05-07,0.42607473091722753,0.5706772454644323,0.0032480236183405503
1991-05-08,0.6005850687633856,0.3973737585309044,0.002041172705709954
1991-05-09,0.39119814798555963,0.6042306704274235,0.004571181587016859
1991-05-10,0.006354103647575485,0.9735988422651877,0.02004705408723706
1991-05-13,0.06334209646933098,0.926144211318468,0.010513692212200785
1991-05-14,0.012555223519589234,0.9739948392883703,0.013449937192040285
1991-05-15,0.026653194930628985,0.963134641338625,0.010212163730746
1991-05-16,0.04384518009027578,0.9471960441298299,0.008958775779894394
1991-05-17,0.1309641890888972,0.8633188860781584,0.005716924832944335
1991-05-20,0.2634557588813869,0.7325423589977521,0.004001882120860816
1991-05-21,0.3029016731446276,0.692896764639374,0.0042015622159982426
1991-05-22,0.48422881127509443,0.5130750103583834,0.0026961783665219886
1991-05-23,0.6039104543972501,0.39411306801829155,0.001976477584458218
1991-05-24,0.682136005418507,0.316186471934887,0.0016775226466058954
1991-05-28,0.5226487766839327,0.47396284946756817,0.0033883738484990294
1991-05-29,0.6921401810676976,0.30614348976437566,0.0017163291679264884
1991-05-30,0.5882791384372814,0.40891503279294006,0.002805828769778553
1991-05-31,0.6472164342173155,0.3505662584295538,0.0022173073531306818
1991-06-03,0.7100591879599206,0.2883457354420493,0.0015950765980302674
1991-06-04,0.8216259595054115,0.17752714380848297,0.0008468966861049277
1991-06-05,0.7943998779672119,0.2045755901127372,0.001024531920050968
1991-06-06,0.8437530811470055,0.15552325234094572,0.0007236665120482021
1991-06-07,0.6137812251865405,0.38383356112798683,0.002385213685472538
1991-06-10,0.7352380763235347,0.2633858528543481,0.0013760708221171696
1991-06-11,0.7945656996276486,0.20437083925530475,0.0010634611170464827
1991-06-12,0.4950432990839299,0.5014272194778717,0.0035294814381985574
1991-06-13,0.666948582307507,0.3311949383382211,0.0018564793542718283
1991-06-14,0.46971637792234233,0.5262521119842242,0.004031510093433315
1991-06-17,0.5080056049208385,0.4888290482832102,0.0031653467959512826
1991-06-18,0.6029922426083576,0.3947892825489109,0.0022184748427311555
1991-06-19,0.4430704712486302,0.5533009104194957,0.003628618331874339
1991-06-20,0.6262908825293158,0.37171980072304084,0.0019893167476434364
1991-06-21,0.7156116980026646,0.28288276309020777,0.001505538907127625
1991-06-24,0.04823156089999426,0.9388778717541911,0.012890567345814598
1991-06-25,0.13323784787695753,0.859553241260277,0.007208910862765452
1991-06-26,0.2687612698472627,0.726684823392155,0.0045539067605821285
1991-06-27,0.3326938667021015,0.6631633063220916,0.004142826975807205
1991-06-28,0.24336534914279145,0.751514345378693,0.0051203054785158245
1991-07-01,0.020319166644329048,0.9648767443756628,0.01480408898000803
1991-07-02,0.08455165041622298,0.9072092683595542,0.008239081224222698
1991-07-03,0.0377746018863317,0.9529554864234265,0.009269911690241828
1991-07-05,0.12050414109302231,0.8735623593881048,0.005933499518873077
1991-07-08,0.1100831458762108,0.8831990816211589,0.006717772502630396
1991-07-09,0.1650777573345436,0.8296264251052208,0.005295817560235532
1991-07-10,0.3042955731054705,0.6919793614742934,0.0037250654202361337
1991-07-11,0.4761460824752711,0.5212174127337572,0.002636504790971307
1991-07-12,0.4903123318469142,0.5066848391294334,0.003002829023652379
1991-07-15,0.613697504837779,0.38416988208461006,0.0021326130776111833
1991-07-16,0.7358414253146226,0.2628558440841474,0.001302730601230036
1991-07-17,0.8376209909700436,0.16164865081089083,0.0007303582190659535
1991-07-18,0.7487885283727248,0.2497359026885621,0.0014755689387130492
1991-07-19,0.8237012329383359,0.17542009144991508,0.0008786756117492079
1991-07-22,0.8692262460690432,0.13018322708433305,0.0005905268466240833
1991-07-23,0.7638480664983962,0.2349118195019944,0.0012401139996094858
1991-07-24,0.8459410765209818,0.15334508144861217,0.000713842030405752
1991-07-25,0.8831634011765789,0.11630226993977429,0.000534328883646873
1991-07-26,0.928747901319355,0.07097302184619046,0.00027907683445462607
1991-07-29,0.9410093261177299,0.058775152273073374,0.00021552160919701283
1991-07-30,0.9161742998521203,0.0834940059495206,0.0003316941983592365
1991-07-31,0.9456996357364675,0.05410826191421192,0.00019210234932119787
1991-08-01,0.9578905146057513,0.04198294382134482,0.00012654157290349567
1991-08-02,0.9677944854055014,0.032122513609231004,8.30009852679059e-05
1991-08-05,0.9538786043470563,0.04600769211010514,0.00011370354283862865
1991-08-06,0.7712687907259328,0.22764472081273351,0.0010864884613337586
1991-08-07,0.8643487180201639,0.13506107583001875,0.0005902061498171634
1991-08-08,0.9003982949498398,0.099194194704616,0.0004075103455442402
1991-08-09,0.895624032605374,0.103950143377197,0.00042582401742895996
1991-08-12,0.9359064999659347,0.06385537361774685,0.00023812641631887173
1991-08-13,0.9530443538573564,0.04680007762516435,0.00015556851747914043
1991-08-14,0.9657609191392605,0.03414443164172128,9.46492190178431e-05
1991-08-15,0.969519912381602,0.03040873641081661,7.135120758154137e-05
1991-08-16,0.896527205680436,0.10317348148939547,0.0002993128301688286
1991-08-19,0.007115049631466847,0.9728412017981929,0.020043748570340116
1991-08-20,0.03980354127678226,0.9475251372513325,0.012671321471885232
1991-08-21,7.426067469700445e-06,0.8902886090081634,0.10970396492436685
1991-08-22,0.05062842104459469,0.9015444044252637,0.04782717453014154
1991-08-23,0.09743329097663973,0.8777232817225138,0.024843427300846342
1991-08-26,0.21119533049558104,0.7776824601497733,0.011122209354645932
1991-08-27,0.34901956881184965,0.6453714252280311,0.005609005960119243
1991-08-28,0.351340996385105,0.6435242441254494,0.005134759489445343
1991-08-29,0.5301198876779966,0.4670961684699462,0.002783943852057131
1991-08-30,0.6600903604715309,0.3381472412839831,0.0017623982444862608
1991-09-03,0.5592631422365413,0.43813303359804134,0.002603824165417285
1991-09-04,0.595815391616404,0.4019186102521034,0.002265998131492637
1991-09-05,0.7234558243556823,0.2751692846674424,0.001374890976875374
1991-09-06,0.834695773740915,0.16455873275992072,0.000745493499164017
1991-09-09,0.8962252977776298,0.10334494440701528,0.000429757815355385
1991-09-10,0.7404129375591514,0.25821317486848266,0.0013738875723659076
1991-09-11,0.8484356067436857,0.1508640079871103,0.0007003852692040548
1991-09-12,0.8882252340622849,0.11127050023804783,0.0005042656996672651
1991-09-13,0.7606757664259728,0.2380513149618159,0.0012729186122111646
1991-09-16,0.8289946851268626,0.1701463308862533,0.0008589839868841992
1991-09-17,0.8962436897248502,0.10330772687518265,0.00044858339996738594
1991-09-18,0.9324678682983809,0.0672696276440694,0.000262504057549885
1991-09-19,0.9555770975443983,0.044277230525177486,0.00014567193042440988
1991-09-20,0.9670838483066851,0.032827155213761894,8.899647955298542e-05
1991-09-23,0.9555526005992545,0.044336590337665294,0.00011080906308027488
1991-09-24,0.9623289042720211,0.037571505388444844,9.959033953469524e-05
1991-09-25,0.9660556943449067,0.03386196292883567,8.23427262575523e-05
1991-09-26,0.9704826768808273,0.029451198773378505,6.612434579440531e-05
1991-09-27,0.9718956943515805,0.028045965332502802,5.8340315916825374e-05
1991-09-30,0.9703194829481888,0.029617658114906967,6.285893690391355e-05
1991-10-01,0.9727867299955544,0.027156265424962616,5.700457948337348e-05
1991-10-02,0.9712022736918373,0.02874034105927443,5.738524888838136e-05
1991-10-03,0.896302106139144,0.10341427398308585,0.000283619877770528
1991-10-04,0.8258878428080915,0.17339949940512137,0.0007126577867871671
1991-10-07,0.8536136092240516,0.14575709318410707,0.0006292975918413665
1991-10-08,0.9110188006058285,0.08862020304809166,0.0003609963460800227
1991-10-09,0.7737847534409668,0.2250758508376238,0.0011393957214092406
1991-10-10,0.72281001005312,0.27553340370876117,0.0016565862381190295
1991-10-11,0.8354301940058844,0.16375403481335563,0.0008157711807600097
1991-10-14,0.6224141592221317,0.3748675752619792,0.002718265515889335
1991-10-15,0.4634043852568723,0.5321448196810143,0.004450795062113243
1991-10-16,0.6132777490970904,0.3842568574469785,0.0024653934559307933
1991-10-17,0.7353093954792872,0.2632942736208761,0.0013963308998367029
1991-10-18,0.8452078790633339,0.15407612847878327,0.000715992457882509
1991-10-21,0.8323017309981265,0.16690476004239257,0.0007935089594807855
1991-10-22,0.8379513345505847,0.16128826917424766,0.0007603962751677802
1991-10-23,0.9046563287436679,0.09494717164656527,0.0003964996097668125
1991-10-24,0.864571544205693,0.13483367659706685,0.0005947791972403438
1991-10-25,0.9082997805078075,0.09133041108330793,0.0003698084088845362
1991-10-28,0.7025411700968955,0.29556437217762027,0.0018944577254839503
1991-10-29,0.797726678798263,0.20117289390637985,0.0011004272953571577
1991-10-30,0.8744980667472454,0.12490901875182636,0.0005929145009278981
1991-10-31,0.9198432897436473,0.07983213526742244,0.00032457498892989983
1991-11-01,0.9380556222192384,0.061723001959170715,0.00022137582159051497
1991-11-04,0.9502178326348745,0.049623761521923965,0.00015840584320192823
1991-11-05,0.9506306305727451,0.04922344022686379,0.0001459292003912349
1991-11-06,0.9629991970287579,0.03689771887931114,0.00010308409193161742
1991-11-07,0.9335438718178216,0.06624634763642412,0.0002097805457541453
1991-11-08,0.9499220203303455,0.04992346389311964,0.00015451577653491139
1991-11-11,0.9641419715495414,0.03575901707751116,9.901137294741948e-05
1991-11-12,0.9395832617749825,0.060233298082645416,0.0001834401423719388
1991-11-13,0.9591048159563421,0.04077540359640907,0.00011978044724833615
1991-11-14,0.9674633373257013,0.032454111216204916,8.255145809331167e-05
1991-11-15,6.758007471227889e-07,0.8512669723019817,0.1487323518972709
1991-11-18,0.03416349673371212,0.8909940379542225,0.07484246531206533
1991-11-19,0.004631210564799805,0.9225228646387632,0.07284592479643658
1991-11-20,0.052180553924587994,0.9152420409106553,0.03257740516475678
1991-11-21,0.13497077075424427,0.8497443248100522,0.015284904435703395
1991-11-22,0.06800048731060175,0.918717304739337,0.013282207950060937
1991-11-25,0.15309720820278339,0.8395040986996056,0.0073986930976109215
1991-11-26,0.22349380180595338,0.7708772843738618,0.005628913820184831
1991-11-27,0.32375325003352873,0.6721982320233753,0.004048517943095867
1991-11-29,0.439330925094893,0.5576433160553901,0.0030257588497168844
1991-12-02,0.08702612210527673,0.9027945075445862,0.010179370350136822
1991-12-03,0.19148275336716988,0.802576573874094,0.00594067275873606
1991-12-04,0.3177006292949529,0.6783022104876156,0.003997160217431497
1991-12-05,0.30189261312053406,0.693875059686131,0.004232327193335012
1991-12-06,0.45322054692911307,0.5437825049524945,0.0029969481183924505
1991-12-09,0.6005238974880689,0.39747717872978683,0.0019989237821443602
1991-12-10,0.7429026462429139,0.25589894373343525,0.0011984100236509675
1991-12-11,0.8448577107716879,0.15446405338275548,0.0006782358455572547
1991-12-12,0.7898014970453641,0.2090467813339892,0.0011517216206466522
1991-12-13,0.8133498334620047,0.18563569432273916,0.0010144722152563217
1991-12-16,0.8898575358207811,0.10964599288834335,0.0004964712908759889
1991-12-17,0.9038130033024553,0.09578822034627199,0.0003987763512728748
1991-12-18,0.9406942204580692,0.05908864498825047,0.00021713455368089867
1991-12-19,0.9524515522199496,0.047398226289883987,0.000150221490166241
1991-12-20,0.8766845849511115,0.12280201232912909,0.0005134027197595686
1991-12-23,0.010144537020313824,0.9628795275578041,0.026975935421882098
1991-12-24,0.05334021874381725,0.9318576317039348,0.014802149552247896
1991-12-26,0.024309880500479122,0.9598622721647692,0.015827847334751437
1991-12-27,0.08973413918812062,0.9013459850578347,0.008919875754044723
1991-12-30,0.001772337630902523,0.9710713108924923,0.02715635147660521
1991-12-31,0.0489558545688073,0.9369607526576661,0.01408339277352681
1992-01-02,0.13947069996742842,0.8529540549102902,0.007575245122281283
1992-01-03,0.24847315176404466,0.7464318138706147,0.00509503436534073
1992-01-06,0.3638575807820952,0.6325045060761962,0.003637913141708734
1992-01-07,0.5306134054785951,0.46700599040754326,0.0023806041138617106
1992-01-08,0.7003164240821621,0.29826562207948215,0.0014179538383557997
1992-01-09,0.8121284332432113,0.18703069554961085,0.0008408712071779334
1992-01-10,0.810098341471018,0.18900428185831283,0.0008973766706688916
1992-01-13,0.8778756736130844,0.12159706784114113,0.0005272585457743568
1992-01-14,0.5776277259074244,0.4192226427180851,0.0031496313744903692
1992-01-15,0.7369545340235772,0.2615666878457115,0.0014787781307109673
1992-01-16,0.7391282788879368,0.2594630067998951,0.0014087143121683412
1992-01-17,0.8475304510093817,0.15175751951253927,0.0007120294780788378
1992-01-20,0.843112704880794,0.1561542947073289,0.0007330004118769283
1992-01-21,0.7340030711204255,0.264551116187027,0.001445812692547621
1992-01-22,0.47583362555838565,0.5199851572938168,0.0041812171477975755
1992-01-23,0.42078245944498893,0.5750553946661081,0.004162145888903223
1992-01-24,0.6064405766218233,0.3913514232503776,0.0022080001277992906
1992-01-27,0.7449372654033832,0.25381135210124944,0.001251382495366936
1992-01-28,0.8484380505474365,0.15088696205773178,0.0006749873948310586
1992-01-29,0.6079030039054605,0.38969093027143137,0.0024060658231081
1992-01-30,0.7518599097147082,0.2468490759468715,0.0012910143384201225
1992-01-31,0.7227016648986877,0.27580679713393746,0.0014915379673752522
1992-02-03,0.8368245450312659,0.1624089568598668,0.0007664981088672638
1992-02-04,0.7669300110033945,0.2317164985230614,0.001353490473544113
1992-02-05,0.8622746752355802,0.13707036536882491,0.0006549593955949048
1992-02-06,0.917429631697752,0.08223285672593188,0.0003375115763160875
1992-02-07,0.8949935070925142,0.10457878782637801,0.00042770508110803295
1992-02-10,0.9128368875860865,0.08680163188793577,0.0003614805259782749
1992-02-11,0.9446085484122808,0.05519437066321914,0.00019708092450043088
1992-02-12,0.9333611022175825,0.06639706802596539,0.000241829756451812
1992-02-13,0.8772947849132292,0.12221279112106807,0.0004924239657028549
1992-02-14,0.9110559249750378,0.08859868757855613,0.0003453874464062307
1992-02-18,0.6344823438297978,0.363386562525872,0.0021310936443303817
1992-02-19,0.7769300340195804,0.22195750630564176,0.0011124596747774792
1992-02-20,0.49073872408592295,0.5052413726273074,0.004019903286769786
1992-02-21,0.5142011059381654,0.4825763167948371,0.003222577266997539
1992-02-24,0.6860507794904884,0.3122596121895986,0.0016896083199134232
1992-02-25,0.7460200288332548,0.25269455719392836,0.0012854139728168115
1992-02-26,0.5851541664739193,0.41197392797927546,0.002871905546805122
1992-02-27,0.6840504910545107,0.3141570614318891,0.0017924475136000143
1992-02-28,0.7794313835701109,0.21947049278564804,0.0010981236442413017
1992-03-02,0.8672225405311734,0.1321892632080476,0.0005881962607790653
1992-03-03,0.9215994508696953,0.07809059417558659,0.00030995495471777227
1992-03-04,0.8541335922037829,0.1452275106504422,0.0006388971457749179
1992-03-05,0.8252684616816085,0.17390871266967203,0.0008228256487193726
1992-03-06,0.8434596110764987,0.15581730763334584,0.0007230812901551669
1992-03-09,0.9082896663208662,0.09133015667706326,0.0003801770020704827
1992-03-10,0.9375775919568409,0.062187320871830494,0.0002350871713284744
1992-03-11,0.9076896338959223,0.09196395791020769,0.00034640819387032873
1992-03-12,0.9412684961825242,0.058527306051133765,0.00020419776634169977
1992-03-13,0.953572802430444,0.04627782523920097,0.00014937233035542207
1992-03-16,0.9661358281739499,0.033771539090171075,9.263273587889732e-05
1992-03-17,0.9536005224681153,0.046271692902976,0.00012778462890845516
1992-03-18,0.9639306911120313,0.035974938492602915,9.437039536515254e-05
1992-03-19,0.9711740472043662,0.028758423061397576,6.752973423659367e-05
1992-03-20,0.9729220112574112,0.02702037844104114,5.7610301548017024e-05
1992-03-23,0.9683924800347077,0.03154318596947957,6.433399581292872e-05
1992-03-24,0.9684372603986373,0.031495714375607914,6.702522575501523e-05
1992-03-25,0.9658031208914333,0.034122336260091285,7.454284847564939e-05
1992-03-26,0.9720591463190735,0.027880030018729594,6.082366219647988e-05
1992-03-27,0.8711465932750543,0.12847576419773693,0.00037764252720837215
1992-03-30,0.9181336518569699,0.08158522945518593,0.00028111868784380114
1992-03-31,0.948236375452085,0.05159287343494318,0.00017075111297203843
1992-04-01,0.9635011374352551,0.0363944848889093,0.00010437767583510714
1992-04-02,0.8962607850705262,0.10340548376570845,0.0003337311637655716
1992-04-03,0.9356882764120603,0.06409102429204262,0.00022069929589663161
1992-04-06,0.8960757591015283,0.10349094797396013,0.00043329292451180186
1992-04-07,0.10460608994676403,0.885085179774467,0.010308730278768831
1992-04-08,0.07649060532733751,0.9144777150929734,0.009031679579689252
1992-04-09,0.017950503044679964,0.9682393158988369,0.013810181056482802
1992-04-10,0.04221779110866862,0.947383139320566,0.010399069570765137
1992-04-13,0.1156562396411272,0.8776414360293959,0.006702324329476494
1992-04-14,0.025784027229524907,0.9623697408738026,0.011846231896672476
1992-04-15,0.046573106656893785,0.943851509174889,0.009575384168216997
1992-04-16,0.1315536753303987,0.8624799247951627,0.00596639987443888
1992-04-20,0.01988434872588813,0.9695927094613669,0.010522941812744975
1992-04-21,0.08855209809938426,0.9049394868894887,0.006508415011126949
1992-04-22,0.19410372302729728,0.8013033991644026,0.004592877808300002
1992-04-23,0.32964725010983215,0.6667811172011469,0.00357163268902116
1992-04-24,0.3464648345398921,0.6498712603321071,0.003663905128001129
1992-04-27,0.5119194879507779,0.4856234320991611,0.0024570799500607775
1992-04-28,0.6852912898289119,0.3132222743350013,0.0014864358360867332
1992-04-29,0.7404703067472577,0.25819059683911133,0.0013390964136307487
1992-04-30,0.7859606884793309,0.21291079398449053,0.0011285175361785908
1992-05-01,0.7916445735392241,0.20729380790541,0.0010616185553657394
1992-05-04,0.712240538373227,0.2859719586443587,0.0017875029824142956
1992-05-05,0.8272263979689192,0.1719094819406831,0.0008641200903974626
1992-05-06,0.8975437605357001,0.10201480714707248,0.00044143231722734266
1992-05-07,0.9282457203127595,0.07148069587884055,0.00027358380839977137
1992-05-08,0.9531743798586699,0.04667146834195141,0.0001541517993783536
1992-05-11,0.9562252556223692,0.04364178280228921,0.00013296157534120858
1992-05-12,0.9462667641599037,0.05357753085359994,0.00015570498649642846
1992-05-13,0.9621790071056567,0.03771619479154966,0.00010479810279362535
1992-05-14,0.9201237165980126,0.0796361772819411,0.0002401061200462131
1992-05-15,0.8819454750932587,0.11760848102032907,0.00044604388641208005
1992-05-18,0.9023619502906023,0.09723375194980691,0.0004042977595909433
1992-05-19,0.8897150715536948,0.10978496537748372,0.0004999630688213952
1992-05-20,0.9229639318734133,0.07673171404955555,0.0003043540770317467
1992-05-21,0.8982748442218078,0.10132051714949018,0.0004046386287018107
1992-05-22,0.9346285135276792,0.0651276869204682,0.00024379955185239383
1992-05-26,0.9161388155629552,0.08355362468727046,0.00030755974977459235
1992-05-27,0.947132159939994,0.052688268334271614,0.00017957172573384122
1992-05-28,0.8877605006875129,0.11176906280262001,0.0004704365098671383
1992-05-29,0.9143047529758488,0.0853591885869196,0.00033605843723155454
1992-06-01,0.9385415723854659,0.06123180117113552,0.00022662644339810543
1992-06-02,0.8606135066637247,0.13880870540849555,0.0005777879277797019
1992-06-03,0.9163187566963759,0.08335123711167201,0.00033000619195159946
1992-06-04,0.9337592077374869,0.06600231959348242,0.00023847266903075404
1992-06-05,0.956009406490079,0.04385162519961546,0.00013896831030557328
1992-06-08,0.9663894093238261,0.03352109841091331,8.949226526072734e-05
1992-06-09,0.9248335757590956,0.07495315905296956,0.00021326518793453062
1992-06-10,0.8976443209598124,0.10199043883644195,0.00036524020374564803
1992-06-11,0.9302052852484495,0.06953827010633316,0.0002564446452166948
1992-06-12,0.9543729938866359,0.0454788968640242,0.000148109249340257
1992-06-15,0.9665335256922295,0.033375260605814396,9.121370195574393e-05
1992-06-16,0.9574004332362028,0.04249364757848573,0.00010591918531202815
1992-06-17,0.5537649380289669,0.4439532028762764,0.002281859094756713
1992-06-18,0.666178634778461,0.33218448237182946,0.0016368828497095624
1992-06-19,0.7342161756792357,0.2644059033511975,0.001377920969566807
1992-06-22,0.8384863365051458,0.16077266413594404,0.0007409993589100549
1992-06-23,0.9058451789606202,0.09376504709163087,0.00038977394774881297
1992-06-24,0.939951188038411,0.05983134913405394,0.00021746282753500924
1992-06-25,0.9547015742053352,0.04515695561908371,0.00014147017558130962
1992-06-26,0.9666168726650566,0.03329367363223594,8.94537027078969e-05
1992-06-29,0.8440077200022578,0.1553701494914811,0.000622130506261131
1992-06-30,0.8978850162657959,0.10171162599703507,0.0004033577371686287
1992-07-01,0.8012515354919698,0.19767204221204607,0.001076422295984066
1992-07-02,0.8638245697817147,0.13554018344065175,0.0006352467776330605
1992-07-06,0.9059715353538347,0.09362026977791028,0.0004081948682552205
1992-07-07,0.6991436895208312,0.2991511049497351,0.001705205529433608
1992-07-08,0.818337668298139,0.18077318070898377,0.0008891509928769956
1992-07-09,0.7817985436470941,0.21696781637589652,0.0012336399770094776
1992-07-10,0.8733844890139849,0.12602413207172247,0.0005913789142918521
1992-07-13,0.9246216232549491,0.07507663158386663,0.0003017451611839905
1992-07-14,0.931233355252645,0.06850034910645658,0.0002662956408988049
1992-07-15,0.9511540221319827,0.04868454671707307,0.00016143115094410234
1992-07-16,0.9649296382440882,0.03497206399966342,9.829775624881651e-05
1992-07-17,0.9574434459354142,0.04244848197324699,0.00010807209133916628
1992-07-20,0.9526675092560557,0.0472067770052928,0.00012571373865131078
1992-07-21,0.9650572243601039,0.034852188170231085,9.058746966491768e-05
1992-07-22,0.9387898045529135,0.061044614606993314,0.000165580840093298
1992-07-23,0.957624128964879,0.0422538137841453,0.00012205725097550703
1992-07-24,0.9658157134049783,0.0340964776547199,8.780894030182442e-05
1992-07-27,0.9714620340850962,0.028473185790659227,6.47801242451309e-05
1992-07-28,0.8159131533777118,0.18337617132903483,0.0007106752932536915
1992-07-29,0.7081619258218074,0.29016152660002054,0.0016765475781720359
1992-07-30,0.8145362772111653,0.1845299257159566,0.000933797072877885
1992-07-31,0.8921038283136766,0.10742607279944441,0.00047009888687946105
1992-08-03,0.9344036737631913,0.0653456013087125,0.0002507249280966536
1992-08-04,0.9518449815258533,0.04799799777338979,0.00015702070075725107
1992-08-05,0.9440082489264439,0.05582106871587119,0.000170682357685005
1992-08-06,0.9478972311924588,0.051945991108956695,0.0001567776985843089
1992-08-07,0.9487823138975557,0.051066486509470835,0.00015119959297316178
1992-08-10,0.963769175553515,0.03613112403368733,9.970041279801095e-05
1992-08-11,0.9688954988216628,0.03103024394430106,7.425723403553506e-05
1992-08-12,0.9682627026772896,0.031667521582017306,6.977574069337797e-05
1992-08-13,0.9727002714601988,0.027242062183559172,5.7666356241906566e-05
1992-08-14,0.9703993821002783,0.02953826162030488,6.235627941676022e-05
1992-08-17,0.9741939292945736,0.02575334802179669,5.2722683629581134e-05
1992-08-18,0.9761798274910704,0.023775100946212768,4.507156271682015e-05
1992-08-19,0.9435074274706194,0.056370334465774316,0.0001222380636060466
1992-08-20,0.9605853562878027,0.039312057009784324,0.000102586702413004
1992-08-21,0.9145313610953348,0.0852092752440322,0.00025936366063280224
1992-08-24,0.7897567267005758,0.20930520972311495,0.0009380635763096888
1992-08-25,0.8770526657298935,0.12242499548369343,0.0005223387864126377
1992-08-26,0.9169630763365493,0.08269915817744401,0.0003377654860069632
1992-08-27,0.9468724139112261,0.052941997458087545,0.00018558863068617309
1992-08-28,0.9611920680296229,0.03869128873418941,0.00011664323618768588
1992-08-31,0.9659328589838968,0.03398059316105283,8.654785505030959e-05
1992-09-01,0.9673402269693998,0.03258087495155936,7.889807904080259e-05
1992-09-02,0.969021907509259,0.030906251502408347,7.184098833238332e-05
1992-09-03,0.9731799219816617,0.026763298494658888,5.67795236794598e-05
1992-09-04,0.9720530089583732,0.027891792065203865,5.5198976423094576e-05
1992-09-08,0.9507506048959525,0.0491390820757014,0.0001103130283459757
1992-09-09,0.9596450849089503,0.040247382031840216,0.00010753305920908196
1992-09-10,0.9415047300237255,0.058316887935824936,0.00017838204044937292
1992-09-11,0.9579354889782704,0.04194244723510948,0.00012206378662003143
1992-09-14,0.8255505979323179,0.1736720818885281,0.0007773201791542348
1992-09-15,0.4255939992347002,0.5702680119374993,0.004137988827800334
1992-09-16,0.6085017341823443,0.3893056388592035,0.0021926269584525175
1992-09-17,0.7566614294722319,0.24215432923708172,0.0011842412906864978
1992-09-18,0.7982471584218538,0.20071963054820155,0.0010332110299446251
1992-09-21,0.8701014173710099,0.12931428235531106,0.000584300273679362
1992-09-22,0.5916075857276069,0.40579884965515656,0.0025935646172367856
1992-09-23,0.7471350103485356,0.25155653800439565,0.0013084516470688512
1992-09-24,0.8503252866546255,0.1489838062461895,0.0006909070991853435
1992-09-25,0.6952185643981266,0.30304855458886565,0.0017328810130077005
1992-09-28,0.7850409592727593,0.21383249791407807,0.0011265428131625808
1992-09-29,0.87448916680646,0.12494554695153555,0.0005652862420042395
1992-09-30,0.924467570100377,0.07523087458610368,0.00030155531351977753
1992-10-01,0.9361888831919469,0.06358370486474718,0.0002274119433060143
1992-10-02,0.562829005614081,0.4345529259146358,0.0026180684712835247
1992-10-05,0.5301422672154528,0.46703354886923915,0.0028241839153079922
1992-10-06,0.687635055548889,0.31077080479979124,0.001594139651319606
1992-10-07,0.6456329774060232,0.35241369611979334,0.0019533264741836585
1992-10-08,0.6521913191129612,0.34572658662886546,0.002082094258173412
1992-10-09,0.26938458088640604,0.7244793477313831,0.006136071382210935
1992-10-12,0.16920114507070125,0.8230192103362629,0.007779644593035764
1992-10-13,0.2947583810540499,0.7003513297565912,0.004890289189359118
1992-10-14,0.47461819873484773,0.5224734832500088,0.0029083180151434898
1992-10-15,0.6529897575362814,0.3453046509455731,0.0017055915181451381
1992-10-16,0.758076080550764,0.24073380463169208,0.0011901148175436013
1992-10-19,0.7802030366884097,0.218627426129963,0.0011695371816269591
1992-10-20,0.872555808751646,0.12686367429161183,0.0005805169567418438
1992-10-21,0.9239883118892636,0.07571020007432047,0.00030148803641566187
1992-10-22,0.9455222394053491,0.05429035386004096,0.0001874067346100524
1992-10-23,0.9573268868063473,0.04254568930842729,0.00012742388522569097
1992-10-26,0.9248166597889788,0.07492456819947299,0.0002587720115479273
1992-10-27,0.9516375288478631,0.0482068878228105,0.0001555833293260968
1992-10-28,0.9621374816320268,0.037753452697141095,0.00010906567083241703
1992-10-29,0.9702574639080119,0.029669416900105293,7.311919188270874e-05
1992-10-30,0.9578667342844528,0.0420353160829452,9.794963260202992e-05
1992-11-02,0.9265957020861292,0.07317087929623466,0.00023341861763603104
1992-11-03,0.9022470693827023,0.09739649058899978,0.00035644002829784245
1992-11-04,0.8782204360269668,0.1212837778904951,0.0004957860825381081
1992-11-05,0.9251566305538592,0.07455505620753215,0.0002883132386087814
1992-11-06,0.946318357403055,0.05349971252611168,0.00018193007083355136
1992-11-09,0.9619532425134201,0.037934509816003735,0.0001122476705766944
1992-11-10,0.9697425806660002,0.030182813027246395,7.460630675319803e-05
1992-11-11,0.951196599464822,0.04867455725951097,0.00012884327566706091
1992-11-12,0.9649153289895,0.03499248527527821,9.218573522169072e-05
1992-11-13,0.9698417154832925,0.030088278578135248,7.00059385725307e-05
1992-11-16,0.9632825382037816,0.03663558457059693,8.187722562149753e-05
1992-11-17,0.9625004157012251,0.03741138437654972,8.819992222505453e-05
1992-11-18,0.9448663576350931,0.05497629365272376,0.00015734871218328557
1992-11-19,0.9616941622488585,0.03819858913699646,0.00010724861414528077
1992-11-20,0.9547453806762204,0.04512670500131965,0.00012791432245967585
1992-11-23,0.9560361158776602,0.04384395695520947,0.0001199271671305526
1992-11-24,0.9582578624846101,0.04162525595739783,0.00011688155799217937
1992-11-25,0.9660352742565576,0.033876067520103414,8.865822333901956e-05
1992-11-27,0.9719023912791869,0.02803300596335108,6.460275746222606e-05
1992-11-30,0.974393889768008,0.025553404356678525,5.2705875314019926e-05
1992-12-01,0.9743075443286804,0.02564370267375722,4.875299756261304e-05
1992-12-02,0.9728674506771329,0.02708141564672035,5.113367614673883e-05
1992-12-03,0.9751089263254001,0.024843846702284223,4.722697231531718e-05
1992-12-04,0.9723548683521038,0.027591147847303626,5.3983800592479045e-05
1992-12-07,0.9605692405278423,0.039341053924497424,8.970554766037001e-05
1992-12-08,0.9670119960290438,0.03290810539838667,7.9898572569438e-05
1992-12-09,0.9658752804128267,0.034046835104526954,7.788448264669866e-05
1992-12-10,0.9675532010707568,0.03237386451873968,7.293441050382638e-05
1992-12-11,0.9690796492477618,0.030852829638127018,6.752111411074483e-05
1992-12-14,0.970023675230782,0.029912725569334275,6.359919988348352e-05
1992-12-15,0.97304709115834,0.026897748968492688,5.515987316745534e-05
1992-12-16,0.9713185093337283,0.028624892494713883,5.6598171557728495e-05
1992-12-17,0.9481334256056698,0.05173645383302193,0.0001301205613080097
1992-12-18,0.8092925418220479,0.18983980264704786,0.0008676555309042556
1992-12-21,0.8811881719715412,0.11830959655162339,0.0005022314768350266
1992-12-22,0.9253130324303963,0.07440129060980638,0.000285676959796995
1992-12-23,0.9412507461645659,0.05854699910017869,0.00020225473525569158
1992-12-24,0.9599469643673517,0.039931903233177655,0.00012113239947035932
1992-12-28,0.9665421844988281,0.03337221164612939,8.560385504225153e-05
1992-12-29,0.9669254192059344,0.0329981510697064,7.6429724359024e-05
1992-12-30,0.9725251955165001,0.027414548068784964,6.025641471476047e-05
1992-12-31,0.9438102092671163,0.056057425241500154,0.00013236549138351803
1993-01-04,0.9593827557703197,0.04050905498047909,0.00010818924920135182
1993-01-05,0.9636623771528907,0.03624629811632342,9.132473078571212e-05
1993-01-06,0.9708308131954567,0.02910173141426414,6.745539027916612e-05
1993-01-07,0.9182245868875946,0.08155667549130755,0.00021873762109772215
1993-01-08,0.9297593244175051,0.07001486100661987,0.00022581457587498817
1993-01-11,0.9485496749927026,0.05128259633142467,0.00016772867587258155
1993-01-12,0.9631786014120415,0.03671703683405433,0.00010436175390445448
1993-01-13,0.96665158517597,0.03326338910135805,8.50257226720243e-05
1993-01-14,0.9608298598473891,0.03907018042827376,9.995972433720912e-05
1993-01-15,0.9688534393484999,0.03107062070179275,7.593994970775648e-05
1993-01-18,0.972349246543778,0.027591128005515393,5.9625450706724694e-05
1993-01-19,0.9659745014604608,0.03395436531937514,7.113322016376909e-05
1993-01-20,0.961134194093711,0.03877699883554349,8.880707074544469e-05
1993-01-21,0.9647104564056657,0.03520215453225415,8.738906207998213e-05
1993-01-22,0.9715810440338029,0.028354027835989788,6.492813020720628e-05
1993-01-25,0.9494843814832508,0.05038583902908555,0.0001297794876638913
1993-01-26,0.9632715582854636,0.036631968898984436,9.64728155517719e-05
1993-01-27,0.9586034875847697,0.04129265098487995,0.0001038614303502781
1993-01-28,0.9686045158453117,0.0313189271139337,7.655704075479211e-05
1993-01-29,0.9731728553866595,0.026769290283043545,5.7854330296663594e-05
1993-02-01,0.9544687750943133,0.045421482201043493,0.00010974270464295287
1993-02-02,0.9660007048657032,0.033914586871700965,8.470826259595895e-05
1993-02-03,0.9242803419295297,0.07548309705699313,0.00023656101347752328
1993-02-04,0.941438949884287,0.058363443008150336,0.00019760710756253682
1993-02-05,0.9566473777576354,0.043222011217002254,0.00013061102536245214
1993-02-08,0.9620473630118032,0.0378513063987043,0.0001013305894922252
1993-02-09,0.9479434565731429,0.051917029135261535,0.00013951429159561856
1993-02-10,0.9630976590379867,0.036802472654175473,9.986830783777326e-05
1993-02-11,0.9694565607420564,0.0304689679162783,7.447134166547429e-05
1993-02-12,0.942843702631493,0.05701250392027478,0.00014379344823257906
1993-02-16,0.009283337178256192,0.9730696732412507,0.017646989580493266
1993-02-17,0.06484149970631393,0.9256708914638305,0.009487608829855493
1993-02-18,0.13520259358613398,0.8585927040500468,0.0062047023638190325
1993-02-19,0.23587786228311325,0.7594267728167644,0.004695364900122281
1993-02-22,0.4058623617298832,0.590989496156784,0.0031481421133330943
1993-02-23,0.5768009946088779,0.421136639698873,0.0020623656922493794
1993-02-24,0.2767896275551386,0.7172017692030893,0.006008603241772381
1993-02-25,0.4449610702162727,0.551557641217591,0.0034812885661365794
1993-02-26,0.6249390224967067,0.3730775411960435,0.0019834363072495646
1993-03-01,0.7282482770595262,0.27041727978423874,0.0013344431562347051
1993-03-02,0.467479293056294,0.5284398854961381,0.004080821447568201
1993-03-03,0.639494985593785,0.3583775380220536,0.0021274763841615963
1993-03-04,0.7111533298893558,0.28731441323285484,0.0015322568777895893
1993-03-05,0.8002256516550865,0.19881665620036867,0.0009576921445449877
1993-03-08,0.12224418226000627,0.8659422594980238,0.011813558241969693
1993-03-09,0.24820115208804477,0.745589965041377,0.0062088828705783045
1993-03-10,0.397922288177708,0.5982325510394984,0.0038451607827936604
1993-03-11,0.4358884462895441,0.5607620222606573,0.0033495314497987085
1993-03-12,0.3314291646654163,0.6641893167806673,0.004381518553916747
1993-03-15,0.5017347378680607,0.49549871786080973,0.002766544271129704
1993-03-16,0.672037633352709,0.3263513109105031,0.0016110557367878125
1993-03-17,0.6495858791320884,0.34854355725637104,0.0018705636115407135
1993-03-18,0.6817935674971309,0.3163929085741305,0.001813523928738288
1993-03-19,0.7581298286116811,0.2406351559761281,0.0012350154121906292
1993-03-22,0.8316832469414731,0.1675329136860392,0.0007838393724873007
1993-03-23,0.8996003513581572,0.09998086197015697,0.0004187866716853574
1993-03-24,0.9330384590757393,0.06671293133974023,0.00024860958452059664
1993-03-25,0.9408852657880399,0.05890289697387489,0.0002118372380853321
1993-03-26,0.9136345452552983,0.08605413951068797,0.0003113152340137469
1993-03-29,0.9243409755989265,0.07536876649969727,0.00029025790137653985
1993-03-30,0.9504000920691501,0.049431181593694445,0.00016872633715566397
1993-03-31,0.9629845868342228,0.03690997598916037,0.00010543717661737516
1993-04-01,0.9635683336362358,0.036340509454344305,9.115690942010364e-05
1993-04-02,0.12491664858764659,0.8677275737268361,0.007355777685517238
1993-04-05,0.25910574304011563,0.7362804532039043,0.004613803755980269
1993-04-06,0.39377269309475454,0.6029533938168038,0.0032739130884414367
1993-04-07,0.5647551659081028,0.4330448109343656,0.002200023157531784
1993-04-08,0.7005858392473404,0.29798837367616027,0.0014257870764994565
1993-04-12,0.328371545416294,0.6658153026470577,0.005813151936648607
1993-04-13,0.5137710133887597,0.4831813366379647,0.0030476499732756766
1993-04-14,0.6704056136837957,0.3278710845862144,0.0017233017299901855
1993-04-15,0.7966073023603165,0.20244091353084268,0.0009517841088411277
1993-04-16,0.8821493541809617,0.1173463121411687,0.0005043336778699654
1993-04-19,0.9109661772716483,0.08867914688712113,0.0003546758412307482
1993-04-20,0.9098660335784611,0.08978320019609452,0.0003507662254445636
1993-04-21,0.9289531807819357,0.07078748371379687,0.00025933550426748126
1993-04-22,0.8360151430759013,0.16326744536466953,0.0007174115594293295
1993-04-23,0.8430511347136982,0.15623949109447424,0.0007093741918274943
1993-04-26,0.775893665062391,0.22296652277145348,0.0011398121661555924
1993-04-27,0.709129999913565,0.28908665092181224,0.0017833491646231442
1993-04-28,0.8260954132245051,0.1730398966997513,0.0008646900757433531
1993-04-29,0.8984513516173566,0.1011083223648007,0.0004403260178423345
1993-04-30,0.9361211177662366,0.06363499046714301,0.00024389176662004377
1993-05-03,0.9491689588159714,0.0506562586862787,0.00017478249775010568
1993-05-04,0.9615639321671929,0.03832183877658606,0.00011422905622135936
1993-05-05,0.9700443407166246,0.029881228810819106,7.443047255595922e-05
1993-05-06,0.9684483573295607,0.031482497557824035,6.914511261585696e-05
1993-05-07,0.969452877732796,0.030481581352337885,6.554091486608895e-05
1993-05-10,0.9738862779505835,0.026059735849905844,5.398619951008183e-05
1993-05-11,0.974519696094674,0.025430263469931644,5.004043539440881e-05
1993-05-12,0.9763236764945129,0.023632305356254806,4.40181492325923e-05
1993-05-13,0.8051717640888856,0.19424397771939322,0.0005842581917214617
1993-05-14,0.8867079243071359,0.11288074870983462,0.00041132698302980534
1993-05-17,0.9317762642853372,0.06797828653039233,0.00024544918427028513
1993-05-18,0.9542815462542777,0.04557283359540319,0.00014562015031896247
1993-05-19,0.6254623507769114,0.37221583664194696,0.0023218125811416677
1993-05-20,0.7006203453241391,0.29764376925951214,0.001735885416349009
1993-05-21,0.4555780993157113,0.5405707747787731,0.003851125905515346
1993-05-24,0.6005814668395995,0.3970593776283842,0.0023591555320163172
1993-05-25,0.7534435425259952,0.24531627900839376,0.0012401784656112646
1993-05-26,0.6889422140826617,0.30915246945535396,0.0019053164619845762
1993-05-27,0.791437930225588,0.20749774496348009,0.0010643248109320118
1993-05-28,0.819926169820487,0.17920145335485085,0.0008723768246620459
1993-06-01,0.8284350432070473,0.17067764634848376,0.0008873104444688932
1993-06-02,0.8987220029729385,0.10083591533540508,0.00044208169165656306
1993-06-03,0.9241184601894383,0.07558731796346599,0.0002942218470956536
1993-06-04,0.919316083003009,0.08038326718409565,0.0003006498128952738
1993-06-07,0.9166955971343912,0.08299497998300594,0.0003094228826029219
1993-06-08,0.8931693323348252,0.10640841452436284,0.00042225314081204555
1993-06-09,0.934466493036101,0.0652915459468801,0.0002419610170187285
1993-06-10,0.9541984874681434,0.04565528769689498,0.00014622483496093874
1993-06-11,0.962763605993259,0.037130620294504306,0.0001057737122369609
1993-06-14,0.9706210731063204,0.029307818722355744,7.110817132410705e-05
1993-06-15,0.967545051337145,0.03238435817154231,7.059049131280569e-05
1993-06-16,0.9723803889879133,0.027559918596935414,5.9692415151077974e-05
1993-06-17,0.9748663806755749,0.025083285039813517,5.033428461185549e-05
1993-06-18,0.8727682718344002,0.12688062492750185,0.0003511032380979616
1993-06-21,0.9055898058905978,0.09406417954274356,0.0003460145666587752
1993-06-22,0.9394056745218723,0.06038406678621452,0.00021025869191232697
1993-06-23,0.9227094704390577,0.07702168174995834,0.0002688478109838057
1993-06-24,0.9199680314300029,0.07972227527816796,0.0003096932918292669
1993-06-25,0.9487853176124095,0.051038637912286015,0.00017604447530435028
1993-06-28,0.9202490787293529,0.0794507122145665,0.00030020905608110337
1993-06-29,0.9400481486717966,0.05974471660957375,0.00020713471862977115
1993-06-30,0.9581630015702634,0.041710109768584996,0.00012688866115179439
1993-07-01,0.9593135392283356,0.04057691732210209,0.00010954344956274741
1993-07-02,0.9297960698191818,0.06999777130603813,0.000206158874779814
1993-07-06,0.8185013152657693,0.18073738424409486,0.0007613004901360066
1993-07-07,0.8903955389042502,0.10915055629067297,0.0004539048050772816
1993-07-08,0.7142485682241243,0.28395979387714365,0.0017916378987324311
1993-07-09,0.8215606963913484,0.1775375030598718,0.0009018005487797343
1993-07-12,0.8959545347947692,0.10358995775157022,0.00045550745366056914
1993-07-13,0.9288186010209317,0.07090866106859332,0.00027273791047501033
1993-07-14,0.9479819390608067,0.051837408321701896,0.00018065261749142497
1993-07-15,0.9587509131424878,0.041127352454404936,0.00012173440310680566
1993-07-16,0.9196342219524524,0.08011427124342217,0.00025150680412534224
1993-07-19,0.9488815827694589,0.05095643238811499,0.000161984842426531
1993-07-20,0.9626921593638463,0.037201109814422824,0.00010673082173086595
1993-07-21,0.969752075466627,0.030174518738875552,7.34057944979136e-05
1993-07-22,0.9517066061023208,0.048177229896139005,0.00011616400154012077
1993-07-23,0.955474101223234,0.04440132252816293,0.00012457624860316181
1993-07-26,0.9628349139585057,0.037064078488857934,0.0001010075526355803
1993-07-27,0.9669841157516451,0.03293590122556869,7.99830227863535e-05
1993-07-28,0.9681146259448332,0.0318135867129847,7.178734218175981e-05
1993-07-29,0.9613266913853378,0.03857918575482146,9.412285984036966e-05
1993-07-30,0.9542796716624355,0.045603852289967606,0.00011647604759666217
1993-08-02,0.9620070227484476,0.03789129465011619,0.00010168260143591373
1993-08-03,0.9663719054298222,0.03354619464692627,8.189992325198288e-05
1993-08-04,0.9695100956283217,0.030421355827029824,6.854854464827802e-05
1993-08-05,0.9724017319756726,0.027540434205773155,5.783381855410684e-05
1993-08-06,0.9753215035964125,0.024630044786640628,4.845161694670645e-05
1993-08-09,0.9735091933669446,0.026439575709823474,5.123092323191478e-05
1993-08-10,0.9705303592655503,0.029412275275598358,5.73654588513863e-05
1993-08-11,0.974113866004882,0.025834135599364195,5.199839575408506e-05
1993-08-12,0.9692994952608479,0.030640238771018444,6.0265968133847605e-05
1993-08-13,0.9732235972894803,0.02672122923272067,5.517347779912661e-05
1993-08-16,0.9713474031499307,0.02859357557534624,5.902127472303831e-05
1993-08-17,0.9747634169958777,0.025186205677920147,5.0377326202402915e-05
1993-08-18,0.9676178593727074,0.03231453098774276,6.760963955009525e-05
1993-08-19,0.9729487641938263,0.026994283169345427,5.6952636828614886e-05
1993-08-20,0.9745600754414292,0.025390387514561207,4.953704400999709e-05
1993-08-23,0.9730649036800061,0.026884315817923308,5.078050207033033e-05
1993-08-24,0.9402125275848231,0.059635373372876936,0.00015209904230035386
1993-08-25,0.959391227621079,0.04049668080356558,0.00011209157535564253
1993-08-26,0.96880230837478,0.031119678951769602,7.801267345090077e-05
1993-08-27,0.9717820073470635,0.028156509846534807,6.148280640214884e-05
1993-08-30,0.9741486870720713,0.02579853704893867,5.277587898984842e-05
1993-08-31,0.9745548642625134,0.0253954811614747,4.965457601186916e-05
1993-09-01,0.9750179116486128,0.02493558304406433,4.650530732251056e-05
1993-09-02,0.9674097259265348,0.03252739314430158,6.288092916388064e-05
1993-09-03,0.9724485526089696,0.027494348038876636,5.709935215366455e-05
1993-09-07,0.9529480123658952,0.04694710868849121,0.00010487894561396056
1993-09-08,0.9521333406698388,0.047740823430294135,0.00012583589986700147
1993-09-09,0.965273390652929,0.03463584693716712,9.07624099039543e-05
1993-09-10,0.9405341673908949,0.059290223287505196,0.0001756093216000186
1993-09-13,0.9595363526232566,0.040347294413779294,0.0001163529629637576
1993-09-14,0.9530514284927438,0.04682113084031984,0.00012744066693648977
1993-09-15,0.9633829500435769,0.036518333121656504,9.871683476670367e-05
1993-09-16,0.9556962210091818,0.04419016461953779,0.00011361437128056552
1993-09-17,0.9645023801016379,0.035407828631779985,8.979126658168547e-05
1993-09-20,0.9181351015166891,0.081627346454597,0.0002375520287143434
1993-09-21,0.9230860320575663,0.0766553875169827,0.0002585804254509101
1993-09-22,0.9263626932143272,0.07336302994001352,0.0002742768456590306
1993-09-23,0.9499971933157009,0.04983356317764532,0.00016924350665375074
1993-09-24,0.9634114001861268,0.03648449350255761,0.00010410631131565042
1993-09-27,0.9399249339131829,0.059890562019171194,0.00018450406764595865
1993-09-28,0.9576987314037031,0.04217752914281249,0.0001237394534846584
1993-09-29,0.9601958620088756,0.03969836412423589,0.00010577386688815903
1993-09-30,0.963562357842971,0.03634654147942859,9.110067760077255e-05
1993-10-01,0.9653959521994445,0.034517971166879886,8.60766336759652e-05
1993-10-04,0.9714917293070424,0.028443825497868697,6.444519508932734e-05
1993-10-05,0.97413455362619,0.02581300296100019,5.244341280980988e-05
1993-10-06,0.974653380657233,0.025298599905667376,4.801943709941546e-05
1993-10-07,0.9694436807507425,0.030497639855420495,5.8679393836824764e-05
1993-10-08,0.9734320844703777,0.026513679004428657,5.4236525193423446e-05
1993-10-11,0.9758194973444786,0.024134161910249297,4.6340745272006116e-05
1993-10-12,0.9768191635025392,0.023139129465343675,4.170703211697372e-05
1993-10-13,0.977395265353074,0.02256543986327219,3.9294783653446815e-05
1993-10-14,0.9222028171419255,0.07759886615550617,0.00019831670256837287
1993-10-15,0.9375136459074818,0.06228339685781347,0.00020295723470500508
1993-10-18,0.951689616000991,0.048162208028037314,0.00014817597097202323
1993-10-19,0.9465115215255195,0.05333015324293751,0.0001583252315426542
1993-10-20,0.9615500641172681,0.03834273281471798,0.00010720306801380323
1993-10-21,0.9671496043505289,0.03276953464714464,8.086100232666907e-05
1993-10-22,0.959639568804217,0.04026456519967315,9.586599610941192e-05
1993-10-25,0.9689044630098602,0.031021041057964202,7.449593217625947e-05
1993-10-26,0.9732819488853187,0.02666093777493366,5.71133397474688e-05
1993-10-27,0.9756451569870429,0.024307642843565378,4.720016939149394e-05
1993-10-28,0.9669950649274323,0.03293689105167674,6.804402089128031e-05
1993-10-29,0.9723383436996622,0.027603158676544833,5.849762379291125e-05
1993-11-01,0.9746557684628134,0.025293529074237753,5.0702462948703403e-05
1993-11-02,0.9743058053133123,0.0256459537920231,4.824089466427902e-05
1993-11-03,0.8439845147848256,0.15556248667902828,0.00045299853614601336
1993-11-04,0.5380581988085263,0.4593305415577116,0.0026112596337619955
1993-11-05,0.678418215747359,0.31990400321780926,0.001677781034831502
1993-11-08,0.8086042274965236,0.1905017106565849,0.0008940618468912721
1993-11-09,0.8878663549591829,0.11165850601435755,0.0004751390264600484
1993-11-10,0.8974577221011221,0.10208947774629384,0.0004528001525842079
1993-11-11,0.9277670073679327,0.07195454449881254,0.0002784481332546655
1993-11-12,0.9396362304899609,0.060142819793459486,0.0002209497165799015
1993-11-15,0.9466591341458659,0.053167748929636896,0.00017311692449738122
1993-11-16,0.94881973513761,0.05101515912979747,0.00016510573259229653
1993-11-17,0.9489733582730481,0.05087328126515823,0.0001533604617938424
1993-11-18,0.9570536175506684,0.042824839554283865,0.00012154289504786659
1993-11-19,0.962927522814258,0.036975995611015756,9.648157472656678e-05
1993-11-22,0.9279572328523975,0.0718364790481196,0.00020628809948297037
1993-11-23,0.9485887388881318,0.05124963615772025,0.00016162495414751913
1993-11-24,0.9625208089604796,0.037372012560159755,0.00010717847936077586
1993-11-26,0.9705026756145676,0.029425387807490284,7.193657794262847e-05
1993-11-29,0.9696698160406861,0.03026491796423086,6.526599508352185e-05
1993-11-30,0.9732892994388176,0.02665566575625502,5.503480492699222e-05
1993-12-01,0.9754312473996404,0.024521567027439895,4.718557292034806e-05
1993-12-02,0.9762455540587076,0.02371060747133866,4.383846995414508e-05
1993-12-03,0.9752697359841024,0.024684773308106814,4.549070779111131e-05
1993-12-06,0.9754960390770868,0.024458496008260312,4.546491465325143e-05
1993-12-07,0.976729469921629,0.023228659035486467,4.187104288480592e-05
1993-12-08,0.9759681421592242,0.023989786489084983,4.207135169077101e-05
1993-12-09,0.9657315818068024,0.03420339210832983,6.502608486782366e-05
1993-12-10,0.9709802768216226,0.028958367896931125,6.135528144658541e-05
1993-12-13,0.9725686978917704,0.027374018274412625,5.7283833816816625e-05
1993-12-14,0.9564321655447845,0.04347245040665744,9.53840485583135e-05
1993-12-15,0.9611244468005599,0.03877984396151691,9.570923792313492e-05
1993-12-16,0.9683825701412527,0.031540684301508415,7.674555723883838e-05
1993-12-17,0.96277745204096,0.037131513375135775,9.10345839042971e-05
1993-12-20,0.9685625075448209,0.03136410924231886,7.338321286036987e-05
1993-12-21,0.9714999221727411,0.028438821327569086,6.125649968969092e-05
1993-12-22,0.9718590126134046,0.028081741588779196,5.924579781647107e-05
1993-12-23,0.9746726373400201,0.02527724616923467,5.011649074563446e-05
1993-12-27,0.9661307980529332,0.03379753563125806,7.166631580893291e-05
1993-12-28,0.9722228473875787,0.02771735182584075,5.980078658051715e-05
1993-12-29,0.9739865850972734,0.025961791494949194,5.162340777691208e-05
1993-12-30,0.9661802460089538,0.033752007672121866,6.774631892442329e-05
1993-12-31,0.9579009348919612,0.04200224435971106,9.682074832785372e-05
1994-01-03,0.9635019378782785,0.03640897805531676,8.90840664045682e-05
1994-01-04,0.9697827594557292,0.03014604042442919,7.120011984160053e-05
1994-01-05,0.9740479407903948,0.02589732092423796,5.473828536717121e-05
1994-01-06,0.9747145301746515,0.025237078753831896,4.8391071516706814e-05
1994-01-07,0.9693291028535763,0.030608503097233643,6.239404918999225e-05
1994-01-10,0.912407679891787,0.08732733042405508,0.00026498968415752234
1994-01-11,0.936254151061488,0.06353713736007052,0.00020871157844106614
1994-01-12,0.9568324360835381,0.04303683237974178,0.00013073153671993047
1994-01-13,0.9573841449313162,0.04249917897767703,0.00011667609100627087
1994-01-14,0.9616551228643258,0.03824084253732849,0.00010403459834620676
1994-01-17,0.9613284031139374,0.0385740538362721,9.754304979045443e-05
1994-01-18,0.9697382378111656,0.030189312428884008,7.244975994983369e-05
1994-01-19,0.973615230269184,0.02632905205954703,5.571767126929985e-05
1994-01-20,0.9758999189902504,0.02405362719557908,4.645381417100708e-05
1994-01-21,0.9760885262910501,0.023868368226279732,4.310548266954307e-05
1994-01-24,0.95854550130026,0.04137196906674012,8.25296329999043e-05
1994-01-25,0.9636836250151494,0.03623113121422863,8.524377062222709e-05
1994-01-26,0.9663072802150379,0.03361106907255756,8.165071240455858e-05
1994-01-27,0.951591134829071,0.048278337162550145,0.0001305280083789492
1994-01-28,0.9630966484171408,0.03680349907125646,9.985251160304269e-05
1994-01-31,0.9615112754309365,0.03838715842055731,0.00010156614850648495
1994-02-01,0.9576700437300133,0.0422217783657716,0.00010817790421519407
1994-02-02,0.9625092118373609,0.037391854877894364,9.893328474489369e-05
1994-02-03,0.9645372754618936,0.035376096081476266,8.66284566296072e-05
1994-02-04,0.028394534405805704,0.9596900260140726,0.011915439580121631
1994-02-07,0.09555726424020816,0.8970881515013454,0.007354584258446471
1994-02-08,0.20052254762307614,0.7945769950136399,0.004900457363284261
1994-02-09,0.3487002961305419,0.647770704071413,0.003528999798045184
1994-02-10,0.2806272337564975,0.7149365843371523,0.004436181906350243
1994-02-11,0.4561844469986801,0.5409221407193046,0.0028934122820152867
1994-02-14,0.6344550036179197,0.36377689819585146,0.0017680981862287907
1994-02-15,0.7496247913329296,0.24915966904378975,0.0012155396232803443
1994-02-16,0.8533776374810149,0.14597353216678824,0.0006488303521972864
1994-02-17,0.8646158639041855,0.1347864740837152,0.0005976620120988772
1994-02-18,0.8653367434794159,0.1340665786297334,0.0005966778908506627
1994-02-22,0.867763751698236,0.13160316682729736,0.0006330814744668089
1994-02-23,0.9142290065959613,0.08541746893057274,0.00035352447346605203
1994-02-24,0.5317020174372633,0.4652068693490249,0.003091113213711372
1994-02-25,0.6835299755727453,0.31472036179768276,0.0017496626295719732
1994-02-28,0.8100279634900835,0.18905476560487108,0.0009172709050456127
1994-03-01,0.8144392649598203,0.18466360762116524,0.0008971274190143863
1994-03-02,0.8921775316003876,0.10736046059448004,0.0004620078051325822
1994-03-03,0.9121845546421155,0.08746602100900079,0.00034942434888384204
1994-03-04,0.9412837795716945,0.05850249949925993,0.00021372092904545833
1994-03-07,0.954184353831438,0.04566659369503154,0.00014905247353045898
1994-03-08,0.9612957774358437,0.038596619939339015,0.0001076026248170812
1994-03-09,0.9693385704802883,0.030585489530055188,7.593998965617266e-05
1994-03-10,0.9439418840830043,0.05591699858797223,0.0001411173290232581
1994-03-11,0.9523569976196625,0.04750313092403085,0.000139871456306397
1994-03-14,0.9652884871193537,0.034617835235431424,9.367764521499759e-05
1994-03-15,0.9703898711218673,0.0295413124289194,6.881644921332466e-05
1994-03-16,0.9692270719332892,0.030704142412303046,6.878565440731444e-05
1994-03-17,0.9726349198159181,0.027306393711650202,5.868647243167761e-05
1994-03-18,0.9751836454117052,0.024767686770239394,4.8667818055765726e-05
1994-03-21,0.9606880497277508,0.039232099950077176,7.985032217190674e-05
1994-03-22,0.9694398821900478,0.030490948954397523,6.916885555509449e-05
1994-03-23,0.9728365488018599,0.027106515318837,5.6935879303150755e-05
1994-03-24,0.9170960677304065,0.08269177312875695,0.00021215914083657215
1994-03-25,0.86003628467238,0.13943472514283275,0.0005289901847870243
1994-03-28,0.9116666547034125,0.0879993392843117,0.00033400601227617994
1994-03-29,0.2735724537735504,0.7203493221672186,0.006078224059231179
1994-03-30,0.02732405528187738,0.9597260544853567,0.012949890232766185
1994-03-31,0.1022972887976215,0.8903460015298005,0.007356709672577977
1994-04-04,0.009578425928310494,0.9772358147368908,0.013185759334798569
1994-04-05,0.0005187145810077482,0.9666083213785664,0.032872964040425987
1994-04-06,0.051755527322047835,0.9327299524661704,0.015514520211781766
1994-04-07,0.1103341608221823,0.8802578019515302,0.009408037226287152
1994-04-08,0.09066277456868975,0.9011677499896241,0.008169475441686065
1994-04-11,0.1631854837045935,0.8308292076861219,0.00598530860928445
1994-04-12,0.21803836366714394,0.7771028802566523,0.004858756076203841
1994-04-13,0.33740946788389,0.6589837325738636,0.003606799542246719
1994-04-14,0.5211167119507104,0.47652543784045387,0.0023578502088355477
1994-04-15,0.6854103705059419,0.3131238051175891,0.0014658243764689527
1994-04-18,0.5832139564806318,0.41443864898146354,0.0023473945379047303
1994-04-19,0.7387424230672818,0.259978571958084,0.0012790049746340749
1994-04-20,0.8365667905450738,0.162698553320496,0.0007346561344305573
1994-04-21,0.4541636255116528,0.5412709500630581,0.004565424425288998
1994-04-22,0.5967256290215286,0.40077261996394925,0.002501751014522182
1994-04-25,0.4630776219924371,0.532884997817898,0.004037380189664683
1994-04-26,0.6167140225924317,0.38106357448504236,0.0022224029225262234
1994-04-28,0.6255268248860265,0.3723613860797439,0.002111789034229443
1994-04-29,0.755257887181521,0.24349789877072822,0.0012442140477506671
1994-05-02,0.8390376247715028,0.16019279224963306,0.0007695829788637214
1994-05-03,0.9046556508034647,0.09494502886090349,0.00039932033563187493
1994-05-04,0.9285787555294913,0.07115257311783488,0.0002686713526736602
1994-05-05,0.9514190393885096,0.048421396113226454,0.00015956449826417957
1994-05-06,0.9079126086845867,0.09176886584792805,0.0003185254674850585
1994-05-09,0.6337645388970174,0.36418281712038975,0.0020526439825928142
1994-05-10,0.6539551845960241,0.34398736021344123,0.0020574551905347214
1994-05-11,0.4348009125601076,0.5612237491439918,0.003975338295900731
1994-05-12,0.5751557111241719,0.42231780091540005,0.0025264879604281155
1994-05-13,0.735129319140998,0.26353860132127155,0.0013320795377303168
1994-05-16,0.8447980876432839,0.1545010740930332,0.0007008382636834307
1994-05-17,0.7581796535677986,0.24040763197669388,0.0014127144555072522
1994-05-18,0.7211083454563193,0.2771365687404364,0.001755085803244299
1994-05-19,0.7920306107251044,0.20680752233181035,0.0011618669430852838
1994-05-20,0.8479248619490122,0.15134079451270638,0.0007343435382813422
1994-05-23,0.8823720679884438,0.11711001015077309,0.0005179218607829739
1994-05-24,0.9254225531630053,0.07427984823404563,0.00029759860294930235
1994-05-25,0.9495306547307473,0.050293709678256714,0.0001756355909966004
1994-05-26,0.9641039523571084,0.03579224116469372,0.00010380647819767585
1994-05-27,0.9711439471086972,0.028786958067885997,6.909482341669517e-05
1994-05-31,0.9716805553627321,0.028260061270702512,5.938336656515079e-05
1994-06-01,0.9745253754326412,0.025423376116487425,5.124845087096138e-05
1994-06-02,0.9759228342089329,0.024032214661810766,4.4951129256095306e-05
1994-06-03,0.9717208850619611,0.028224286292468016,5.4828645571209484e-05
1994-06-06,0.9697757547926672,0.030163645310541404,6.059989679060682e-05
1994-06-07,0.9716429154181011,0.028299166045535198,5.7918536363424077e-05
1994-06-08,0.9703052623250105,0.0296346563540574,6.0081320932185974e-05
1994-06-09,0.9742319039998539,0.025715979460423786,5.211653972201564e-05
1994-06-10,0.976131731735115,0.023823117109626535,4.5151155257794483e-05
1994-06-13,0.977092877732846,0.02286625092850573,4.0871338648055475e-05
1994-06-14,0.9661738673115023,0.03375857831631967,6.755437217793902e-05
1994-06-15,0.9623848520904954,0.037530854535172166,8.429337433233123e-05
1994-06-16,0.9695289032681487,0.030400287685667403,7.080904618414331e-05
1994-06-17,0.9351237677624668,0.06471004323951705,0.00016618899801640785
1994-06-20,0.9140199730272874,0.08569796549318649,0.0002820614795264747
1994-06-21,0.8246984378492644,0.17454142600010172,0.0007601361506337393
1994-06-22,0.8902463690563601,0.10928858369975376,0.00046504724388583634
1994-06-23,0.8420250373060353,0.15724814714698077,0.000726815546984178
1994-06-24,0.259707156247037,0.7337372549779587,0.006555588775004151
1994-06-27,0.2260752769913941,0.7672643561185416,0.00666036689006449
1994-06-28,0.35070980952396025,0.6451196728807818,0.004170517595257927
1994-06-29,0.5226561874870144,0.4747252795187511,0.0026185329942349385
1994-06-30,0.4684741704122618,0.5283758069653933,0.003150022622344903
1994-07-01,0.6219240039220736,0.3760573584112827,0.002018637666643411
1994-07-05,0.7680405640901508,0.23085700710316398,0.0011024288066850572
1994-07-06,0.8605654429298928,0.13882591365403146,0.0006086434160758141
1994-07-07,0.9037890872250528,0.09580246588078323,0.00040844689416421655
1994-07-08,0.93973730515469,0.0600381784689337,0.0002245163763766851
1994-07-11,0.9479310512143875,0.05189984392699178,0.0001691048586206416
1994-07-12,0.9623530611719506,0.03753984453546736,0.00010709429258256785
1994-07-13,0.9703614382748641,0.029566127969485267,7.243375565084678e-05
1994-07-14,0.9309373195754015,0.06886154882396402,0.00020113160063438742
1994-07-15,0.9547673120969599,0.045096962455019124,0.00013572544802127414
1994-07-18,0.9662653199380906,0.03364435957724107,9.032048466828978e-05
1994-07-19,0.9657037307952906,0.03421520832560313,8.106087910634599e-05
1994-07-20,0.9556515413074138,0.044240610591831556,0.00010784810075478173
1994-07-21,0.9667787711404211,0.033138101558515064,8.312730106377967e-05
1994-07-22,0.9725895020789068,0.02734938762124433,6.111029984904313e-05
1994-07-25,0.9749436614981855,0.02500593707830323,5.040142351185446e-05
1994-07-26,0.9734410188973127,0.026508981680004734,4.999942268280494e-05
1994-07-27,0.9730598420786071,0.026888887151776144,5.127076961699654e-05
1994-07-28,0.9738498640169063,0.026098780699719056,5.135528337482973e-05
1994-07-29,0.9524337256732263,0.04745350067029839,0.0001127736564752367
1994-08-01,0.9550788429954149,0.044795811355858584,0.00012534564872621935
1994-08-02,0.9648454149808667,0.035063363260565736,9.122175856831743e-05
1994-08-03,0.971503328725576,0.028430555259272954,6.611601515094647e-05
1994-08-04,0.9476589594041688,0.05221661224617565,0.00012442834965525903
1994-08-05,0.9550423883486187,0.044836797561369234,0.00012081409001242198
1994-08-08,0.9667620132923125,0.033152556016278735,8.543069140865201e-05
1994-08-09,0.9721172811024696,0.027820195147262215,6.252375026834441e-05
1994-08-10,0.9701220322780254,0.029813517861155006,6.444986081951051e-05
1994-08-11,0.9676869666634289,0.032244419238217976,6.861409835345224e-05
1994-08-12,0.9617900565073204,0.038118292407726274,9.165108495356588e-05
1994-08-15,0.967244197869771,0.03267860536025362,7.71967699758602e-05
1994-08-16,0.9519114958401538,0.04796093107768922,0.00012757308215697384
1994-08-17,0.964965265466713,0.03494347326961087,9.126126367570392e-05
1994-08-18,0.9591459483900323,0.04075339429248619,0.00010065731748130674
1994-08-19,0.9688606046578674,0.03106426450821531,7.513083391657286e-05
1994-08-22,0.9674346197326602,0.03249317733542045,7.220293191953565e-05
1994-08-23,0.9687022915682437,0.03122647947230467,7.122895945144537e-05
1994-08-24,0.9382686356631298,0.06155816680276991,0.00017319753410023565
1994-08-25,0.95291217652526,0.04695065556340597,0.00013716791133390477
1994-08-26,0.8654338295947098,0.13400486570993753,0.0005613046953528093
1994-08-29,0.9205511954542872,0.07913992667261104,0.00030887787310222555
1994-08-30,0.9475271284007631,0.052290021298343,0.000182850300893624
1994-08-31,0.9603733114050694,0.03951026232450937,0.00011642627042107473
1994-09-01,0.9523022782959111,0.047567585860262177,0.00013013584382696327
1994-09-02,0.9482327164533496,0.05162074788862082,0.00014653565802973865
1994-09-06,0.9633460776423912,0.03655351975674383,0.00010040260086440508
1994-09-07,0.96738354268698,0.0325377587864815,7.869852653895821e-05
1994-09-08,0.9691087103881851,0.03081976319263154,7.152641918339903e-05
1994-09-09,0.871470448540791,0.12813488067606418,0.0003946707831450249
1994-09-12,0.893633906357367,0.10597367993875356,0.0003924137038791616
1994-09-13,0.933932929466176,0.06582796770483171,0.00023910282899190771
1994-09-14,0.9552006290445805,0.04465502395724419,0.00014434699817570838
1994-09-15,0.8493479824425176,0.1499845584417035,0.0006674591157789223
1994-09-16,0.7965915063910192,0.20240686616564119,0.0010016274433398951
1994-09-19,0.877034094727084,0.12242787135756635,0.0005380339153495033
1994-09-20,0.25112214235734603,0.7421473016322632,0.006730556010390968
1994-09-21,0.3444310664257624,0.6511184018209746,0.004450531753263002
1994-09-22,0.5230244169037266,0.4743655096693888,0.0026100734268846345
1994-09-23,0.6333696888128868,0.3647618473940001,0.0018684637931131686
1994-09-26,0.774507419788469,0.22442850546116527,0.001064074750365894
1994-09-27,0.8663327047756506,0.13307838855384105,0.0005889066705081502
1994-09-28,0.8981941722841844,0.10136038479770303,0.0004454429181122503
1994-09-29,0.8946797465676448,0.1048784735099904,0.000441779922364918
1994-09-30,0.9362050760854077,0.06355766183219759,0.00023726208239429816
1994-10-03,0.951494805614239,0.04834891804362064,0.00015627634214039886
1994-10-04,0.46634689586272177,0.530370603159477,0.003282500977801226
1994-10-05,0.6097064369021777,0.3882315663122434,0.002061996785578841
1994-10-06,0.7267732867014419,0.27189666487774933,0.0013300484208087857
1994-10-07,0.7980162323067364,0.20098309613973792,0.0010006715535259103
1994-10-10,0.793563609294399,0.20531191666497572,0.0011244740406256251
1994-10-11,0.4421484598294194,0.5529418889936738,0.004909651176906778
1994-10-12,0.6151552330478306,0.38243810024976654,0.0024066667024025797
1994-10-13,0.7328520821778879,0.26568371388839507,0.0014642039337169148
1994-10-14,0.8398712499397701,0.15936333570181338,0.0007654143584167198
1994-10-17,0.9041727112218595,0.09542587640582119,0.0004014123723199423
1994-10-18,0.9290762892849035,0.07065726033963926,0.00026645037545713744
1994-10-19,0.9425695115784105,0.05722562295879861,0.00020486546279118486
1994-10-20,0.9084539233549929,0.09121289856902623,0.00033317807598115225
1994-10-21,0.9202909459973586,0.07941724937368594,0.0002918046289553766
1994-10-24,0.8459028771389965,0.15342999648753453,0.0006671263734686552
1994-10-25,0.9099837050679052,0.08965459993622166,0.00036169499587355536
1994-10-26,0.9433980712113753,0.05639893619704064,0.00020299259158399724
1994-10-27,0.9428852880880253,0.056916430289697714,0.00019828162227669233
1994-10-28,0.5365652788044175,0.46007559693065475,0.0033591242649277236
1994-10-31,0.657334660235691,0.34069044726453673,0.0019748924997717745
1994-11-01,0.555000529722309,0.44223852455410456,0.0027609457235865777
1994-11-02,0.6442337476317322,0.3538210976208638,0.001945154747403993
1994-11-03,0.7790634711817703,0.21985525327075356,0.0010812755474765474
1994-11-04,0.43529814683973844,0.5606701458903295,0.004031707269931898
1994-11-07,0.6191706075250046,0.3786950401368424,0.002134352338153061
1994-11-08,0.7244668410293819,0.27407216789591843,0.0014609910746993787
1994-11-09,0.8330299379580882,0.16619476327219698,0.000775298769715141
1994-11-10,0.8890882516621672,0.11044102890251542,0.0004707194353175128
1994-11-11,0.9047368489800995,0.09487832997076547,0.00038482104913478514
1994-11-14,0.9021652520798998,0.09741157078016574,0.00042317713993430726
1994-11-15,0.9314750091515767,0.06826607920339062,0.0002589116450331005
1994-11-16,0.9551363198799125,0.04471782743745114,0.00014585268263657688
1994-11-17,0.9516559455916493,0.04820368797120851,0.00014036643714263343
1994-11-18,0.9483115608410955,0.051539132014034005,0.00014930714487040625
1994-11-21,0.9213020829994868,0.07844395975521197,0.0002539572453013014
1994-11-22,0.16969492602589886,0.8226719974760653,0.007633076498035815
1994-11-23,0.3171772616202806,0.6783908730828346,0.004431865296884381
1994-11-25,0.45396041044355745,0.5428848238285885,0.0031547657278540604
1994-11-28,0.6124509088423399,0.3855122927966502,0.002036798361010182
1994-11-29,0.7608543138161791,0.23800228888317587,0.0011433973006453931
1994-11-30,0.8281181578339591,0.17109786022192713,0.0007839819441137018
1994-12-01,0.620260938746495,0.37745002994277865,0.002289031310726193
1994-12-02,0.5769823685154327,0.4201982280802818,0.0028194034042856243
1994-12-05,0.7333821031639519,0.2652027849899148,0.0014151118461330186
1994-12-06,0.8392101732949471,0.1600452512164823,0.0007445754885699895
1994-12-07,0.8709619529910047,0.1284695542012425,0.0005684928077533445
1994-12-08,0.5134526356319407,0.4832383205592075,0.0033090438088518347
1994-12-09,0.6749287905509884,0.32326317672026855,0.0018080327287429425
1994-12-12,0.7671905406670398,0.23159019069315295,0.0012192686398074496
1994-12-13,0.8646999581120782,0.13468326685702625,0.0006167750308952503
1994-12-14,0.7935738172976669,0.20526103793735345,0.0011651447649797244
1994-12-15,0.8801777890575045,0.1192664636022835,0.0005557473402123497
1994-12-16,0.8879968419540265,0.11147909766655985,0.0005240603794133127
1994-12-19,0.9243943654179074,0.07530423227089579,0.00030140231119718384
1994-12-20,0.9460756220453668,0.053738986137455626,0.00018539181717780337
1994-12-21,0.9535957542132482,0.04625634777069652,0.0001478980160552906
1994-12-22,0.9656525001584034,0.034254144217220464,9.335562437654803e-05
1994-12-23,0.9717578741087739,0.028176920498015175,6.520539321124827e-05
1994-12-27,0.9682243669068041,0.0317049233281905,7.07097650051924e-05
1994-12-28,0.9650764825267819,0.03484601538679896,7.750208641921212e-05
1994-12-29,0.9716492638605013,0.02828823241168803,6.250372781102268e-05
1994-12-30,0.9646119874409833,0.035312326267084054,7.568629193300129e-05
1995-01-03,0.9706443520647925,0.029291078181618472,6.456975358874127e-05
1995-01-04,0.9729108132917292,0.027032178361940315,5.700834633039579e-05
1995-01-05,0.9742866290005637,0.02566320299769724,5.016800173884782e-05
1995-01-06,0.976153905594268,0.023801664422788377,4.44299829441432e-05
1995-01-09,0.9768904127627832,0.02306855587733841,4.1031359878593106e-05
1995-01-10,0.9773938134440371,0.02256680000507018,3.938655089218116e-05
1995-01-11,0.9772683110206493,0.022692950751784385,3.8738227566742964e-05
1995-01-12,0.9772064354177609,0.02275478097103304,3.878361120615085e-05
1995-01-13,0.9510127507846033,0.04887890449061151,0.00010834472478515685
1995-01-16,0.945870350463184,0.053971528603613844,0.00015812093320191075
1995-01-17,0.9623123031329577,0.03758237455844873,0.0001053223085936934
1995-01-18,0.9689998026326365,0.03092500195680374,7.519541055996026e-05
1995-01-19,0.9518183406852362,0.04806494281203779,0.0001167165027264106
1995-01-20,0.9475883678649577,0.05226732795624385,0.0001443041787983616
1995-01-23,0.9627554764007454,0.03714247989089319,0.00010204370836135369
1995-01-24,0.9701507718380782,0.02977781483015707,7.141333176520735e-05
1995-01-25,0.9727918302261739,0.02714935650647324,5.881326735318199e-05
1995-01-26,0.9753968064064521,0.02455461370135852,4.857989218924464e-05
1995-01-27,0.9738080827904441,0.02614144739366431,5.0469815891756534e-05
1995-01-30,0.9665954343215643,0.033338099762576456,6.646591585915203e-05
1995-01-31,0.9697673945843762,0.030165943011989167,6.666240363479962e-05
1995-02-01,0.9735128402484123,0.026432376057431588,5.4783694156373936e-05
1995-02-02,0.9712417686497318,0.028699064654972017,5.916669529625688e-05
1995-02-03,0.8934837845982373,0.10617920517922096,0.00033701022254155344
1995-02-06,0.9230487430952821,0.07667122041193446,0.0002800364927836961
1995-02-07,0.9486433243552049,0.05118687678138174,0.00016979886341365131
1995-02-08,0.9636102022572683,0.0362861852522641,0.00010361249046757229
1995-02-09,0.9669392453186264,0.032980044420004274,8.071026136934216e-05
1995-02-10,0.9720405157748441,0.027896739254828037,6.274497032772599e-05
1995-02-13,0.9749234717170633,0.02502629940973741,5.0228873199588774e-05
1995-02-14,0.9764350163726313,0.023521055300472028,4.392832689668858e-05
1995-02-15,0.9749128061416765,0.025040834438480427,4.6359419843328703e-05
1995-02-16,0.9765276665288216,0.023429499591943497,4.283387923478031e-05
1995-02-17,0.9518003267047511,0.04810067792949779,9.899536575089684e-05
1995-02-21,0.9652145040326163,0.034700115776804825,8.538019057880544e-05
1995-02-22,0.967099066047791,0.03282162637467601,7.930757753241491e-05
1995-02-23,0.9705779808267406,0.029354941243081842,6.707793017716321e-05
1995-02-24,0.9739916314030888,0.025954037359271563,5.433123763926432e-05
1995-02-27,0.9213225416670051,0.07848198042504709,0.00019547790794802771
1995-02-28,0.922684758338761,0.07704789696873032,0.00026734469250868476
1995-03-01,0.9353204884166154,0.06445936060990123,0.0002201509734836307
1995-03-02,0.9542282854934963,0.0456298896771757,0.00014182482932846672
1995-03-03,0.9662853317062621,0.03362426554593875,9.040274779919308e-05
1995-03-06,0.9721312694021734,0.02780513088932882,6.359970849720112e-05
1995-03-07,0.9418141841088218,0.05804552965387982,0.0001402862372984958
1995-03-08,0.95995291925939,0.03993794302859511,0.0001091377120147685
1995-03-09,0.9687183841449588,0.03120473534016924,7.688051487210937e-05
1995-03-10,0.8617074479563429,0.13778348725922815,0.0005090647844292637
1995-03-13,0.9185954219600666,0.081102230555663,0.00030234748427032925
1995-03-14,0.934744504662352,0.06501407207926982,0.00024142325837835953
1995-03-15,0.9508443871646217,0.04899665228586889,0.00015896054950968974
1995-03-16,0.946822976429939,0.05300506782572522,0.00017195574433593707
1995-03-17,0.9623236966773366,0.03756866220598035,0.00010764111668341278
1995-03-20,0.970429032038869,0.029498848409403963,7.21195517271379e-05
1995-03-21,0.9705223393716838,0.029414532049878976,6.312857843764755e-05
1995-03-22,0.9744114249380338,0.025536514147945655,5.206091402062893e-05
1995-03-23,0.9761543822364572,0.023800891006678856,4.4726756863771084e-05
1995-03-24,0.942012756292753,0.0578471972092268,0.0001400464980199475
1995-03-27,0.955340737878558,0.044532152298506565,0.0001271098229357446
1995-03-28,0.9669988501737987,0.03291536378188693,8.578604431468068e-05
1995-03-29,0.9700048265393981,0.029927160459704488,6.801300089713126e-05
1995-03-30,0.9711182865774787,0.028820937085920217,6.077633660092797e-05
1995-03-31,0.968541463361741,0.03139325970882656,6.52769294328141e-05
1995-04-03,0.9731197417350506,0.02682382815474055,5.643011020905248e-05
1995-04-04,0.9650938862779834,0.03482906738189078,7.704634012569626e-05
1995-04-05,0.9716497561772799,0.028287838853676906,6.240496904296234e-05
1995-04-06,0.974939647366937,0.025009994558980165,5.035807408323538e-05
1995-04-07,0.9764495607098665,0.02350683374781568,4.360554231768634e-05
1995-04-10,0.9772720398026522,0.022687827539120468,4.013265822772422e-05
1995-04-11,0.9724586370158216,0.02749256598107054,4.87970031080806e-05
1995-04-12,0.97415449681354,0.025795427314455357,5.00758720047321e-05
1995-04-13,0.9738131052147684,0.026135863934073515,5.103085115764758e-05
1995-04-17,0.9543754103195802,0.045526812164104626,9.777751631521786e-05
1995-04-18,0.9633452591568623,0.03656504340224821,8.96974408898354e-05
1995-04-19,0.9692718374893583,0.030657016224609604,7.114628603228145e-05
1995-04-20,0.9737195065285732,0.02622507073923414,5.5422732192777856e-05
1995-04-21,0.9672885648165082,0.03264112560897014,7.030957452159582e-05
1995-04-24,0.9481138863848527,0.05174841789288483,0.00013769572226240108
1995-04-25,0.9598744390658079,0.04001715190474567,0.00010840902944622923
1995-04-26,0.9692192557847819,0.03070510503459642,7.56391806226981e-05
1995-04-27,0.9737114383402642,0.02623189529983191,5.6666359903469185e-05
1995-04-28,0.9756656056315143,0.02428696654673154,4.7427821754203304e-05
1995-05-01,0.9755962610760792,0.024359325667766597,4.441325615364407e-05
1995-05-02,0.9768605369300303,0.023098009112261075,4.1453957708557e-05
1995-05-03,0.9322724804283445,0.06755954225960413,0.0001679773120511855
1995-05-04,0.9548238790139523,0.0450479285277376,0.0001281924583103977
1995-05-05,0.9650173483597283,0.034891369200153816,9.128244011824035e-05
1995-05-08,0.9558896754032161,0.043991408463090007,0.00011891613369425738
1995-05-09,0.9656389255120631,0.03427350092303453,8.757356490217958e-05
1995-05-10,0.9720191254520444,0.027917113795294803,6.376075266045024e-05
1995-05-11,0.9746738485792505,0.02527519616603547,5.095525471396973e-05
1995-05-12,0.9761397245156761,0.023815344057179014,4.493142714451444e-05
1995-05-15,0.9746807778400195,0.025271983743771997,4.723841620848947e-05
1995-05-16,0.9763743945178966,0.0235823276995106,4.327778259294252e-05
1995-05-17,0.9738877222005753,0.026065405793278783,4.687200614556082e-05
1995-05-18,0.6811305974240911,0.31771412109111674,0.001155281484792156
1995-05-19,0.8025410870945918,0.19665897147935021,0.0007999414260580321
1995-05-22,0.7996284616919568,0.19936974602497953,0.00100179228306374
1995-05-23,0.7697011550451239,0.2289852631593799,0.0013135817954960625
1995-05-24,0.8641808239038722,0.1351793983246703,0.0006397777714576106
1995-05-25,0.9185029959355353,0.08116589240796784,0.00033111165649679376
1995-05-26,0.8218112003954383,0.1773536831284655,0.0008351164760965354
1995-05-30,0.8943729186309834,0.10518238644474999,0.00044469492426693245
1995-05-31,0.25156040192159046,0.7402412183867247,0.008198379691684823
1995-06-01,0.42531166223441585,0.5705649903928881,0.004123347372695985
1995-06-02,0.5821863982736992,0.41544307957775245,0.0023705221485483905
1995-06-05,0.6889932932849455,0.30932621818159406,0.0016804885334605732
1995-06-06,0.8122329029173578,0.18688123427603634,0.0008858628066063285
1995-06-07,0.8443871650250495,0.15490074381878785,0.0007120911561624853
1995-06-08,0.9013974129589839,0.09819471360034351,0.00040787344067270227
1995-06-09,0.8354553001946615,0.16378422208552532,0.0007604777198130398
1995-06-12,0.8825513453256175,0.11691782681170043,0.0005308278626824475
1995-06-13,0.8453753273897937,0.15382520116144985,0.0007994714487565924
1995-06-14,0.9095642932057713,0.09004624043348718,0.0003894663607421192
1995-06-15,0.9439804289730337,0.05581531253426393,0.00020425849270281352
1995-06-16,0.9542836048948935,0.04556806857178388,0.00014832653332293668
1995-06-19,0.9186512116442849,0.08105100126734746,0.0002977870883674631
1995-06-20,0.9468655884827898,0.052956277517917226,0.00017813399929273685
1995-06-21,0.9583627528296719,0.041515101564428246,0.00012214560589994203
1995-06-22,0.847843819652641,0.1515074911244168,0.0006486892229420683
1995-06-23,0.8962407028841505,0.1033369778791235,0.00042231923672597833
1995-06-26,0.7495362918721495,0.24916162671295164,0.0013020814148991219
1995-06-27,0.8220161187398649,0.1771416829801408,0.0008421982799938594
1995-06-28,0.8861449303943644,0.11335028061897755,0.0005047889866584392
1995-06-29,0.9251789891013006,0.07452963995466935,0.0002913709440306076
1995-06-30,0.9518834502938507,0.04795440035875454,0.00016214934739528365
1995-07-03,0.9613000080703776,0.03858598676012476,0.00011400516949786239
1995-07-05,0.9696040251695032,0.03032057501182595,7.539981867051025e-05
1995-07-06,0.8929807960644525,0.10665820810707256,0.0003609958284747412
1995-07-07,0.9281178143691592,0.07162163077746277,0.0002605548533784502
1995-07-10,0.9534138699494942,0.04643478741227946,0.00015134263822588146
1995-07-11,0.9509399475944487,0.048916078041405825,0.00014397436414532286
1995-07-12,0.8947378659824057,0.10485304903412246,0.0004090849834718083
1995-07-13,0.9354334718057027,0.06433346362562917,0.00023306456866746872
1995-07-14,0.9514970882935506,0.048348019173945,0.00015489253250394955
1995-07-17,0.9586263429395956,0.0412509995799424,0.0001226574804616387
1995-07-18,0.9219559860555566,0.07780108007460641,0.00024293386983733766
1995-07-19,0.5756029864503485,0.42196569342335905,0.0024313201262927877
1995-07-20,0.7074134738187543,0.2910534483712823,0.0015330778099633072
1995-07-21,0.8254216912399994,0.17376983968934998,0.0008084690706502915
1995-07-24,0.8773187937831334,0.12212449906068104,0.0005567071561855557
1995-07-25,0.8784591671352896,0.1209630787663985,0.0005777540983117357
1995-07-26,0.9276008934991281,0.07210894127275698,0.0002901652281146229
1995-07-27,0.9361090862100743,0.06364924391728241,0.00024166987264359076
1995-07-28,0.9408346668650865,0.05896514855186454,0.0002001845830487162
1995-07-31,0.9559137061293408,0.04395272745300285,0.0001335664176563695
1995-08-01,0.95281020605704,0.047057000881317694,0.00013279306164217026
1995-08-02,0.96251353042248,0.03738673898240696,9.973059511244199e-05
1995-08-03,0.9698710948757325,0.030057206954006734,7.169817026063826e-05
1995-08-04,0.9738337999937674,0.02611114817366117,5.505183257153453e-05
1995-08-07,0.9758766056148375,0.02407691514755202,4.647923761089057e-05
1995-08-08,0.9768930426616244,0.023065376343320548,4.1580995054701835e-05
1995-08-09,0.9757684229340098,0.024189228642501663,4.2348423488997086e-05
1995-08-10,0.9677322825888197,0.03220712977797988,6.058763320030732e-05
1995-08-11,0.9615721875560603,0.03834364866185789,8.416378208183705e-05
1995-08-14,0.945859715964392,0.05398857426393621,0.0001517097716718913
1995-08-15,0.9569706675774436,0.042908748316516546,0.00012058410603968022
1995-08-16,0.9672050668636083,0.032710230431609894,8.470270478186286e-05
1995-08-17,0.9698827926462852,0.030049126123719794,6.808122999502743e-05
1995-08-18,0.9738174530989214,0.026128179944976862,5.436695610148424e-05
1995-08-21,0.9728112554378177,0.027136053508707417,5.269105347495292e-05
1995-08-22,0.97504290862313,0.024908677775631813,4.841360123791696e-05
1995-08-23,0.9663260075464484,0.033607984573855956,6.600787969594785e-05
1995-08-24,0.9722163261390824,0.027725078713289164,5.8595147628333214e-05
1995-08-25,0.9713738325136368,0.02856624849253767,5.9918993825392076e-05
1995-08-28,0.9716767935848999,0.02826591148809536,5.729492700496614e-05
1995-08-29,0.9749124946974361,0.025037882681204524,4.962262135964203e-05
1995-08-30,0.9764928268957661,0.023463556289893946,4.361681434037313e-05
1995-08-31,0.9772397309329321,0.022719944013328428,4.032505373937766e-05
1995-09-01,0.9762796471964101,0.023678350965871838,4.200183771778131e-05
1995-09-05,0.9493579056544393,0.05052635218369099,0.00011574216186961652
1995-09-06,0.9639402694260814,0.0359672561655139,9.247440840440017e-05
1995-09-07,0.9708334713644071,0.029098919941398967,6.760869419355037e-05
1995-09-08,0.9718065955753958,0.02813251993618083,6.0884488423534915e-05
1995-09-11,0.9747971447875454,0.02515211622719844,5.073898525611335e-05
1995-09-12,0.973256715100311,0.026690749241601797,5.253565808701649e-05
1995-09-13,0.9735838183211125,0.02636385832215793,5.2323356729814274e-05
1995-09-14,0.956044676016678,0.0438530689084681,0.000102255074854332
1995-09-15,0.9661946779273869,0.03372275862476018,8.256344785296285e-05
1995-09-18,0.9705767977374419,0.029357293801175063,6.590846138356627e-05
1995-09-19,0.9739987419695293,0.025947185040507765,5.407298996287803e-05
1995-09-20,0.9730928127631893,0.026853299185825037,5.388805098574436e-05
1995-09-21,0.9508926890131645,0.048998494703444626,0.00010881628339133215
1995-09-22,0.9595097118334364,0.0403868811335597,0.00010340703300412238
1995-09-25,0.9685802163940039,0.03134363677193207,7.614683406389325e-05
1995-09-26,0.9722384654440535,0.027701541787879196,5.999276806736007e-05
1995-09-27,0.9741507979918443,0.025797915351806762,5.128665634839268e-05
1995-09-28,0.9568937146119965,0.04300727267555362,9.901271244974385e-05
1995-09-29,0.9618910982357661,0.03801458087291812,9.432089131565421e-05
1995-10-02,0.955215266707681,0.04467109517714254,0.00011363811517650001
1995-10-03,0.9669253796954782,0.03299144986791171,8.317043661005073e-05
1995-10-04,0.9700721781617014,0.029860548847851606,6.727299044725111e-05
1995-10-05,0.9740271164347652,0.02591870478278394,5.4178782450877225e-05
1995-10-06,0.9754519962359756,0.024501313021126802,4.6690742897738404e-05
1995-10-09,0.9470813117443376,0.052804556850055424,0.00011413140560712945
1995-10-10,0.9594949261343849,0.04040078588118453,0.00010428798443116487
1995-10-11,0.9673723104507367,0.032546087682875285,8.160186638843763e-05
1995-10-12,0.9633738318895346,0.03653562766599121,9.054044447435486e-05
1995-10-13,0.9704824775063431,0.029448408140566505,6.911435308992849e-05
1995-10-16,0.9696305182905122,0.030304782472057243,6.469923743018758e-05
1995-10-17,0.9641920945620779,0.0357250519271384,8.28535107836437e-05
1995-10-18,0.9713295735122536,0.02860579318336649,6.463330437978311e-05
1995-10-19,0.9688677815354165,0.031063511319490075,6.870714509354744e-05
1995-10-20,0.9552793259819156,0.04461659555479727,0.00010407846328688611
1995-10-23,0.9536804416273883,0.04619862146167959,0.00012093691093222354
1995-10-24,0.9655307410498385,0.03437964246515607,8.961648500567235e-05
1995-10-25,0.9381265711738065,0.06170610577937179,0.00016732304682149502
1995-10-26,0.833698232531707,0.1656446564256139,0.000657111042679217
1995-10-27,0.8855320887355915,0.11398640293427582,0.00048150833013250506
1995-10-30,0.9103146188556819,0.08930859542711189,0.00037678571720586157
1995-10-31,0.9313805766491124,0.06836372629657099,0.000255697054316591
1995-11-01,0.9484958947420147,0.05132756914875037,0.00017653610923540884
1995-11-02,0.9211412025511223,0.07856307907384587,0.0002957183750313994
1995-11-03,0.9498814204451892,0.04995003017188029,0.00016854938293059317
1995-11-06,0.9529829178933531,0.046876957446640014,0.00014012466000672667
1995-11-07,0.9546424384271949,0.04523001785516294,0.00012754371764228857
1995-11-08,0.9303421527492807,0.06942556299894798,0.00023228425177147522
1995-11-09,0.9535593639878805,0.046293301293887076,0.00014733471823263132
1995-11-10,0.9641814037012462,0.03572088563829197,9.771066046191366e-05
1995-11-13,0.969974860535273,0.029954285036037854,7.085442868930856e-05
1995-11-14,0.9582659429807165,0.04163797797187911,9.60790474045373e-05
1995-11-15,0.9466770898558775,0.05317000209116136,0.00015290805296099257
1995-11-16,0.9530078847140651,0.0468501947476339,0.00014192053830076908
1995-11-17,0.9611174177182474,0.038772057549191566,0.00011052473256065
1995-11-20,0.9492988237836311,0.050562866654780894,0.00013830956158802585
1995-11-21,0.9546791468652815,0.04518816969130921,0.00013268344340914624
1995-11-22,0.9584043596316623,0.041482318036447856,0.00011332233189019505
1995-11-24,0.9678034250992802,0.0321149779506624,8.159695005704302e-05
1995-11-27,0.9727781195452094,0.027161205153375268,6.0675301415926273e-05
1995-11-28,0.954059925647077,0.04582763249256033,0.00011244186036268865
1995-11-29,0.9661724447161973,0.033741967127826906,8.558815597569028e-05
1995-11-30,0.9627058466773099,0.03720571671220379,8.843661048644311e-05
1995-12-01,0.9699153144159101,0.030014240790705377,7.044479338445947e-05
1995-12-04,0.9205928336499885,0.07916739140577117,0.00023977494424031522
1995-12-05,0.9305773392502116,0.06917760966481848,0.00024505108497004146
1995-12-06,0.9503532923867098,0.049481878393899704,0.00016482921938974776
1995-12-07,0.9287926142904334,0.07097481770955628,0.00023256800001018874
1995-12-08,0.9533643837208955,0.04648876216476939,0.0001468541143350265
1995-12-11,0.9643069726128939,0.035593460779425164,9.956660768061956e-05
1995-12-12,0.9692604939759468,0.030666313104834177,7.319291921846935e-05
1995-12-13,0.969809787865731,0.03012207850530723,6.813362896209769e-05
1995-12-14,0.9335901025123411,0.06624052942514243,0.00016936806251686894
1995-12-15,0.9536122105317427,0.046255204798385706,0.0001325846698721933
1995-12-18,0.47652342361737227,0.5204264312160047,0.0030501451666228585
1995-12-19,0.5026212641189263,0.4942952516623584,0.00308348421871508
1995-12-20,0.31869667942388574,0.6764264616351929,0.004876858940921007
1995-12-21,0.38615707280525885,0.6097796344783206,0.004063292716420698
1995-12-22,0.5696029634288938,0.42804963577444494,0.0023474007966609364
1995-12-26,0.7147862263273175,0.2837800399254926,0.0014337337471902777
1995-12-27,0.8309759747292338,0.16825673116361978,0.0007672941071463306
1995-12-28,0.8976364101690629,0.10193988229303919,0.0004237075378985852
1995-12-29,0.9357142071602726,0.06404435414809767,0.00024143869162972248
1996-01-02,0.9297789272793748,0.06995442340657043,0.00026664931405483914
1996-01-03,0.9542297822353714,0.04562042673914134,0.00014979102548741803
1996-01-04,0.9394847638948829,0.06032889840984805,0.00018633769526970272
1996-01-05,0.955000218364148,0.04486653111569511,0.00013325052015675595
1996-01-08,0.9658425400911868,0.0340658788377724,9.158107104028931e-05
1996-01-09,0.6144160548323405,0.38378610555963,0.0017978396080294632
1996-01-10,0.032341985292297655,0.9550056402135773,0.012652374494125197
1996-01-11,0.07699230436660236,0.914390485636802,0.008617209996595352
1996-01-12,0.17328882543561802,0.821233833172521,0.0054773413918611895
1996-01-15,0.2747791929152168,0.7211071127754485,0.004113694309334961
1996-01-16,0.09124604292297402,0.9001971773443567,0.008556779732669773
1996-01-17,0.16847144457739907,0.8258018055164148,0.005726749906186052
1996-01-18,0.31339390645518994,0.6827062192476957,0.0038998742971144574
1996-01-19,0.4325897557858933,0.5642629761323356,0.0031472680817709936
1996-01-22,0.6121177267122279,0.38593736211390467,0.0019449111738676001
1996-01-23,0.7511489176109397,0.2476917099138928,0.0011593724751673435
1996-01-24,0.6060785391041706,0.3913365600467255,0.00258490084910392
1996-01-25,0.6687518164232622,0.32936342604423724,0.0018847575325005956
1996-01-26,0.7169732426058032,0.2814153436648701,0.0016114137293268787
1996-01-29,0.818658551633113,0.1804304267971302,0.0009110215697567254
1996-01-30,0.7865574448491635,0.2122319059702648,0.00121064918057146
1996-01-31,0.7610146500347885,0.2375448697801822,0.0014404801850290336
1996-02-01,0.8510373961396999,0.14821161808898578,0.0007509857713141016
1996-02-02,0.8802828148216397,0.11917728521917308,0.0005398999591874369
1996-02-05,0.866149768434794,0.1331928967895787,0.0006573347756269148
1996-02-06,0.8761038264895364,0.12329069211154733,0.0006054813989162544
1996-02-07,0.909250057891452,0.09034754851476876,0.0004023935937791032
1996-02-08,0.8803170232374269,0.11910870277890032,0.0005742739836730034
1996-02-09,0.9281646755670468,0.0715473552772438,0.00028796915570915445
1996-02-12,0.9243327600490748,0.07536496959991532,0.0003022703510098068
1996-02-13,0.9472765104327525,0.05254282776803996,0.000180661799207616
1996-02-14,0.910715052050072,0.08897014462793841,0.0003148033219900412
1996-02-15,0.8903014030583336,0.10926911884986902,0.00042947809179706844
1996-02-16,0.8953064921881999,0.10427352519749043,0.00041998261430944555
1996-02-20,0.6780059999024042,0.32018387760939065,0.0018101224882050974
1996-02-21,0.5284951449337972,0.468099337394356,0.0034055176718467755
1996-02-22,0.11300546123117498,0.8755709717179472,0.011423567050877992
1996-02-23,0.24115770547180798,0.7527739450958786,0.006068349432313723
1996-02-26,0.053419387271730144,0.9365574050741837,0.010023207654085924
1996-02-27,0.09744086570597069,0.8955818291141867,0.006977305179842535
1996-02-28,0.16892745650264523,0.8258881861139182,0.005184357383436522
1996-02-29,0.17920982416800396,0.8157150148956019,0.005075160936393805
1996-03-01,0.27432785281856825,0.7214225122717877,0.00424963490964398
1996-03-04,0.24580095679945646,0.7490161727913336,0.0051828704092101285
1996-03-05,0.30569598517522795,0.6897570927883445,0.004546922036427718
1996-03-06,0.34310503883997323,0.6529164287156374,0.0039785324443894175
1996-03-07,0.5251778836268195,0.47233002389378737,0.002492092479393051
1996-03-08,6.520991704771872e-06,0.902791494161086,0.0972019848472091
1996-03-11,0.01908169932078436,0.9221667361901351,0.0587515644890807
1996-03-12,0.05959917852389514,0.9122070290447248,0.028193792431379948
1996-03-13,0.15722912240133718,0.8299067954256709,0.012864082172992272
1996-03-14,0.29291132341746656,0.7005300467191582,0.0065586298633751455
1996-03-15,0.4760260928025245,0.5205746880732232,0.0033992191242519718
1996-03-18,0.06868857623802482,0.91875839109724,0.0125530326647354
1996-03-19,0.1606560326747368,0.8323448088709029,0.006999158454360225
1996-03-20,0.2732339026868106,0.7221810374053502,0.004585059907839396
1996-03-21,0.43513775226599427,0.561852133781232,0.0030101139527737345
1996-03-22,0.6168067166755282,0.38131504333409166,0.0018782399903803744
1996-03-25,0.7556566450433697,0.24321759307996718,0.0011257618766628368
1996-03-26,0.8411720964984005,0.15810241516441179,0.0007254883371875846
1996-03-27,0.8311556885866646,0.1680499852570335,0.0007943261563019434
1996-03-28,0.9002552385822854,0.09932718734130809,0.00041757407640658916
1996-03-29,0.9008180300787805,0.09877896490680511,0.00040300501441474133
1996-04-01,0.7530212814824158,0.24551449249592666,0.001464226021657136
1996-04-02,0.8544710690330212,0.14481761794369202,0.0007113130232868571
1996-04-03,0.9146795089621993,0.08496458811398888,0.0003559029238118717
1996-04-04,0.9455614028360595,0.054245400770423044,0.0001931963935174296
1996-04-08,0.231076879370269,0.7624769774961374,0.006446143133593507
1996-04-09,0.3468188137134302,0.6490114001250765,0.004169786161493411
1996-04-10,0.07165011013489841,0.9192839537583685,0.00906593610673321
1996-04-11,0.13850061315361564,0.8553955436145478,0.006103843231836343
1996-04-12,0.162854910515303,0.8312356603245806,0.005909429160116709
1996-04-15,0.17763771495538247,0.8164719061397444,0.005890378904872958
1996-04-16,0.3157999265905466,0.68017058402944,0.004029489380013388
1996-04-17,0.37324182735166833,0.6232211396514946,0.003537032996837151
1996-04-18,0.5501550491141673,0.44754246112736457,0.0023024897584679564
1996-04-19,0.7136485921919291,0.28498576143029636,0.0013656463777746138
1996-04-22,0.8142026813608785,0.18492793614341235,0.000869382495709112
1996-04-23,0.866676692639133,0.13270586689765687,0.0006174404632099616
1996-04-24,0.9102667600639376,0.08936511860633259,0.00036812132972969635
1996-04-25,0.9386648244954905,0.06110612307630028,0.00022905242820915196
1996-04-26,0.9586833451040997,0.04118715414764188,0.00012950074825811427
1996-04-29,0.9686370288355471,0.031281526992679054,8.1444171773959e-05
1996-04-30,0.9730043068242151,0.0269364930595909,5.920011619359137e-05
1996-05-01,0.9754960382972935,0.024455947394222587,4.801430848380658e-05
1996-05-02,0.3973982019890084,0.5997035907695156,0.002898207241475905
1996-05-03,0.5360552731032726,0.46172120981782727,0.0022235170788999737
1996-05-06,0.6883061745246406,0.3102508570095371,0.0014429684658221363
1996-05-07,0.7586876521706567,0.240181251979304,0.001131095850039223
1996-05-08,0.6957435947454618,0.30245314616154917,0.0018032590929890503
1996-05-09,0.8200215618999748,0.1790934966776932,0.000884941422332114
1996-05-10,0.7579329703105869,0.24063943619883005,0.0014275934905829191
1996-05-13,0.4170090768092133,0.5777123251790783,0.005278598011708147
1996-05-14,0.5299022640083405,0.46677144530004455,0.003326290691615319
1996-05-15,0.6943258792665244,0.3039913458459127,0.0016827748875629781
1996-05-16,0.8108312283067193,0.1882664751483432,0.0009022965449373694
1996-05-17,0.858755658835745,0.14057396799680158,0.0006703731674532552
1996-05-20,0.8895106897142471,0.10998135312440221,0.000507957161350611
1996-05-21,0.9309139705871671,0.06881699616839479,0.00026903324443887974
1996-05-22,0.9184370339438971,0.08123303894505127,0.0003299271110514555
1996-05-23,0.9325667313098602,0.06718757774017173,0.0002456909499681367
1996-05-24,0.9524362415077571,0.047406539746268114,0.0001572187459752211
1996-05-28,0.8778109794249558,0.12173451393929535,0.0004545066357487395
1996-05-29,0.8610463198376019,0.13836766892512858,0.0005860112372692648
1996-05-30,0.8987101281983638,0.10085753285624671,0.00043233894538994026
1996-05-31,0.9169919935606644,0.08268240469530819,0.00032560174402732403
1996-06-03,0.9402152884738838,0.059574611297867675,0.0002101002282479402
1996-06-04,0.9378942097601746,0.06188502739555289,0.00022076284427253627
1996-06-05,0.9202891153102406,0.07940231914509345,0.0003085655446659585
1996-06-06,0.8679255920462957,0.13151521995391288,0.0005591879997916022
1996-06-07,0.9214132407452702,0.07828211835264594,0.00030464090208393615
1996-06-10,0.9446319784077641,0.05517797250220507,0.00019004909003094908
1996-06-11,0.9573266774984405,0.04254563002498493,0.0001276924765749885
1996-06-12,0.9607660708033804,0.03912906166609595,0.00010486753052371128
1996-06-13,0.9663861509721259,0.03353129857078731,8.255045708707571e-05
1996-06-14,0.9653806752132854,0.034539328778091336,7.99960086226775e-05
1996-06-17,0.9700867250826187,0.029846528628593296,6.67462887879738e-05
1996-06-18,0.9608181602589858,0.03909427869187683,8.756104913735991e-05
1996-06-19,0.9689572648070293,0.030970915812098633,7.181938087184933e-05
1996-06-20,0.9733045877655635,0.026638895795703072,5.6516438732582035e-05
1996-06-21,0.9632661201690942,0.036651509876827235,8.23699540789724e-05
1996-06-24,0.9697931065926659,0.030137177518615284,6.971588871865962e-05
1996-06-25,0.9730165846203627,0.026926877020418245,5.6538359218888365e-05
1996-06-26,0.9534150539682364,0.04648184530857773,0.00010310072318586971
1996-06-27,0.9543596804199783,0.04551483319981094,0.00012548638021060552
1996-06-28,0.9651287518426462,0.03477888525917632,9.23628981774005e-05
1996-07-01,0.9529476125498852,0.04692252165173972,0.00012986579837482307
1996-07-02,0.9560072303609873,0.04387262210255936,0.00012014753645309587
1996-07-03,0.9634937915179036,0.03641191570571964,9.429277637666749e-05
1996-07-05,0.03551578443859258,0.9530626622808683,0.011421553280539131
1996-07-08,0.04954469370897826,0.9417091295607283,0.008746176730293369
1996-07-09,0.13476312320440614,0.8594362004035584,0.005800676392035553
1996-07-10,0.2734665543461648,0.7225189955420752,0.0040144501117600215
1996-07-11,0.02210772494730737,0.9667280954479722,0.01116417960472053
1996-07-12,0.09345420568918061,0.89981612732773,0.006729666983089322
1996-07-15,4.2107816675939726e-05,0.9539926879137449,0.04596520426957895
1996-07-16,0.04537458062762708,0.9333196091800658,0.02130581019230705
1996-07-17,0.06818076276624259,0.9177050636283803,0.014114173605376906
1996-07-18,0.020080010308349508,0.9626832896028871,0.017236700088763414
1996-07-19,0.03692343671258934,0.951429479509683,0.01164708377772784
1996-07-22,0.047474678214459394,0.9435008115324606,0.009024510253080131
1996-07-23,0.025268199075435694,0.965105188281223,0.009626612643341189
1996-07-24,0.0964765031982973,0.8973814960705272,0.006142000731175546
1996-07-25,0.15215231874753343,0.842405181993793,0.0054424992586733275
1996-07-26,0.20944023011890997,0.7855726385977853,0.004987131283304561
1996-07-29,0.1783855750844855,0.816223103863913,0.00539132105160156
1996-07-30,0.2546447121266479,0.7407295701905924,0.00462571768275951
1996-07-31,0.32391696767376776,0.6719240937360647,0.004158938590167678
1996-08-01,0.07276892132904102,0.916960005833969,0.01027107283699025
1996-08-02,0.004128493887686571,0.9736195977150541,0.02225190839725969
1996-08-05,0.047076893148474463,0.9410451627769427,0.011877944074582612
1996-08-06,0.13156349374798357,0.8614385711438655,0.006997935108150988
1996-08-07,0.2653419798086561,0.7301512499016105,0.004506770289733089
1996-08-08,0.4050829189537774,0.5917388471560523,0.003178233890170246
1996-08-09,0.5795432610739251,0.4184045436449036,0.002052195281171238
1996-08-12,0.6927448169268441,0.3057134500834305,0.0015417329897257186
1996-08-13,0.5893741178223807,0.40824144366752785,0.0023844385100918594
1996-08-14,0.7405116946090143,0.2581760720745927,0.0013122333163929699
1996-08-15,0.8471805093599337,0.152129468512812,0.0006900221272547236
1996-08-16,0.9002141749269081,0.09935826621851607,0.00042755885457567474
1996-08-19,0.9386876980331315,0.06108298322476101,0.00022931874210784463
1996-08-20,0.955348065484412,0.04451081386504686,0.0001411206505415329
1996-08-21,0.9650726847458044,0.03483344244684312,9.387280735284834e-05
1996-08-22,0.9480735382194672,0.05177804167083215,0.00014842010970086915
1996-08-23,0.9380554283324168,0.061756465828763575,0.00018810583881931966
1996-08-26,0.9368495593285321,0.06294946150256928,0.0002009791688988972
1996-08-27,0.9545091241306517,0.04534942949272506,0.0001414463766235509
1996-08-28,0.9608889555281767,0.039003803175590955,0.00010724129623281897
1996-08-29,0.827896528869343,0.1714640401757818,0.0006394309548754207
1996-08-30,0.7479371184422245,0.2508412420870252,0.00122163947075057
1996-09-03,0.839334238891726,0.15992053322591482,0.0007452278823593629
1996-09-04,0.9064199300716086,0.0931918748883854,0.00038819504000604766
1996-09-05,0.8007479813253636,0.19827776204127387,0.000974256633362313
1996-09-06,0.764476724120281,0.23417956121992395,0.0013437146597950335
1996-09-09,0.5824917209191026,0.4143939539176967,0.0031143251632008637
1996-09-10,0.7378123932204116,0.26071500424994937,0.0014726025296392625
1996-09-11,0.8199782021414388,0.17910230348400838,0.000919494374553195
1996-09-12,0.8693471954689431,0.13002530894327435,0.0006274955877823543
1996-09-13,0.6185669917053103,0.37862177650438344,0.0028112317903061486
1996-09-16,0.7343487661289885,0.2640681980586754,0.0015830358123363477
1996-09-17,0.8318247784323999,0.16734747536313133,0.0008277462044690145
1996-09-18,0.8888527422496894,0.11066410413110891,0.00048315361920209395
1996-09-19,0.9324439677304005,0.06729611339117386,0.0002599188784256837
1996-09-20,0.9429138197793218,0.05688131814092024,0.00020486207975786518
1996-09-23,0.9588485668485877,0.041026510310251806,0.00012492284116038548
1996-09-24,0.9662568105440299,0.033655998455915895,8.719100005382096e-05
1996-09-25,0.9720504659019926,0.02788638045944402,6.31536385630918e-05
1996-09-26,0.9747075165744702,0.025241731657578585,5.075176795073538e-05
1996-09-27,0.9762627339901453,0.023693140588073196,4.4125421781713595e-05
1996-09-30,0.977140361776151,0.022818936431153722,4.070179269473185e-05
1996-10-01,0.9771569044248224,0.02280316502913197,3.9930546045923e-05
1996-10-02,0.9660687536983187,0.03386376971371848,6.747658796288595e-05
1996-10-03,0.9690222899810074,0.030911030375560682,6.667964343123574e-05
1996-10-04,0.8856199214837364,0.11399784930824383,0.00038222920801978086
1996-10-07,0.9298550374145631,0.06989659761657722,0.0002483649688598363
1996-10-08,0.9381350961728661,0.061656336006740434,0.00020856782039316266
1996-10-09,0.9285723868174336,0.07118564798044033,0.0002419652021261472
1996-10-10,0.9423940624833812,0.05741728575644141,0.00018865176017709436
1996-10-11,0.924844993340126,0.07487854303085986,0.00027646362901397883
1996-10-14,0.9469752228433531,0.052842279987591896,0.0001824971690548759
1996-10-15,0.9596899650860573,0.040191499742981356,0.00011853517096128711
1996-10-16,0.9684543353084957,0.0314648808936068,8.078379789784188e-05
1996-10-17,0.9715094390559013,0.02842593252466758,6.462841943120775e-05
1996-10-18,0.9691202499369584,0.030811798580007484,6.795148303436203e-05
1996-10-21,0.9714725625278224,0.02846737679688202,6.006067529558419e-05
1996-10-22,0.9620352137511591,0.037883022939128215,8.176330971265577e-05
1996-10-23,0.9702553549299288,0.02967723584053541,6.740922953561674e-05
1996-10-24,0.9419048785135663,0.05795230122299739,0.0001428202634361037
1996-10-25,0.9552146577191449,0.04466192072967427,0.00012342155118113076
1996-10-28,0.9457503632359245,0.05409584503247439,0.00015379173160105132
1996-10-29,0.9503768858869587,0.049470845353290285,0.0001522687597507993
1996-10-30,0.9626267880586737,0.037270060418177924,0.0001031515231488354
1996-10-31,0.9605049452671299,0.03938909771599906,0.0001059570168709696
1996-11-01,0.9650761799414798,0.03483718477241935,8.663528610046863e-05
1996-11-04,0.9686841672761157,0.03124134609740711,7.448662647648377e-05
1996-11-05,0.9280097833278932,0.07177606519929323,0.0002141514728133793
1996-11-06,0.6929687042561261,0.3052421381735335,0.0017891575703404552
1996-11-07,0.8016386602405818,0.19734675642066346,0.001014583338755121
1996-11-08,0.8725172951264513,0.12688960063864269,0.0005931042349060351
1996-11-11,0.9244995340253518,0.07519727079863704,0.0003031951760112104
1996-11-12,0.9392693371183424,0.06051612906594634,0.00021453381571132606
1996-11-13,0.9586577365686314,0.041214305360929473,0.00012795807043971028
1996-11-14,0.9565824435364696,0.043290955872540546,0.00012660059098958224
1996-11-15,0.9671429184974456,0.03277110384439625,8.597765815796948e-05
1996-11-18,0.9713372616763741,0.028598210945533276,6.45273780925038e-05
1996-11-19,0.9628040163306095,0.03710913792704047,8.684574235008695e-05
1996-11-20,0.9701897843139691,0.029741004169213464,6.921151681716537e-05
1996-11-21,0.9715749475126639,0.028365187125976958,5.986536135870908e-05
1996-11-22,0.9565787727423543,0.043316809907337744,0.0001044173503078473
1996-11-25,0.9009463168600588,0.09870298501201435,0.0003506981279271751
1996-11-26,0.9342984250583526,0.0654725595862187,0.00022901535542830826
1996-11-27,0.953154339720364,0.046698432820736255,0.00014722745889939618
1996-11-29,0.9651109531488286,0.03479266418657674,9.638266459448472e-05
1996-12-02,0.9705855058093599,0.029345624690717265,6.88694999231077e-05
1996-12-03,0.8589285210218621,0.14063250369098465,0.0004389752871533845
1996-12-04,0.8839173153555075,0.11564585085141091,0.00043683379308133067
1996-12-05,0.9265197843311045,0.07321185319742847,0.00026836247146682133
1996-12-06,0.9067268649470083,0.09292117677130893,0.00035195828168269896
1996-12-09,0.7064434633595452,0.29174198844146804,0.0018145481989867663
1996-12-10,0.7933775678222037,0.2055543255234418,0.001068106654354508
1996-12-11,0.6614947972060594,0.3364998520970518,0.0020053506968884796
1996-12-12,0.11247610153064352,0.8778508348509529,0.009673063618403486
1996-12-13,0.231717546956834,0.7627328492336953,0.005549603809470667
1996-12-16,0.10949516482665785,0.8831665889821166,0.0073382461912254275
1996-12-17,0.17142638541826014,0.8227416784068275,0.00583193617491249
1996-12-18,0.22853525896088886,0.76635450093787,0.005110240101240822
1996-12-19,0.011175190484610825,0.9717583870884822,0.017066422426907278
1996-12-20,0.06699814597353956,0.9234020160335434,0.0095998379929174
1996-12-23,0.14606329131001458,0.8478377439159117,0.006098964774073378
1996-12-24,0.2474699127032432,0.7478986983598166,0.004631388936940177
1996-12-26,0.3471535761544959,0.6490092911566575,0.003837132688846742
1996-12-27,0.5343025372457394,0.4633177767066098,0.0023796860476507737
1996-12-30,0.6315506729341228,0.36660964569972,0.0018396813661571572
1996-12-31,0.04545971434917551,0.9425980424252648,0.011942243225559819
1997-01-02,0.0870498027615413,0.9050844617176698,0.00786573552078858
1997-01-03,0.02453788023894854,0.9634233764938614,0.012038743267189952
1997-01-06,0.09465628444716163,0.8982692874143013,0.007074428138536553
1997-01-07,0.14532040197575868,0.8487165724900069,0.005963025534234457
1997-01-08,0.16541782266795396,0.8291966223687658,0.00538555496328024
1997-01-09,0.1934312519274672,0.8011840550948721,0.005384692977660574
1997-01-10,0.291075142726699,0.7046167003509293,0.004308156922371438
1997-01-13,0.4692660064488357,0.5279783238180165,0.0027556697331476464
1997-01-14,0.2915295145913478,0.7031240649803682,0.005346420428283999
1997-01-15,0.43899554830075943,0.5576952543481686,0.0033091973510721217
1997-01-16,0.6105475266068863,0.38741954406076856,0.0020329293323449295
1997-01-17,0.6325705699467932,0.3653046412764428,0.002124788776763852
1997-01-20,0.7765994182900563,0.22230160513585953,0.0010989765740845748
1997-01-21,0.7998303444525894,0.19911988089743324,0.0010497746499775068
1997-01-22,0.870258517877791,0.12912866369302345,0.0006128184291854499
1997-01-23,0.6519570393045285,0.34592310083140904,0.0021198598640619743
1997-01-24,0.5046583477580875,0.49204926788642434,0.0032923843554885186
1997-01-27,0.47095477011431375,0.525668972221657,0.003376257664029195
1997-01-28,0.6468299847067103,0.35131417700211065,0.0018558382911791679
1997-01-29,0.602009726901079,0.3955055025932449,0.0024847705056763513
1997-01-30,0.2249652537510327,0.7670891149241079,0.007945631324859564
1997-01-31,0.3915726774579517,0.6041656515577026,0.004261670984345905
1997-02-03,0.577913095225004,0.4197501348224714,0.0023367699525248488
1997-02-04,0.7282829630470429,0.2703608179245432,0.001356219028413873
1997-02-05,0.2363243375870586,0.7571076561671043,0.0065680062458370065
1997-02-06,0.40632589089578963,0.5899283318705997,0.0037457772336105177
1997-02-07,0.2566812025196239,0.7372738869310523,0.006044910549323705
1997-02-10,0.3138479946702877,0.681586448597877,0.004565556731835488
1997-02-11,0.44916115372534143,0.5476114954215289,0.003227350853129848
1997-02-12,0.08342517592554584,0.9057340628131104,0.010840761261343732
1997-02-13,0.06650875384812646,0.9231547844702019,0.010336461681671693
1997-02-14,0.1252816832772352,0.8679471665161045,0.0067711502066603885
1997-02-18,0.12888858938480607,0.8643338952456984,0.006777515369495577
1997-02-19,0.1908417214878519,0.803977438632656,0.005180839879492041
1997-02-20,0.05992394736634932,0.9319714931564617,0.00810455947718924
1997-02-21,0.14844416159324555,0.8461723292668473,0.005383509139907516
1997-02-24,0.12421139359450728,0.8692671649595349,0.006521441445957756
1997-02-25,0.2575183154375454,0.738144277115234,0.0043374074472207445
1997-02-26,0.21821064827067413,0.7768584418344431,0.00493090989488288
1997-02-27,0.04631046287970829,0.94466309262,0.009026444500291374
1997-02-28,0.08412705934675796,0.9091587350273733,0.006714205625868635
1997-03-03,0.16257619710414822,0.8321593848870102,0.005264418008841254
1997-03-04,0.20732668130221732,0.7879920240199656,0.004681294677816972
1997-03-05,0.07549505593566652,0.9159294728323228,0.008575471232010533
1997-03-06,0.13409713448672608,0.8598494290559605,0.006053436457313502
1997-03-07,0.17657754828898345,0.817861946326416,0.005560505384600434
1997-03-10,0.14043233410788303,0.8528895694162775,0.006678096475839633
1997-03-11,0.24299765801657877,0.7523841204525078,0.004618221530913494
1997-03-12,0.17363928677899737,0.8207678893094299,0.0055928239115725815
1997-03-13,0.004402025946069933,0.9791857007167935,0.016412273337136823
1997-03-14,0.05399894489997636,0.9364845034348388,0.009516551665184796
1997-03-17,0.1431393600464398,0.8508288857621741,0.006031754191386194
1997-03-18,0.13251638164367296,0.8615347854279174,0.005948832928409536
1997-03-19,0.1887182703690593,0.8063736536873793,0.004908075943561577
1997-03-20,0.277131664069417,0.71887950903925,0.003988826891332845
1997-03-21,0.4570874827886023,0.5401951623219291,0.002717354889468884
1997-03-24,0.4740470466311437,0.5228634300715108,0.003089523297345284
1997-03-25,0.6177316904135829,0.3802949165440019,0.0019733930424155285
1997-03-26,0.7660460500738455,0.2328498300953064,0.0011041198308478675
1997-03-27,0.013683696714097112,0.9680979985671486,0.01821830471875452
1997-03-31,0.00012760406957289445,0.95309091968709,0.04678147624333731
1997-04-01,0.05007929658766032,0.9282334464196349,0.021687256992704712
1997-04-02,0.015551087758813986,0.9643363484470567,0.02011256379412916
1997-04-03,0.08092857211973285,0.9088440046560041,0.01022742322426298
1997-04-04,0.08359375895018983,0.9073626438103679,0.009043597239442522
1997-04-07,0.16336469521747307,0.8304494114371743,0.006185893345352452
1997-04-08,0.27483422521957696,0.7206635991352831,0.004502175645140081
1997-04-09,0.25706626865699034,0.7382615667717111,0.0046721645712982035
1997-04-10,0.38165364260817164,0.6149632582006395,0.0033830991911889784
1997-04-11,5.5356635907445214e-05,0.9460815072064268,0.05386313615766557
1997-04-14,0.029278134006436363,0.9409676706727576,0.029754195320806195
1997-04-15,0.012254461074085926,0.9585509471791216,0.029194591746792384
1997-04-16,0.020953102038887002,0.9571579847268384,0.02188891323427427
1997-04-17,0.0793602904905599,0.9094173471448042,0.011222362364636149
1997-04-18,0.15151877721644713,0.841225116441034,0.007256106342518886
1997-04-21,0.13443486967947826,0.8589191223446483,0.006646007975873586
1997-04-22,0.00867143316238883,0.9743170478774809,0.017011518960130673
1997-04-23,0.06439354698432415,0.926382988184147,0.009223464831529065
1997-04-24,0.13523167616631157,0.8586763045865644,0.006092019247123805
1997-04-25,0.12785544050398595,0.8661807826005085,0.005963776895505462
1997-04-28,0.12504152297371132,0.8684747069716163,0.006483770054672162
1997-04-29,8.023975738232212e-05,0.9438540935802022,0.05606566666241559
1997-04-30,0.024715657094555473,0.9427248025496906,0.03255954035575397
1997-05-01,0.07615581170945394,0.9078567317447137,0.01598745654583216
1997-05-02,0.006840947044388499,0.9668498305173355,0.026309222438275708
1997-05-05,0.00048024579874617426,0.9459867378931861,0.05353301630806762
1997-05-06,0.04275355215590394,0.9323515034505767,0.024894944393519476
1997-05-07,0.006458054971896877,0.9664887045209539,0.02705324050714871
1997-05-08,0.05171439529107001,0.9338005597000523,0.014485045008877455
1997-05-09,0.1196761135459938,0.8717037780545595,0.008620108399447008
1997-05-12,0.025899211948085376,0.9603407877371506,0.013760000314764043
1997-05-13,0.06061424840184265,0.930490828048209,0.008894923549948603
1997-05-14,0.15188212334547946,0.8423264971738424,0.005791379480678164
1997-05-15,0.2218447301639309,0.7732063277209099,0.004948942115159409
1997-05-16,0.030294408708464955,0.9594105705196425,0.0102950207718925
1997-05-19,0.09804622235890609,0.8952411937039697,0.006712583937123981
1997-05-20,0.0976749703623527,0.8952706033814668,0.007054426256180545
1997-05-21,0.187358319383414,0.8076700794061651,0.0049716012104207095
1997-05-22,0.26429865978258643,0.7315697019465515,0.004131638270861771
1997-05-23,0.10838178856242138,0.8837930736991588,0.0078251377384198
1997-05-27,0.22784569958580952,0.7671451635589916,0.0050091368551990825
1997-05-28,0.34865050482470283,0.647729578574058,0.003619916601239252
1997-05-29,0.46032694718208994,0.5368505844119604,0.002822468405949489
1997-05-30,0.6018910690318792,0.3960628649791529,0.002046065988967563
1997-06-02,0.7258921934708847,0.27279455334402164,0.0013132531850933169
1997-06-03,0.8303712086088463,0.16887198245656654,0.0007568089345877155
1997-06-04,0.8174655466528364,0.18167149293376747,0.0008629604133958654
1997-06-05,0.885394935011675,0.11409909579383659,0.0005059691944888137
1997-06-06,0.36377681879810597,0.6301132531167045,0.006109928085189486
1997-06-09,0.490787438403357,0.5055341161421631,0.0036784454544799925
1997-06-10,0.6623399411198392,0.3357413647815437,0.0019186940986169665
1997-06-11,0.7691279645404211,0.22967266486099253,0.0011993705985861862
1997-06-12,0.30915968193228244,0.6840428760640207,0.006797442003696994
1997-06-13,0.22836657283220355,0.7641549961910169,0.007478430976779783
1997-06-16,0.39964020064284556,0.5963544437613333,0.004005355595821076
1997-06-17,0.5851071708531052,0.4126531370853341,0.0022396920615609024
1997-06-18,0.601760048907643,0.39606742836841224,0.0021725227239449037
1997-06-19,0.5436902853787803,0.45334410059567615,0.002965614025543349
1997-06-20,0.7107317814932995,0.2877450443373641,0.0015231741693365925
1997-06-23,0.0050000791371760936,0.9715000384138254,0.02349988244899851
1997-06-24,0.0007906451001443229,0.956678712739187,0.04253064216066865
1997-06-25,0.018530511458429808,0.9563178114756564,0.025151677065914087
1997-06-26,0.047691768562979464,0.937966742128017,0.014341489309003728
1997-06-27,0.1269712596331926,0.8648958881191161,0.008132852247691438
1997-06-30,0.23230718311761567,0.7625482946369925,0.005144522245391853
1997-07-01,0.32231789151295204,0.6734828524604896,0.004199256026558515
1997-07-02,0.10354063136259849,0.8875115499269771,0.008947818710424327
1997-07-03,0.03550219253088611,0.9523357761941493,0.012162031274964754
1997-07-07,0.07417788290133366,0.9177713322963802,0.00805078480228612
1997-07-08,0.1263062209236583,0.8673068549483692,0.0063869241279723415
1997-07-09,0.03670651538576361,0.9542053755805425,0.009088109033693866
1997-07-10,0.08414718430945435,0.9089212622672528,0.006931553423292868
1997-07-11,0.19101604872616673,0.8041393350682444,0.004844616205588811
1997-07-14,0.3514552539616904,0.6451627580608899,0.0033819879774197106
1997-07-15,0.39864670536902796,0.5978460140371304,0.003507280593841904
1997-07-16,0.2692466613155562,0.7251741155391198,0.0055792231453236805
1997-07-17,0.3237434719163569,0.6718958704310695,0.004360657652573784
1997-07-18,0.013311080955008927,0.9722420671564618,0.014446851888529212
1997-07-21,0.06570351519182258,0.9259053990180206,0.008391085790156879
1997-07-22,0.0005720065035251809,0.9668439280073896,0.03258406548908502
1997-07-23,0.05243708687712059,0.9319227360396901,0.015640177083189592
1997-07-24,0.13532948001376766,0.8561002005640049,0.008570319422227596
1997-07-25,0.25613790448964463,0.738757418044523,0.005104677465832444
1997-07-28,0.3918285564900312,0.6047303357105779,0.00344110779939104
1997-07-29,0.5031973308136974,0.4940305389179538,0.0027721302683490264
1997-07-30,0.41787475823680764,0.5781163996473493,0.004008842115843117
1997-07-31,0.6015111344181205,0.3962842007817164,0.0022046648001629475
1997-08-01,0.544116704018771,0.45319654087706535,0.002686755104163514
1997-08-04,0.7005284138870194,0.29792373058692173,0.001547855526059135
1997-08-05,0.8216467088411588,0.17752186203275047,0.0008314291260907568
1997-08-06,0.823465171640965,0.17562525240527815,0.000909575953757191
1997-08-07,0.677367036540178,0.3207122208836542,0.0019207425761676314
1997-08-08,0.03207662097919589,0.953082174966284,0.01484120405452043
1997-08-11,0.10425855963607598,0.8873627225948496,0.008378717769074076
1997-08-12,0.042392381394969335,0.9480394373422617,0.00956818126276891
1997-08-13,0.08542712038751304,0.9077631076169272,0.006809771995559965
1997-08-14,0.19432184834731245,0.8009106611973631,0.004767490455324117
1997-08-15,6.027763362026987e-05,0.9550703723663975,0.04486934999998205
1997-08-18,0.010033039861625664,0.9551710595306372,0.03479590060773694
1997-08-19,0.0078323164773215,0.9591713343727535,0.03299634914992513
1997-08-20,0.008428712282869429,0.961212375703575,0.030358912013555395
1997-08-21,0.0025460432550857945,0.9647616352000774,0.03269232154483702
1997-08-22,0.052217836921751554,0.9321692222908858,0.01561294078736279
1997-08-25,0.11266308365779602,0.8784826314013761,0.008854284940827822
1997-08-26,0.10500809651249106,0.8874828491371054,0.0075090543504037835
1997-08-27,0.2300633261126596,0.7651856312102023,0.004751042677137883
1997-08-28,0.09601985605901106,0.8968593541972661,0.007120789743722515
1997-08-29,0.15253502797731391,0.841998561434276,0.005466410588410082
1997-09-02,6.013442679963648e-06,0.8965359441833017,0.10345804237401833
1997-09-03,0.05049732976735217,0.90473023491477,0.04477243531787774
1997-09-04,0.1381039950535515,0.8421370012899727,0.019759003656475635
1997-09-05,0.2559598537689132,0.7348729807946691,0.009167165436417633
1997-09-08,0.430922520067222,0.5646244225475309,0.004453057385247159
1997-09-09,0.6106077049902447,0.3870779988720024,0.0023142961377529882
1997-09-10,0.0866698548696182,0.9030709531433768,0.010259191987004763
1997-09-11,0.09841993635802737,0.8937368429827778,0.00784322065919485
1997-09-12,0.05760922398373345,0.932966486962465,0.009424289053801216
1997-09-15,0.10887663351017061,0.8845687109318098,0.006554655558019318
1997-09-16,4.03950098496505e-05,0.9357505579064087,0.06420904708374131
1997-09-17,0.04292572669563534,0.9277747175917656,0.02929955571259904
1997-09-18,0.11607958642041216,0.8695686546515187,0.014351758928069
1997-09-19,0.23756889691725963,0.7550698306153888,0.007361272467351182
1997-09-22,0.36691647372433056,0.6285466461099167,0.004536880165752782
1997-09-23,0.4800868899827006,0.5168457260054825,0.0030673840118168815
1997-09-24,0.4113551495850903,0.5849647899112984,0.0036800605036113434
1997-09-25,0.39248883883741886,0.6037515511988728,0.003759609963708532
1997-09-26,0.44882985561326977,0.5477442833147833,0.003425861071947164
1997-09-29,0.46941691444710415,0.5271576682889411,0.0034254172639549725
1997-09-30,0.4759809339565706,0.5208263135360404,0.003192752507388762
1997-10-01,0.49565884293019424,0.5011244031291204,0.0032167539406854967
1997-10-02,0.6268767349060893,0.37100926398646206,0.0021140011074487104
1997-10-03,0.7457507183113048,0.25292966996688554,0.0013196117218096763
1997-10-06,0.7683039444013522,0.230426380910578,0.001269674688069797
1997-10-07,0.6808422827126116,0.3170747518402821,0.0020829654471064486
1997-10-08,0.510302090146471,0.4862738501360092,0.003424059717519752
1997-10-09,0.6265924887745685,0.37127432804602806,0.002133183179403299
1997-10-10,0.7143224203378183,0.2842028330367842,0.0014747466253973063
1997-10-13,0.8320240465451012,0.16720293183990828,0.0007730216149902788
1997-10-14,0.9012808912408797,0.09830505203148068,0.00041405672763933615
1997-10-15,0.9095766549090725,0.09006385781541489,0.00035948727551278687
1997-10-16,0.7349397378175693,0.2636670610809057,0.0013932011015249123
1997-10-17,0.41454151189879557,0.5812171972784441,0.004241290822760548
1997-10-20,0.2595326098355912,0.7339893088531138,0.006478081311294848
1997-10-21,0.029819322268687297,0.9547730369018596,0.015407640829452781
1997-10-22,0.07974993619937713,0.9112416916330748,0.009008372167548063
1997-10-23,0.002017391270378706,0.9776088400746946,0.020373768654926797
1997-10-24,0.014152538899264159,0.970938978661258,0.01490848243947772
1997-10-27,1.6994658622419947e-32,2.649128323663418e-05,0.999973508716763
1997-10-28,4.6639022103495056e-23,2.560081382764617e-05,0.9999743991861724
1997-10-29,2.537296901256657e-06,0.08832184663481316,0.9116756160682854
1997-10-30,8.220869840839577e-05,0.11614866827634666,0.8837691230252447
1997-10-31,0.0022230801815655695,0.21293144625208227,0.7848454735663523
1997-11-03,1.8852687067497198e-06,0.07697541024990961,0.9230227044813837
1997-11-04,0.008739686067792468,0.23031988811864812,0.7609404258135594
1997-11-05,0.0510682889372491,0.4317016096898037,0.517230101372947
1997-11-06,0.10493135165737288,0.5924534989246882,0.30261514941793877
1997-11-07,0.044343310311416965,0.7268131288974772,0.22884356079110604
1997-11-10,0.06494764974885685,0.8114001872165341,0.1236521630346089
1997-11-11,0.16741148812353393,0.7813418168183855,0.05124669505808052
1997-11-12,0.0024944948152078334,0.9065170345629885,0.09098847062180376
1997-11-13,0.01459957647561729,0.9241987444994588,0.06120167902492405
1997-11-14,0.016476881255839612,0.9379788234801616,0.04554429526399908
1997-11-17,0.0016312291269555018,0.9325913767937872,0.06577739407925724
1997-11-18,0.017909133284930236,0.9442107789218973,0.03788008779317245
1997-11-19,0.060623827116468736,0.9193580941709636,0.020018078712567833
1997-11-20,0.016785574768901426,0.9605032788456663,0.02271114638543196
1997-11-21,0.07572779835924065,0.9123933987130947,0.011878802927664595
1997-11-24,0.0035996467623816927,0.9756992619126408,0.020701091324977425
1997-11-25,0.053349683409552436,0.9354087716556395,0.01124154493480806
1997-11-26,0.1476615109627417,0.8458552570695773,0.006483231967681143
1997-11-28,0.27521010014175423,0.7203765542200748,0.004413345638170592
1997-12-01,0.0095716534566193,0.9722677301721299,0.018160616371250916
1997-12-02,0.056507377052600186,0.9334237825919508,0.010068840355448812
1997-12-03,0.12951871470685256,0.8638030210695987,0.006678264223548974
1997-12-04,0.2110064753949731,0.7841079524539283,0.004885572151098685
1997-12-05,0.15938094167844433,0.8342803749957709,0.006338683325785032
1997-12-08,0.29090019005840917,0.7049371080136317,0.004162701927959285
1997-12-09,0.2916520620735428,0.7041110504095465,0.004236887516910792
1997-12-10,0.3151678839638635,0.6808002367232702,0.004031879312866107
1997-12-11,0.03277369122067626,0.9564683568954987,0.01075795188382499
1997-12-12,0.10271278141083745,0.8906605366954238,0.006626681893739205
1997-12-15,0.09318240258473458,0.8995673762214116,0.007250221193853832
1997-12-16,0.1872853441741097,0.8075071141521893,0.00520754167370098
1997-12-17,0.30752705470651487,0.6886686861025404,0.003804259190944776
1997-12-18,0.14594955724496875,0.8478602747514893,0.006190168003541923
1997-12-19,0.10264664133010999,0.8906418659540095,0.006711492715880665
1997-12-22,0.15752859336390562,0.8367693207998969,0.0057020858361975044
1997-12-23,0.01497309351855977,0.9732794027397531,0.01174750374168694
1997-12-24,0.03762456912457172,0.9537276561732108,0.008647774702217339
1997-12-26,0.11125202768927342,0.8827866032113623,0.005961369099364131
1997-12-29,0.009701693995517461,0.9756238563422174,0.014674449662265504
1997-12-30,0.0020708037463682194,0.9734523681005421,0.02447682815308961
1997-12-31,0.05500517739320645,0.9328482361743186,0.012146586432475076
1998-01-02,0.1324637156958888,0.8601524536952784,0.007383830608832695
1998-01-05,0.2699704896803588,0.7254506955788499,0.004578814740791436
1998-01-06,0.12187899278026533,0.8712802056089651,0.006840801610769602
1998-01-07,0.22147392936203047,0.7737826825019788,0.004743388135990644
1998-01-08,0.17439578948269233,0.8201634309541357,0.005440779563172178
1998-01-09,3.4908761213447987e-06,0.9112530867786751,0.08874342234520355
1998-01-12,0.011304243720827481,0.9262571211481359,0.062438635131036944
1998-01-13,0.011273286627814986,0.9384520326214348,0.05027468075075053
1998-01-14,0.05602919067531786,0.9189030340784641,0.025067775246218116
1998-01-15,0.06502729153828984,0.9194576408945997,0.015515067567110368
1998-01-16,0.05428286665811413,0.9324893922258701,0.013227741116015854
1998-01-20,0.00600888290063672,0.9720075807826946,0.021983536316668537
1998-01-21,0.023471919267285223,0.9621711010334343,0.014356979699280018
1998-01-22,0.03557754402636991,0.9538837791052452,0.010538676868384602
1998-01-23,0.0686791749761036,0.9237880496915208,0.007532775332375389
1998-01-26,0.1667431670521759,0.8281986820427275,0.005058150905096722
1998-01-27,0.08754881493094609,0.9047645863905567,0.007686598678497456
1998-01-28,0.11415973752603174,0.878992103622405,0.0068481588515634404
1998-01-29,0.15124611346665842,0.8426544233707983,0.0060994631625431225
1998-01-30,0.20050323476766918,0.7944843123549263,0.005012452877404278
1998-02-02,0.003799439279694176,0.9746939287080599,0.021506632012245994
1998-02-03,0.05228074396509655,0.936023653166222,0.011695602868681107
1998-02-04,0.14591211641167048,0.8474274752186344,0.006660408369694901
1998-02-05,0.24023041893340844,0.7550753707958087,0.0046942102707827746
1998-02-06,0.2569139841719029,0.7381674071503618,0.0049186086777351905
1998-02-09,0.40845444299092765,0.5882983931225965,0.0032471638864756845
1998-02-10,0.44837128756815886,0.548325860887129,0.003302851544712434
1998-02-11,0.6311694158194036,0.3669451314657951,0.001885452714801293
1998-02-12,0.7591709932458365,0.23965712343655443,0.001171883317608922
1998-02-13,0.8145187081982919,0.1846133502458295,0.0008679415558787379
1998-02-17,0.890270503605428,0.10925814545479182,0.00047135093977998933
1998-02-18,0.8686357729309617,0.13072990031025786,0.0006343267587805785
1998-02-19,0.8979991048319008,0.10156261859984685,0.0004382765682520393
1998-02-20,0.9217304778493,0.07794918436536385,0.00032033778533573646
1998-02-23,0.9463094634789476,0.053497948541794266,0.00019258797925814425
1998-02-24,0.9124278940564969,0.08725922509073934,0.0003128808527635705
1998-02-25,0.8081141536706196,0.19088838520830995,0.0009974611210702903
1998-02-26,0.8645769883244236,0.13476869750478887,0.0006543141707874293
1998-02-27,0.9199115185667311,0.07975987276647506,0.0003286086667937258
1998-03-02,0.9443406591491421,0.05546372982489216,0.00019561102596592274
1998-03-03,0.9576622756486672,0.04220569866065351,0.00013202569067890512
1998-03-04,0.9530935839146804,0.046774580375268104,0.0001318357100513608
1998-03-05,0.7801484284309712,0.2189332680113825,0.000918303557646474
1998-03-06,0.08454887132706226,0.902668628387988,0.01278250028494978
1998-03-09,0.16279363595083696,0.8298475634540146,0.007358800595148388
1998-03-10,0.11573936652158288,0.8760460194435215,0.008214614034895646
1998-03-11,0.23055243026236802,0.764206522789152,0.005241046948480243
1998-03-12,0.4028992243253891,0.5938050034958491,0.0032957721787617578
1998-03-13,0.5709245911470198,0.42694161781245404,0.002133791040526081
1998-03-16,0.5173116186200539,0.47967449402167933,0.003013887358266583
1998-03-17,0.6900921526805451,0.3083008996459707,0.001606947673484317
1998-03-18,0.7935749393296391,0.20540970148647356,0.0010153591838871782
1998-03-19,0.8711454225939328,0.12826903560163672,0.0005855418044305989
1998-03-20,0.8609219274157944,0.13838999917662184,0.0006880734075837942
1998-03-23,0.8970481087126628,0.10250540019082491,0.0004464910965123243
1998-03-24,0.8729465014595263,0.12644142342471784,0.0006120751157556953
1998-03-25,0.904250801976431,0.09534356383496816,0.00040563418860100063
1998-03-26,0.9375722297039519,0.062198056858363014,0.00022971343768442566
1998-03-27,0.935189536412052,0.06458924363372388,0.00022121995422421737
1998-03-30,0.9523978479119003,0.04745344936539159,0.00014870272270855686
1998-03-31,0.945890477021181,0.05393621001501732,0.00017331296380160218
1998-04-01,0.9519304848794135,0.04791801971813434,0.0001514954024518022
1998-04-02,0.9027514766940905,0.09687279309625624,0.0003757302096532886
1998-04-03,0.9395416312111596,0.060241030020568735,0.00021733876827166978
1998-04-06,0.956221918447615,0.04364239386143926,0.00013568769094579808
1998-04-07,0.8420496378698294,0.15734195044486363,0.0006084116853069491
1998-04-08,0.8058103987855181,0.1932988273476676,0.0008907738668143196
1998-04-09,0.813619067927691,0.18542502952176945,0.0009559025505392164
1998-04-13,0.8864067157177318,0.11309199135921864,0.0005012929230498637
1998-04-14,0.916740740924902,0.08291153582746291,0.0003477232476351511
1998-04-15,0.9453164873811306,0.05448539131878748,0.00019812130008218284
1998-04-16,0.8431345384800732,0.15620685740197895,0.0006586041179483484
1998-04-17,0.6362285933138311,0.3613423437533845,0.0024290629327848984
1998-04-20,0.7795630760298651,0.21927572426796724,0.0011611997021676256
1998-04-21,0.8693501987430262,0.13004801495521387,0.000601786301759836
1998-04-22,0.9185702485002685,0.08109389446287461,0.00033585703685613317
1998-04-23,0.8079399615567892,0.19113494315722002,0.0009250952859910938
1998-04-24,0.5969383463418073,0.400558396082545,0.002503257575647483
1998-04-27,0.016339817967463154,0.9666246164133776,0.017035565619159206
1998-04-28,0.07722860582603865,0.9136095564990911,0.009161837674870374
1998-04-29,0.10309356725471563,0.8892621027009096,0.007644330044374601
1998-04-30,0.022392156092601784,0.9648030033826157,0.012804840524782472
1998-05-01,0.05320876676537196,0.9373930419997596,0.00939819123486836
1998-05-04,0.1474686293738037,0.8467243199430893,0.005807050683107174
1998-05-05,0.18172935544105057,0.813169517059513,0.005101127499436553
1998-05-06,0.11049545346244946,0.8831237597794471,0.0063807867581034
1998-05-07,0.08173081637448165,0.9114569372462686,0.00681224637924949
1998-05-08,0.056717056770309075,0.9349633201407896,0.008319623088901499
1998-05-11,0.14284491236183136,0.8516616165053269,0.005493471132841637
1998-05-12,0.17969406328814577,0.8149375645797674,0.0053683721320871205
1998-05-13,0.33135310916558025,0.6649658279608768,0.0036810628735430423
1998-05-14,0.4970986581758752,0.500389859168042,0.0025114826560828207
1998-05-15,0.4321261484315264,0.5645973514639843,0.0032765001044897262
1998-05-18,0.5719049432604304,0.425883253201725,0.0022118035378447224
1998-05-19,0.722307438153889,0.27634365609039,0.0013489057557209538
1998-05-20,0.7257171546483673,0.2727603424688851,0.0015225028827475172
1998-05-21,0.7889370893008808,0.21000548612043546,0.0010574245786839343
1998-05-22,0.8405796485912663,0.15867921239645927,0.0007411390122742244
1998-05-26,0.2878480000396137,0.7060398836574493,0.006112116302936999
1998-05-27,0.4450604770638287,0.5514545868809944,0.003484936055176898
1998-05-28,0.5892324506376343,0.40847356890009484,0.002293980462271056
1998-05-29,0.5976368387888086,0.40011905680366205,0.00224410440752959
1998-06-01,0.7493268617260013,0.24945376764277769,0.0012193706312209527
1998-06-02,0.8529542757271066,0.14638837150093603,0.0006573527719572936
1998-06-03,0.71308140734605,0.28533758643821316,0.0015810062157372324
1998-06-04,0.5945009042288005,0.40271196837287215,0.0027871273983270627
1998-06-05,0.10828214403555687,0.8796570071170883,0.01206084884735479
1998-06-08,0.23560075748935896,0.7580475074736984,0.006351735036942457
1998-06-09,0.4053537331600062,0.5909649146766676,0.003681352163326461
1998-06-10,0.45304163680012616,0.54378912774982,0.00316923545005382
1998-06-11,0.04389215883550122,0.9449880367358905,0.011119804428608382
1998-06-12,0.12234381886441799,0.8708022110781303,0.006853970057451498
1998-06-15,0.0013954543840727198,0.977071920535196,0.02153262508073128
1998-06-16,0.023251722288285537,0.9616873512414486,0.015060926470265813
1998-06-17,0.00337336085421794,0.9726038888220303,0.024022750323751726
1998-06-18,0.056788713123969846,0.9312379022481536,0.011973384627876699
1998-06-19,0.09835384964233036,0.8937695671414818,0.007876583216187812
1998-06-22,0.21802718668279247,0.7769763750646452,0.004996438252562409
1998-06-23,0.06263173320855071,0.9276830397104749,0.009685227080974275
1998-06-24,0.04536994787388673,0.9444131985688633,0.01021685355724981
1998-06-25,0.10852262367309506,0.8848746097749511,0.006602766551954109
1998-06-26,0.2252358875494427,0.7701540350993533,0.004610077351204139
1998-06-29,0.3625402038023166,0.6339715315566167,0.0034882646410664634
1998-06-30,0.4621784632565125,0.5350009618777737,0.002820574865713915
1998-07-01,0.24903822210349846,0.7449592238935369,0.0060025540029645785
1998-07-02,0.39644900966143093,0.5998889486556951,0.0036620416828739505
1998-07-06,0.37661382516722003,0.619181892433884,0.004204282398895949
1998-07-07,0.525265700387109,0.4720964866521975,0.002637812960693764
1998-07-08,0.46416930897616904,0.5322627929243039,0.003567898099526955
1998-07-09,0.4544049943449318,0.5421667885769551,0.003428217078113172
1998-07-10,0.5964797728962254,0.40126352996045767,0.002256697143317071
1998-07-13,0.7507088886007071,0.24807627427662152,0.001214837122671023
1998-07-14,0.6658511693589523,0.33207345551406525,0.0020753751269824866
1998-07-15,0.7733496702169267,0.22547846894231954,0.0011718608407539448
1998-07-16,0.7954523374635406,0.203447137209075,0.0011005253273846985
1998-07-17,0.8800322765984359,0.11941707049571527,0.0005506529058492819
1998-07-20,0.9178935799845126,0.0817761851818836,0.0003302348336037225
1998-07-21,0.3112865388376446,0.6830826849132103,0.005630776249144881
1998-07-22,0.4829126633606417,0.5139546335982351,0.0031327030411231792
1998-07-23,0.004534246305336146,0.9742163984999801,0.021249355194683912
1998-07-24,0.06143084433666538,0.9277544607139118,0.010814694949422535
1998-07-27,0.13147739080023646,0.8614353236447027,0.0070872855550608025
1998-07-28,0.01487810218585811,0.9726991601033221,0.012422737710819625
1998-07-29,0.05542180709127235,0.9365444163972859,0.00803377651144183
1998-07-30,0.013107946629666176,0.973815689500826,0.013076363869507739
1998-07-31,0.0004094905000879151,0.971396523865857,0.02819398563405539
1998-08-03,0.022212965047390468,0.9608751711989024,0.0169118637537074
1998-08-04,1.8374030704984447e-09,0.5808240063126688,0.41917599184992815
1998-08-05,0.020143306899647863,0.7205453089274119,0.2593113841729401
1998-08-06,0.05562352256877297,0.8045248267876945,0.1398516506435326
1998-08-07,0.15295989349903646,0.7894816658790172,0.05755844062194637
1998-08-10,0.19256905344272432,0.7791458646546521,0.02828508190262334
1998-08-11,0.041951928911208566,0.9292579950517624,0.028790076037028826
1998-08-12,0.017935107709047427,0.9547967444880806,0.027268147802872143
1998-08-13,0.02765965347508016,0.9546307937219192,0.017709552803000562
1998-08-14,0.01615217854440235,0.9684230328087897,0.01542478864680804
1998-08-17,0.0013554439414165355,0.9688955422850468,0.029749013773536503
1998-08-18,0.003709603154667524,0.9634553968140089,0.032835000031323315
1998-08-19,0.04905209902001958,0.9348955905534599,0.016052310426520028
1998-08-20,0.08028998515937437,0.9096730485011362,0.01003696633948943
1998-08-21,0.054077346747293496,0.9366672621931407,0.009255391059565863
1998-08-24,0.11249595744821002,0.8807793066140827,0.006724735937707718
1998-08-25,0.22130258221261387,0.7739166376485952,0.004780780138790715
1998-08-26,0.18522739482413347,0.8094761256430505,0.0052964795328160185
1998-08-27,1.2843343322505669e-09,0.6035495047915976,0.39645049392406784
1998-08-28,0.0014771235632593288,0.6447972663284846,0.3537256101082562
1998-08-31,1.9152273198279782e-33,1.4349729542747624e-06,0.9999985650270456
1998-09-01,6.253731755639785e-17,0.0009119993289086176,0.9990880006710915
1998-09-02,8.010412584462051e-05,0.0883641745407918,0.9115557213333635
1998-09-03,0.002809774823542626,0.2097865522309671,0.7874036729454901
1998-09-04,0.008277097868889409,0.36664265917380984,0.6250802429573006
1998-09-08,2.781636787256046e-18,0.00042608076609257676,0.9995739192339075
1998-09-09,3.8869470953164124e-07,0.03775556342042422,0.9622440478848661
1998-09-10,7.013444155521178e-08,0.02139661620424528,0.9786033136613133
1998-09-11,1.1250694148322633e-08,0.01007343952141914,0.9899265492278867
1998-09-14,3.9771035808625975e-06,0.03300608827148729,0.9669899346249317
1998-09-15,0.002070911595341385,0.13351019252277213,0.8644188958818866
1998-09-16,0.012404933980617048,0.2854231583779438,0.7021719076414394
1998-09-17,2.3606847359152563e-06,0.11537951033612215,0.8846181289791419
1998-09-18,0.012615655321776909,0.2917760880371924,0.6956082566410307
1998-09-21,0.06063459719075997,0.4895730563803406,0.44979234642889954
1998-09-22,0.14637738986681736,0.6116842644480531,0.24193834568512937
1998-09-23,3.4207885471861254e-08,0.10816787092318672,0.8918320948689278
1998-09-24,4.284777320605178e-06,0.07531072846213235,0.924684986760547
1998-09-25,0.00856565216100272,0.2274644878445337,0.7639698599944638
1998-09-28,0.04652861785941708,0.4238535601604131,0.5296178219801697
1998-09-29,0.15259498058027382,0.5706330365776496,0.2767719828420766
1998-09-30,4.6803620540571115e-07,0.19571735146554242,0.8042821804982522
1998-10-01,9.23154278817251e-09,0.03458643145880021,0.9654135593096569
1998-10-02,0.00011827041394894376,0.07580861909966713,0.9240731104863837
1998-10-05,0.00030728369107864314,0.13503005881606703,0.8646626574928543
1998-10-06,0.010701677428880781,0.3094476556033171,0.6798506669678019
1998-10-07,0.0024468397316809456,0.3827181591704984,0.6148350010978206
1998-10-08,0.0043617741837577466,0.5053311984007561,0.49030702741548626
1998-10-09,9.215285830463487e-06,0.24063447542255598,0.7593563092916137
1998-10-12,0.0026293990958385404,0.3334399027780722,0.6639306981260891
1998-10-13,0.029765552950628032,0.5458677830342971,0.42436666401507483
1998-10-14,0.0361112191658686,0.6702165158315847,0.2936722650025468
1998-10-15,6.6240892415813175e-12,0.022735938079178952,0.977264061914197
1998-10-16,0.0012108240961567424,0.11247542216534095,0.8863137537385023
1998-10-19,0.012741231575517056,0.2698916204872941,0.7173671479371889
1998-10-20,0.065785775224297,0.4716195920004564,0.46259463277524665
1998-10-21,0.15597744910842984,0.5938639761807768,0.25015857471079356
1998-10-22,0.2182921295341734,0.6485297061053639,0.13317816436046265
1998-10-23,0.21708957493187994,0.7104182647178754,0.07249216035024447
1998-10-26,0.39557496525441604,0.578958800233113,0.025466234512470928
1998-10-27,0.40257403296809985,0.5836583217366501,0.013767645295250045
1998-10-28,0.586058649869443,0.40888670817248424,0.005054641958072808
1998-10-29,0.13274958986192953,0.852080740513416,0.015169669624654547
1998-10-30,0.0882395729942573,0.8981700775337899,0.013590349471953062
1998-11-02,0.061851441089842384,0.9256088123836809,0.012539746526477208
1998-11-03,0.15594117973872482,0.8371075330877055,0.006951287173569626
1998-11-04,0.22505388395421283,0.7694944793032081,0.005451636742579058
1998-11-05,0.0919033162127071,0.8992323290747628,0.00886435471253031
1998-11-06,0.16281307213715623,0.8308751765453914,0.006311751317452434
1998-11-09,0.09980921494220542,0.8930873796332702,0.0071034054245244236
1998-11-10,0.20430423801965594,0.7908852592274552,0.004810502752888803
1998-11-11,0.21958936600844414,0.7757121502532248,0.00469848373833128
1998-11-12,0.33924793648130125,0.6572088901135037,0.0035431734051949854
1998-11-13,0.41862671231297166,0.5780715171465773,0.003301770540450814
1998-11-16,0.4210449238775014,0.5752797159083961,0.003675360214102332
1998-11-17,0.5972489760821336,0.40058269886965586,0.0021683250482106018
1998-11-18,0.7264981913375949,0.27211669108237113,0.0013851175800338592
1998-11-19,0.774777635327143,0.22403945262393146,0.001182912048925776
1998-11-20,0.7426609399895339,0.2558164067423794,0.0015226532680870683
1998-11-23,0.040260907475464965,0.9412930422583795,0.018446050266155575
1998-11-24,0.08837163242124271,0.9012356945885744,0.010392672990183104
1998-11-25,0.1968972148093919,0.7969951641836864,0.006107621006921239
1998-11-27,0.32925314576535414,0.666603078507168,0.004143775727477978
1998-11-30,0.0003837643934293683,0.9654706808410688,0.034145554765501865
1998-12-01,0.021406859748060482,0.9564585383319504,0.02213460191998877
1998-12-02,0.07203937317533694,0.9162836128609877,0.011677013963675216
1998-12-03,0.0022010845510940435,0.974990302943714,0.02280861250519177
1998-12-04,0.00016006083700892163,0.9389094692942586,0.060930469868732726
1998-12-07,0.02408984335355882,0.9404742614268053,0.03543589521963567
1998-12-08,0.059353523574125426,0.922184648908998,0.018461827516876826
1998-12-09,0.15776665647957783,0.8330903869627775,0.00914295655764454
1998-12-10,0.013114069913928623,0.971081201312505,0.01580472877356636
1998-12-11,0.07740116035760784,0.9139899063124394,0.008608933329952906
1998-12-14,0.00035082436124349217,0.9695377008452539,0.03011147479350268
1998-12-15,0.0011615583165042389,0.9542331998104989,0.04460524187299697
1998-12-16,0.05213526671966811,0.9276068675014947,0.02025786577883717
1998-12-17,0.013619927566822397,0.9629043024377806,0.023475769995396814
1998-12-18,0.05474929294363854,0.9317273410635741,0.013523365992787216
1998-12-21,0.036174880280816744,0.9506186342737646,0.013206485445419016
1998-12-22,0.11797307874483061,0.8746586545688351,0.007368266686334404
1998-12-23,0.0030547221634119543,0.9740464927006366,0.022898785135951335
1998-12-24,0.0524728593514438,0.9358082983230279,0.011718842325528259
1998-12-28,0.14099101106007403,0.8522873415470182,0.0067216473929074625
1998-12-29,0.0618833792928096,0.9286101045494224,0.009506516157767743
1998-12-30,0.06356695672329941,0.9284101036388537,0.008022939637846947
1998-12-31,0.14559841815093322,0.8489545630668888,0.0054470187821781734
1999-01-04,0.27843654754023417,0.7176899093989465,0.003873543060819173
1999-01-05,0.11567154487642338,0.8767416617540413,0.007586793369535191
1999-01-06,0.001495335796057883,0.9705404245350073,0.027964239668934982
1999-01-07,0.04899034338476546,0.9371841405289396,0.013825516086294877
1999-01-08,0.12801599458482088,0.8640324752448256,0.007951530170353596
1999-01-11,0.094059195098585,0.8983148386135155,0.007625966287899214
1999-01-12,0.001483661942300262,0.9776607720236647,0.02085556603403512
1999-01-13,0.039712226975035965,0.9487112422316502,0.011576530793313552
1999-01-14,0.0014616272123169748,0.9763886869275866,0.02214968586009662
1999-01-15,3.6541998873868386e-05,0.9147071069940302,0.08525635100709593
1999-01-19,0.03463385964207649,0.9222062401797294,0.043159900178194
1999-01-20,0.1088984153339664,0.8714440843255735,0.01965750034046012
1999-01-21,0.004845013314234789,0.9648036695291092,0.030351317156655674
1999-01-22,0.022014227509201904,0.9592711480148813,0.018714624475916916
1999-01-25,0.06275585582918898,0.9257320988319127,0.011512045338898472
1999-01-26,0.01958128772874722,0.9655729512001338,0.014845761071118868
1999-01-27,0.038130753778771266,0.951517008370148,0.010352237851080718
1999-01-28,0.004599956094590021,0.9765988770128977,0.018801166892512405
1999-01-29,0.01867050000669553,0.9662907133320463,0.015038786661258154
1999-02-01,0.05428857795805591,0.9363119885651532,0.00939943347679122
1999-02-02,0.049745132503176345,0.9418938619181767,0.00836100557864688
1999-02-03,0.0863393454433873,0.9066776493776484,0.006983005178964174
1999-02-04,0.001998816584291745,0.9799070483493203,0.01809413506638756
1999-02-05,0.023916269127433682,0.964142003375429,0.011941727497137612
1999-02-08,0.09149330784260709,0.9012315656592167,0.007275126498175836
1999-02-09,0.0002931896667964882,0.9697962505517412,0.02991055978146202
1999-02-10,0.040524110130011226,0.9434140995140501,0.01606179035593879
1999-02-11,0.0001390547545399786,0.9369127353345205,0.06294820991093956
1999-02-12,0.0003194052934522623,0.9085822523988765,0.0910983423076713
1999-02-16,0.022730613318341378,0.9246288479149519,0.05264053876670696
1999-02-17,0.005034725958772271,0.9460744090048577,0.048890865036369933
1999-02-18,0.020773123483221866,0.9472216643813016,0.032005212135476364
1999-02-19,0.09116190716273478,0.8940187547654932,0.01481933807177217
1999-02-22,9.312710298904464e-05,0.92067771760341,0.07922915529360097
1999-02-23,0.049413728423548596,0.9159660786558842,0.03462019292056727
1999-02-24,0.009240929419874982,0.9573480303629958,0.033411040217129005
1999-02-25,0.03333702203659475,0.9478422457362686,0.01882073222713689
1999-02-26,0.06932363596985647,0.919608953811456,0.011067410218687474
1999-03-01,0.15889247924561398,0.8346233435630974,0.006484177191288692
1999-03-02,0.11833040712988989,0.8749773108987539,0.00669228197135616
1999-03-03,0.2500483946820617,0.7455422264524574,0.004409378865481149
1999-03-04,0.05886649872300274,0.9311912523167357,0.009942248960261465
1999-03-05,0.0005030353922807907,0.9633148666078886,0.03618209799983064
1999-03-08,0.04254173155437577,0.9388962989567006,0.01856196948892386
1999-03-09,0.1134306532227297,0.8768895273406663,0.009679819436604058
1999-03-10,0.2055963300237885,0.7881872809878678,0.006216388988343689
1999-03-11,0.23899093549056152,0.7554633131245727,0.005545751384865452
1999-03-12,0.3743418266018051,0.6220124227730885,0.003645750625106397
1999-03-15,0.34342065426563756,0.6521573918873435,0.004421953847018848
1999-03-16,0.5190709618048054,0.4783038130281956,0.0026252251669988077
1999-03-17,0.5137391762611396,0.48351015294248506,0.002750670796375387
1999-03-18,0.20543334793640425,0.7871731666303685,0.007393485433227322
1999-03-19,0.0442500008838259,0.9446921425723035,0.011057856543870738
1999-03-22,0.12008695449197553,0.8732423816192105,0.006670663888813753
1999-03-23,1.8701245297669092e-05,0.9407197618219479,0.05926153693275436
1999-03-24,0.0437632927347767,0.9279512188361349,0.0282854884290885
1999-03-25,0.007370558058420907,0.9578015831306786,0.03482785881090037
1999-03-26,0.03851191593364105,0.9429868599994625,0.01850122406689627
1999-03-29,0.000947757107868319,0.9568184666347997,0.042233776257332156
1999-03-30,0.023210760476680494,0.9531372077434684,0.023652031779850775
1999-03-31,0.015986148341402183,0.9652118520348189,0.018801999623779327
1999-04-01,0.06583834623111878,0.9233280851770262,0.010833568591855216
1999-04-05,0.0015001398899837078,0.9691080546983255,0.029391805411690744
1999-04-06,0.047406758481147705,0.9380730664545597,0.014520175064292175
1999-04-07,0.09835804105171611,0.8923840687814457,0.009257890166837897
1999-04-08,0.0507497802628091,0.9384024711686186,0.010847748568572489
1999-04-09,0.13758976559975303,0.8558381328895006,0.006572101510746651
1999-04-12,0.19015311151544187,0.8042376682061644,0.005609220278393733
1999-04-13,0.20552175470690745,0.78935946914579,0.005118776147302519
1999-04-14,0.0157888785070525,0.972107750748994,0.012103370743953703
1999-04-15,0.05840212445950157,0.933775774119719,0.007822101420779382
1999-04-16,0.13003176154316934,0.8644429086260312,0.005525329830799625
1999-04-19,0.00036798133282901703,0.9724023034539875,0.027229715213183302
1999-04-20,0.01034875674242757,0.96687227597533,0.02277896728224242
1999-04-21,0.00022912499376994257,0.9401771729481683,0.05959370205806164
1999-04-22,0.002533364040631546,0.9328374258664084,0.06462921009295972
1999-04-23,0.052198585938217586,0.9191332745335452,0.0286681395282374
1999-04-26,0.14464104228270286,0.8421939715625154,0.013164986154781634
1999-04-27,0.28824384756681326,0.7052798361349316,0.006476316298255517
1999-04-28,0.20677734332522935,0.7866206445127164,0.006602012162054374
1999-04-29,0.2377635321335788,0.7569412382392311,0.005295229627190058
1999-04-30,0.27826129232491675,0.7172375742784691,0.004501133396614128
1999-05-03,0.08735575813773536,0.9035059637078473,0.009138278154417274
1999-05-04,0.004728631596198268,0.9782146882052437,0.01705668019855814
1999-05-05,0.017789523242377536,0.967975566147419,0.014234910610203492
1999-05-06,0.013130838683620747,0.9736898055614759,0.013179355754903274
1999-05-07,0.03352889763686687,0.9559710098495616,0.010500092513571726
1999-05-10,0.08862749530025939,0.9045069921373339,0.006865512562406603
1999-05-11,0.0673515260332278,0.9246206041601939,0.008027869806578467
1999-05-12,0.13263821144036608,0.8613036290234417,0.0060581595361923635
1999-05-13,0.2673242427230025,0.7285112090593229,0.0041645482176748405
1999-05-14,0.0011623986296415343,0.9752478892340298,0.02358971213632846
1999-05-17,0.05516042534153062,0.9330417913249239,0.011797783333545225
1999-05-18,0.1042064706781924,0.8881949859160136,0.007598543405793854
1999-05-19,0.14153046226232005,0.851989409161709,0.00648012857597088
1999-05-20,0.22014533037067305,0.7750352460883037,0.004819423541023271
1999-05-21,0.23742357032212227,0.7579566776210886,0.004619752056788776
1999-05-24,0.007951275971416155,0.9774618023326893,0.014586921695894303
1999-05-25,0.0011695923106380063,0.9761487307427793,0.022681676946582508
1999-05-26,0.0041748611146727975,0.9701791480182628,0.025645990867064438
1999-05-27,0.0006885581766960945,0.9616142142398744,0.03769722758342969
1999-05-28,0.003914655195709883,0.9570291381457418,0.03905620665854851
1999-06-01,0.03320803278576391,0.9461225717383541,0.020669395475881824
1999-06-02,0.11256252158381214,0.877218069278913,0.010219409137274772
1999-06-03,0.22958999128073446,0.7644739632126757,0.005936045506590165
1999-06-04,0.003822604324515036,0.971424908179294,0.024752487496190884
1999-06-07,0.0506094159045651,0.9361684626192808,0.013222121476154237
1999-06-08,0.013982895516231929,0.9715465453985942,0.014470559085174035
1999-06-09,0.07893381416372214,0.9129898193535753,0.008076366482702728
1999-06-10,0.026119249208612003,0.9638927702600928,0.009987980531295376
1999-06-11,0.04569759416991627,0.9464244085282792,0.007877997301804735
1999-06-14,0.13346196602742735,0.8612323537797038,0.005305680192868889
1999-06-15,0.23055195549043395,0.7650525430499263,0.004395501459639857
1999-06-16,0.00258647841746593,0.9736031195288265,0.023810402053707626
1999-06-17,0.03852433562158202,0.9475024571890847,0.013973207189333132
1999-06-18,0.12146109069601453,0.8708180545349142,0.007720854769071018
1999-06-21,0.23036362508619895,0.7644789130652232,0.00515746184857774
1999-06-22,0.13214899746225833,0.8613158534138151,0.006535149123926727
1999-06-23,0.24431389361197875,0.7512090921015229,0.00447701428649846
1999-06-24,0.05633867363220357,0.9351494337827662,0.008511892585030337
1999-06-25,0.14871312902142067,0.8458023556692252,0.005484515309354086
1999-06-28,0.08731286813321894,0.9050217747381096,0.007665357128671334
1999-06-29,0.02344337365102583,0.9645121762652038,0.01204445008377044
1999-06-30,0.00793911939516163,0.9756834772039615,0.016377403400876924
1999-07-01,0.052251703951243685,0.9377640767097363,0.00998421933901991
1999-07-02,0.0965817492603781,0.8959417935576013,0.007476457182020827
1999-07-06,0.19319978732460158,0.801756333590214,0.005043879085184404
1999-07-07,0.3046456941480139,0.6913450434882579,0.004009262363728455
1999-07-08,0.47291131825683597,0.5244048036589266,0.0026838780842376097
1999-07-09,0.5772840549268169,0.42046772658661974,0.002248218486563644
1999-07-12,0.6919252389416248,0.3065511401306655,0.0015236209277096385
1999-07-13,0.7620669854277043,0.23678858187513988,0.0011444326971557606
1999-07-14,0.8554004916576469,0.14394705180975892,0.000652456532593683
1999-07-15,0.8566813541037887,0.14261563574642105,0.0007030101497906244
1999-07-16,0.8860269657646829,0.1134374108282604,0.0005356234070570963
1999-07-19,0.8308752030767611,0.1682998502151626,0.0008249467080761823
1999-07-20,0.013519664744749554,0.9669307501909633,0.019549585064287042
1999-07-21,0.07801192633648585,0.9119110514087383,0.010077022254775822
1999-07-22,0.016804245257809634,0.9704354777065632,0.012760277035627283
1999-07-23,0.06867542121844811,0.9235555430588096,0.0077690357227419736
1999-07-26,0.08651149252245192,0.9068887762429314,0.0065997312346164246
1999-07-27,0.06973473194474143,0.9225561836821484,0.007709084373110433
1999-07-28,0.17425623075128638,0.8206419636375851,0.005101805611128335
1999-07-29,0.005420082027236107,0.9796527204966753,0.01492719747608889
1999-07-30,0.017299116796169387,0.9710546555862067,0.011646227617624235
1999-08-02,0.08209090357425236,0.9109201001358521,0.006988996289895523
1999-08-03,0.13984155573682136,0.8547458641539752,0.005412580109203641
1999-08-04,0.033826011473508125,0.9573364397819439,0.008837548744548014
1999-08-05,0.08507453297417224,0.9082467033941021,0.006678763631725914
1999-08-06,0.04685922631854592,0.9453628058431908,0.0077779678382630555
1999-08-09,0.1227977499012131,0.8717787791431673,0.0054234709556194825
1999-08-10,0.03126524835653226,0.9600373782012452,0.008697373442222501
1999-08-11,0.008386183960378038,0.97775001428159,0.013863801758031652
1999-08-12,0.05631567705211556,0.9354199273167093,0.008264395631175266
1999-08-13,0.0006009385301326336,0.9686085635029192,0.030790497966948077
1999-08-16,0.053224481555568234,0.9319630392173048,0.014812479227127102
1999-08-17,0.06247075076329538,0.925956533493447,0.011572715743257536
1999-08-18,0.05781108363549201,0.9328270303988787,0.009361885965629056
1999-08-19,0.07429760123442683,0.9182472471087568,0.0074551516568162855
1999-08-20,0.08257290814565099,0.9100470619436376,0.007380029910711166
1999-08-23,0.008701907709563882,0.9758041040606186,0.015493988229817355
1999-08-24,0.06826820043838885,0.9230890444035507,0.008642755158060195
1999-08-25,0.03260401012643617,0.9565117744566408,0.010884215416923138
1999-08-26,0.006297586661438408,0.9792865229459624,0.014415890392598999
1999-08-27,0.013970875424200222,0.973940074748237,0.01208904982756249
1999-08-30,0.000883610324477616,0.9767174544218142,0.022398935253708042
1999-08-31,0.04537425333514459,0.9428694334327626,0.011756313232093016
1999-09-01,0.08049514239761912,0.9108507864246721,0.008654071177708644
1999-09-02,0.06128447221849713,0.9305646869994604,0.00815084078204276
1999-09-03,1.460788054423683e-05,0.9203108937339605,0.07967449838549526
1999-09-07,0.03240667240745424,0.9290565377837885,0.03853678980875727
1999-09-08,0.07570474010832823,0.9050720470631283,0.019223212828543362
1999-09-09,0.1818081412521719,0.8088250668640226,0.009366791883805245
1999-09-10,0.33273297879862046,0.6622223389069476,0.005044682294431679
1999-09-13,0.37820961791585983,0.6177768388833335,0.004013543200806503
1999-09-14,0.41196675418406026,0.5845036636836821,0.0035295821322575403
1999-09-15,0.08583192728981404,0.9053956272128589,0.008772445497326855
1999-09-16,0.19936918306648227,0.7952967223962742,0.005334094537243452
1999-09-17,0.09826683577329919,0.8936495609210938,0.008083603305607054
1999-09-20,0.21738728343091754,0.7776010041244744,0.0050117124446084575
1999-09-21,0.0014430076075684977,0.9762576892205175,0.02229930317191403
1999-09-22,0.05509080244454712,0.9335164084544079,0.011392789101045117
1999-09-23,0.0001247420841337689,0.9577068742047441,0.042168383711121936
1999-09-24,0.04516306432544961,0.935060869185178,0.019776066489372135
1999-09-27,0.11846598753144177,0.8710254609853175,0.010508551483240794
1999-09-28,0.24090675307232415,0.7532946901495271,0.005798556778148866
1999-09-29,0.10624839027630492,0.8860256506896872,0.007725959034007936
1999-09-30,0.08025793768928487,0.9112859999660622,0.00845606234465306
1999-10-01,0.18932229059283762,0.8054076847351183,0.0052700246720440175
1999-10-04,0.024861776829883542,0.962473111330058,0.01266511184005858
1999-10-05,0.08420873341402435,0.9082191263631251,0.007572140222850552
1999-10-06,0.00631391573966824,0.9764162347030276,0.01726984955730455
1999-10-07,0.035827539993652124,0.9534267311924872,0.010745728813861015
1999-10-08,0.017983087104849693,0.9691039480983629,0.01291296479678734
1999-10-11,0.08293358402581104,0.9095906451506215,0.0074757708235674465
1999-10-12,0.004736397493481575,0.9802455340903007,0.015018068416217655
1999-10-13,0.00014923194770043147,0.9628975659502966,0.03695320210200284
1999-10-14,0.0479222600597,0.9346932717099429,0.017384468230356828
1999-10-15,3.642537454136937e-06,0.8798109750207087,0.1201853824418374
1999-10-18,0.041249770636851806,0.9019568555030533,0.05679337386009515
1999-10-19,0.10285230662792538,0.8701222028234685,0.027025490548606344
1999-10-20,0.0012160838772402541,0.9318049351486252,0.06697898097413427
1999-10-21,0.036598763126830594,0.9313427421675617,0.03205849470560791
1999-10-22,0.017552914686642045,0.9532741876224249,0.029172897690933165
1999-10-25,0.045165160529334655,0.9384994020334415,0.016335437437224126
1999-10-26,0.039956826606754134,0.9476653464781084,0.012377826915137632
1999-10-27,0.037288450242833636,0.951209830807543,0.011501718949623404
1999-10-28,6.568058848105474e-08,0.7228938868701847,0.27710604744922684
1999-10-29,0.0037743625403275608,0.7552423276544843,0.2409833098051882
1999-11-01,0.026842823667856956,0.8449566768900338,0.12820049944210896
1999-11-02,0.06843788543702904,0.8710325272557964,0.06052958730717465
1999-11-03,0.14728324940657167,0.8250930211673394,0.027623729426089205
1999-11-04,0.24708650282971018,0.7396890976618193,0.01322439950847017
1999-11-05,0.3694550494674039,0.623756645929904,0.0067883046026919695
1999-11-08,0.5158182137094152,0.48052638633619016,0.0036553999543949174
1999-11-09,0.4054372735913418,0.5902174956331606,0.004345230775497902
1999-11-10,0.5241080664687172,0.47291451427503917,0.0029774192562435496
1999-11-11,0.638736144750766,0.3592050193117202,0.0020588359375139998
1999-11-12,0.5515325361215012,0.44541275197682184,0.003054711901676655
1999-11-15,0.7021456792760472,0.29623959527038224,0.0016147254535702716
1999-11-16,0.11045837100022134,0.8777113355691087,0.011830293430669948
1999-11-17,0.12820575114219715,0.8635007605638073,0.00829348829399542
1999-11-18,0.12143193863434458,0.8706987327477815,0.00786932861787369
1999-11-19,0.2304160139102655,0.7645716948497062,0.005012291240028396
1999-11-22,0.3908662153230817,0.6058440946814202,0.0032896899954981546
1999-11-23,0.15657678527650015,0.8369945659123906,0.006428648811109272
1999-11-24,0.17786611660219862,0.8160787417639782,0.006055141633823263
1999-11-26,0.3282269293934383,0.6679139320681832,0.003859138538378757
1999-11-29,0.3477936412001088,0.6484341755720052,0.0037721832278858718
1999-11-30,0.07419796610995559,0.917241113108062,0.008560920781982295
1999-12-01,0.13943130738652257,0.8542727264031837,0.006295966210293668
1999-12-02,0.18045372902338835,0.8138623392652636,0.005683931711347854
1999-12-03,0.021623749829471555,0.9649269380780564,0.013449312092472607
1999-12-06,0.04259646501204499,0.9479139709339791,0.009489564053975918
1999-12-07,0.030647301608902423,0.9601303917349318,0.009222306656165783
1999-12-08,0.08219012790744482,0.9113839800581692,0.006425892034385679
1999-12-09,0.18907219460423938,0.8062763033947782,0.004651502000982478
1999-12-10,0.2812990009945928,0.7146093724204245,0.004091626584982424
1999-12-13,0.44318044165519427,0.5539907371154498,0.002828821229355974
1999-12-14,0.34080087728292796,0.6551848469048435,0.004014275812228457
1999-12-15,0.41827512086148394,0.5782154830917721,0.0035093960467441057
1999-12-16,0.5839325945719624,0.4138448982532951,0.0022225071747422097
1999-12-17,0.7417585479250381,0.25700075155444585,0.001240700520515735
1999-12-20,0.8309332991942902,0.1683059857484349,0.0007607150572749425
1999-12-21,0.7485414750596858,0.2499908956527485,0.0014676292875655536
1999-12-22,0.8529036540432908,0.14638509981447406,0.0007112461422354116
1999-12-23,0.4686669906523117,0.5267578353246315,0.0045751740230568485
1999-12-27,0.6369719643221816,0.3607877525361535,0.0022402831416649103
1999-12-28,0.7788097592947839,0.22006986152404318,0.001120379181173245
1999-12-29,0.8611809175486203,0.13817443666655796,0.0006446457848214172
1999-12-30,0.9181161118557131,0.08155203362414427,0.00033185452014236356
1999-12-31,0.9458866461974941,0.0539200121619165,0.00019334164058964478
2000-01-03,0.8583204560043213,0.14110493081357614,0.0005746131821026181
2000-01-04,3.109211070880611e-08,0.6818202106891386,0.3181797582187507
2000-01-05,0.044422815446223805,0.8026494357147349,0.15292774883904126
2000-01-06,0.1360285013150962,0.8002315134232975,0.06373998526160586
2000-01-07,8.205747371889337e-05,0.7428864249600594,0.25703151756622167
2000-01-10,0.013639538856260774,0.8175947385549063,0.16876572258883293
2000-01-11,0.0062495318334340865,0.862043036735833,0.13170743143073285
2000-01-12,0.04309873248905481,0.8948970007386833,0.062004266772262166
2000-01-13,0.033287127855759095,0.9221649263392224,0.04454794580501861
2000-01-14,0.041055364781327694,0.9296609582392873,0.02928367697938519
2000-01-18,0.06099966429139266,0.9220880050143611,0.016912330694246438
2000-01-19,0.16001408874554413,0.8314870354879897,0.008498875766465934
2000-01-20,0.16022977689444975,0.8329052532202617,0.006864969885288518
2000-01-21,0.26703141506874406,0.7283684087911869,0.004600176140069228
2000-01-24,2.623172321144223e-05,0.938955176908291,0.06101859136849776
2000-01-25,0.0396391850546941,0.9302478888846506,0.030112926060655534
2000-01-26,0.08971061671700896,0.8950710084522575,0.015218374830733142
2000-01-27,0.1578882203162791,0.8335663200090633,0.008545459674657564
2000-01-28,1.61650843038354e-05,0.9240863951402032,0.0758974397754931
2000-01-31,3.8311410426924414e-05,0.7922752989049504,0.20768638968462255
2000-02-01,0.01629822644276733,0.8539121285599076,0.12978964499732515
2000-02-02,0.08078896063955751,0.8637427185613128,0.0554683207991296
2000-02-03,0.06563377342940595,0.8965962212812975,0.037770005289296374
2000-02-04,0.16463362041394905,0.8190789421018235,0.01628743748422732
2000-02-07,0.3133481563781953,0.6793038573855648,0.00734798623623987
2000-02-08,0.18241215323924242,0.8085235304496591,0.009064316311098225
2000-02-09,0.001256685865050976,0.9690940360790089,0.02964927805593973
2000-02-10,0.05169496123430705,0.9336045008681234,0.014700537897569362
2000-02-11,0.00037631783584867086,0.9618775483100724,0.037746133854079086
2000-02-14,0.052981776742474326,0.9294618194451485,0.01755640381237687
2000-02-15,0.08012782401645188,0.9079973458577836,0.011874830125764225
2000-02-16,0.04421209599314012,0.9448506882256816,0.010937215781178365
2000-02-17,0.1313872373816042,0.8621633273926046,0.00644943522579094
2000-02-18,1.4832327695275326e-06,0.8936104359372606,0.10638808082996978
2000-02-22,0.044885560289076906,0.9062691534340006,0.04884528627692246
2000-02-23,0.10173285949520235,0.8741438288498784,0.024123311654919658
2000-02-24,0.1463462356520951,0.8406515853430289,0.013002179004875932
2000-02-25,0.016608741938426867,0.9651850889340614,0.018206169127512006
2000-02-28,0.027419690612217114,0.9581566580847127,0.014423651303070276
2000-02-29,0.01709428253149328,0.9677440912373597,0.01516162623114731
2000-03-01,0.03961637932019096,0.9491231681280482,0.0112604525517608
2000-03-02,0.12397284450078314,0.8693717294371492,0.00665542606206743
2000-03-03,0.00490823751651349,0.9757035483804326,0.019388214103053962
2000-03-06,0.005954477534018654,0.9757975306851362,0.018247991780845303
2000-03-07,8.662270526332138e-06,0.9174392149065153,0.08255212282295835
2000-03-08,0.029083285602312707,0.9266461599895065,0.04427055440818061
2000-03-09,7.064526259446077e-05,0.8537110333615652,0.14621832137584037
2000-03-10,0.032616558333012365,0.8973161244394275,0.0700673172275602
2000-03-13,0.040189852307670824,0.9198327099411564,0.03997743775117259
2000-03-14,0.0016734949233969017,0.9438355938472907,0.05449091122931253
2000-03-15,7.640505030568346e-05,0.8588397874847236,0.14108380746497082
2000-03-16,1.959077852845098e-15,0.011001673426575174,0.9889983265734228
2000-03-17,0.00119317432628481,0.10843903241243916,0.8903677932612762
2000-03-20,0.009126520999172669,0.2623084953829541,0.728564983617873
2000-03-21,9.136881247042311e-06,0.11346515476126853,0.8865257083574846
2000-03-22,0.010531794166186215,0.2785021724203041,0.7109660334135097
2000-03-23,0.0012047128482339678,0.2851055769989878,0.7136897101527783
2000-03-24,0.02941820932015026,0.5037875417882474,0.4667942488916024
2000-03-27,0.09597573957483992,0.6579924368493394,0.24603182357582074
2000-03-28,0.048850703263996,0.7779010468408039,0.17324824989520043
2000-03-29,0.1441714855658519,0.783439133538541,0.07238938089560686
2000-03-30,0.025529557801236342,0.9065319475601887,0.06793849463857478
2000-03-31,0.06715344093366818,0.8982774020591294,0.034569157007202304
2000-04-03,0.14937947660741632,0.83421843004291,0.016402093349673505
2000-04-04,0.14166011496039485,0.8472974201502923,0.011042464889312728
2000-04-05,0.1994033869081195,0.7936180502266601,0.006978562865220389
2000-04-06,0.20179940123990192,0.7916929391646224,0.006507659595476171
2000-04-07,0.1842441242661289,0.8091124500950293,0.006643425638841868
2000-04-10,0.1586891572936196,0.8350134557214508,0.006297386984929732
2000-04-11,0.2716068778212578,0.7240612337963941,0.004331888382348302
2000-04-12,0.0008839328738165849,0.9732602661870835,0.025855800939099893
2000-04-13,0.0005386489635896605,0.9604153960145031,0.03904595502190722
2000-04-14,5.5900066446011446e-24,0.0008612706959760126,0.9991387293040239
2000-04-17,1.4889423195019474e-11,0.003282883773454972,0.9967171162116557
2000-04-18,3.371980108902554e-09,0.008210294828318894,0.991789701799701
2000-04-19,0.00016901760299329886,0.07974515548885533,0.9200858269081513
2000-04-20,0.007889063156201238,0.22445761756605634,0.7676533192777424
2000-04-24,0.03744338275554299,0.42325559331403206,0.5393010239304252
2000-04-25,4.459617568492738e-08,0.05888270404000685,0.9411172513638175
2000-04-26,0.0007395842414789052,0.14269651652446513,0.8565638992340561
2000-04-27,0.017322095342279187,0.32766519251518295,0.6550127121425381
2000-04-28,0.023470818783536903,0.49596208320719604,0.48056709800926695
2000-05-01,0.029869567099481836,0.6278887078205821,0.34224172507993583
2000-05-02,0.00406181475610537,0.6803390253401512,0.3155991599037434
2000-05-03,5.935477179712176e-05,0.5338300507207505,0.4661105945074525
2000-05-04,0.028150034899874582,0.7113895138212315,0.2604604512788937
2000-05-05,0.006131740272757775,0.7417173108728476,0.2521509488543946
2000-05-08,0.03236995912290348,0.8359127596954439,0.13171728118165296
2000-05-09,0.0378576508410896,0.8867793951218933,0.07536295403701732
2000-05-10,0.00035052671022098455,0.8682361152980711,0.1314133579917079
2000-05-11,0.0016117144699918885,0.8519545618341362,0.14643372369587165
2000-05-12,0.024057288435708434,0.8924105793865321,0.08353213217775932
2000-05-15,0.0004519446532037881,0.8431732407132302,0.156374814633566
2000-05-16,0.02245317425258187,0.8877733222812897,0.08977350346612821
2000-05-17,0.009943121825979746,0.9220767640944256,0.06798011407959463
2000-05-18,0.02977296763838365,0.9334528083923566,0.036774223969259556
2000-05-19,0.0002470606960572892,0.9246405623273896,0.0751123769765531
2000-05-22,0.0355869997859829,0.9287523504062738,0.03566064980774322
2000-05-23,0.0007488652425200645,0.9407999348432646,0.058451199914215185
2000-05-24,0.001488934997129645,0.925395104755131,0.07311596024773938
2000-05-25,0.005408822666060941,0.9390557802098788,0.055535397124060276
2000-05-26,0.05288686966700507,0.9217788093410796,0.025334320991915446
2000-05-30,9.525281076700829e-07,0.7335217696922591,0.26647727777963337
2000-05-31,0.04291043554700873,0.8325255137619464,0.12456405069104509
2000-06-01,0.0018937370650195069,0.8220229061269051,0.17608335680807527
2000-06-02,0.0007373566154686381,0.7722288958691282,0.22703374751540312
2000-06-05,0.023569671837017938,0.8561130515532634,0.12031727660971864
2000-06-06,0.04651638542622789,0.891354047121321,0.062129567452450726
2000-06-07,0.06694884457383228,0.8971181686004844,0.03593298682568338
2000-06-08,0.08824374228301374,0.8919887289991483,0.019767528717838104
2000-06-09,0.16772592251096854,0.8222044196636517,0.010069657825379958
2000-06-12,0.15506188013363478,0.8370623384457024,0.007875781420662732
2000-06-13,0.026925663171766055,0.9589296028596486,0.014144733968585062
2000-06-14,0.10196798743706073,0.8902183359726067,0.00781367659033241
2000-06-15,0.18845482769535352,0.8059713901776168,0.0055737821270299345
2000-06-16,0.11005769991452487,0.883179731150282,0.006762568935192767
2000-06-19,0.032498510904344566,0.9566000646871907,0.010901424408464876
2000-06-20,0.053983973461972694,0.9378499780421925,0.008166048495834901
2000-06-21,0.14763115653140868,0.8469634993674043,0.005405344101186978
2000-06-22,0.0038276450950264027,0.9803544900997961,0.015817864805177516
2000-06-23,0.024972086710551462,0.964138487145906,0.010889426143542802
2000-06-26,0.04444742231805102,0.9463729621538293,0.009179615528119698
2000-06-27,0.10621147537777856,0.8875713605678971,0.006217164054324214
2000-06-28,0.22620780183601724,0.7693766035178217,0.004415594646161012
2000-06-29,0.16785136232718856,0.8267412804542712,0.00540735721854033
2000-06-30,0.1998204959105336,0.7948587361175564,0.005320767971910011
2000-07-03,0.17376440611201122,0.82007856914696,0.006157024741029055
2000-07-05,0.013039487666133458,0.9738588084505398,0.013101703883326635
2000-07-06,0.0512708469374646,0.9397066326148366,0.009022520447698525
2000-07-07,0.014786811112555797,0.9719619766642442,0.013251212223200049
2000-07-10,0.07010237788211539,0.9220628003142768,0.007834821803607705
2000-07-11,0.16626050599889086,0.8284059996376681,0.005333494363441042
2000-07-12,0.20761453730261192,0.7872441917425818,0.005141270954806349
2000-07-13,0.3726573990881984,0.6239419726005597,0.0034006283112421043
2000-07-14,0.3575168576967654,0.6383765269281123,0.004106615375122366
2000-07-17,0.5423696380184987,0.4552054535638011,0.002424908417700296
2000-07-18,0.2721318457800457,0.7225876962226835,0.005280457997270622
2000-07-19,0.2277054015481254,0.766864423554975,0.005430174896899485
2000-07-20,0.23468094220004848,0.7598289984090699,0.0054900593908815045
2000-07-21,0.11764221347413745,0.8752256499510361,0.007132136574826481
2000-07-24,0.05334139933637578,0.9382128004865207,0.008445800177103514
2000-07-25,0.10418764924287993,0.8892289515854104,0.0065833991717098245
2000-07-26,0.011487665400135787,0.9765832203480441,0.011929114251820121
2000-07-27,0.06628333246425477,0.9264216584195297,0.0072950091162150635
2000-07-28,0.0005858421640468255,0.9759657088536833,0.02344844898227018
2000-07-31,0.03308249908174261,0.9526955450349514,0.01422195588330599
2000-08-01,0.09626287852730228,0.8952280099888604,0.008509111483837144
2000-08-02,0.21574288468526595,0.7790913749650905,0.005165740349643469
2000-08-03,0.20825048222910947,0.7861048557652861,0.0056446620056043945
2000-08-04,0.281448150229539,0.7138597206708159,0.004692129099645241
2000-08-07,0.20316176801745203,0.790599782616165,0.006238449366383174
2000-08-08,0.3650522239173769,0.6311401805911903,0.0038075954914326277
2000-08-09,0.361369067098993,0.6347901341821806,0.0038407987188265056
2000-08-10,0.26997783064125486,0.7251869890212999,0.004835180337445209
2000-08-11,0.3207869311587065,0.6747910115482778,0.00442205729301595
2000-08-14,0.14301408085502662,0.8490851754112706,0.00790074373370255
2000-08-15,0.20420131540877454,0.7901795367573032,0.005619147833922381
2000-08-16,0.3173288366464351,0.6786974640196809,0.003973699333884101
2000-08-17,0.24071101358357386,0.7537624029399234,0.005526583476502672
2000-08-18,0.36454674705313406,0.6317158557043916,0.0037373972424742225
2000-08-21,0.5042976043257636,0.49298043815885334,0.002721957515382841
2000-08-22,0.6667505111089576,0.3316141781713885,0.0016353107196537377
2000-08-23,0.7679306943939878,0.23093040538723383,0.0011389002187780187
2000-08-24,0.8650931661271428,0.13430865942669887,0.0005981744461581398
2000-08-25,0.9147394667609003,0.08492027625624407,0.00034025698285538637
2000-08-28,0.9368353722703815,0.06292790401318069,0.0002367237164374797
2000-08-29,0.9487866444576227,0.05104626907982384,0.00016708646255388684
2000-08-30,0.9441950818440716,0.055633073341469635,0.00017184481445864033
2000-08-31,0.9061424362756785,0.09349539757837978,0.0003621661459418224
2000-09-01,0.9417992321316981,0.05799407567338298,0.0002066921949188257
2000-09-05,0.868606330018561,0.13086783100101718,0.000525838980421239
2000-09-06,0.7225533496835302,0.27598305215043206,0.0014635981660377096
2000-09-07,0.7772006852525938,0.22161845002055774,0.0011808647268480915
2000-09-08,0.7977865360468567,0.20119595782192848,0.0010175061312149714
2000-09-11,0.8506689507070927,0.14864281184517003,0.0006882374477372906
2000-09-12,0.8678491885634265,0.13156243064098258,0.0005883807955907887
2000-09-13,0.9215642368614976,0.07812302367186504,0.00031273946663759524
2000-09-14,0.9400129500825516,0.05977566102936327,0.0002113888880852024
2000-09-15,0.8254121925727728,0.17383077972493305,0.0007570277022944023
2000-09-18,0.29074990461409933,0.7034174386187066,0.0058326567671940655
2000-09-19,0.232749486689036,0.7607300398136709,0.00652047349729308
2000-09-20,0.2676098534381318,0.7272724591907069,0.005117687371161292
2000-09-21,0.4229596080138445,0.5737922935207147,0.003248098465440668
2000-09-22,0.6017511312002806,0.39626698618218165,0.0019818826175379803
2000-09-25,0.5860355041207169,0.41172389855573,0.002240597323553296
2000-09-26,0.4896192843573453,0.5072842469612813,0.003096468681373031
2000-09-27,0.6591667755306899,0.33908506034863567,0.0017481641206744747
2000-09-28,0.016753509209582552,0.9623961833915575,0.020850307398860027
2000-09-29,0.003573480401756266,0.9726548525153518,0.02377166708289212
2000-10-02,0.05822651309191366,0.9299425405906675,0.011830946317418737
2000-10-03,0.0766219552739746,0.9148243791150273,0.008553665610998209
2000-10-04,0.15471506955029227,0.839275568986244,0.006009361463463597
2000-10-05,0.30324327531498546,0.6928153674855004,0.003941357199513839
2000-10-06,0.005973107294854085,0.9776966802515188,0.016330212453627074
2000-10-09,0.040999154714339806,0.9490721514696799,0.009928693815980428
2000-10-10,0.024238570519110957,0.9657314714870107,0.010029957993878274
2000-10-11,0.0025333224773758196,0.9810284352693136,0.016438242253310555
2000-10-12,8.464660902538555e-06,0.9246476417439354,0.07534389359516219
2000-10-13,7.903688343640307e-08,0.4578981605027441,0.5421017604603725
2000-10-16,0.035311712600698424,0.6598309374970559,0.3048573499022455
2000-10-17,0.0011430045093163955,0.646778255171418,0.35207874031926545
2000-10-18,0.02495884847415809,0.7816065459877134,0.1934346055381289
2000-10-19,2.233900051116353e-08,0.18047292829768255,0.8195270493633169
2000-10-20,0.013330323238316934,0.36237463860646585,0.6242950381552174
2000-10-23,0.06630139800844967,0.5625928069979077,0.37110579499364255
2000-10-24,0.18771546603418646,0.6422280887590849,0.1700564452067284
2000-10-25,0.00017221921411195886,0.588903944138087,0.4109238366478011
2000-10-26,0.040508754996337694,0.7501482831663396,0.20934296183732248
2000-10-27,0.04166952163637417,0.8216022022242963,0.1367282761393296
2000-10-30,0.020032273871583753,0.8708517233976096,0.10911600273080674
2000-10-31,0.00042544749666805306,0.8063224486619059,0.19325210384142613
2000-11-01,0.027473114124762665,0.8748295130258071,0.09769737284943013
2000-11-02,0.08858047764184668,0.8668561778533085,0.04456334450484469
2000-11-03,0.19595277400535496,0.7853937000435892,0.018653525951055787
2000-11-06,0.3417408226286565,0.6499025629205014,0.008356614450842122
2000-11-07,0.5227934449085796,0.4734581351839091,0.003748419907511006
2000-11-08,0.05964859626584727,0.9278931389293444,0.0124582648048083
2000-11-09,0.0824642614147676,0.908856531983376,0.008679206601856202
2000-11-10,7.066228143810234e-05,0.9548724805889617,0.04505685712960021
2000-11-13,0.009151830227560779,0.9595926588873126,0.031255510885126986
2000-11-14,0.00016356421940370012,0.9183948744970439,0.0814415612835524
2000-11-15,0.04410176222170585,0.9178450455018622,0.03805319227643217
2000-11-16,0.01407024307141982,0.9540296060019392,0.0319001509266408
2000-11-17,0.06189937454683558,0.9223437328831112,0.015756892570052992
2000-11-20,0.0016673331283995083,0.969524159959026,0.028808506912574264
2000-11-21,0.05273573028707202,0.9329501508084304,0.014314118904497873
2000-11-22,0.0013490042337655187,0.9712437129904783,0.02740728277575618
2000-11-24,0.006277029602788113,0.967093329178591,0.026629641218621058
2000-11-27,0.05313767730008097,0.9327352646353565,0.01412705806456254
2000-11-28,0.03937200027456361,0.9490447232557904,0.011583276469646405
2000-11-29,0.11163806503750731,0.8811790931769923,0.0071828417855003615
2000-11-30,0.0011295160554571462,0.9762455674589069,0.022624916485635846
2000-12-01,0.054421918169641405,0.9341819884210724,0.011396093409286177
2000-12-04,0.09949141259385863,0.8924106513136791,0.008097936092462656
2000-12-05,4.276185979839322e-09,0.5678675498032572,0.43213244592055694
2000-12-06,0.00026917395154738965,0.522750896929889,0.47697992911856335
2000-12-07,0.020785985476998545,0.6957001597774548,0.2835138547455467
2000-12-08,0.0012003444743142629,0.646756608402929,0.35204304712275697
2000-12-11,0.028210433804219302,0.7719835335677656,0.1998060326280152
2000-12-12,0.052320582739184836,0.8429317013335736,0.10474771592724147
2000-12-13,0.05481647346554734,0.886034566536395,0.05914895999805772
2000-12-14,0.00977331962459704,0.9362520641171322,0.05397461625827076
2000-12-15,0.00012125503030165495,0.8928652306311249,0.10701351433857327
2000-12-18,0.02928573176900968,0.9139404819539508,0.056773786277039565
2000-12-19,0.009631840651788175,0.9438936787828236,0.04647448056538813
2000-12-20,1.0744182600030078e-07,0.6406116859942671,0.35938820656390696
2000-12-21,0.02429511169114831,0.766706079102315,0.2089988092065371
2000-12-22,9.762879248167495e-05,0.5824683629201272,0.4174340082873909
2000-12-26,0.026740724128672826,0.7313745140650945,0.2418847618062327
2000-12-27,0.03757783341344341,0.8102997286238862,0.15212243796267036
2000-12-28,0.11347404550522826,0.8194295781670352,0.06709637632773664
2000-12-29,0.05676011985395808,0.8965962483784446,0.04664363176759723
2001-01-02,3.6958831102741015e-06,0.7610075908040858,0.23898871331280414
2001-01-03,2.76451349969614e-17,0.0027758822368038833,0.9972241177631962
2001-01-04,4.43928817468031e-05,0.06820091662372478,0.9317546904945283
2001-01-05,9.553802021359296e-08,0.028317340027144422,0.9716825644348354
2001-01-08,0.0030102095321638874,0.14413539150454688,0.8528543989632894
2001-01-09,0.024071627311468616,0.32344022501834674,0.6524881476701847
2001-01-10,0.039901934288333614,0.4802570605609661,0.4798410051507003
2001-01-11,0.04947219063168741,0.6172278390939807,0.3332999702743318
2001-01-12,0.08040866476283746,0.7360300946649627,0.1835612405722002
2001-01-16,0.15785293002699394,0.7555271276993609,0.08661994227364522
2001-01-17,0.3146261355484568,0.6530825004129982,0.032291364038544774
2001-01-18,0.12257612543076539,0.8430452348527668,0.0343786397164679
2001-01-19,0.1986899245319608,0.7852273551122771,0.016082720355761977
2001-01-22,0.3611704667045976,0.6318551188903073,0.006974414405095052
2001-01-23,0.18055735685393678,0.8097103498712185,0.009732293274844853
2001-01-24,0.3320361911464332,0.6628030090476446,0.00516079980592206
2001-01-25,0.4002737572473241,0.5958923592421943,0.003833883510481871
2001-01-26,0.5572098581450897,0.4404128706585795,0.0023772711963307895
2001-01-29,0.6396773932525452,0.3583431006176234,0.0019795061298312922
2001-01-30,0.7050863204894995,0.2932827195677446,0.0016309599427557424
2001-01-31,0.7261634381416522,0.272381793916236,0.0014547679421116986
2001-02-01,0.8080526601594591,0.1909801872778677,0.0009671525626730881
2001-02-02,0.0953892661424344,0.8937666715863817,0.01084406227118381
2001-02-05,0.20491659251241218,0.7888040530426755,0.006279354444912073
2001-02-06,0.3489089315511446,0.6471767805462608,0.003914287902594719
2001-02-07,0.2674926920913638,0.7276964961322205,0.0048108117764158465
2001-02-08,0.2881319278269586,0.7074625062954509,0.004405565877590683
2001-02-09,0.06043458256338717,0.9306520533066036,0.008913364130008978
2001-02-12,0.04572336148642535,0.9446617376159134,0.009614900897661168
2001-02-13,0.04437697511990025,0.9471425300836425,0.008480494796457134
2001-02-14,0.11666993301185316,0.8775836687234876,0.005746398264659268
2001-02-15,0.15586414599161647,0.838606787633602,0.005529066374781559
2001-02-16,0.0028939741723421107,0.9796631431263639,0.01744288270129379
2001-02-20,0.0008570438563647932,0.9725911811371858,0.026551775006449382
2001-02-21,0.00045639263823164035,0.9581026575397761,0.041440949821992715
2001-02-22,0.04733885101050366,0.9333558893144481,0.019305259675048196
2001-02-23,0.08273080139547322,0.9059566590696309,0.011312539534895869
2001-02-26,0.009331644137978786,0.9711189045953618,0.01954945126665949
2001-02-27,0.027594946919620507,0.959499551622528,0.012905501457851506
2001-02-28,0.005757439631263685,0.9782137508663671,0.016028809502369366
2001-03-01,0.06383915316740273,0.9273912377699925,0.008769609062604636
2001-03-02,0.09859185804925166,0.8947605314226692,0.006647610528079412
2001-03-05,0.1791326419552086,0.8156608136096463,0.005206544435144922
2001-03-06,0.16578309598333735,0.8282462892541419,0.005970614762520758
2001-03-07,0.25114355470255956,0.7440857536957635,0.004770691601676827
2001-03-08,0.4248598588369497,0.5720449903433082,0.0030951508197419654
2001-03-09,0.0003630745068475765,0.964132648419335,0.035504277073817474
2001-03-12,1.8387708391699695e-13,0.11574179048191222,0.8842582095179038
2001-03-13,0.0007935376371904323,0.17687661730781562,0.8223298450549938
2001-03-14,4.29620835175291e-07,0.06538110879767174,0.9346184615814931
2001-03-15,0.005428056703354569,0.19672656828856672,0.7978453750080786
2001-03-16,7.500504427925908e-05,0.1645494580157744,0.8353755369399465
2001-03-19,0.0003233220612468083,0.18291665214891015,0.8167600257898431
2001-03-20,1.659815143220824e-06,0.08786390325318551,0.912134436931671
2001-03-21,4.4595355030527386e-05,0.10375123876367083,0.8962041658812987
2001-03-22,0.007914662423715415,0.26335369248501983,0.7287316450912649
2001-03-23,0.00033207462384805424,0.22424903807459728,0.7754188873015544
2001-03-26,0.005381201097232821,0.35353846692325674,0.6410803319795106
2001-03-27,9.019328668539085e-06,0.15861623808227074,0.8413747425890608
2001-03-28,1.0133519089591906e-06,0.07316901958423179,0.9268299670638591
2001-03-29,0.005189539467551709,0.2125850895595337,0.7822253709729146
2001-03-30,0.010619278411846688,0.34726093107830003,0.6421197905098535
2001-04-02,0.005011128386878676,0.4553149464331407,0.5396739251799806
2001-04-03,5.281871564322984e-10,0.04344547062432969,0.956554528847483
2001-04-04,0.004088376720206661,0.1692745886781159,0.8266370346016775
2001-04-05,3.1411420957326865e-14,0.0014652123764080762,0.9985347876235605
2001-04-06,2.051568652369705e-07,0.02690900816562075,0.973090786677514
2001-04-09,0.0015613285510338235,0.12142974111520016,0.8770089303337663
2001-04-10,7.58821677188422e-07,0.04271935381851874,0.9572798873598042
2001-04-11,0.00437424367731876,0.16990397873181282,0.8257217775908685
2001-04-12,0.0020071202281947203,0.23092178729511714,0.767071092476688
2001-04-16,0.02240745414854766,0.43609228271384487,0.5415002631376077
2001-04-17,0.033186207900281345,0.5814002631760926,0.3854135289236261
2001-04-18,1.4370393999089215e-10,0.03126356645409352,0.9687364334022025
2001-04-19,0.0005238537163458003,0.10012543471044733,0.8993507115732069
2001-04-20,0.003397966946856458,0.22420960682214958,0.7723924262309938
2001-04-23,0.0008328512818122377,0.2768678089125035,0.7222993398056842
2001-04-24,0.002390360268985439,0.3858223469475066,0.6117872927835077
2001-04-25,0.0019747261032322144,0.42882017234046504,0.5692051015563028
2001-04-26,0.03394853892757136,0.6244196992561503,0.34163176181627847
2001-04-27,0.011121703645548322,0.6872855453288536,0.30159275102559796
2001-04-30,0.05728491093275988,0.7962495909315234,0.1464654981357167
2001-05-01,0.026973061142642453,0.8572965437849098,0.11573039507244763
2001-05-02,0.10267813432179071,0.8486371826915202,0.04868468298668919
2001-05-03,0.011666905288508557,0.9372575781477842,0.05107551656370775
2001-05-04,0.009187996353062229,0.9462673609485577,0.044544642698379815
2001-05-07,0.059575934464839574,0.9197908165119243,0.020633249023236325
2001-05-08,0.14359755187216278,0.8461990413973773,0.010203406730459854
2001-05-09,0.21204850274292014,0.781507910629529,0.006443586627551028
2001-05-10,0.37297956870193033,0.623216834715309,0.0038035965827606533
2001-05-11,0.32751014434412395,0.6682517319900819,0.004238123665793908
2001-05-14,0.5082047973428191,0.4891595666247503,0.002635636032430508
2001-05-15,0.6807103714867225,0.3177476807128702,0.0015419478004074733
2001-05-16,0.00045214565964011704,0.945709035673633,0.05383881866672686
2001-05-17,0.051795645477548134,0.9238548294930037,0.02434952502944823
2001-05-18,0.14252716125444176,0.8458728476901478,0.011599991055410543
2001-05-21,0.02527738021467339,0.9569663712999287,0.017756248485397842
2001-05-22,0.08386810648497951,0.9065132656857202,0.009618627829300147
2001-05-23,0.007558630318212432,0.9769559768136555,0.015485392868132237
2001-05-24,0.06436560966592558,0.9268583019753851,0.008776088358689479
2001-05-25,0.02362067986431547,0.9661141141037016,0.010265206031982837
2001-05-29,0.03736006284789658,0.9542694654535382,0.008370471698565154
2001-05-30,0.0039983322660066,0.9818740224722311,0.014127645261762712
2001-05-31,0.045583060600801646,0.9453072997610575,0.009109639638141027
2001-06-01,0.12523170756283453,0.8687172094895801,0.006051082947585034
2001-06-04,0.2272478969675786,0.7681279236714891,0.0046241793609326145
2001-06-05,0.10836744679568461,0.8839626170986337,0.007669936105681617
2001-06-06,0.052378688871074025,0.9389867854074645,0.008634525721461466
2001-06-07,0.12110398408525823,0.8727135636240655,0.006182452290676075
2001-06-08,0.07774663621459844,0.9152557793313206,0.006997584454081254
2001-06-11,0.06889354131289364,0.924185145227164,0.0069213134599428626
2001-06-12,0.1735134045780885,0.8216954460468137,0.004791149375097538
2001-06-13,0.06465850440017748,0.927973783350691,0.0073677122491316105
2001-06-14,0.0025902744404660907,0.9810974570130061,0.01631226854652786
2001-06-15,0.03918668913037304,0.9510305261781448,0.009782784691482001
2001-06-18,0.08142402888305542,0.9116545907244941,0.006921380392450233
2001-06-19,0.18481263725615896,0.8102925590824435,0.004894803661397839
2001-06-20,0.2094056319622423,0.7854701140067468,0.005124254031010753
2001-06-21,0.14628016028537963,0.8469648895998618,0.00675495011475832
2001-06-22,0.09090875702858892,0.9017379436499634,0.007353299321447546
2001-06-25,0.13045199041634364,0.8636860954387591,0.005861914144897158
2001-06-26,0.25038543797260876,0.745452342998117,0.0041622190292741005
2001-06-27,0.325427405370917,0.6709273781867128,0.003645216442370096
2001-06-28,0.1809536823854753,0.8126070040873224,0.006439313527202153
2001-06-29,0.31879579079039705,0.6771166519564856,0.004087557253117212
2001-07-02,0.2807050785402449,0.7142803751662954,0.005014546293459777
2001-07-03,0.43323212098361963,0.5635725622927741,0.003195316723606406
2001-07-05,0.14256427156952367,0.8503393446177607,0.007096383812715604
2001-07-06,0.00020536546416473857,0.9632454797396607,0.036549154796174405
2001-07-09,0.036513601593343055,0.9437951722431307,0.019691226163526313
2001-07-10,0.006501961521344923,0.9715916765747864,0.02190636190386877
2001-07-11,0.060984563964231554,0.9278584166679681,0.011157019367800312
2001-07-12,0.00037756497486724687,0.9575221665944016,0.042100268430731135
2001-07-13,0.0397153505719642,0.9386308056261328,0.02165384380190308
2001-07-16,0.022562907648545558,0.959993038407213,0.017444053944241558
2001-07-17,0.03926548045025608,0.9477666677754579,0.012967851774285465
2001-07-18,0.07401088757456518,0.917446673025471,0.008542439399964167
2001-07-19,0.14347701946911845,0.8503324930488505,0.00619048748203116
2001-07-20,0.2351585393226739,0.7602903139152488,0.00455114676207757
2001-07-23,0.014728697537233569,0.9729561031906067,0.012315199272159565
2001-07-24,0.001961727730912091,0.9792650928917284,0.01877317937735953
2001-07-25,0.003965790518440691,0.9732659823791299,0.022768227102429685
2001-07-26,0.022140544786035003,0.9614650390279211,0.016394416186043856
2001-07-27,0.09236834046651822,0.8987864312281141,0.008845228305367825
2001-07-30,0.20016897273435982,0.7944204181356788,0.0054106091299611705
2001-07-31,0.31323298565040186,0.6826534267803068,0.004113587569291387
2001-08-01,0.47731084986502775,0.5198873994682289,0.0028017506667433866
2001-08-02,0.636043467384981,0.362118148762071,0.0018383838529484118
2001-08-03,0.6775940495539664,0.32075801765466744,0.0016479327913657403
2001-08-06,0.36707205676506516,0.6283924538101022,0.004535489424832642
2001-08-07,0.5424134057006487,0.4549497954903256,0.0026367988090257267
2001-08-08,0.03339553494166342,0.9536619583874878,0.012942506670849056
2001-08-09,0.11143700045400923,0.8812511662320992,0.007311833313891514
2001-08-10,0.1990638430460592,0.7955834515557847,0.005352705398156075
2001-08-13,0.3627723529169622,0.6337467151799909,0.003480931903046537
2001-08-14,0.4706212035062974,0.5266240778564346,0.0027547186372677
2001-08-15,0.4283510352831506,0.568349913715774,0.0032990510010752127
2001-08-16,0.603412192499719,0.394545565112366,0.002042242387915354
2001-08-17,0.05579804019697905,0.933104054638165,0.011097905164855912
2001-08-20,0.09110032302710862,0.9005790489432285,0.008320628029662689
2001-08-21,0.02861839903329541,0.9611100001852656,0.010271600781438829
2001-08-22,0.0730562036119979,0.9194074409469368,0.00753635544106507
2001-08-23,0.15269658084933124,0.8420031104652856,0.005300308685383155
2001-08-24,0.006548518168354335,0.9762820394568048,0.017169442374841068
2001-08-27,0.04237114668144183,0.9473848749814735,0.01024397833708451
2001-08-28,0.005626189804773407,0.979442040188018,0.014931770007208581
2001-08-29,0.01006175617336891,0.9765621027300374,0.013376141096593562
2001-08-30,0.0012564518457099775,0.9773705829281546,0.021372965226135483
2001-08-31,0.05062652853382428,0.937940407881998,0.011433063584178116
2001-09-04,0.13834881481924752,0.8550263392910371,0.0066248458897155554
2001-09-05,0.2669104217976062,0.7287553474289656,0.004334230773428278
2001-09-06,0.000806628316835862,0.9729614788162515,0.026231892866912552
2001-09-07,0.0004275402748705245,0.9579022623962119,0.041670197328917705
2001-09-10,0.03986669460237093,0.9386887472000446,0.021444558197584288
2001-09-17,1.0721465484874579e-16,0.03088327018661055,0.9691167298133893
2001-09-18,0.0018351057055194188,0.13631843834734952,0.861846455947131
2001-09-19,0.0002793131152865813,0.170380220300299,0.8293404665844144
2001-09-20,3.2762162022082593e-09,0.025072376540823726,0.9749276201829602
2001-09-21,6.455517042306575e-06,0.046819559349646586,0.9531739851333113
2001-09-24,1.4191539404864596e-12,0.0018416824430877385,0.998158317555493
2001-09-25,9.398484519248562e-05,0.07685350248632306,0.9230525126684846
2001-09-26,0.005155951842693562,0.2155200213906614,0.7793240267666453
2001-09-27,0.008706709319205246,0.34037482577034145,0.6509184649104535
2001-09-28,0.00012608485568326081,0.2369039175963163,0.7629699975480004
2001-10-01,0.019610313914759314,0.4483975949657512,0.5319920911194893
2001-10-02,0.01777202559824335,0.567121233380385,0.4151067410213717
2001-10-03,0.0008115425580922421,0.5002795074643458,0.4989089499775618
2001-10-04,0.03351305976158461,0.6891371415625502,0.27734979867586523
2001-10-05,0.1173232704214175,0.7579932636408027,0.1246834659377799
2001-10-08,0.09957404622276236,0.8277609749354514,0.0726649788417863
2001-10-09,0.14570747865401137,0.8195288939248105,0.034763627421177876
2001-10-10,0.0011810015762180948,0.9060902236997268,0.09272877472405516
2001-10-11,0.004927706663776648,0.9130507535742004,0.08202153976202291
2001-10-12,0.036965018747761376,0.9230537035244162,0.039981277727822374
2001-10-15,0.11051008309473767,0.8715590467760974,0.01793087012916442
2001-10-16,0.1748369816558746,0.8147561823698064,0.010406835974318919
2001-10-17,0.0037231794602868135,0.9718674222009792,0.02440939833873415
2001-10-18,0.022258064209743595,0.9622383191470987,0.015503616643157869
2001-10-19,0.08311858793503112,0.907916274046384,0.008965138018584971
2001-10-22,0.02105064739733913,0.9655341562762797,0.013415196326380498
2001-10-23,0.06123564494683581,0.9302636447010924,0.008500710352071781
2001-10-24,0.15973037701402149,0.8348529490506797,0.005416673935298892
2001-10-25,0.06213548549681356,0.9289635052350558,0.008901009268130922
2001-10-26,0.14932894222745174,0.8447751010252226,0.005895956747325839
2001-10-29,0.0001769079735657344,0.9648316382414872,0.0349914537849472
2001-10-30,0.0008329206574035789,0.9545884750446652,0.044578604297930986
2001-10-31,0.053062405181115116,0.9267851219271004,0.02015247289178448
2001-11-01,0.0005059912288204225,0.9431865320503248,0.05630747672085462
2001-11-02,0.05158499361663298,0.9229806682760101,0.025434338107356708
2001-11-05,0.019763560251446075,0.9551428246287207,0.02509361511983272
2001-11-06,0.011004930676562826,0.9642731688045239,0.024721900518913275
2001-11-07,0.06112180471259833,0.9262820993599993,0.0125960959274023
2001-11-08,0.15858520957108194,0.8343910851359502,0.00702370529296799
2001-11-09,0.3085123919223036,0.6872211126979082,0.004266495379788096
2001-11-12,0.46516777807179766,0.5319989249744422,0.002833296953759841
2001-11-13,0.04343856643605589,0.9433057910510623,0.01325564251288195
2001-11-14,0.13058267447708202,0.8620476952450743,0.007369630277843571
2001-11-15,0.26856332647093,0.7268988301297046,0.004537843399365655
2001-11-16,0.3902658573292241,0.60640914572408,0.003324996946696025
2001-11-19,0.3028612164628955,0.6922528492852541,0.004885934251850481
2001-11-20,0.27813825017723776,0.7170279226525098,0.004833827170252193
2001-11-21,0.34653013665440624,0.6495848585681618,0.003885004777431871
2001-11-23,0.2295962772145494,0.76444743363524,0.005956289150210301
2001-11-26,0.3333173190139422,0.6623207766283458,0.004361904357712058
2001-11-27,0.3253490422982654,0.6703848898878886,0.004266067813846199
2001-11-28,0.009463630365595535,0.974887326561818,0.015649043072586414
2001-11-29,0.02670106694024466,0.9609687396751231,0.0123301933846325
2001-11-30,0.09778320559005123,0.8950398199145908,0.00717697449535811
2001-12-03,0.08206957665471934,0.9109271155740737,0.007003307771206791
2001-12-04,0.04015803292740469,0.9503296623306791,0.009512304741916538
2001-12-05,0.0005956567049148031,0.9682335977795621,0.0311707455155232
2001-12-06,0.04453682624221842,0.9400866963059727,0.015376477451808939
2001-12-07,0.055829576972614335,0.9334503517925993,0.010720071234786103
2001-12-10,0.0047751638175775254,0.9783470743070495,0.016877761875372786
2001-12-11,0.05130452964061565,0.9392076762113097,0.009487794148074616
2001-12-12,0.14292676840366517,0.8512159369565382,0.005857294639796408
2001-12-13,0.012122233141885742,0.9756983247786717,0.012179442079442724
2001-12-14,0.07206264809366791,0.9204982222101707,0.007439129696161355
2001-12-17,0.0776477496163858,0.9148605127898948,0.007491737593719213
2001-12-18,0.12432434639052642,0.8694104209381943,0.006265232671279404
2001-12-19,0.21359190925830143,0.781509740969909,0.004898349771790077
2001-12-20,0.16419212222569365,0.830200081159188,0.005607796615118262
2001-12-21,0.29148346764836497,0.7044338692536394,0.004082663097995914
2001-12-24,0.4678280563863756,0.5294747299472445,0.0026972136663799785
2001-12-26,0.6250456675636789,0.3730973237492604,0.0018570086870605997
2001-12-27,0.7000326099171857,0.2983942737614054,0.0015731163214090513
2001-12-28,0.8147713761181111,0.18434345994361456,0.000885163938274538
2001-12-31,0.555037545991479,0.44207745702709805,0.0028849969814229567
2002-01-02,0.6676798998855116,0.33040551565172493,0.0019145844627633094
2002-01-03,0.6507426664880885,0.3470720764084378,0.0021852571034734437
2002-01-04,0.7354450051918957,0.2630528773283943,0.0015021174797102957
2002-01-07,0.7225302684959143,0.2759372855177383,0.001532445986347136
2002-01-08,0.7938808044663734,0.20509759158516153,0.0010216039484649254
2002-01-09,0.8242771460853436,0.1748860906027853,0.0008367633118711932
2002-01-10,0.898007133840828,0.10156062714301729,0.0004322390161551092
2002-01-11,0.7855476050459235,0.2133728990006509,0.0010794959534258246
2002-01-14,0.7777261495785718,0.2211431789180823,0.0011306715033460887
2002-01-15,0.8216515938045975,0.17743798769046484,0.0009104185049376651
2002-01-16,0.1653612310281509,0.8259140754937001,0.008724693478148908
2002-01-17,0.1531145257387667,0.8388999739785142,0.007985500282719053
2002-01-18,0.08445223411999711,0.9071313123841844,0.00841645349581836
2002-01-22,0.09068419202717896,0.9021917783811647,0.007124029591656174
2002-01-23,0.13213626477997034,0.8616671898909006,0.00619654532912899
2002-01-24,0.2587793826922461,0.7368920014735179,0.004328615834235662
2002-01-25,0.4366591162175201,0.5604624435564686,0.0028784402260110258
2002-01-28,0.6145981162590907,0.3835660523180791,0.0018358314228299674
2002-01-29,5.182510654369993e-05,0.9374333213246463,0.06251485356881016
2002-01-30,0.013808795734187473,0.943477869279447,0.042713334986365474
2002-01-31,0.00828631879272158,0.9518621328111936,0.039851548396084985
2002-02-01,0.03005499423102698,0.9476003140128239,0.022344691756149115
2002-02-04,2.730941829407042e-05,0.9152890135687922,0.08468367701291389
2002-02-05,0.03696189189434791,0.9235061180483414,0.039531990057310465
2002-02-06,0.06684205488313595,0.9122878982183581,0.02087004689850604
2002-02-07,0.14029389723663016,0.8490794529391983,0.010626649824171632
2002-02-08,0.03872793112648675,0.9466849738458535,0.014587095027659761
2002-02-11,0.016660653282825778,0.9669589637692417,0.01638038294793237
2002-02-12,0.06114100963065007,0.929323352488604,0.009535637880745977
2002-02-13,0.07033515953811409,0.9210691335523873,0.008595706909498698
2002-02-14,0.15969290095394476,0.8347450747944186,0.005562024251636686
2002-02-15,0.0655295719742889,0.9268140799233626,0.007656348102348411
2002-02-19,0.0013542081228353575,0.9790728763164858,0.019572915560678684
2002-02-20,0.009119775783658964,0.9723810243575953,0.01849919985874556
2002-02-21,0.0023271456855204825,0.9747737410340307,0.02289911328044866
2002-02-22,0.032331409527498564,0.9533241104208028,0.014344480051698562
2002-02-25,0.00396608749567415,0.9725997154198751,0.023434197084450388
2002-02-26,0.059232819830525425,0.9290827848689346,0.011684395300540024
2002-02-27,0.15673574917036845,0.8366683579733457,0.006595892856286107
2002-02-28,0.26385625680278285,0.7316382019923353,0.004505541204881833
2002-03-01,0.0028074290792285367,0.9721293037353129,0.02506326718545855
2002-03-04,0.0010034331790579449,0.9578569420728715,0.04113962474807065
2002-03-05,0.02577402497139743,0.951707688765548,0.022518286263054705
2002-03-06,0.012543510784744288,0.9647089049557057,0.022747584259549803
2002-03-07,0.052010107694612374,0.9355298047265648,0.012460087578822807
2002-03-08,0.11621613371020628,0.8758804555633675,0.007903410726426304
2002-03-11,0.23734158560910562,0.7576376433758449,0.005020771015049718
2002-03-12,0.3741332756547918,0.6224070750493909,0.00345964929581749
2002-03-13,0.2181941276761092,0.7764219604576755,0.005383911866215382
2002-03-14,0.3738587445403095,0.6226588500670798,0.003482405392610648
2002-03-15,0.2657837015513986,0.7288455870223198,0.005370711426281728
2002-03-18,0.43560374976594973,0.5611736948912556,0.0032225553427945816
2002-03-19,0.5967270763132637,0.4011653520956325,0.002107571591103787
2002-03-20,0.07840901957240691,0.9116679378999181,0.009923042527675185
2002-03-21,0.18896901393798818,0.8052132913088632,0.005817694753148525
2002-03-22,0.27045967968677675,0.7251293559771199,0.0044109643361034175
2002-03-25,0.03487675658655115,0.9549089625928467,0.01021428082060203
2002-03-26,0.09207537685072265,0.9008489322386932,0.007075690910584158
2002-03-27,0.1783574330827506,0.8163668677532709,0.005275699163978213
2002-03-28,0.3317341308816004,0.6646363515033052,0.003629517615094358
2002-04-01,0.5058518743160909,0.4917078633366572,0.0024402623472522715
2002-04-02,0.3954155785905916,0.6009629871418258,0.0036214342675824737
2002-04-03,0.22642461912344844,0.7680072722758168,0.005568108600734927
2002-04-04,0.3973287809490991,0.5992582544859638,0.0034129645649371623
2002-04-05,0.5235170230278308,0.4740065590297185,0.002476417942450723
2002-04-08,0.6923517056842131,0.3061668415068477,0.0014814528089391937
2002-04-09,0.6746618638288964,0.32363318990444134,0.0017049462666623254
2002-04-10,0.5433323159615973,0.4535338671077045,0.003133816930698365
2002-04-11,0.0011233525911044106,0.9655423050045886,0.033334342404306806
2002-04-12,0.039027923849734615,0.942981388050575,0.017990688099690746
2002-04-15,0.05063960702496535,0.9372822271586215,0.012078165816413352
2002-04-16,0.0003834257122116647,0.9573421850327613,0.04227438925502748
2002-04-17,0.046885430285183376,0.9334342329380195,0.01968033677679688
2002-04-18,0.12700266316040676,0.863116003313457,0.00988133352613645
2002-04-19,0.26287397260003686,0.731702111734042,0.00542391566592113
2002-04-22,0.025044198733841325,0.9627135323026446,0.012242268963513998
2002-04-23,0.052355626378418875,0.9390870146081266,0.008557359013454528
2002-04-24,0.06739834200060457,0.9254431290835191,0.007158528915876561
2002-04-25,0.1580210211640015,0.8369709773919677,0.005008001444030739
2002-04-26,0.02557058200179799,0.964850536415205,0.009578881582996683
2002-04-29,0.022089786974362122,0.968555584484631,0.009354628541006844
2002-04-30,0.03277632798508537,0.9581188038696384,0.009104868145276397
2002-05-01,0.05856009663357133,0.9336145155633382,0.007825387803090538
2002-05-02,0.14235283720617722,0.8523046300059851,0.00534253278783754
2002-05-03,0.0722264400934837,0.9207667243039327,0.007006835602583677
2002-05-06,0.0011563843240807226,0.9789996544824724,0.019843961193446724
2002-05-07,0.04455541422041487,0.9446532673269152,0.010791318452669773
2002-05-08,9.069979835416523e-09,0.6172998703304425,0.3827001205995776
2002-05-09,0.0016923283926835733,0.6631214814147235,0.3351861901925926
2002-05-10,0.0007213714493147285,0.6563398818225978,0.34293874672808755
2002-05-13,0.00090453484523869,0.6204616582195511,0.3786338069352102
2002-05-14,0.00022670062542177108,0.5048381489356992,0.49493515043887903
2002-05-15,0.02099637607185579,0.6830905223731005,0.29591310155504374
2002-05-16,0.06531060236113806,0.7795584182671725,0.15513097937168946
2002-05-17,0.11240680270707905,0.8082182884423481,0.07937490885057295
2002-05-20,0.022963924563441283,0.9072750677280395,0.06976100770851947
2002-05-21,0.016069602791068765,0.9360354378663557,0.04789495934257558
2002-05-22,0.06594011984190093,0.9105687569002624,0.023491123257836616
2002-05-23,0.07078076181861241,0.9127300466248508,0.016489191556536775
2002-05-24,0.023300063847689588,0.9607846540745931,0.015915282077717384
2002-05-28,0.03128448551312485,0.9569949733850618,0.011720541101813392
2002-05-29,0.05640419953791007,0.935204519506547,0.00839128095554274
2002-05-30,0.128324967265833,0.8659351675177401,0.005739865216426643
2002-05-31,0.2626788696210254,0.7332667341760623,0.004054396202912388
2002-06-03,0.00017969634779165742,0.9634842072803156,0.03633609637189293
2002-06-04,0.05206013773495799,0.9310858736667397,0.016853988598302692
2002-06-05,0.07736649097195096,0.9109971521853093,0.011636356842739877
2002-06-06,0.0009791129868498112,0.9708413378426337,0.02817954917051624
2002-06-07,0.049811341897857304,0.9363833530918141,0.013805305010328506
2002-06-10,0.13684439533525178,0.8554688822962815,0.007686722368466609
2002-06-11,0.007367759429645214,0.9768882753520233,0.0157439652183316
2002-06-12,0.048142263276437766,0.9419022803601403,0.00995545636342184
2002-06-13,0.028602814576900015,0.9615032326731953,0.009893952749904903
2002-06-14,0.09161076173143794,0.9019724101740039,0.006416828094558235
2002-06-17,2.3615669794776422e-05,0.9307136676880213,0.0692627166421839
2002-06-18,0.051867301524130924,0.9178520487205988,0.030280649755270454
2002-06-19,0.0033735111744823453,0.958101689238576,0.0385247995869415
2002-06-20,0.004313147522169621,0.9619630805239704,0.03372377195386008
2002-06-21,0.0010201303665647503,0.9561754189155108,0.04280445071792461
2002-06-24,0.05101083328077909,0.9288424150363448,0.020146751682876014
2002-06-25,0.0031115950771680068,0.9684728959175131,0.028415509005318872
2002-06-26,0.049010757984899025,0.9368140026602416,0.014175239354859415
2002-06-27,0.006059951744127893,0.97147962757776,0.02246042067811208
2002-06-28,0.06117002455642433,0.9274894499488203,0.011340525494755215
2002-07-01,0.00033822224578759644,0.9657706667275421,0.03389111102667012
2002-07-02,0.00010567003916886482,0.9297058237673672,0.07018850619346385
2002-07-03,0.03884427481616696,0.9265846189800446,0.034571106203788254
2002-07-05,1.2022018656758451e-08,0.4449470520755951,0.5550529359023861
2002-07-08,0.0032260043672465567,0.5531509233461841,0.4436230722865692
2002-07-09,4.86347059454805e-06,0.2959765117335158,0.7040186247958896
2002-07-10,3.0719949662695633e-10,0.025453794864256737,0.9745462048285436
2002-07-11,0.0016770613500475024,0.12217021059285924,0.8761527280570932
2002-07-12,0.008695030402770613,0.2740207745574102,0.7172841950398192
2002-07-15,0.03872729451630688,0.47659392909986154,0.48467877638383156
2002-07-16,0.0007835603610234811,0.4451642526633482,0.5540521869756283
2002-07-17,0.028725910978466444,0.6346092894492716,0.33666479957226175
2002-07-18,2.337781643748339e-06,0.29870684712631773,0.7012908150920385
2002-07-19,1.985689546524425e-12,0.009380971279374782,0.9906190287186395
2002-07-22,2.1851784932967613e-11,0.0035671052890124226,0.9964328946891357
2002-07-23,2.390982326238331e-09,0.009822682944008773,0.9901773146650091
2002-07-24,6.581491243466243e-25,3.770868067371775e-06,0.9999962291319325
2002-07-25,2.4007440537906397e-07,0.082038744405026,0.9179610155205685
2002-07-26,0.0002265721298198031,0.11732469301024342,0.8824487348599368
2002-07-29,2.325640891498067e-21,4.0904371482997744e-05,0.999959095628517
2002-07-30,4.440588931996943e-06,0.08713329815790216,0.9128622612531657
2002-07-31,0.003253473413325706,0.20014537591562537,0.796601150671049
2002-08-01,2.5259849254357917e-08,0.03923688582959088,0.9607630889105596
2002-08-02,6.455324528713939e-07,0.03346027995374341,0.9665390745138038
2002-08-05,1.800190395966996e-11,0.003959251353750535,0.9960407486282475
2002-08-06,1.3582116207580283e-09,0.006616027248164115,0.9933839713936242
2002-08-07,3.4326089170991397e-06,0.032615892511549734,0.9673806748795333
2002-08-08,8.32481168613847e-10,0.00631498520485547,0.9936850139626633
2002-08-09,0.000724111581048781,0.1007181431073861,0.8985577453115652
2002-08-12,0.0077346821341445215,0.2511431386742433,0.741122179191612
2002-08-13,2.7366463055037052e-05,0.16487472479008847,0.8350979087468566
2002-08-14,1.6008288857986203e-12,0.0037267167027233306,0.9962732832956758
2002-08-15,8.797566947566311e-05,0.06805667214926067,0.9318553521812638
2002-08-16,0.007411315529188942,0.214871311389077,0.777717373081734
2002-08-19,2.881320830549828e-05,0.12067059826781765,0.8793005885238768
2002-08-20,0.00047172853282772056,0.1850689908323315,0.8144592806348409
2002-08-21,0.002981294518039426,0.28599993845128163,0.7110187670306788
2002-08-22,0.0035286236959728347,0.3715566256386461,0.6249147506653813
2002-08-23,1.3640516502124356e-05,0.22175955838633377,0.778226801097164
2002-08-26,0.012210659768103115,0.3987222267957524,0.5890671134361442
2002-08-27,0.0032635080809916553,0.47826988835880063,0.5184666035602078
2002-08-28,0.00029232180178177857,0.44106671048030777,0.5586409677179107
2002-08-29,0.03492788907156853,0.6464936911416129,0.31857841978681867
2002-08-30,0.10861519936902621,0.7415107079811943,0.1498740926497797
2002-09-03,2.39933778795479e-12,0.041532940366289156,0.9584670596313115
2002-09-04,8.396453022056469e-05,0.07428552373209409,0.9256305117376853
2002-09-05,0.00011526941724753002,0.1127895352330235,0.887095195349729
2002-09-06,0.00033628695702208434,0.14745993395037638,0.8522037790926014
2002-09-09,0.005256298288203198,0.2772799724827769,0.7174637292290197
2002-09-10,0.025426397665025177,0.460527313867701,0.5140462884672738
2002-09-11,0.10013019213075314,0.6263569604584321,0.2735128474108146
2002-09-12,3.860069606789018e-05,0.4287194882545967,0.5712419110493353
2002-09-13,0.03244567151349179,0.631917452276369,0.33563687621013927
2002-09-16,0.1161837883807944,0.7275562220441577,0.156259989575048
2002-09-17,0.0012790863575605656,0.7547989229691011,0.24392199067333828
2002-09-18,0.03271763263906806,0.845943683597155,0.12133868376377657
2002-09-19,3.5618653281311524e-07,0.4604559082459851,0.5395437355674821
2002-09-20,0.0350473174668774,0.6590443638536632,0.3059083186794597
2002-09-23,0.007275002011799964,0.7315560841497449,0.26116891383845514
2002-09-24,0.0007925749496335123,0.7167004680720991,0.28250695697826755
2002-09-25,2.9056963870059797e-05,0.4755028663880689,0.5244680766480609
2002-09-26,0.0007189189791579081,0.4537486242727391,0.5455324567481031
2002-09-27,3.735864509568293e-09,0.06627433700971304,0.9337256592544225
2002-09-30,0.00019175237806167507,0.11831031532235521,0.8814979322995832
2002-10-01,1.1813610549100449e-12,0.0027582605788606905,0.997241739419958
2002-10-02,3.034624485243647e-08,0.016816669305814092,0.9831833003479413
2002-10-03,0.00024212878910196057,0.08710109020273232,0.9126567810081659
2002-10-04,2.615479166836418e-06,0.0598068747887187,0.9401905097321145
2002-10-07,1.4853203894682703e-05,0.07095599069683334,0.9290291560992721
2002-10-08,0.0001960463119561232,0.10672320372407296,0.893080749963971
2002-10-09,6.563256415701124e-08,0.033049170290790124,0.9669507640766455
2002-10-10,8.611116027697728e-11,0.003934968303652161,0.9960650316102367
2002-10-11,1.0404755599238465e-13,0.0009000584326493693,0.9990999415672466
2002-10-14,6.27750265404951e-05,0.08047819084482495,0.9194590341286344
2002-10-15,4.7528584454902964e-17,0.0002661536927111086,0.9997338463072889
2002-10-16,1.9500339419909827e-09,0.01464345668054166,0.9853565413694245
2002-10-17,1.8444332770635393e-06,0.02830580423261605,0.9716923513341069
2002-10-18,0.002440124669146926,0.1342452426019946,0.8633146327288586
2002-10-21,0.0004990151626435951,0.16031666771651207,0.8391843171208445
2002-10-22,0.00254749437317675,0.278498623410262,0.7189538822165611
2002-10-23,0.02226079006986957,0.46889219707343066,0.5088470128567001
2002-10-24,0.0027226221045430947,0.5187843609696943,0.47849301692576257
2002-10-25,0.0015185070871740485,0.5247817246788541,0.4736997682339722
2002-10-28,0.013445966300519576,0.6793698295491689,0.3071842041503118
2002-10-29,0.020308051976142605,0.78796143374374,0.1917305142801174
2002-10-30,0.03849785051440692,0.848344010643422,0.11315813884217099
2002-10-31,0.07374905927169687,0.8710848839997533,0.05516605672854996
2002-11-01,0.009542878596621602,0.9253446282689824,0.06511249313439643
2002-11-04,0.03981181260494322,0.9248825508453626,0.03530563654969404
2002-11-05,0.07831108333544456,0.9020412825870024,0.01964763407755303
2002-11-06,0.09781700113155001,0.8889510787367899,0.013231920131659958
2002-11-07,0.000211297301846958,0.9528139301757157,0.04697477252243729
2002-11-08,0.015829548991877305,0.9557754875111267,0.028394963496995985
2002-11-11,0.00022246562183746382,0.941846056108991,0.057931478269171534
2002-11-12,0.032012423236958694,0.9370468259829186,0.030940750780122706
2002-11-13,0.10780159070758052,0.8779639858473625,0.014234423445057069
2002-11-14,0.0003515036054185677,0.9413372600806974,0.05831123631388416
2002-11-15,0.039788694377597404,0.9312490389351512,0.028962266687251402
2002-11-18,0.025880652963741074,0.9528840465230595,0.021235300513199783
2002-11-19,0.07334398645478558,0.9151519896030434,0.011504023942170991
2002-11-20,0.003745972752451424,0.9716834762792885,0.024570550968259948
2002-11-21,0.00040558094019515047,0.9479603098677024,0.051634109192102505
2002-11-22,0.04093152006357082,0.934725584451863,0.024342895484566023
2002-11-25,0.1249084408633278,0.8633934027518576,0.01169815638481459
2002-11-26,0.0007846656727032197,0.9651043828774251,0.03411095144987172
2002-11-27,7.3970206536244995e-06,0.8344159353412762,0.1655766676380704
2002-11-29,0.040883357472369417,0.8836962814239586,0.07542036110367173
2002-12-02,0.11474865321601764,0.8529028555279995,0.03234849125598317
2002-12-03,0.013588936007563477,0.9507141439202699,0.03569692007216678
2002-12-04,0.06056552131011972,0.9220405262515224,0.017393952438357754
2002-12-05,0.021156861793812494,0.9624702989963824,0.016372839209804993
2002-12-06,0.06918428989874667,0.9208271431328207,0.0099885669684328
2002-12-09,0.00023720001058976525,0.9646527620049046,0.035110037984505724
2002-12-10,0.007554770812367338,0.9618355994844888,0.030609629703143664
2002-12-11,0.06660903108141554,0.9189566562784163,0.014434312640168064
2002-12-12,0.13095443414286723,0.8607399962963052,0.00830556956082786
2002-12-13,0.02518862504834758,0.9630155650274737,0.011795809924178755
2002-12-16,0.00023882499421788207,0.9581705624297958,0.04159061257598614
2002-12-17,0.018421970297042924,0.9570036584712873,0.024574371231669754
2002-12-18,0.007279451859712929,0.9697962907368948,0.022924257403392545
2002-12-19,0.025741169385518188,0.9596375168978768,0.014621313716604929
2002-12-20,0.01979241823495782,0.9657065938115099,0.014500987953532125
2002-12-23,0.08920942020730468,0.9027168350090834,0.00807374478361186
2002-12-24,0.12934062359787887,0.8644917220518981,0.006167654350222942
2002-12-26,0.2227532503581182,0.7726969446766889,0.004549804965193117
2002-12-27,0.01597854581706396,0.9722352972408118,0.011786156942124239
2002-12-30,0.07301565411790199,0.9194801748824368,0.007504170999661065
2002-12-31,0.17918444207092202,0.8158467378578584,0.004968820071219318
2003-01-02,1.5412673423997107e-06,0.8572709419488111,0.14272751678384643
2003-01-03,0.04824832091912914,0.8893414101282455,0.06241026895262503
2003-01-06,0.0005763925043029902,0.8690753296850031,0.1303482778106938
2003-01-07,0.024767828886028655,0.9082279489619028,0.06700422215206868
2003-01-08,0.005816779691673859,0.9347387854499924,0.05944443485833363
2003-01-09,0.001114315607042756,0.9152410434148411,0.0836446409781164
2003-01-10,0.05271739281862024,0.9110061447665321,0.03627646241484761
2003-01-13,0.13685452805246576,0.8469610953995088,0.016184376548025403
2003-01-14,0.23000623775916948,0.7611835520485932,0.008810210192237019
2003-01-15,0.03136616330655934,0.9543771956880204,0.01425664100542042
2003-01-16,0.08140907571065815,0.9100533907716855,0.008537533517656237
2003-01-17,0.013328361137976887,0.97426579195117,0.012405846910852891
2003-01-21,0.0024137607445524215,0.9798184469823412,0.01776779227310664
2003-01-22,0.011185364087958682,0.9744740523253864,0.01434058358665469
2003-01-23,0.028738760860919185,0.9597578195324762,0.011503419606604923
2003-01-24,1.1282978026691983e-06,0.888211672320929,0.11178719938126802
2003-01-27,0.0011916685658370013,0.8851865007321582,0.11362183070200478
2003-01-28,0.00970143758004709,0.9070094353418332,0.08328912707811943
2003-01-29,0.04914422405526313,0.9093337570977142,0.041522018847022495
2003-01-30,0.00011756544945671575,0.8934804417314874,0.1064019928190559
2003-01-31,0.009132744940539738,0.9122948857447424,0.07857236931471796
2003-02-03,0.05667956242791308,0.9062552017758396,0.037065235796247584
2003-02-04,0.009774413589987407,0.9542614931553497,0.035964093254662856
2003-02-05,0.04209890859493024,0.9390129987045615,0.018888092700508244
2003-02-06,0.06636028137116311,0.9219471859493745,0.011692532679462322
2003-02-07,0.039973450309614945,0.9493682671884102,0.010658282501974703
2003-02-10,0.08043949161229336,0.911647910314979,0.007912598072727692
2003-02-11,0.07479373818091528,0.91794538782267,0.007260873996414766
2003-02-12,0.019955308758114174,0.9700465208712847,0.009998170370601005
2003-02-13,0.08190622249137984,0.9116629567152186,0.0064308207934016415
2003-02-14,0.0015811730304448434,0.9755174665318797,0.02290136043767562
2003-02-18,0.0009606854118172277,0.9606521222125516,0.03838719237563109
2003-02-19,0.023714934618493406,0.9546320869903827,0.02165297839112374
2003-02-20,0.02494093435680738,0.9593757587657777,0.01568330687741499
2003-02-21,0.018352024914379223,0.966149448501655,0.015498526583965798
2003-02-24,0.0008086189726489198,0.9714529885398441,0.02773839248750687
2003-02-25,0.035880218852359015,0.9482641169529414,0.015855664194699887
2003-02-26,0.010234982193886969,0.9731047326240974,0.0166602851820156
2003-02-27,0.01953702494841581,0.9661711648645382,0.014291810187045714
2003-02-28,0.07836182330363817,0.913123897414974,0.008514279281387973
2003-03-03,0.08232898292825877,0.9103871222212874,0.007283894850453971
2003-03-04,0.007981794829946409,0.9790420658290393,0.012976139341014051
2003-03-05,0.030233407308971907,0.959470696209443,0.010295896481584726
2003-03-06,0.02942853984444989,0.9613086518965667,0.009262808258983495
2003-03-07,0.06124322851323722,0.9311326985847997,0.007624072901963121
2003-03-10,2.1845130713423228e-05,0.9481316086436209,0.05184654622566588
2003-03-11,0.01726274028899875,0.9524410080712573,0.030296251639743747
2003-03-12,0.07628708463184322,0.9087061237466476,0.015006791621509207
2003-03-13,2.1255029854198446e-07,0.716913116439702,0.2830866710099995
2003-03-14,0.045755445821691255,0.8214267008781001,0.1328178533002088
2003-03-17,2.1817963488418724e-08,0.22154142445658268,0.7784585537254538
2003-03-18,0.018840428616247473,0.42374311872493026,0.5574164526588223
2003-03-19,0.041545697787717974,0.5846513464878593,0.37380295572442285
2003-03-20,0.13596311722753437,0.6869897318834423,0.17704715088902315
2003-03-21,0.0008969576020793421,0.6455760405053748,0.35352700189254593
2003-03-24,3.240797657783138e-10,0.07307263967618892,0.9269273599997312
2003-03-25,0.0013668609228378549,0.15782659523204381,0.8408065438451185
2003-03-26,0.011619817343538287,0.33101098801761686,0.6573691946388448
2003-03-27,0.057875727993455785,0.5356878986616326,0.40643637334491145
2003-03-28,0.0993887220972303,0.6722977320338971,0.2283135458688725
2003-03-31,0.003003002278985453,0.7149749970893388,0.2820220006316758
2003-04-01,0.011837309325094867,0.7898442556972062,0.19831843497769888
2003-04-02,2.3134249989563188e-05,0.5339255944807692,0.46605127126924123
2003-04-03,0.023770389660580968,0.7078414000870147,0.26838821025240417
2003-04-04,0.09477412841476253,0.7821363918965231,0.1230894796887143
2003-04-07,0.2227983128613144,0.7288464141396508,0.0483552729990346
2003-04-08,0.37102182230314046,0.6106996748806529,0.018278502816206833
2003-04-09,0.06692152178251067,0.9072700957775093,0.025808382439980182
2003-04-10,0.12879498061182532,0.857369731230299,0.01383528815787587
2003-04-11,0.2104964318123733,0.7818246136192505,0.007678954568376077
2003-04-14,0.009890129140123764,0.9689561362058473,0.02115373465402879
2003-04-15,0.05319018159189331,0.9346047032035062,0.012205115204600542
2003-04-16,0.01797723611613159,0.9690334941934907,0.012989269690377826
2003-04-17,0.007559037627530507,0.9756121104462283,0.016828851926241135
2003-04-21,0.060492267907079664,0.9302706450236713,0.009237087069248796
2003-04-22,0.0010840566717613804,0.9703830502486025,0.028532893079636176
2003-04-23,0.03002324046932256,0.9527024875167859,0.017274272013891707
2003-04-24,0.0379851131609864,0.9498093893327457,0.012205497506267501
2003-04-25,0.008217910071774834,0.9769012352596239,0.014880854668601404
2003-04-28,0.002455952670859044,0.9742284676567355,0.023315579672405367
2003-04-29,0.05491293073094802,0.9330898396617021,0.011997229607349646
2003-04-30,0.14267007172017407,0.850488568009309,0.006841360270517058
2003-05-01,0.27695995778663346,0.7186925020802959,0.004347540133070468
2003-05-02,0.07515966119908776,0.9153350383871965,0.009505300413715523
2003-05-05,0.14116351226173737,0.852541716036112,0.006294771702150641
2003-05-06,0.17310308726693752,0.8210507191834409,0.005846193549621374
2003-05-07,0.22903264263063255,0.7662081374009835,0.004759219968383707
2003-05-08,0.12127176826717255,0.8722303926882189,0.006497839044608815
2003-05-09,0.04060353363908818,0.9491461601564903,0.01025030620442113
2003-05-12,0.029193249107484796,0.9597274298365346,0.011079321055980746
2003-05-13,0.08702745879447246,0.9059631471937,0.007009394011827804
2003-05-14,0.16583393463329468,0.8290610587514793,0.005105006615225897
2003-05-15,0.21441612040195715,0.7806571697843884,0.0049267098136541974
2003-05-16,0.34238906473383723,0.6540442813424918,0.003566653923671137
2003-05-19,0.0002362241469092897,0.9630890347585115,0.03667474109457952
2003-05-20,0.04968497484901628,0.9331728904068709,0.017142134744112664
2003-05-21,0.13085339300869647,0.8599553357636875,0.009191271227616147
2003-05-22,0.1460769817236921,0.846213835039518,0.007709183236790021
2003-05-23,0.2911599517898892,0.704272169119511,0.004567879090599716
2003-05-27,0.014201533242553068,0.9687942279304615,0.01700423882698527
2003-05-28,0.07908214709129627,0.911814611035286,0.009103241873418115
2003-05-29,0.14687912706215434,0.847019345491558,0.006101527446287901
2003-05-30,0.04271513890002613,0.946861942925285,0.010422918174689016
2003-06-02,0.12272022029079864,0.870755444455368,0.00652433525383337
2003-06-03,0.23011012781644827,0.7651622146779096,0.0047276575056424104
2003-06-04,0.05942190095346841,0.9307303941217171,0.009847704924814647
2003-06-05,0.14647104982450418,0.8472785995450904,0.0062503506304056435
2003-06-06,0.25870182784379264,0.7369510791580732,0.004347092998134338
2003-06-09,0.08209019782701768,0.9103089156503588,0.007600886522623704
2003-06-10,0.1013227738987165,0.8916346850395227,0.007042541061761097
2003-06-11,0.05266933208330629,0.9380792545988014,0.009251413317892438
2003-06-12,0.14662033519951548,0.8476208789177988,0.005758785882686053
2003-06-13,0.08121164094104184,0.9117387276150738,0.007049631443884308
2003-06-16,0.0009652351357187771,0.9717503117783671,0.027284453085913783
2003-06-17,0.0546310334986616,0.9321302248755696,0.013238741625768897
2003-06-18,0.13811086125515143,0.8545047930419009,0.007384345702947893
2003-06-19,0.013352927708235927,0.9733738241922999,0.013273248099464322
2003-06-20,0.07779766195352354,0.914579541003777,0.007622797042699629
2003-06-23,0.012403194640266004,0.9758692464083877,0.01172755895134608
2003-06-24,0.07584619434343713,0.917072043292931,0.007081762363631895
2003-06-25,0.06895035552631024,0.9241260770501488,0.006923567423541099
2003-06-26,0.06449140240131021,0.927857476913972,0.0076511206847178406
2003-06-27,0.04297626961593186,0.9489783133528749,0.008045417031193165
2003-06-30,0.11796658526039054,0.8765012316814559,0.005532183058153708
2003-07-01,0.1594379591369138,0.8351793562060432,0.005382684657043039
2003-07-02,0.10634369491754869,0.8864770084933036,0.007179296589147973
2003-07-03,0.09333473861659813,0.8998182607628823,0.006847000620519329
2003-07-07,0.005535458910838485,0.9769962017093267,0.017468339379834608
2003-07-08,0.060142708723183336,0.9302240720661118,0.009633219210704926
2003-07-09,0.09605035884378986,0.896942739280553,0.007006901875656863
2003-07-10,0.018632311559218136,0.9707339927059804,0.010633695734801408
2003-07-11,0.03943386418368026,0.951532835475892,0.009033300340427862
2003-07-14,0.09969405579011315,0.8937945621543455,0.006511382055541696
2003-07-15,0.17910661215453438,0.8160009024601674,0.0048924853852983195
2003-07-16,0.19973787488517653,0.795499225658103,0.004762899456720589
2003-07-17,0.053628522450621774,0.9381689816267705,0.008202495922607854
2003-07-18,0.04228703001071831,0.9485614340897464,0.009151535899535324
2003-07-21,0.006562092628506622,0.9800039914024765,0.013433915969016882
2003-07-22,0.029312551987338734,0.9601822732624833,0.010505174750178176
2003-07-23,0.10579749742127943,0.8877871177925852,0.006415384786135365
2003-07-24,0.11325111460223598,0.8807534715692482,0.005995413828515836
2003-07-25,0.012733918468789218,0.9735700021351383,0.013696079396072596
2003-07-28,0.06710125373372863,0.9248801455899891,0.008018600676282336
2003-07-29,0.07747928092253213,0.9155834696785666,0.006937249398901134
2003-07-30,0.17039582480283477,0.8247063184218095,0.004897856775356067
2003-07-31,0.3179749037041239,0.6784435548797443,0.0035815414161315803
2003-08-01,0.1649747236041783,0.8292340092517426,0.0057912671440789095
2003-08-04,0.3117959928488709,0.6843037853691037,0.0039002217820254302
2003-08-05,0.011777170014099777,0.9743475172884947,0.013875312697405504
2003-08-06,0.07482814396209395,0.9172663991966501,0.007905456841255851
2003-08-07,0.12546960295295254,0.8681722549046714,0.006358142142376005
2003-08-08,0.2488575823371526,0.7467099432385256,0.00443247442432197
2003-08-11,0.4152516256168208,0.5816767009454199,0.003071673437759219
2003-08-12,0.3724378649288336,0.6234972358668949,0.004064899204271589
2003-08-13,0.38255686692250884,0.6136448940982019,0.0037982389792890993
2003-08-14,0.4829637034700129,0.5139945381648768,0.0030417583651103502
2003-08-15,0.6581994071234128,0.34007469412565333,0.0017258987509336213
2003-08-18,0.6426532270055212,0.35523617287004344,0.0021106001244353603
2003-08-19,0.7805403956693994,0.2183536730515924,0.0011059312790082038
2003-08-20,0.857030298404806,0.14232365084977974,0.0006460507454144881
2003-08-21,0.9133490570235681,0.0862943895506707,0.00035655342576112385
2003-08-22,0.7773134954765375,0.22156471565831581,0.0011217888651465762
2003-08-25,0.8703213239269952,0.12910222005626798,0.0005764560167370886
2003-08-26,0.9205349501794542,0.0791446478750634,0.0003204019454826912
2003-08-27,0.9487420202774651,0.05108133626569393,0.00017664345684126182
2003-08-28,0.9523766015919307,0.04747090345507804,0.000152494952991157
2003-08-29,0.9587619154462226,0.04111610859911603,0.00012197595466166336
2003-09-02,0.813552525786883,0.1855960122572037,0.0008514619559131594
2003-09-03,0.8812978528508727,0.11818116376709144,0.0005209833820358105
2003-09-04,0.9290728311093797,0.07065171622458286,0.0002754526660372461
2003-09-05,0.9094785288174467,0.09017581438781667,0.00034565679473674463
2003-09-08,0.8669778817456625,0.13239732197965562,0.000624796274681838
2003-09-09,0.7955081331912809,0.20344834678763044,0.0010435200210888104
2003-09-10,0.4622611329991442,0.5338808482400096,0.003858018760846211
2003-09-11,0.5930123120156573,0.4045231160809464,0.0024645719033963035
2003-09-12,0.7468795241625036,0.25182705681118767,0.0012934190263090423
2003-09-15,0.8091565557476333,0.18993261352260835,0.0009108307297580969
2003-09-16,0.4972173481281963,0.49878510942918497,0.003997542442618384
2003-09-17,0.6163761528283741,0.3812796684074326,0.0023441787641930298
2003-09-18,0.3560745500877537,0.6383795098786643,0.005545940033582144
2003-09-19,0.4838342442142042,0.5128429634147634,0.0033227923710323
2003-09-22,0.13749088089833125,0.8545034886307113,0.008005630470957405
2003-09-23,0.22528362907265498,0.7691042899246464,0.005612081002698725
2003-09-24,0.003934172375261573,0.9773643276633573,0.018701499961381096
2003-09-25,0.03218251546182027,0.9563116396465332,0.01150584489164623
2003-09-26,0.05739382132517488,0.934322277251871,0.00828390142295411
2003-09-29,0.0697604236926953,0.9224183718869581,0.007821204420346674
2003-09-30,0.03669106236337333,0.9546372391185719,0.008671698518055073
2003-10-01,0.0005575857600906761,0.969840189877618,0.029602224362291242
2003-10-02,0.0535559647865533,0.9321701830509589,0.01427385216248799
2003-10-03,0.07112194838496554,0.9181211375655999,0.010756914049434485
2003-10-06,0.1605918592985897,0.832799760802454,0.006608379898956001
2003-10-07,0.2804770730788227,0.7149720673470862,0.004550859574091104
2003-10-08,0.33705921276184103,0.6590635438615817,0.003877243376577287
2003-10-09,0.4854739639754266,0.5117381252216272,0.002787910802946327
2003-10-10,0.6535639745286641,0.34474614979000534,0.0016898756813306256
2003-10-13,0.7163799666582447,0.28213284508797826,0.0014871882537772494
2003-10-14,0.8205936919600659,0.17854205672446766,0.0008642513154664175
2003-10-15,0.8776100833958637,0.12185430980230531,0.0005356068018312632
2003-10-16,0.9241729056076123,0.07552545371065515,0.00030164068173289235
2003-10-17,0.7935641484182664,0.2054363773294013,0.0009994742523322696
2003-10-20,0.8592307807501326,0.1401118139169576,0.000657405332910316
2003-10-21,0.9173577282288399,0.08230501925049512,0.00033725252066503183
2003-10-22,0.41385575325591445,0.5818215072985037,0.004322739445581942
2003-10-23,0.5875142978182211,0.4100784356478139,0.002407266533965035
2003-10-24,0.6531138691371705,0.34501608118804195,0.0018700496747875732
2003-10-27,0.7899039515886501,0.20908817890445025,0.0010078695068992769
2003-10-28,0.39754372529003784,0.5971939364080701,0.005262338301892095
2003-10-29,0.5847296528062722,0.4126777832685781,0.002592563925149593
2003-10-30,0.729174969675677,0.2694250929037448,0.0013999374205781942
2003-10-31,0.8322211137528432,0.16698479440746178,0.0007940918396950945
2003-11-03,0.842921570578772,0.1562877134559639,0.0007907159652640311
2003-11-04,0.850702015736244,0.1485897448531784,0.0007082394105771482
2003-11-05,0.9056891339237361,0.09391771584077219,0.0003931502354918235
2003-11-06,0.9254034438087463,0.07429775802657872,0.0002987981646754149
2003-11-07,0.9288753369058668,0.07086470081541499,0.0002599622787183584
2003-11-10,0.9179900791935853,0.0817107864240355,0.00029913438237928644
2003-11-11,0.9463525802674712,0.053467380596788086,0.00018003913574023587
2003-11-12,0.8779775497981396,0.12149838466878712,0.0005240655330733477
2003-11-13,0.9258523918774989,0.07386213021841624,0.00028547790408531406
2003-11-14,0.8832308096723304,0.11629332645044954,0.0004758638772196968
2003-11-17,0.8661646523229826,0.1332564226691393,0.0005789250078780331
2003-11-18,0.7574922363477111,0.24124745753363436,0.0012603061186542918
2003-11-19,0.7762242697445224,0.22254933614067168,0.0012263941148060184
2003-11-20,0.6781076861518661,0.3199958020121296,0.0018965118360038868
2003-11-21,0.8082926677842118,0.1907602563424129,0.0009470758733752245
2003-11-24,0.33564618030038285,0.657917044714818,0.006436774984799137
2003-11-25,0.5221608781344439,0.4746496701316385,0.003189451733917547
2003-11-26,0.6689863919580116,0.3291524988662927,0.001861109175695532
2003-11-28,0.7979461293385705,0.20107871401114588,0.0009751566502837297
2003-12-01,0.6871442620244851,0.3108778373570938,0.001977900618420945
2003-12-02,0.7732211734195542,0.22557995204623238,0.0011988745342137177
2003-12-03,0.8549146358832138,0.14441650573478063,0.0006688583820060766
2003-12-04,0.9030559291387444,0.09652536012855634,0.0004187107326990107
2003-12-05,0.8553038445900021,0.14403983956538488,0.000656315844612888
2003-12-08,0.8723911521514673,0.127006050474448,0.0006027973740847854
2003-12-09,0.7898067419605758,0.20910620805935334,0.0010870499800714733
2003-12-10,0.8708987912643391,0.12852083609210566,0.000580372643555498
2003-12-11,0.7694559628034205,0.22918947144967816,0.001354565746901269
2003-12-12,0.8630484046687767,0.1362856186223408,0.0006659767088826358
2003-12-15,0.863115935437847,0.13625117712842147,0.000632887433731581
2003-12-16,0.8888072473246372,0.11068341608575279,0.000509336589609906
2003-12-17,0.9331762535090743,0.06656358888545891,0.0002601576054672109
2003-12-18,0.846856325067981,0.1523855625624479,0.0007581123695710576
2003-12-19,0.9075271937669908,0.09208182676844599,0.00039097946456359263
2003-12-22,0.9380091925632202,0.06175636939887438,0.00023443803790562553
2003-12-23,0.9572096543589605,0.042652667931081946,0.0001376777099573904
2003-12-24,0.9641306529932724,0.03577296166861335,9.638533811445418e-05
2003-12-26,0.9712456558903692,0.028686575102379416,6.776900725087513e-05
2003-12-29,0.8933295249216214,0.10632151939335555,0.0003489556850232674
2003-12-30,0.9345843947017584,0.06519243759784764,0.00022316770039420357
2003-12-31,0.9563710248522023,0.043492835277054755,0.00013613987074295074
2004-01-02,0.9593188625258935,0.04056958192378394,0.00011155555032257708
2004-01-05,0.8714019818668377,0.12809132495937559,0.0005066931737864553
2004-01-06,0.9239040552281709,0.07580917622777451,0.00028676854405519707
2004-01-07,0.9506019490769545,0.049231527641249086,0.0001665232817969091
2004-01-08,0.9584453540307067,0.04142884636734331,0.00012579960195004076
2004-01-09,0.896446126530769,0.1032046780772814,0.000349195391949814
2004-01-12,0.9274972405624816,0.07223816173452563,0.00026459770299279976
2004-01-13,0.9225120602750297,0.07720892878720738,0.00027901093776277705
2004-01-14,0.9127242048190377,0.08692442620375626,0.00035136897720601924
2004-01-15,0.9455957900919881,0.05421216490466872,0.00019204500334314521
2004-01-16,0.9452570069389042,0.05455712550929166,0.00018586755180459032
2004-01-20,0.9598085468616038,0.0400731184487188,0.00011833468967724654
2004-01-21,0.9491513032357557,0.05069599717563826,0.00015269958860639958
2004-01-22,0.9543681991537811,0.04550111266482518,0.00013068818139348542
2004-01-23,0.9617567329093671,0.03814137320278796,0.00010189388784452828
2004-01-26,0.8841304131240681,0.11543700386362904,0.00043258301230275533
2004-01-27,0.748489651450442,0.25024678029524805,0.001263568254310047
2004-01-28,0.2760787016073699,0.7178850881781051,0.006036210214524616
2004-01-29,0.41514227568248946,0.5810307770539398,0.003826947263570998
2004-01-30,0.5557320575236818,0.44182823548114786,0.0024397069951701458
2004-02-02,0.70616584673891,0.2923561327799445,0.0014780204811455891
2004-02-03,0.8262028125977299,0.17300585818982842,0.0007913292124414563
2004-02-04,0.7396212437588973,0.2590043370974986,0.0013744191436039577
2004-02-05,0.8474352200300094,0.15185777061546074,0.0007070093545297077
2004-02-06,0.6796235770844294,0.31826031508743047,0.002116107828140105
2004-02-09,0.7799278987886609,0.21889846816206335,0.0011736330492756722
2004-02-10,0.8516255774525167,0.1476503497746891,0.0007240727727944127
2004-02-11,0.7795005079084588,0.21920558969224033,0.0012939023993006884
2004-02-12,0.810877610092534,0.1881426405098206,0.0009797493976456352
2004-02-13,0.8230491749979187,0.17608031131743446,0.0008705136846467222
2004-02-17,0.7820884692880073,0.21667128797553903,0.0012402427364535304
2004-02-18,0.8219554270207137,0.17714799997928643,0.0008965729999998381
2004-02-19,0.8584989712951493,0.1408474445425361,0.000653584162314595
2004-02-20,0.902103586976001,0.09748870663970992,0.00040770638428936696
2004-02-23,0.928095472061878,0.07163405101293195,0.00027047692518941853
2004-02-24,0.9485191627616606,0.05130992775526816,0.0001709094830708948
2004-02-25,0.9602080527261992,0.03967344836329814,0.00011849891050249667
2004-02-26,0.9693843649625443,0.030538478715554374,7.71563219008681e-05
2004-02-27,0.9733815316836141,0.026561186367732328,5.7281948653145895e-05
2004-03-01,0.9444447841154332,0.05541334839058089,0.000141867493985773
2004-03-02,0.9296747968577442,0.07010977318174616,0.00021542996050992366
2004-03-03,0.9541205388424928,0.045738969688748965,0.00014049146875759613
2004-03-04,0.9646408996199993,0.035261816496456586,9.728388354377303e-05
2004-03-05,0.9714857410322225,0.028446981441739558,6.727752603751326e-05
2004-03-08,0.9256098910112112,0.07419632496617722,0.00019378402261172433
2004-03-09,0.9154227376550254,0.08429663578527465,0.0002806265597004217
2004-03-10,0.44267897292919156,0.5536032359246503,0.003717791146158055
2004-03-11,0.055491975526704346,0.9335425688685562,0.010965455604739435
2004-03-12,0.03657972350784052,0.9519143679717841,0.01150590852037528
2004-03-15,0.006645768244572539,0.9783453520622551,0.015008879693172323
2004-03-16,0.05253169354350504,0.9382158159529814,0.00925249050351358
2004-03-17,0.04228488347397748,0.9479536694373424,0.009761447088680101
2004-03-18,0.1204106217986129,0.8734578671222241,0.006131511079163262
2004-03-19,0.04812860129790831,0.9437666091617857,0.008104789540306355
2004-03-22,0.013166693076971147,0.9760606740250166,0.010772632898012273
2004-03-23,0.07185786577058537,0.9213866843235969,0.00675544990581769
2004-03-24,0.15548690784878882,0.8395658556486748,0.004947236502536645
2004-03-25,0.025533950845055036,0.9631527937032486,0.011313255451696268
2004-03-26,0.0941760924814786,0.8989937098784584,0.006830197640063172
2004-03-29,0.047280066193254554,0.9434771824500923,0.009242751356653239
2004-03-30,0.1266753131279143,0.8672013448930239,0.006123341979061797
2004-03-31,0.2539509166272833,0.7418546634904335,0.0041944198822834525
2004-04-01,0.3827963972228258,0.6138556894496535,0.003347913327520347
2004-04-02,0.4093180678599557,0.5870977156979479,0.0035842164420960537
2004-04-05,0.470098609331392,0.5266606009697564,0.0032407896988516935
2004-04-06,0.6183681079845121,0.3796302406725338,0.00200165134295424
2004-04-07,0.6040299757913258,0.3937878521870415,0.002182172021632429
2004-04-08,0.7444320558852487,0.2543250317435466,0.0012429123712045286
2004-04-12,0.8255237258151381,0.17364266379089835,0.0008336103939634549
2004-04-13,0.3546712565734325,0.640190105156833,0.005138638269734633
2004-04-14,0.5248365437519207,0.4723258368697835,0.0028376193782959367
2004-04-15,0.6950707019918778,0.3033848455586698,0.0015444524494525797
2004-04-16,0.790979344192487,0.20799158245286006,0.0010290733546524577
2004-04-19,0.8788334083086317,0.12063589999606837,0.0005306916953003791
2004-04-20,0.2826292741135169,0.7111627706033719,0.006207955283111232
2004-04-21,0.4149566305606645,0.5810975310917977,0.003945838347537511
2004-04-22,0.16502099641368442,0.8267170753696417,0.008261928216673932
2004-04-23,0.31663346820590266,0.6787411648163307,0.004625366977766515
2004-04-26,0.4031900717037782,0.5933039277054449,0.003506000590776742
2004-04-27,0.5867062132324267,0.4111703795899991,0.0021234071775741168
2004-04-28,0.1509662057010449,0.8415041444628605,0.007529649836094535
2004-04-29,0.13920859388630935,0.8541137531786164,0.006677652935074231
2004-04-30,0.1718302106882458,0.8226330848166433,0.005536704495111153
2004-05-03,0.1823772652301194,0.8118859039074283,0.005736830862452354
2004-05-04,0.34015390916097754,0.6561276995375124,0.003718391301510262
2004-05-05,0.5262267996987744,0.47138880214751716,0.0023843981537082937
2004-05-06,0.5122062569909612,0.48511181780142265,0.002681925207616111
2004-05-07,0.1205100294860895,0.8714363876001028,0.008053582913807913
2004-05-10,0.05765048412090249,0.9334624790034736,0.008887036875624043
2004-05-11,0.09964141865877563,0.8933093723828995,0.007049208958325155
2004-05-12,0.2220020369421582,0.7733501399556214,0.004647823102220006
2004-05-13,0.3802285152654826,0.6165583180764903,0.003213166658027051
2004-05-14,0.5561413594634494,0.4417178451807031,0.0021407953558472905
2004-05-17,0.3140391575285173,0.6813543888657233,0.004606453605759505
2004-05-18,0.4053991970217778,0.5909018259952934,0.003698976982928855
2004-05-19,0.5475228700446468,0.45005318532160515,0.0024239446337478297
2004-05-20,0.7125956705573726,0.28602232758791196,0.0013820018547149695
2004-05-21,0.8173872450859432,0.18176266527536855,0.0008500896386884525
2004-05-24,0.8938839124328565,0.10566691469953299,0.0004491728676101525
2004-05-25,0.49093439872419176,0.5048711472552313,0.004194454020577049
2004-05-26,0.6680295512738321,0.32997227392591744,0.001998174800250431
2004-05-27,0.7605473074347446,0.23814726247671414,0.001305430088541032
2004-05-28,0.8559728164073779,0.14335850331128364,0.000668680281338288
2004-06-01,0.9149790806188298,0.08467460601103015,0.0003463133701402186
2004-06-02,0.9438972433535611,0.055899743129944265,0.00020301351649434373
2004-06-03,0.907646495207635,0.092015993802395,0.0003375109899695669
2004-06-04,0.9314805325041996,0.06826488689050693,0.0002545806052936452
2004-06-07,0.5970961323905949,0.40007484669159393,0.002829020917811117
2004-06-08,0.7517404015777351,0.24690480610213977,0.0013547923201248186
2004-06-09,0.5868830249280311,0.4105034010682619,0.002613574003707004
2004-06-10,0.7182027165721669,0.2802569923285772,0.001540291099255963
2004-06-14,0.5250291256163364,0.471864909779278,0.0031059646043857733
2004-06-15,0.6356902547040653,0.36217772310228113,0.0021320221936534135
2004-06-16,0.7794808562439335,0.2194256486527896,0.0010934951032771296
2004-06-17,0.862590923149086,0.13679772237649412,0.0006113544744203276
2004-06-18,0.9174546449313106,0.08221160282423794,0.00033375224445177077
2004-06-21,0.9270284659288216,0.07270071266318334,0.000270821407994809
2004-06-22,0.9496666380498474,0.050162706934772545,0.00017065501537931376
2004-06-23,0.9338153170800243,0.06595120513633931,0.00023347778363652075
2004-06-24,0.9460593711332678,0.053765429097827375,0.00017519976890467313
2004-06-25,0.9363105041011006,0.06348579811320115,0.00020369778569818728
2004-06-28,0.9550385962099162,0.044825604122022494,0.00013579966806230486
2004-06-29,0.96623220799408,0.03367717626343667,9.061574248377108e-05
2004-06-30,0.9695655883928131,0.03036170258063611,7.27090265510654e-05
2004-07-01,0.874114078995934,0.12550024586642075,0.00038567513764489736
2004-07-02,0.906962814292446,0.09270446048887929,0.00033272521867474625
2004-07-06,0.8466274107708522,0.15271276546127255,0.0006598237678749556
2004-07-07,0.91003808818857,0.08960034660248686,0.00036156520894293056
2004-07-08,0.8476015167592615,0.15171632841720253,0.0006821548235359993
2004-07-09,0.9065908177600093,0.09302017388359403,0.0003890083563967957
2004-07-12,0.9424335758061911,0.05735755016036235,0.0002088740334461141
2004-07-13,0.960483406243043,0.0393963135614338,0.0001202801955232028
2004-07-14,0.9610207503374355,0.03887657719566345,0.00010267246690065212
2004-07-15,0.956396230771149,0.04349129098715432,0.00011247824169666396
2004-07-16,0.9499527719659417,0.04991130164292869,0.0001359263911294464
2004-07-19,0.9630938586731396,0.03680787284297768,9.82684838826728e-05
2004-07-20,0.9564810359487176,0.04340009147727974,0.00011887257400288012
2004-07-21,0.6833746527785446,0.3151668193107827,0.0014585279106727766
2004-07-22,0.8079125077671697,0.1912243720186202,0.0008631202142096703
2004-07-23,0.6449264996496346,0.3530308282052724,0.0020426721450928355
2004-07-26,0.7636418777303812,0.2351815842663548,0.0011765380032643497
2004-07-27,0.7133633139969101,0.28492769758919145,0.0017089884138982718
2004-07-28,0.8305877554364692,0.1685819968579234,0.0008302477056071091
2004-07-29,0.8888844458220401,0.1106144651321135,0.0005010890458460249
2004-07-30,0.9332089679879049,0.06653277410440023,0.0002582579076949659
2004-08-02,0.9504358758139516,0.04939428098980637,0.00016984319624200418
2004-08-03,0.9313587024062161,0.06841684844062916,0.00022444915315464347
2004-08-04,0.9523804577887434,0.04747168889797865,0.00014785331327824418
2004-08-05,0.3833641718316485,0.6125740590607283,0.004061769107623245
2004-08-06,0.04025058944635879,0.9483434226985243,0.01140598785511687
2004-08-09,0.1255522364774201,0.8677816562889793,0.00666610723360068
2004-08-10,0.061159175261199045,0.9297114619107699,0.00912936282803101
2004-08-11,0.13278397183627047,0.8611777653126722,0.0060382628510575135
2004-08-12,0.04531672933545333,0.9462522581822091,0.008431012482337435
2004-08-13,0.13413517914327072,0.8603369941853798,0.005527826671349404
2004-08-16,0.053660273661333545,0.9374425714187387,0.008897154919927638
2004-08-17,0.14699603049434262,0.8473212341633641,0.005682735342293219
2004-08-18,0.08118063834422543,0.9108246896743448,0.007994671981429797
2004-08-19,0.15203319600004755,0.8423566640469853,0.005610139952967148
2004-08-20,0.2329735518040507,0.7623139416389646,0.004712506556985147
2004-08-23,0.36607764567498785,0.6305246532172649,0.003397701107747313
2004-08-24,0.551553322345762,0.44625724575053044,0.002189431903707513
2004-08-25,0.5916819087165398,0.40604375305099544,0.002274338232464913
2004-08-26,0.7447499012093006,0.25400809703855776,0.0012420017521415552
2004-08-27,0.8489768315529879,0.15034379657101524,0.0006793718759965351
2004-08-30,0.7904874066974311,0.2084659228406406,0.0010466704619282292
2004-08-31,0.8628517831806799,0.1365081105026255,0.0006401063166951576
2004-09-01,0.9192639824422036,0.08040742981450268,0.00032858774329402196
2004-09-02,0.8457918703479564,0.153427551258753,0.0007805783932906399
2004-09-03,0.8752897225259749,0.12414282862095814,0.0005674488530673723
2004-09-07,0.8944150103137417,0.10510665959894198,0.0004783300873164518
2004-09-08,0.9070337983648263,0.09258290059259452,0.00038330104257899687
2004-09-09,0.9424067437229097,0.05738440394972825,0.0002088523273621722
2004-09-10,0.9537370742472739,0.04611225733466647,0.00015066841805972805
2004-09-13,0.9661463903752994,0.033760521235283406,9.308838941707014e-05
2004-09-14,0.9719785437197274,0.027956195179800726,6.526110047237838e-05
2004-09-15,0.9435850131025371,0.05627905169033979,0.00013593520712310407
2004-09-16,0.9600853771702683,0.03980587807166315,0.00010874475806884174
2004-09-17,0.9652614071728874,0.034648506734503606,9.00860926096301e-05
2004-09-20,0.950631852161672,0.04924152641035511,0.00012662142797255057
2004-09-21,0.952171366825336,0.047688962580352726,0.0001396705943110072
2004-09-22,0.6187564986722067,0.3792912913989083,0.0019522099288850816
2004-09-23,0.6814979867716539,0.31689117627384294,0.001610836954503315
2004-09-24,0.8104793527788984,0.18864650450589326,0.0008741427152087742
2004-09-27,0.810646645471718,0.18844953639611292,0.0009038181321689835
2004-09-28,0.8611685542595485,0.13817654574472932,0.0006548999957221488
2004-09-29,0.909645363720262,0.08996759007164737,0.00038704620809054127
2004-09-30,0.942624184640843,0.057167406884079786,0.00020840847507682135
2004-10-01,0.6918797398269132,0.3062280933830951,0.0018921667899916249
2004-10-04,0.810254809582144,0.1887712096399592,0.0009739807778968518
2004-10-05,0.8857766610273131,0.11371898451837731,0.0005043544543092164
2004-10-06,0.9046580534987109,0.09492521744330788,0.000416729057981047
2004-10-07,0.7720931543702492,0.22672307836916392,0.0011837672605870858
2004-10-08,0.7169867468376498,0.2814580356460675,0.0015552175162829227
2004-10-11,0.8328124163223231,0.1663920565570868,0.0007955271205899503
2004-10-12,0.888489498863789,0.1110319871521707,0.00047851398404062065
2004-10-13,0.8495120765618979,0.1498017247295379,0.0006861987085642045
2004-10-14,0.723914906025104,0.2745745123998018,0.0015105815750940082
2004-10-15,0.8204048590603819,0.1787046718447603,0.0008904690948578949
2004-10-18,0.876025831148301,0.1233969396396042,0.0005772292120947776
2004-10-19,0.7419818224579805,0.25660273693717917,0.0014154406048407795
2004-10-20,0.8482448558512371,0.15104552697523113,0.0007096171735319116
2004-10-21,0.909646251198041,0.08997593651113334,0.00037781229082557374
2004-10-22,0.7926356142363822,0.20633536724279278,0.0010290185208250966
2004-10-25,0.8738878529247229,0.12555686274150968,0.0005552843337674138
2004-10-26,0.5570890977913969,0.4395163280746283,0.0033945741339748937
2004-10-27,0.32924828596823297,0.6644294843752432,0.006322229656523825
2004-10-28,0.5150995950862415,0.4817118784596648,0.0031885264540938013
2004-10-29,0.6846527344976204,0.313649225587802,0.0016980399145776134
2004-11-01,0.8109591920132463,0.1881499050618231,0.0008909029249306378
2004-11-02,0.8886482171310132,0.11087881131726399,0.0004729715517226363
2004-11-03,0.8056873929869114,0.19324653603451322,0.0010660709785755998
2004-11-04,0.3381211881425758,0.6552073634850216,0.0066714483724024925
2004-11-05,0.5044025727217736,0.4920950093295451,0.0035024179486811084
2004-11-08,0.6645743547929788,0.3335655107404626,0.0018601344665585256
2004-11-09,0.7917098143144319,0.20728788407240606,0.0010023016131626096
2004-11-10,0.8724333429367621,0.1270112098853747,0.0005554471778626059
2004-11-11,0.8518671050865813,0.14739580009056594,0.0007370948228525578
2004-11-12,0.8314371290834897,0.16765606501420974,0.0009068059023005553
2004-11-15,0.8993650287667524,0.10018862874694962,0.00044634248629848067
2004-11-16,0.8666838263386888,0.13271865714428138,0.0005975165170299589
2004-11-17,0.9034159443310472,0.09616610577016137,0.0004179498987913724
2004-11-18,0.9407966971721431,0.05898383014140938,0.0002194726864477717
2004-11-19,0.7811047514123328,0.21786375495224794,0.0010314936354191692
2004-11-22,0.8406980507463838,0.15854340104072068,0.0007585482128957797
2004-11-23,0.9047840023197964,0.09481811909656684,0.00039787858363679715
2004-11-24,0.935809592301343,0.06394631463252183,0.00024409306613506392
2004-11-26,0.9571865517070619,0.04267670534856709,0.00013674294437108732
2004-11-29,0.9582554386987133,0.04162909246202717,0.00011546883925901062
2004-11-30,0.9560154540859495,0.04386738433054422,0.00011716158350661158
2004-12-01,0.7462667675653186,0.25246481396727855,0.0012684184674029196
2004-12-02,0.844846971786947,0.15445402619720974,0.0006990020158429659
2004-12-03,0.9091641225008189,0.09046627947187129,0.00036959802730928814
2004-12-06,0.9410077469546073,0.05878123772864289,0.00021101531674983865
2004-12-07,0.7861180005418426,0.21289395318826093,0.0009880462698967515
2004-12-08,0.8574175149981452,0.1419323048103275,0.000650180191527459
2004-12-09,0.8983549318621064,0.1011991251841964,0.0004459429536973101
2004-12-10,0.9342743470592559,0.06547751361146649,0.0002481393292779312
2004-12-13,0.9133648062841678,0.08628253777083585,0.0003526559449964179
2004-12-14,0.9412920299855007,0.05849222978234248,0.00021574023215630068
2004-12-15,0.9598348647723003,0.04004064566311499,0.0001244895645852429
2004-12-16,0.9648337075496016,0.03507472240515003,9.157004524805196e-05
2004-12-17,0.9303269957216983,0.0694778331535079,0.0001951711247942737
2004-12-20,0.9541210495843525,0.045743292218165144,0.00013565819748231772
2004-12-21,0.9317330313003189,0.06803696169867617,0.00023000700100464776
2004-12-22,0.9527428476860674,0.04710545576807642,0.00015169654585593176
2004-12-23,0.9654702327827946,0.03443511307180304,9.465414540195947e-05
2004-12-27,0.9594675710851439,0.040431718430381354,0.0001007104844746528
2004-12-28,0.9532629502001213,0.046606564338406216,0.00013048546147264884
2004-12-29,0.9652534163509372,0.03465559539146272,9.098825760055626e-05
2004-12-30,0.9713848946507619,0.028549394519392125,6.571082984591583e-05
2004-12-31,0.9726997880345312,0.027244115982144296,5.609598332481217e-05
2005-01-03,0.930817512763869,0.06901388531386614,0.00016860192226483432
2005-01-04,0.7290434319258919,0.2697375320741315,0.0012190359999765805
2005-01-05,0.7979714328206081,0.20111118730575805,0.000917379873633961
2005-01-06,0.8763594459994268,0.12310247290976781,0.0005380810908051065
2005-01-07,0.9202642127857273,0.07942364342170387,0.00031214379256863455
2005-01-10,0.9466191360015038,0.053193154859303635,0.0001877091391922309
2005-01-11,0.9298014409127027,0.06996296822705943,0.00023559086023767847
2005-01-12,0.9501356021559392,0.04970139609264667,0.00016300175141378728
2005-01-13,0.8904585693619552,0.10914392123550772,0.0003975094025374903
2005-01-14,0.9147263633813332,0.0849382739644258,0.0003353626542409645
2005-01-18,0.881122308220212,0.11833277097254923,0.0005449208072389023
2005-01-19,0.7593390404127153,0.23937431988008973,0.0012866397071949207
2005-01-20,0.6916785908611713,0.3065740618490346,0.0017473472897942843
2005-01-21,0.6841976492984824,0.3140446296647541,0.001757721036763537
2005-01-24,0.7656423419235614,0.2331820934532853,0.001175564623153315
2005-01-25,0.852556771227813,0.1467570737077854,0.0006861550644011605
2005-01-26,0.9003935322431396,0.09917167786606462,0.0004347898907957321
2005-01-27,0.9387235713935921,0.061047849456667636,0.00022857914973984964
2005-01-28,0.950350878527216,0.049489084642183115,0.00016003683060122372
2005-01-31,0.9349224402369584,0.06485329320215415,0.0002242665608874305
2005-02-01,0.937539199670003,0.06223889624432173,0.00022190408567543824
2005-02-02,0.956325043692051,0.043536319048516105,0.00013863725943355937
2005-02-03,0.9605939477306571,0.03929810938554877,0.0001079428837942329
2005-02-04,0.9074523511732698,0.09222122019589941,0.0003264286308309901
2005-02-07,0.9391001760834627,0.06069144449109471,0.0002083794254428061
2005-02-08,0.9586640228581602,0.041210623750018445,0.00012535339182125782
2005-02-09,0.9036766516713206,0.09600481504929802,0.00031853327938152217
2005-02-10,0.9346572585727425,0.06511272398771709,0.00023001743954016187
2005-02-11,0.9370674276884222,0.06270680444228142,0.0002257678692966899
2005-02-14,0.9577854775574033,0.042083166263954516,0.0001313561786421338
2005-02-15,0.9665943168250394,0.0333161054977933,8.957767716768414e-05
2005-02-16,0.9721236704912123,0.02781295718988892,6.337231889919786e-05
2005-02-17,0.9329309165158615,0.06690173160067653,0.00016735188346273842
2005-02-18,0.9556834413696711,0.04419089869946703,0.00012565993086130717
2005-02-22,0.5795124135799714,0.41829662929952605,0.0021909571205024625
2005-02-23,0.6912946388103802,0.3071092853904017,0.0015960757992178327
2005-02-24,0.7220518448013425,0.2764066260821574,0.0015415291165002461
2005-02-25,0.697984671734681,0.300169599143025,0.0018457291222939603
2005-02-28,0.6902479027743075,0.3079695384605843,0.0017825587651082815
2005-03-01,0.7780561258517498,0.22076584082533288,0.0011780333229176165
2005-03-02,0.8680056980249438,0.13139386990705962,0.0006004320679965
2005-03-03,0.9213185869539562,0.07836775870292592,0.0003136543431180956
2005-03-04,0.8891702678581197,0.1103301183304675,0.0004996138114128969
2005-03-07,0.9319542739026039,0.06777899484131479,0.0002667312560817787
2005-03-08,0.9316101167814326,0.0681459541941908,0.0002439290243767357
2005-03-09,0.8093547965085972,0.18978337125309447,0.000861832238308255
2005-03-10,0.8890774899656141,0.11045544167529286,0.0004670683590933162
2005-03-11,0.8422497807138509,0.15702671348938899,0.0007235057967601589
2005-03-14,0.8864740432044905,0.1130163536279548,0.0005096031675545266
2005-03-15,0.8410732422024589,0.1581786182965091,0.0007481395010322883
2005-03-16,0.7697393174174042,0.22906206761289788,0.0011986149696980024
2005-03-17,0.8659009034392335,0.13348857023604646,0.000610526324720184
2005-03-18,0.9182387232897125,0.08143374710934488,0.00032752960094288455
2005-03-21,0.9197587392303199,0.0799378929417933,0.0003033678278867479
2005-03-22,0.787603147182293,0.21137622753607668,0.0010206252816303658
2005-03-23,0.8764788377808418,0.12298537817216505,0.0005357840469928064
2005-03-24,0.9224499825417208,0.07724829403929487,0.00030172341898424633
2005-03-28,0.9497553952764854,0.05007231591505958,0.00017228880845458986
2005-03-29,0.911234915241932,0.08845484462178767,0.00031024013628059633
2005-03-30,0.7132016709433036,0.2850848908225464,0.0017134382341499803
2005-03-31,0.8246857411350762,0.17445144243230243,0.0008628164326218241
2005-04-01,0.8079097125201266,0.1911352881485539,0.0009549993313196425
2005-04-04,0.8860455946476703,0.11344959459436493,0.0005048107579652171
2005-04-05,0.9231200949430614,0.0765673558884415,0.0003125491684975168
2005-04-06,0.9503257292537981,0.049501914631170305,0.00017235611503169248
2005-04-07,0.9539055968766361,0.04594850995920777,0.00014589316415627448
2005-04-08,0.9019941940794682,0.09766855457143062,0.0003372513491010785
2005-04-11,0.9389465866040652,0.060845055851684794,0.00020835754424981606
2005-04-12,0.9489764300311997,0.05085485899238429,0.0001687109764159775
2005-04-13,0.7675971952747744,0.23135017369002223,0.0010526310352032423
2005-04-14,0.5730641320690925,0.4243726440799867,0.0025632238509208432
2005-04-15,0.04866191731577938,0.9392391279722665,0.01209895471195423
2005-04-18,0.13584723975767982,0.8571366672286329,0.007016093013687297
2005-04-19,0.22595370056715064,0.7688707309146141,0.0051755685182352535
2005-04-20,0.046753512250852725,0.9438982949404784,0.009348192808669031
2005-04-21,0.0023282998706209983,0.9755135657017143,0.022158134427664698
2005-04-22,0.026830548514572245,0.9596330651679982,0.013536386317429197
2005-04-25,0.05465178202414574,0.9354065505346438,0.009941667441210307
2005-04-26,0.04781102347208272,0.9434267457011757,0.00876223082674162
2005-04-27,0.1281500710338798,0.8659343012321227,0.005915627733997677
2005-04-28,0.04791728106904729,0.9439640784984459,0.008118640432507065
2005-04-29,0.0380812073713477,0.9527307016449715,0.009188090983680695
2005-05-02,0.10788043771968676,0.8858322175635864,0.006287344716726767
2005-05-03,0.22520100253683858,0.7704243268921087,0.004374670571052746
2005-05-04,0.12227567453528267,0.8706672609428772,0.007057064521840318
2005-05-05,0.22368583118639734,0.771512233755592,0.00480193505801048
2005-05-06,0.3781874932063256,0.6185270048182835,0.003285501975391244
2005-05-09,0.4846442701401702,0.5125471090715734,0.0028086207882563365
2005-05-10,0.25189961986974785,0.7427232906591501,0.005377089471101696
2005-05-11,0.4030986240882224,0.5933660798735809,0.003535296038196868
2005-05-12,0.22979660440140368,0.7646769145061907,0.00552648109240572
2005-05-13,0.30632515429809304,0.6894433046899124,0.004231541011994296
2005-05-16,0.26958523445692345,0.7252774632788813,0.005137302264195592
2005-05-17,0.35380597441115513,0.6420464691670534,0.004147556421791683
2005-05-18,0.3141513041083907,0.6809390239892064,0.004909671902402959
2005-05-19,0.46410895531156043,0.5326946039332898,0.0031964407551494907
2005-05-20,0.6233399258144315,0.3747220905485147,0.0019379836370536458
2005-05-23,0.7557719415256483,0.24304019832118937,0.001187860153162548
2005-05-24,0.8560884178599704,0.14327576977917572,0.0006358123608542212
2005-05-25,0.8925397216213962,0.10701169044551681,0.0004485879330866961
2005-05-26,0.9124042975621884,0.08722923534136501,0.00036646709644676766
2005-05-27,0.9453865536060879,0.05441810465197662,0.00019534174193573092
2005-05-31,0.929010122035353,0.07074878228210933,0.00024109568253769144
2005-06-01,0.9082050165710115,0.09142704672809616,0.0003679367008923662
2005-06-02,0.9431330858493311,0.05666372284619175,0.0002031913044765053
2005-06-03,0.9160607520799596,0.08364057948926722,0.00029866843077295705
2005-06-06,0.9473020604097013,0.05252159215904739,0.00017634743125087394
2005-06-07,0.962083540390589,0.03780713872990052,0.00010932087951061834
2005-06-08,0.9658590337760287,0.0340558107385269,8.515548544444629e-05
2005-06-09,0.9663531143362912,0.03356515696827992,8.172869542887738e-05
2005-06-10,0.9677419100804895,0.03218481710259278,7.327281691797429e-05
2005-06-13,0.9727380689536346,0.02720280818012342,5.912286624205092e-05
2005-06-14,0.9749721945590989,0.024977886051121955,4.9919389779275175e-05
2005-06-15,0.9763033512720997,0.023652391170406455,4.4257557493481934e-05
2005-06-16,0.9756118347608693,0.024343453791792286,4.471144733841835e-05
2005-06-17,0.9727527056277847,0.027195084892311712,5.220947990325845e-05
2005-06-20,0.9743248788283445,0.025625975734478293,4.9145437177211524e-05
2005-06-21,0.9729168738741053,0.02703202053456723,5.110559132722367e-05
2005-06-22,0.9752513262265271,0.02470175548454795,4.6918288924748696e-05
2005-06-23,0.8737371455236099,0.12592130251737885,0.000341551959011391
2005-06-24,0.8235454079106507,0.17573796068230307,0.0007166314070463614
2005-06-27,0.8929505517443863,0.10662248332119777,0.00042696493441648717
2005-06-28,0.8706852964066344,0.1287094175521642,0.00060528604120189
2005-06-29,0.9170002234359648,0.08266283420275976,0.0003369423612757589
2005-06-30,0.8846947619973564,0.11482527269395909,0.00047996530868398175
2005-07-01,0.9295356377503307,0.07019464620904567,0.00026971604062357214
2005-07-05,0.9112606274652876,0.08837274115432375,0.0003666313803887075
2005-07-06,0.846236040504629,0.15306696267699643,0.0006969968183747901
2005-07-07,0.9088019682499052,0.09082132843881568,0.00037670331127887197
2005-07-08,0.8144446561617322,0.18455216554676107,0.0010031782915070507
2005-07-11,0.8591974882532446,0.14009524487832406,0.0007072668684314096
2005-07-12,0.9163921142419844,0.08325300817179211,0.0003548775862232933
2005-07-13,0.9473998416351332,0.052413007098336455,0.00018715126653073648
2005-07-14,0.9622694344061998,0.03761782134380907,0.00011274424999122701
2005-07-15,0.9704001253075683,0.02952670673472429,7.316795770781358e-05
2005-07-18,0.9556225669665622,0.044273022788493765,0.00010441024494421122
2005-07-19,0.9531729547314925,0.04669613298504821,0.00013091228345918357
2005-07-20,0.960613344330611,0.03927680341899357,0.00010985225039554583
2005-07-21,0.9370261067024036,0.06279338009551257,0.00018051320208377515
2005-07-22,0.9484694749851669,0.051368483804548004,0.00016204121028567914
2005-07-25,0.9509685375417616,0.04888642349156245,0.00014503896667580055
2005-07-26,0.9647576135968209,0.03514641691470698,9.596948847210172e-05
2005-07-27,0.96764056167331,0.03227941801370578,8.002031298362189e-05
2005-07-28,0.9661989167512319,0.033720068481916436,8.101476685167817e-05
2005-07-29,0.9293287265984811,0.07047904776188868,0.0001922256396305869
2005-08-01,0.9539815717614204,0.04588283874555833,0.00013558949302163375
2005-08-02,0.9496531210692458,0.05019275898356418,0.00015411994719003466
2005-08-03,0.9640866088004556,0.035814262589291164,9.912861025345876e-05
2005-08-04,0.9310702295658212,0.0687329207806807,0.00019684965349797516
2005-08-05,0.8887102810231933,0.11088547949238797,0.00040423948441857397
2005-08-08,0.920104796119256,0.07960233388191851,0.0002928699988251813
2005-08-09,0.9282835420664448,0.07144387434574924,0.00027258358780592656
2005-08-10,0.9480366612578837,0.05178993283123592,0.00017340591087991274
2005-08-11,0.9456233350475665,0.05419665343962227,0.00018001151281073663
2005-08-12,0.9301375346733621,0.06963230420984813,0.00023016111678944248
2005-08-15,0.9531177769583804,0.04673348656427909,0.00014873647734048204
2005-08-16,0.7774058354798127,0.22162602546915647,0.0009681390510308281
2005-08-17,0.8704681189179061,0.12898940080075497,0.0005424802813392571
2005-08-18,0.9188423004149386,0.08084359365489666,0.0003141059301653502
2005-08-19,0.9484415761338255,0.051382526470412845,0.00017589739576099293
2005-08-22,0.9635391058640432,0.03635535126912841,0.00010554286682825883
2005-08-23,0.9625165195706195,0.03738905902160742,9.442140777316362e-05
2005-08-24,0.9392819357972785,0.06055239803920625,0.0001656661635148043
2005-08-25,0.9585132644304927,0.041368069319879595,0.00011866624962743528
2005-08-26,0.9415431040884032,0.058289122795310705,0.0001677731162858288
2005-08-29,0.9483685422478251,0.05146950818891825,0.00016194956325675611
2005-08-30,0.953953875783343,0.04591183877701052,0.0001342854396470797
2005-08-31,0.9201781741522066,0.07954048152710277,0.000281344320690819
2005-09-01,0.9493746812246446,0.05045859730444373,0.00016672147091131913
2005-09-02,0.9558086921891815,0.04406200810024884,0.00012929971056942736
2005-09-06,0.8576189476273541,0.1417813287245553,0.000599723648090203
2005-09-07,0.9152135970038747,0.08445000311540683,0.00033639988071824424
2005-09-08,0.9286380521384449,0.07109997070440581,0.00026197715714923383
2005-09-09,0.9221146866037274,0.07758109789895931,0.0003042154973135397
2005-09-12,0.9480217263520652,0.0518014646882941,0.00017680895964077218
2005-09-13,0.910135730946323,0.08954835383231578,0.00031591522136075985
2005-09-14,0.9292739373460168,0.07047722656769438,0.0002488360862886632
2005-09-15,0.9536779281931203,0.04617434400608612,0.00014772780079420553
2005-09-16,0.9395487185272198,0.060250255217141585,0.00020102625563892765
2005-09-19,0.9297562163190268,0.0700084746264588,0.0002353090545142101
2005-09-20,0.8821061395759816,0.1174363342150292,0.00045752620898936405
2005-09-21,0.7777947246493719,0.22111690828485786,0.0010883670657703217
2005-09-22,0.8629781163260425,0.1363987787527737,0.0006231049211837807
2005-09-23,0.9189271824617671,0.08074773644748102,0.00032508109075177877
2005-09-26,0.9481988496999486,0.051622197554167644,0.00017895274588334995
2005-09-27,0.9628200359752437,0.03707229390904412,0.00010767011571266401
2005-09-28,0.9706501872887862,0.029278411499369536,7.140121184433944e-05
2005-09-29,0.9492936392801418,0.05057255923291806,0.00013380148694037657
2005-09-30,0.9639692285369361,0.03593527653835393,9.549492470990682e-05
2005-10-03,0.9680172696311763,0.031906933929355154,7.579643946906803e-05
2005-10-04,0.8848098451952157,0.11484116515897663,0.0003489896458074512
2005-10-05,0.351877011994785,0.6435430601408967,0.004579927864318248
2005-10-06,0.4511629443049228,0.5455818266300936,0.0032552290649835204
2005-10-07,0.6166565069100876,0.3813238393007927,0.0020196537891199965
2005-10-10,0.5770331786428141,0.42057389288565555,0.002392928471530394
2005-10-11,0.7094976765518892,0.2890496291737255,0.001452694274385676
2005-10-12,0.7143023486611103,0.2842208113711002,0.0014768399677893632
2005-10-13,0.8252173828923133,0.17397672598965833,0.0008058911180284785
2005-10-14,0.8286035075702729,0.17052302890385393,0.0008734635258732123
2005-10-17,0.897161977582819,0.10238211095402466,0.0004559114631559034
2005-10-18,0.7563575589819648,0.24234474114081622,0.001297699877218898
2005-10-19,0.3746802143631227,0.6196504300266865,0.005669355610191018
2005-10-20,0.046605932464022046,0.9405661702528338,0.012827897283143722
2005-10-21,0.136409803156611,0.8564352839296314,0.007154912913757748
2005-10-24,0.019274810102074654,0.9665773570743639,0.014147832823561064
2005-10-25,0.0763268235184573,0.9154936067312903,0.008179569750252491
2005-10-26,0.13455110173718757,0.8595511607441146,0.005897737518697692
2005-10-27,0.06478739387093947,0.9277232744538709,0.0074893316751894895
2005-10-28,0.011060620370198742,0.9752293626685891,0.01371001696121257
2005-10-31,0.049094255863292684,0.941612742457385,0.009293001679322541
2005-11-01,0.10991284194476943,0.8837963399655717,0.006290818089659189
2005-11-02,0.10903592348221677,0.8842221438701812,0.006741932647602294
2005-11-03,0.21720438343641502,0.7780003408100283,0.0047952757535567525
2005-11-04,0.38270181217029164,0.6140713748541087,0.0032268129755997394
2005-11-07,0.5673189492352492,0.4305708147628742,0.002110236001876946
2005-11-08,0.6722078577653692,0.32621116146997275,0.0015809807646579531
2005-11-09,0.8040957439110777,0.19501586520631747,0.0008883908826043431
2005-11-10,0.8051569137056996,0.1938341892778844,0.0010088970164158922
2005-11-11,0.8830914515318504,0.11637791890589426,0.0005306295622552833
2005-11-14,0.9267594911707501,0.0729535059844923,0.0002870028447575995
2005-11-15,0.935977647531421,0.0637960973255756,0.00022625514300329374
2005-11-16,0.9572546110932644,0.042611576027938615,0.00013381287879704948
2005-11-17,0.930147428674343,0.06961405584266417,0.00023851548299315487
2005-11-18,0.9488750075072742,0.05095538386529022,0.00016960862743541446
2005-11-21,0.956236998861275,0.043628445347959885,0.00013455579076502452
2005-11-22,0.9612731575102442,0.03861729614091616,0.00010954634883940778
2005-11-23,0.9681051635856359,0.03181414233185295,8.069408251105053e-05
2005-11-25,0.9730229065784943,0.026917352664603822,5.974075690162965e-05
2005-11-28,0.9251387475671187,0.0746725923530429,0.00018866007983827374
2005-11-29,0.9510281135227067,0.04882865112540772,0.0001432353518857661
2005-11-30,0.9307076972875256,0.06907673551836503,0.00021556719410931557
2005-12-01,0.8300318743134155,0.16915902267172314,0.0008091030148613613
2005-12-02,0.9002812751774175,0.09929899368746928,0.00041973113511363606
2005-12-05,0.9292480358079162,0.07048554269954402,0.0002664214925400622
2005-12-06,0.954012530775304,0.04583687809627151,0.00015059112842463423
2005-12-07,0.9465254153578291,0.05331450048816747,0.000160084154003176
2005-12-08,0.9598367439342776,0.040050180082631864,0.00011307598309039452
2005-12-09,0.9683160674271102,0.031603708205058624,8.022436783094266e-05
2005-12-12,0.973288825117093,0.0266527096062821,5.846527662513101e-05
2005-12-13,0.9697590177768826,0.03017670910560681,6.42731175107019e-05
2005-12-14,0.9712320298154482,0.028706141490326336,6.182869422518135e-05
2005-12-15,0.9724950659646385,0.027449143942834285,5.5790092527090705e-05
2005-12-16,0.9698458914057012,0.030093668270125752,6.044032417314987e-05
2005-12-19,0.9528394227076873,0.04705300984526417,0.00010756744704871693
2005-12-20,0.9648403474276428,0.03507214014790331,8.751242445375478e-05
2005-12-21,0.9711131524094497,0.02882010299762,6.67445929306798e-05
2005-12-22,0.9718970973205138,0.028042486549739596,6.0416129746708764e-05
2005-12-23,0.9748687796948046,0.02508128245898541,4.993784621024463e-05
2005-12-27,0.9078280738943025,0.09193900696462443,0.00023291914107302845
2005-12-28,0.943043039727649,0.056781623122507285,0.00017533714984379267
2005-12-29,0.9516982242372042,0.0481580230248541,0.00014375273794157395
2005-12-30,0.9457129633377129,0.05412727832210146,0.00015975834018549257
2006-01-03,0.599204875784013,0.3982375872314602,0.002557536984526665
2006-01-04,0.7398356030717866,0.25876844432897106,0.001395952599242257
2006-01-05,0.8456317168236956,0.15365275681370363,0.0007155263626009074
2006-01-06,0.8169886138748981,0.18203370933615695,0.0009776767889452989
2006-01-09,0.8870049133209416,0.11247294983799197,0.0005221368410666716
2006-01-10,0.930164765850401,0.06956192319562868,0.0002733109539701566
2006-01-11,0.9517622830144359,0.048073432799158405,0.00016428418640612686
2006-01-12,0.9324470916953639,0.067334360596666,0.00021854770797003495
2006-01-13,0.9556148541642582,0.04424879514838382,0.0001363506873586625
2006-01-17,0.9563563097110898,0.04352231123272652,0.00012137905618414789
2006-01-18,0.9554670992681136,0.04441257714955398,0.00012032358233243761
2006-01-19,0.9589736715829256,0.0409121983575088,0.00011413005956540181
2006-01-20,0.21549147702836605,0.778569021811744,0.005939501159889897
2006-01-23,0.38319136946522786,0.6131974630128812,0.0036111675218908094
2006-01-24,0.5665128247066239,0.4312568471845218,0.002230328108854165
2006-01-25,0.7066623855707607,0.29193613617772013,0.001401478251519343
2006-01-26,0.754952954807799,0.2437766951159208,0.0012703500762802679
2006-01-27,0.781139018242523,0.21767612625708294,0.0011848555003942025
2006-01-30,0.8731011674447229,0.12631682189018653,0.0005820106650907832
2006-01-31,0.8977212687626667,0.10184742776223339,0.00043130347510046864
2006-02-01,0.9375801884044874,0.06218712742646572,0.0002326841690463376
2006-02-02,0.8605540754279563,0.13886469609577684,0.0005812284762670107
2006-02-03,0.8672106665937929,0.13221713485911446,0.00057219854709254
2006-02-06,0.921461409384534,0.07823161628373636,0.0003069743317292661
2006-02-07,0.8661864508659058,0.13324336004260373,0.0005701890914906765
2006-02-08,0.8559650070235746,0.1433352497230026,0.0006997432534226412
2006-02-09,0.9081730454789197,0.09144190119760619,0.0003850533234740618
2006-02-10,0.9421717465653168,0.057616106344315264,0.00021214709036820642
2006-02-13,0.9497589969098741,0.05008088386894455,0.00016011922118152287
2006-02-14,0.912685816223676,0.0869850215523529,0.00032916222397097846
2006-02-15,0.9422923440155099,0.05750292542017142,0.00020473056431875088
2006-02-16,0.9392865548008829,0.060499009886686064,0.000214435312431345
2006-02-17,0.954724050713014,0.045135535597033864,0.00014041368995198062
2006-02-21,0.9575334309167667,0.04234832093182501,0.00011824815140839073
2006-02-22,0.9493338128268911,0.050515224624900434,0.00015096254820858452
2006-02-23,0.9515013014660426,0.048358357587256734,0.00014034094670061626
2006-02-24,0.9651134576199829,0.03479283381722404,9.370856279255639e-05
2006-02-27,0.9698167540952727,0.030110857817454737,7.238808727285122e-05
2006-02-28,0.8755886721777315,0.12403199125544262,0.0003793365668257339
2006-03-01,0.8726463163989544,0.12682012309687607,0.0005335605041691345
2006-03-02,0.9171039049067501,0.08257397920681757,0.0003221158864327563
2006-03-03,0.94307059497962,0.05673191074900383,0.00019749427137674588
2006-03-06,0.9144101830067565,0.08528679414498506,0.0003030228482583087
2006-03-07,0.9400344577334495,0.059761752395097636,0.0002037898714526246
2006-03-08,0.9591394931623366,0.04073630309491178,0.00012420374275137465
2006-03-09,0.9513646075566404,0.04849973983654042,0.00013565260681899698
2006-03-10,0.9468513118425068,0.05298464248005647,0.0001640456774367782
2006-03-13,0.9624906360296571,0.03740270979602617,0.000106654174316948
2006-03-14,0.9216993287294495,0.07803833572922748,0.0002623355413225761
2006-03-15,0.9446201969548043,0.055192552376602026,0.00018725066859366825
2006-03-16,0.9615906327904445,0.03829585774729623,0.00011350946225912891
2006-03-17,0.970055922556455,0.029869639731282604,7.44377122626076e-05
2006-03-20,0.9714119519209421,0.028526603023884246,6.14450551734693e-05
2006-03-21,0.9528125982694742,0.04707989629355153,0.00010750543697399454
2006-03-22,0.9552207589989566,0.04465579546205104,0.0001234455389920761
2006-03-23,0.9606125947505378,0.039283439508879754,0.00010396574058232677
2006-03-24,0.9695623465424172,0.030363907848669942,7.374560891271914e-05
2006-03-27,0.9722609997464443,0.027679747146275517,5.9253107280116956e-05
2006-03-28,0.9499853512741336,0.049900452884106265,0.0001141958417597672
2006-03-29,0.9439033391689944,0.05592921506934355,0.00016744576166195525
2006-03-30,0.9560890756143812,0.043784277351344686,0.00012664703427410338
2006-03-31,0.9539370744378888,0.045936015065249296,0.00012691049686153807
2006-04-03,0.9659017314348083,0.03400874758717673,8.952097801501245e-05
2006-04-04,0.9625294629702474,0.037374991167281685,9.554586247065953e-05
2006-04-05,0.9670644557949649,0.03285412124974127,8.142295529420417e-05
2006-04-06,0.9692274101126774,0.030703470745412572,6.911914190975813e-05
2006-04-07,0.876147765067837,0.12347903608214952,0.00037319885001343143
2006-04-10,0.9262837108468286,0.07346444276401828,0.00025184638915307913
2006-04-11,0.8806026351643216,0.11892794001771799,0.00046942481796056584
2006-04-12,0.9288146355036225,0.07092074451879829,0.00026461997757881424
2006-04-13,0.9536656188561546,0.04618343817126177,0.00015094297258371302
2006-04-17,0.9583203568124489,0.04156166370764411,0.00011797947990729534
2006-04-18,0.5846554144224397,0.4127829236748872,0.0025616619026731604
2006-04-19,0.7412408764090487,0.2574260511272721,0.0013330724636794135
2006-04-20,0.8489479720951068,0.15036318641868027,0.0006888414862122763
2006-04-21,0.9097817738579318,0.08985063436020382,0.00036759178186439355
2006-04-24,0.9346144606298323,0.06514709581117199,0.00023844355899546688
2006-04-25,0.9329425819473881,0.066826272104679,0.0002311459479331232
2006-04-26,0.9545887588462104,0.04526661018992568,0.00014463096386412247
2006-04-27,0.9649439111082896,0.034958861019443344,9.722787226691378e-05
2006-04-28,0.9715921873667538,0.028341256002376334,6.655663087027962e-05
2006-05-01,0.9645043354831718,0.03541848515223178,7.71793645966984e-05
2006-05-02,0.962116754758757,0.03779008001859073,9.316522265196827e-05
2006-05-03,0.9593935577724361,0.04050597821816,0.0001004640094038665
2006-05-04,0.9676317650086365,0.0322883710260278,7.986396533576195e-05
2006-05-05,0.9295326093026183,0.0702552781402483,0.00021211255713355818
2006-05-08,0.9517302958164752,0.04812282402014656,0.00014688016337878492
2006-05-09,0.9648936904792306,0.035010989881965285,9.531963880360851e-05
2006-05-10,0.9684927786067343,0.03143283022088225,7.439117238398201e-05
2006-05-11,0.7625280725401019,0.23658955971510967,0.0008823677447884962
2006-05-12,0.47629855795315984,0.5205118388997705,0.003189603147070119
2006-05-15,0.6513919337880887,0.34679055529005337,0.0018175109218580713
2006-05-16,0.7696551043883222,0.22925025555544246,0.0010946400562349616
2006-05-17,0.10229574118571202,0.8877231861954783,0.009981072618809716
2006-05-18,0.11832558406479293,0.8741631464247283,0.007511269510478768
2006-05-19,0.2320826201305549,0.7629179950851073,0.004999384784337856
2006-05-22,0.3283618721468139,0.6678114346569545,0.0038266931962314785
2006-05-23,0.4184200554198639,0.5784439161542584,0.003136028425877646
2006-05-24,0.6037192145020831,0.39433789413965975,0.0019428913582569388
2006-05-25,0.46850952954610314,0.5278907783897269,0.003599692064170222
2006-05-26,0.5915517966783015,0.4060246887806674,0.002423514541030944
2006-05-30,0.07422168593104254,0.9151198766564085,0.010658437412548929
2006-05-31,0.11108657910169736,0.8808907141169837,0.008022706781318754
2006-06-01,0.06560137168732792,0.9249382468124897,0.009460381500182271
2006-06-02,0.1674137105829443,0.8268086723518063,0.0057776170652496135
2006-06-05,0.0053143683252059185,0.9789740233670651,0.015711608307729018
2006-06-06,0.058998744511395376,0.9322665509160126,0.008734704572591871
2006-06-07,0.08746263385422767,0.905732193052974,0.0068051730927986345
2006-06-08,0.20328535073434212,0.7920836003397225,0.004631048925935525
2006-06-09,0.2800077197714028,0.7160371351966607,0.00395514503193663
2006-06-12,0.09291376168021784,0.899863455412393,0.007222782907389166
2006-06-13,0.039140109889354055,0.9521223397622537,0.008737550348392081
2006-06-14,0.10440044075543717,0.8893578224803894,0.00624173676417379
2006-06-15,0.002154246734766975,0.9756207113623545,0.022225041902878724
2006-06-16,0.04286370582015493,0.9451566575731493,0.011979636606695961
2006-06-19,0.0381089478525655,0.9518469108674633,0.010044141279971011
2006-06-20,0.1197297877061809,0.8740913711397406,0.006178841154078261
2006-06-21,0.12228895078401758,0.8711884914377204,0.006522557778262201
2006-06-22,0.16945761142231003,0.8252420910243777,0.005300297553312095
2006-06-23,0.3113290370297394,0.6849762243298081,0.0036947386404524857
2006-06-26,0.456276881529026,0.5408790911480288,0.0028440273229452585
2006-06-27,0.3206655049999497,0.6750087817517642,0.004325713248286401
2006-06-28,0.4515880017426718,0.5452489374452036,0.0031630608121242633
2006-06-29,0.010560074230347544,0.9687460992218658,0.020693826547786752
2006-06-30,0.06384209302758265,0.9253510611165794,0.01080684585583791
2006-07-03,0.10368705759606256,0.8883041384778857,0.008008803926051609
2006-07-05,0.10827050500825093,0.8848881864238806,0.006841308567868394
2006-07-06,0.23219986888624353,0.7632220485078104,0.004578082605946167
2006-07-07,0.2357692878998058,0.7596057550012802,0.004624957098913883
2006-07-10,0.4091197522045604,0.5877991606342609,0.0030810871611788573
2006-07-11,0.5725474077549407,0.42530552259377774,0.0021470696512815614
2006-07-12,0.309742819729192,0.6854576356784534,0.004799544592354678
2006-07-13,0.0746998789844523,0.916305522740787,0.008994598274760755
2006-07-14,0.1231796655367782,0.8703973530417867,0.006422981421434911
2006-07-17,0.24176863972604715,0.7538448545913243,0.004386505682628636
2006-07-18,0.41522036691647096,0.5817826651694281,0.002996967914100766
2006-07-19,0.03623784317818904,0.950558392357053,0.013203764464758004
2006-07-20,0.040113268476733834,0.9496313132706312,0.010255418252635116
2006-07-21,0.05731555464844115,0.9346978151977953,0.007986630153763729
2006-07-24,0.009815067106566858,0.975916532918407,0.014268399975026363
2006-07-25,0.05305821067477886,0.9377659973222089,0.009175792003011907
2006-07-26,0.14324676068261327,0.8509979571233309,0.005755282194055997
2006-07-27,0.22029747347306097,0.7751530487321177,0.004549477794821332
2006-07-28,0.1289942967637255,0.8640657187734707,0.006939984462803871
2006-07-31,0.24884065669950733,0.7466117598936671,0.0045475834068256
2006-08-01,0.32953411947850575,0.6667168499403104,0.0037490305811840635
2006-08-02,0.470310418461684,0.5268501631193283,0.002839418418987686
2006-08-03,0.6479161627564077,0.35035765846816025,0.0017261787754319158
2006-08-04,0.7798219808987911,0.21917022783078585,0.0010077912704231687
2006-08-07,0.8478291395486847,0.15150088732833664,0.0006699731229785344
2006-08-08,0.8873579153213379,0.1121691501902217,0.0004729344884402362
2006-08-09,0.9034808925503213,0.0961297302691187,0.00038937718056064065
2006-08-10,0.9325480787643574,0.06719457545827495,0.0002573457773680448
2006-08-11,0.9388784056708063,0.06091142908936893,0.00021016523982482678
2006-08-14,0.9588425583751083,0.041032029848335164,0.00012541177655660209
2006-08-15,0.82168393839269,0.17750699926138427,0.0008090623459257222
2006-08-16,0.8394543686130495,0.15975438720970228,0.0007912441772484623
2006-08-17,0.9064001849040445,0.09320110874455285,0.00039870635140270427
2006-08-18,0.938178274297838,0.061587790532313225,0.00023393516984832806
2006-08-21,0.9448133181749231,0.05500354157235507,0.0001831402527221052
2006-08-22,0.9617749341179763,0.038113494073121874,0.00011157180890117204
2006-08-23,0.9558325572486386,0.04405032295830461,0.00011711979305724486
2006-08-24,0.9667573723363393,0.03315745564504272,8.5172018618233e-05
2006-08-25,0.9712309840559818,0.02870432959634096,6.468634767689603e-05
2006-08-28,0.9696981077562423,0.03023558808820241,6.630415555516668e-05
2006-08-29,0.9738766920018012,0.026068910371243852,5.439762695451064e-05
2006-08-30,0.9759827240375404,0.023971496046507633,4.5779915952210966e-05
2006-08-31,0.9753357305001791,0.02461977416604334,4.449533377756889e-05
2006-09-01,0.9710971455553021,0.02884636369814578,5.649074655177682e-05
2006-09-05,0.9746281345141123,0.025321592234067547,5.0273251819543026e-05
2006-09-06,0.8994267981422494,0.10031240889682588,0.0002607929609250093
2006-09-07,0.906886219532278,0.09279507553098318,0.0003187049367386485
2006-09-08,0.9381706689564074,0.06161290155537976,0.00021642948821302654
2006-09-11,0.9581929308572671,0.04167875794297107,0.00012831119976142814
2006-09-12,0.9170774136349338,0.082626939159177,0.0002956472058892917
2006-09-13,0.9435425211448156,0.05626182775169495,0.00019565110348923696
2006-09-14,0.9578985083947129,0.041974982026795594,0.00012650957849113002
2006-09-15,0.967610474847319,0.03230472481626733,8.480033641384058e-05
2006-09-18,0.9729989948107599,0.02694070944868809,6.029574055200016e-05
2006-09-19,0.9706251632326185,0.029315330855000765,5.950591238057019e-05
2006-09-20,0.9675944516237386,0.03233442550090924,7.112287535229286e-05
2006-09-21,0.9542890781658276,0.04560282149313743,0.00010810034103475501
2006-09-22,0.960478538686008,0.03942087499529077,0.00010058631870176584
2006-09-25,0.9402970155973496,0.05952278200855595,0.0001802023940945256
2006-09-26,0.9360162405311983,0.06376516543675893,0.00021859403204254187
2006-09-27,0.9568230732600208,0.04304420752209546,0.00013271921788325297
2006-09-28,0.9676578152972755,0.03225696705057733,8.521765214723921e-05
2006-09-29,0.968709208163256,0.031219465714502997,7.132612224113201e-05
2006-10-02,0.9657295421273691,0.03419463246348612,7.582540914477153e-05
2006-10-03,0.9718500703419961,0.02808780968371236,6.211997429184369e-05
2006-10-04,0.9028382017366321,0.09686008886364514,0.0003017093997223645
2006-10-05,0.9398121256708828,0.059987287325133754,0.00020058700398307815
2006-10-06,0.9511453470089496,0.04870397747836331,0.00015067551268686268
2006-10-09,0.9648490001775363,0.03505470596151667,9.62938609471426e-05
2006-10-10,0.971451283792774,0.028481391004866408,6.732520235970882e-05
2006-10-11,0.9700516006716733,0.02988539821693703,6.300111138937299e-05
2006-10-12,0.9419170823012055,0.05792789629893051,0.00015502139986417162
2006-10-13,0.9600617266089936,0.03982654770295938,0.00011172568804729366
2006-10-16,0.9687364618149089,0.031185036466765445,7.850171832575008e-05
2006-10-17,0.9646870572504649,0.035232332300522196,8.061044901265342e-05
2006-10-18,0.9715767632321084,0.028359685568699035,6.355119919221073e-05
2006-10-19,0.9748726785165222,0.02507660584674626,5.0715636731573776e-05
2006-10-20,0.9765141445382651,0.0234421797196426,4.367574209173595e-05
2006-10-23,0.9697630159243178,0.03017764872298565,5.933535269662995e-05
2006-10-24,0.9737300518198858,0.026217086304273076,5.286187584153136e-05
2006-10-25,0.9744518242470023,0.025498175886783235,4.999986621458707e-05
2006-10-26,0.9720765215002509,0.027867929707376587,5.554879237279926e-05
2006-10-27,0.9247462228223687,0.0750663736555164,0.00018740352211478264
2006-10-30,0.9513156729966749,0.04854224363408207,0.00014208336924278987
2006-10-31,0.9643634787727651,0.03554066908877623,9.585213845904404e-05
2006-11-01,0.9316755877893557,0.06813153899289945,0.00019287321774465847
2006-11-02,0.9538454662792062,0.046018259769276364,0.0001362739515178011
2006-11-03,0.9610449870569829,0.038849633601698144,0.00010537934131871492
2006-11-06,0.9016904324187897,0.09795826782083432,0.00035129976037645463
2006-11-07,0.9392473983189029,0.060540152055060616,0.0002124496260363015
2006-11-08,0.9587041050555463,0.04116860562074993,0.0001272893237032443
2006-11-09,0.9476276785498153,0.05222269728714368,0.00014962416304094284
2006-11-10,0.9630362022784308,0.036861873539539416,0.00010192418202940263
2006-11-13,0.9701900266962217,0.029737628023905404,7.234527987319638e-05
2006-11-14,0.964889674955219,0.0350273537566821,8.297128809901616e-05
2006-11-15,0.9712293023940604,0.028705253585997046,6.544401994269206e-05
2006-11-16,0.9744360236874618,0.025511274020591567,5.270229194659846e-05
2006-11-17,0.9762894073459627,0.023665943957434866,4.464869660226008e-05
2006-11-20,0.9763319746801544,0.02362593563694827,4.208968289745928e-05
2006-11-21,0.977175883943368,0.02278391654624126,4.0199510390708544e-05
2006-11-22,0.9773088510839032,0.022651714843779504,3.943407231710379e-05
2006-11-24,0.9701845088483709,0.02976197507655775,5.351607507155819e-05
2006-11-27,0.7169716092331107,0.2820001768960286,0.0010282138708607922
2006-11-28,0.8253056712766901,0.17397306402022808,0.0007212647030817375
2006-11-29,0.8028291403650831,0.19615906454375603,0.001011795091160602
2006-11-30,0.885543260432652,0.11395026034926616,0.0005064792180813823
2006-12-01,0.9172998386211985,0.08237165905567376,0.0003285023231280017
2006-12-04,0.8989473045139955,0.10061135758786281,0.00044133789814144086
2006-12-05,0.9329089178804921,0.06682903440272639,0.00026204771678168913
2006-12-06,0.9522837389569513,0.04755923658528009,0.0001570244577689835
2006-12-07,0.9523391006336053,0.04752071467372092,0.00014018469267383903
2006-12-08,0.9654027106716758,0.03450406895315383,9.322037517029978e-05
2006-12-11,0.9715848997002466,0.02834866740853843,6.643289121514406e-05
2006-12-12,0.9732742523662156,0.026670921219971316,5.482641381310174e-05
2006-12-13,0.9757409845641273,0.024212357081357334,4.6658354515180104e-05
2006-12-14,0.9554827453914039,0.044416900230150186,0.00010035437844609894
2006-12-15,0.9670611398291334,0.0328586756628545,8.01845080124662e-05
2006-12-18,0.9653139852660395,0.03460650547665474,7.950925730588557e-05
2006-12-19,0.9716099089776654,0.028326526467716877,6.356455461705441e-05
2006-12-20,0.9726899641595965,0.027254430334279975,5.5605506123444635e-05
2006-12-21,0.9671625921380199,0.032770496002370635,6.691185960966808e-05
2006-12-22,0.9545027590473536,0.045391211415004636,0.00010602953764193821
2006-12-26,0.9625676648110426,0.03733502903692105,9.730615203656004e-05
2006-12-27,0.9563566144319008,0.0435245082497506,0.0001188773183488622
2006-12-28,0.9644696349877432,0.035439290626610456,9.107438564651636e-05
2006-12-29,0.9576071093019306,0.04228761778281667,0.00010527291525293032
2007-01-03,0.9657347057326334,0.034180824769981695,8.446949738513173e-05
2007-01-04,0.9720886700587448,0.027848491090564618,6.283885069027038e-05
2007-01-05,0.9528545454652428,0.047037731913106104,0.00010772262165111501
2007-01-08,0.9653967252435481,0.034516224882510396,8.704987394113925e-05
2007-01-09,0.9708439971865068,0.02908975108519906,6.625172829409853e-05
2007-01-10,0.9744274853480767,0.025519691209627333,5.282344229540642e-05
2007-01-11,0.9677224665822982,0.032209386919027014,6.814649867485595e-05
2007-01-12,0.9685556859317098,0.031373622996317296,7.069107197312031e-05
2007-01-16,0.9733965150285451,0.026547206579432114,5.627839202258186e-05
2007-01-17,0.9744161235559361,0.0255342977442021,4.957869986158567e-05
2007-01-18,0.970618929218917,0.029324636841804152,5.6433939278419786e-05
2007-01-19,0.9736248201085602,0.026321935472355666,5.3244419083967155e-05
2007-01-22,0.959891297009441,0.040024429073907464,8.42739166517693e-05
2007-01-23,0.967260692478025,0.03266154219062702,7.776533134809169e-05
2007-01-24,0.9494205016623067,0.050442953397897256,0.00013654493979580877
2007-01-25,0.7950827582038928,0.20407869979644452,0.0008385419996624549
2007-01-26,0.8731540804481742,0.12632771076776156,0.000518208784064021
2007-01-29,0.9199515255230504,0.07974232484471412,0.0003061496322355865
2007-01-30,0.9357693937043631,0.06399162919353656,0.00023897710210069807
2007-01-31,0.9404434880451367,0.05934269620797896,0.0002138157468844455
2007-02-01,0.9508308213994647,0.04900600382804038,0.00016317477249447142
2007-02-02,0.9647086842404483,0.03519162244771655,9.969331183506314e-05
2007-02-05,0.9698572717225664,0.030071175323529105,7.155295390385588e-05
2007-02-06,0.9739930574413276,0.025952226295298936,5.471626337379052e-05
2007-02-07,0.9760858757459717,0.023868402789531822,4.57214644962069e-05
2007-02-08,0.9754009191030253,0.024554774445801425,4.4306451173300135e-05
2007-02-09,0.9469829436583074,0.05290388675765143,0.00011316958404135707
2007-02-12,0.9527351622245949,0.047139559549214616,0.00012527822619046977
2007-02-13,0.9449867567656672,0.054844676775641824,0.00016856645869100416
2007-02-14,0.9385615401410652,0.061231583560791426,0.00020687629814371012
2007-02-15,0.9586635749006683,0.04121122920463644,0.00012519589469545903
2007-02-16,0.9668935387690267,0.03302113515753637,8.532607343636019e-05
2007-02-20,0.9718198574520133,0.02811574226926923,6.440027871734985e-05
2007-02-21,0.9728226836518377,0.02712189960970928,5.541673845319057e-05
2007-02-22,0.9741708867871435,0.025778988664652173,5.012454820403252e-05
2007-02-23,0.968518249400309,0.031420143927412776,6.160667227822305e-05
2007-02-26,0.9713491389343404,0.02859172599752134,5.913506813781166e-05
2007-02-27,4.205209888063243e-06,0.9073960728055301,0.092599721984582
2007-02-28,0.0411487830179676,0.9148111284711941,0.044040088510838744
2007-03-01,0.10865888588507427,0.8713713912382454,0.019969722876680328
2007-03-02,0.041137203730982175,0.9412187775256416,0.017644018743376583
2007-03-05,0.03454284757954434,0.9520513712186007,0.013405781201854802
2007-03-06,0.010596917833102074,0.9721523778425288,0.017250704324369447
2007-03-07,0.06204329256274016,0.9284441818092127,0.009512525628047143
2007-03-08,0.11251655224830563,0.8804030478121051,0.007080399939589409
2007-03-09,0.2412521936833626,0.7541948474141941,0.004552958902443303
2007-03-12,0.4098934309964744,0.5870010292164146,0.003105539787111045
2007-03-13,0.004571190533164528,0.9767211057724265,0.018707703694408606
2007-03-14,0.043628511062015034,0.9450075858792819,0.011363903058702534
2007-03-15,0.12332101710548067,0.8697701408810298,0.006908842013489286
2007-03-16,0.20185841724215303,0.7931176193890946,0.0050239633687521905
2007-03-19,0.155604326265597,0.8380154729232858,0.006380200811117259
2007-03-20,0.24175104378311713,0.7533013317060424,0.004947624510840449
2007-03-21,0.031519404047310594,0.9557782554060038,0.012702340546685847
2007-03-22,0.10727528824014225,0.8854719032491731,0.007252808510684501
2007-03-23,0.23402379425777545,0.7613267330507137,0.004649472691511088
2007-03-26,0.406861901751559,0.5900493857941302,0.0030887124543105653
2007-03-27,0.42411466645552764,0.5727147059078124,0.0031706276366600308
2007-03-28,0.3532925027299972,0.6427434217097272,0.003964075560275528
2007-03-29,0.5217558475708097,0.47566624818567765,0.002577904243512669
2007-03-30,0.6779511132386045,0.32048045636113826,0.0015684304002574444
2007-04-02,0.8048608689032438,0.19424241468525433,0.0008967164115015198
2007-04-03,0.7802228140920356,0.21858061668675652,0.001196569221207596
2007-04-04,0.8725489721210594,0.12686486292286112,0.000586164956079415
2007-04-05,0.9217405172301804,0.07794047079661282,0.0003190119732068349
2007-04-09,0.9499491810344105,0.04987826956148922,0.0001725494041004491
2007-04-10,0.963566112057276,0.03632791371475988,0.0001059742279641429
2007-04-11,0.9402839577036227,0.059548248856987604,0.00016779343938974487
2007-04-12,0.9460777076419571,0.05375159406482373,0.00017069829321893483
2007-04-13,0.9601570125082247,0.03972576367701461,0.0001172238147609188
2007-04-16,0.914310659689099,0.08538738160547606,0.0003019587054247524
2007-04-17,0.94591262751376,0.05390470543170608,0.00018266705453371196
2007-04-18,0.9622084834041232,0.03768137932480206,0.00011013727107516514
2007-04-19,0.9681494457004082,0.03177194168600716,7.86126135845902e-05
2007-04-20,0.9430134646391198,0.056826492498984124,0.00016004286189601238
2007-04-23,0.9545802562000968,0.04528990219813257,0.0001298416017708972
2007-04-24,0.9655843499841388,0.03432571996429083,8.99300515704168e-05
2007-04-25,0.9293502476321435,0.07043023842166782,0.00021951394618885978
2007-04-26,0.9517460800681228,0.04810559518015134,0.0001483247517256602
2007-04-27,0.9644401185088579,0.03546297566351622,9.690582762582025e-05
2007-04-30,0.9248068359349672,0.07497507184604817,0.00021809221898501483
2007-05-01,0.9506409583056826,0.04920610086742719,0.00015294082688985217
2007-05-02,0.9513398999193633,0.04850911631523606,0.00015098376540046912
2007-05-03,0.9609151436129144,0.038972213262533036,0.00011264312455227112
2007-05-04,0.9694533624177134,0.030470266884322014,7.637069796441835e-05
2007-05-07,0.9733594215091074,0.02658253123982798,5.804725106496807e-05
2007-05-08,0.9740120367939242,0.025937091201509804,5.087200456607504e-05
2007-05-09,0.9749668100714488,0.02498502688304401,4.8163045507322756e-05
2007-05-10,0.7063443438989018,0.2926225326638194,0.0010331234372788307
2007-05-11,0.6676071528590962,0.3306530155809615,0.0017398315599418805
2007-05-14,0.7824821309640451,0.21648684515636407,0.0010310238795911046
2007-05-15,0.8646750365199205,0.1347350594134287,0.0005899040666508086
2007-05-16,0.8554060518666514,0.14388541142991274,0.0007085367034356574
2007-05-17,0.9106417719705618,0.08898401679213691,0.00037421123730128284
2007-05-18,0.9228840759603748,0.0768020678070291,0.00031385623259571
2007-05-21,0.9507477196773514,0.049082430704981916,0.000169849617666867
2007-05-22,0.9631998240235854,0.03669513433517429,0.00010504164124053829
2007-05-23,0.968658530652237,0.03126539493543893,7.607441232470452e-05
2007-05-24,0.8932025281024917,0.10648033369517626,0.00031713820233199964
2007-05-25,0.9210626825383664,0.07865323076745283,0.00028408669418098783
2007-05-29,0.9498011555457399,0.05003223241783279,0.00016661203642704339
2007-05-30,0.9392752929555611,0.06051771227798155,0.00020699476645715908
2007-05-31,0.9585536691715588,0.0413209119605958,0.00012541886784552423
2007-06-01,0.9662033207357473,0.03370664497911444,9.003428513902521e-05
2007-06-04,0.9722039241033339,0.02773222820125594,6.38476954101269e-05
2007-06-05,0.9583245206707579,0.041582650523834426,9.282880540750131e-05
2007-06-06,0.8967980170654284,0.10288220656133676,0.0003197763732346285
2007-06-07,0.15903633823716073,0.8331867124162926,0.007776949346546846
2007-06-08,0.11269118027198767,0.8788084345159267,0.008500385212085522
2007-06-11,0.24219052532555024,0.7527634206007693,0.005046054073680102
2007-06-12,0.10981528226758629,0.8830639492018681,0.007120768530545394
2007-06-13,0.027750945400774107,0.9604841454223518,0.011764909176873973
2007-06-14,0.09007330206449024,0.9024610892351967,0.0074656087003130206
2007-06-15,0.15679823813331065,0.8373956932654302,0.00580606860125926
2007-06-18,0.29039036516891203,0.7056436698666012,0.003965964964486923
2007-06-19,0.47252805235845435,0.5248213402927936,0.0026506073487523067
2007-06-20,0.10980199424451485,0.8824162338392958,0.00778177191618926
2007-06-21,0.1880877428586953,0.8062008839736845,0.005711373167619927
2007-06-22,0.04328171217243477,0.9473708059387512,0.009347481888814114
2007-06-25,0.1052226994136109,0.8884997162196773,0.0062775843667116395
2007-06-26,0.1895854650794887,0.805680803128795,0.00473373179171656
2007-06-27,0.20472712268962973,0.7901011893355296,0.005171687974840232
2007-06-28,0.3622960721159399,0.6342656141989642,0.0034383136850960577
2007-06-29,0.5251970720847307,0.47245140523081425,0.0023515226844550326
2007-07-02,0.4335360017127466,0.5627478450906288,0.003716153196624222
2007-07-03,0.6022962300898858,0.3955075741302953,0.00219619577981909
2007-07-05,0.7536916073877764,0.2451165288073536,0.0011918638048697945
2007-07-06,0.8501504809740297,0.14916955783426597,0.0006799611917038854
2007-07-09,0.9122827844534468,0.08736078889326664,0.0003564266532867384
2007-07-10,0.4777636754055239,0.518622398735966,0.0036139258585100318
2007-07-11,0.6000020354836193,0.3976005570983418,0.0023974074180384327
2007-07-12,0.05798499493809027,0.9276167234727406,0.014398281589169143
2007-07-13,0.15036018720457534,0.8418082017082297,0.007831611087195038
2007-07-16,0.27198071493350073,0.7232138079328491,0.004805477133649691
2007-07-17,0.4467546645459181,0.5502524820171749,0.0029928534369069795
2007-07-18,0.5975920303171641,0.40040981276511595,0.001998156917719597
2007-07-19,0.7276758172613702,0.27099449170756856,0.0013296910310608761
2007-07-20,0.3593270560450145,0.6359446400665222,0.004728303888463016
2007-07-23,0.5069033593608255,0.4900980616575563,0.0029985789816182502
2007-07-24,0.00888703994177598,0.9727725270827009,0.01834043297552338
2007-07-25,0.06089232109755165,0.9288080812084124,0.010299597694035607
2007-07-26,0.00010743350954429177,0.957913073357259,0.04197949313319671
2007-07-27,0.001388065519904403,0.9525898764903806,0.04602205798971499
2007-07-30,0.020925596805577415,0.9499250090849256,0.02914939410949679
2007-07-31,0.009136079506117247,0.9656207529538735,0.025243167540009215
2007-08-01,0.04611360837800003,0.9392222934676725,0.01466409815432737
2007-08-02,0.12238860397312483,0.869263395874233,0.008348000152642128
2007-08-03,2.3324733393226925e-05,0.9363819029769154,0.06359477228969107
2007-08-06,7.543116266887466e-05,0.8426774735958642,0.15724709524146677
2007-08-07,0.03721651569931389,0.8856813578346753,0.07710212646601067
2007-08-08,0.01747000174925726,0.9186053735469303,0.0639246247038121
2007-08-09,4.825210630969683e-07,0.644369375051885,0.3556301424270521
2007-08-10,0.04300657767877407,0.7829684175785986,0.17402500474262741
2007-08-13,0.12970238164244946,0.7966617817551986,0.07363583660235162
2007-08-14,0.003367172237060821,0.8900084639396183,0.10662436382332102
2007-08-15,0.003433372615118422,0.9074902862911468,0.08907634109373484
2007-08-16,0.05543115562870099,0.9050137296618388,0.03955511470946015
2007-08-17,0.00020186428411225695,0.8813123424056604,0.11848579331022746
2007-08-20,0.04966415219303659,0.8989015413847824,0.051434306422181
2007-08-21,0.1427420663588647,0.8355270445536638,0.021730889087471714
2007-08-22,0.09474272249592477,0.887397148958957,0.017860128545118165
2007-08-23,0.2043501509937752,0.7869910135903727,0.008658835415852021
2007-08-24,0.13780861699912558,0.8529982794962939,0.009193103504580628
2007-08-27,0.10694880918090938,0.8849403575919126,0.008110833227178267
2007-08-28,0.00015836025184738517,0.9614950903459524,0.03834654940220039
2007-08-29,0.0002743218731544386,0.9218894731106975,0.07783620501614794
2007-08-30,0.03676379708237098,0.9266396621956894,0.03659654072193968
2007-08-31,0.038352210265448314,0.9359353596953263,0.02571243003922569
2007-09-04,0.046636451800946305,0.935262028491411,0.018101519707642486
2007-09-05,0.02076166081065538,0.9631941863468853,0.016044152842459303
2007-09-06,0.08249041677287058,0.9083993612852284,0.009110221941900847
2007-09-07,0.004117854851212896,0.97852119745917,0.017360947689617053
2007-09-10,0.056446327932309866,0.9341420690762088,0.009411602991481421
2007-09-11,0.02659829937531981,0.9617606827257286,0.011641017898951295
2007-09-12,0.1000274351696214,0.8930954984229853,0.006877066407393375
2007-09-13,0.13230680857505966,0.8614286047088807,0.00626458671605943
2007-09-14,0.268571674744599,0.7272687601032848,0.004159565152115869
2007-09-17,0.32977275898139086,0.6665144892535735,0.003712751765035806
2007-09-18,6.679858388737841e-05,0.9327004182888965,0.06723278312721631
2007-09-19,0.039473415244434824,0.9275182980978918,0.0330082866576734
2007-09-20,0.06082184289021902,0.920587823261258,0.01859033384852313
2007-09-21,0.1428547028544279,0.8472891913332076,0.00985610581236454
2007-09-24,0.19243951577545354,0.8009373756416569,0.006623108582889472
2007-09-25,0.34734244984496476,0.6486882860233985,0.0039692641316370755
2007-09-26,0.48147151858875303,0.5156141328358219,0.002914348575425345
2007-09-27,0.6405946406886764,0.357554257862121,0.001851101449202485
2007-09-28,0.742000695884909,0.2567519868475594,0.001247317267531712
2007-10-01,0.4864696114620968,0.509649248015951,0.0038811405219522205
2007-10-02,0.6582904494315888,0.3397547184356216,0.0019548321327898417
2007-10-03,0.719058588783033,0.27946507780700824,0.0014763334099587321
2007-10-04,0.833829964765017,0.1653943400639518,0.0007756951710308915
2007-10-05,0.7999659386983868,0.19894156678363856,0.0010924945179749523
2007-10-08,0.8563550250098425,0.14296441967170576,0.0006805553184519851
2007-10-09,0.8594339301196291,0.13986678540694944,0.0006992844734210555
2007-10-10,0.9088555642542625,0.09075871035558877,0.00038572539014817176
2007-10-11,0.9096973251225128,0.08994284588131161,0.00035982899617547753
2007-10-12,0.9355447306505205,0.06421302778468568,0.0002422415647941639
2007-10-15,0.8767278054463273,0.12277224676927245,0.0004999477844002299
2007-10-16,0.8559320094630214,0.14343531979608512,0.0006326707408935812
2007-10-17,0.9153128915242247,0.08434751363255832,0.000339594843217365
2007-10-18,0.9443643576656764,0.05544076728594869,0.00019487504837444744
2007-10-19,0.0033567767168245287,0.9715801169533527,0.025063106329822515
2007-10-22,0.05495133591139057,0.9322020555868626,0.012846608501747207
2007-10-23,0.08078248850625243,0.9096344446551721,0.00958306683857543
2007-10-24,0.1679404060598012,0.8260893677969625,0.005970226143236479
2007-10-25,0.308297003880307,0.6877652721856176,0.0039377239340754626
2007-10-26,0.12311977576429549,0.8690329948925343,0.007847229343170165
2007-10-29,0.24398437838751766,0.7510048965813624,0.005010725031119972
2007-10-30,0.2571427517067244,0.738189278827299,0.004667969465976788
2007-10-31,0.1568518738051906,0.8362849994683398,0.006863126726469451
2007-11-01,3.3516756190085046e-05,0.9430343806844885,0.05693210255932155
2007-11-02,0.052122864481250274,0.9226959599656659,0.025181175553083752
2007-11-05,0.09611836455946614,0.8903938488872658,0.013487786553268008
2007-11-06,0.06187652406618215,0.9253173196793932,0.01280615625442463
2007-11-07,1.6504699812492468e-06,0.8758576315989072,0.12414071793111145
2007-11-08,0.048537213492984836,0.8973990790309759,0.0540637074760395
2007-11-09,0.008090768070729453,0.9411635924238718,0.05074563950539872
2007-11-12,0.014918854345806497,0.9520596178336574,0.033021527820535926
2007-11-13,5.20221737563745e-06,0.8074248587044411,0.19256993907818332
2007-11-14,0.020941170768937225,0.8758828582541892,0.10317597097687344
2007-11-15,0.007309587483492257,0.9100841912866007,0.08260622122990668
2007-11-16,0.05460128504128044,0.9066793360572791,0.0387193789014403
2007-11-19,0.00229311844088112,0.9453407970945163,0.05236608446460245
2007-11-20,0.050141207652002084,0.9251661923960066,0.024692599951991495
2007-11-21,0.004296372890302001,0.9650713748220198,0.03063225228767855
2007-11-23,0.003128561483089613,0.9606444830839449,0.0362269554329656
2007-11-26,3.540133968383076e-05,0.9030741081838592,0.096890490476457
2007-11-27,0.005167060228956424,0.9114735579623803,0.08335938180866317
2007-11-28,4.68681624475521e-06,0.6617555103207873,0.3382398028629679
2007-11-29,0.043709181850000584,0.7926885598596343,0.16360225829036515
2007-11-30,0.08369546871255992,0.8310880771682528,0.08521645411918703
2007-12-03,0.1183055278062577,0.8396849761927725,0.04200949600096989
2007-12-04,0.13799003977002147,0.8395374582406518,0.02247250198932692
2007-12-05,0.03419188224420253,0.939882749473548,0.02592536828224949
2007-12-06,0.01227190008161154,0.9608891459311786,0.0268389539872099
2007-12-07,0.06816068730274107,0.9186769750422764,0.013162337654982521
2007-12-10,0.11410574662968312,0.8770085684411281,0.00888568492918854
2007-12-11,5.3259058271033804e-05,0.9467422899665571,0.053204450975171624
2007-12-12,0.03990561827180072,0.93357593272125,0.026518449006949257
2007-12-13,0.12523783303460384,0.8623933705281911,0.012368796437205386
2007-12-14,0.02149948145170222,0.9629047532903657,0.015595765257932213
2007-12-17,0.0038497652727655755,0.9766936411377122,0.01945659358952217
2007-12-18,0.04487032360719524,0.9436354013383561,0.011494275054448702
2007-12-19,0.12401670049230062,0.8692059323291964,0.00677736717850292
2007-12-20,0.22904380178612857,0.7660968749223308,0.004859323291540858
2007-12-21,0.03452524245604433,0.9535394132538122,0.011935344290143854
2007-12-24,0.06862342046643279,0.9225849521851648,0.008791627348402246
2007-12-26,0.17281161219420185,0.8217236711964923,0.005464716609305859
2007-12-27,0.024235654108729784,0.9653157826906297,0.010448563200640554
2007-12-28,0.0974006777529246,0.8961376092433916,0.006461713003683652
2007-12-31,0.11072065081943128,0.8833383787040048,0.0059409704765642415
2008-01-02,0.014833049262906304,0.974382948335254,0.010784002401839774
2008-01-03,0.07913236293015416,0.9142100725651297,0.006657564504716286
2008-01-04,6.216655643471849e-05,0.9599315308092076,0.04000630263435764
2008-01-07,0.05036822266348,0.9307966624604738,0.01883511487604605
2008-01-08,0.0014324903352257252,0.9660721408576444,0.032495368807129964
2008-01-09,0.008763548504110093,0.9633462487450694,0.02789020275082069
2008-01-10,0.04103691699248265,0.9424641487902957,0.016498934217221897
2008-01-11,0.009446689246462284,0.9726492775404213,0.017904033213116722
2008-01-14,0.023715673369321604,0.9621948064816115,0.014089520149066947
2008-01-15,2.181792312504904e-05,0.9368444013744649,0.06313378070240998
2008-01-16,0.029700734275791264,0.9386464438600071,0.031652821864201416
2008-01-17,1.1490886417275947e-06,0.7912873186091096,0.20871153230224848
2008-01-18,0.025219698710907866,0.8671985470808959,0.10758175420819609
2008-01-22,0.01624583124725024,0.9105604050836421,0.07319376366910767
2008-01-23,0.0005412748596226629,0.8711417785812259,0.1283169465591514
2008-01-24,0.020074193896092312,0.9036654083415435,0.07626039776236393
2008-01-25,0.0025388792116334932,0.9187036322419507,0.07875748854641562
2008-01-28,0.0021614461592509345,0.909659414979054,0.08817913886169476
2008-01-29,0.04182047077686362,0.9152796345469342,0.042899894676202324
2008-01-30,0.08633159323492877,0.8925390689818032,0.021129337783268004
2008-01-31,0.01274712728956596,0.9590564594352995,0.028196413275134665
2008-02-01,0.01833337988542592,0.9594320076096085,0.02223461250496557
2008-02-04,0.01712715523560381,0.965766623094826,0.01710622166956994
2008-02-05,8.91168366382016e-08,0.7789214561956023,0.2210784546875611
2008-02-06,0.018220637208923952,0.8588320301189426,0.12294733267213331
2008-02-07,0.051590023761523,0.8840708037147655,0.06433917252371169
2008-02-08,0.1060408060140697,0.8641949277862209,0.02976426619970946
2008-02-11,0.1897058111719169,0.7956100176243536,0.014684171203729612
2008-02-12,0.2580880053464163,0.7331685506340848,0.008743444019499018
2008-02-13,0.10571181427335007,0.8825497377124643,0.011738448014185639
2008-02-14,0.020694004508738574,0.9648616236475389,0.01444437184372271
2008-02-15,0.0909534488402528,0.9010539469232797,0.0079926042364676
2008-02-19,0.19959053452980996,0.7953153824515916,0.005094083018598046
2008-02-20,0.23549321567695425,0.759512023753474,0.004994760569571478
2008-02-21,0.055770186491916285,0.9353748521837667,0.008854961324316818
2008-02-22,0.094449562535451,0.8984100303269079,0.00714040713764112
2008-02-25,0.03757882609483616,0.952197963156846,0.01022321074831764
2008-02-26,0.08480928661043442,0.9077429010553669,0.007447812334198422
2008-02-27,0.19000275051583537,0.8050571947801562,0.004940054704008275
2008-02-28,0.13044705237045523,0.8635817871517779,0.005971160477766621
2008-02-29,1.756201829218042e-05,0.9415937562715896,0.05838868171011834
2008-03-03,0.05186475183198468,0.9223656957845255,0.02576955238348969
2008-03-04,0.1149425752821951,0.8721720732480985,0.012885351469706596
2008-03-05,0.21169347270596842,0.7809178617947237,0.007388665499307598
2008-03-06,0.0007575368098281489,0.9676777252394159,0.031564737950755914
2008-03-07,0.017731200009696812,0.9625569126347662,0.019711887355537226
2008-03-10,0.002951584071802815,0.9730266458550639,0.02402177007313328
2008-03-11,4.214218748989106e-09,0.5050933796458295,0.49490661613995196
2008-03-12,0.009795353814218416,0.6557632267304777,0.3344414194553038
2008-03-13,0.055287487967667,0.7733500600562169,0.1713624519761161
2008-03-14,0.0003706055511520002,0.7225227386087892,0.2771066558400585
2008-03-17,0.012871603358634541,0.8184136346120128,0.16871476202935284
2008-03-18,3.036882180829473e-12,0.03856448967680587,0.9614355103201573
2008-03-19,2.5281684949805724e-07,0.027713494015515587,0.972286253167635
2008-03-20,1.1506935213612343e-06,0.027747934043213858,0.9722509152632647
2008-03-24,0.0001571592806843474,0.07656609972766446,0.9232767409916512
2008-03-25,0.009226326923960816,0.2287167045678551,0.7620569685081842
2008-03-26,0.013831942532997552,0.385593390795518,0.6005746666714843
2008-03-27,0.008627012018701337,0.5127404082270628,0.47863257975423595
2008-03-28,0.020852206136138463,0.671174147010367,0.30797364685349465
2008-03-31,0.07205780192180815,0.7709310101429776,0.15701118793521443
2008-04-01,1.636222480735504e-08,0.17040048239901465,0.8295995012387605
2008-04-02,0.015319769535597782,0.36710753787716377,0.6175726925872388
2008-04-03,0.07540938737074637,0.5623107755245903,0.36227983710466327
2008-04-04,0.20535794161217025,0.6319643121049062,0.16267774628292353
2008-04-07,0.3936561222242821,0.5482035090215353,0.05814036875418293
2008-04-08,0.4675459073024038,0.5073871606324436,0.02506693206515228
2008-04-09,0.389499960304111,0.5938491083371276,0.016650931358761247
2008-04-10,0.5478515983763991,0.44558124004616717,0.006567161577433797
2008-04-11,0.0076586743967001,0.96003303797295,0.03230828763034973
2008-04-14,0.052273407321539844,0.9317097758117442,0.01601681686671573
2008-04-15,0.1298533724952951,0.8612399647305699,0.008906662774135004
2008-04-16,0.0012479588323336263,0.9654225974706502,0.03332944369701626
2008-04-17,0.05484850862448153,0.9295297609396009,0.015621730435917424
2008-04-18,0.005203821972759273,0.9691133895104164,0.025682788516824373
2008-04-21,0.05718428829971836,0.9300717370130771,0.012743974687204385
2008-04-22,0.04966635982864048,0.9400848807803754,0.01024875939098418
2008-04-23,0.13766219750031858,0.8560377954703718,0.0063000070293096795
2008-04-24,0.21749575380776612,0.7774633302784797,0.005040915913753894
2008-04-25,0.3101401328088126,0.6856912501159711,0.00416861707521626
2008-04-28,0.47865946779238017,0.5186277071659328,0.0027128250416873856
2008-04-29,0.5809692743108666,0.4169104106894699,0.0021203149996638485
2008-04-30,0.6733634611554108,0.32502320739517665,0.0016133314494126236
2008-05-01,0.15562067488667827,0.8349429247557681,0.00943640035755356
2008-05-02,0.29479151559992933,0.6999273694033371,0.005281114996733059
2008-05-05,0.37747032218714416,0.6186636487307119,0.0038660290821441647
2008-05-06,0.43964144446238174,0.556889728818185,0.0034688267194332724
2008-05-07,0.015893669533327038,0.9690678933979805,0.0150384370686924
2008-05-08,0.07719881797826855,0.9141928650077704,0.008608317013960864
2008-05-09,0.09489273577092144,0.8981554109794501,0.006951853249628707
2008-05-12,0.07797740389936829,0.914225850697634,0.007796745402997619
2008-05-13,0.18324547854783627,0.8116829851779696,0.005071536274193736
2008-05-14,0.3215720836396384,0.6746975840255977,0.0037303323347639156
2008-05-15,0.26068377358121103,0.7342025436358547,0.005113682782934193
2008-05-16,0.4392356265067451,0.5576512152121872,0.003113158281067579
2008-05-19,0.6227563649685796,0.37538016237724114,0.0018634726541796266
2008-05-20,0.4606868776737619,0.5359870412280565,0.003326081098181463
2008-05-21,0.042631349229095186,0.9457466983721303,0.011621952398774333
2008-05-22,0.1271226883152276,0.8660349223360976,0.006842389348674776
2008-05-23,0.02636684059839316,0.9632752554878589,0.010357903913747493
2008-05-27,0.07120050537087415,0.9212543083718224,0.007545186257303496
2008-05-28,0.16455222543376716,0.8301639442649489,0.005283830301283705
2008-05-29,0.2742878835734981,0.7215331386235778,0.00417897780292418
2008-05-30,0.4547247646513477,0.5425005085603132,0.0027747267883393746
2008-06-02,0.2416183598402833,0.7531512598502714,0.005230380309445068
2008-06-03,0.2789830578166814,0.7165216569250461,0.00449528525827247
2008-06-04,0.452672874047546,0.5444458219062913,0.002881304046162585
2008-06-05,0.027939171274014723,0.957048617480488,0.015012211245497509
2008-06-06,2.894881801326628e-07,0.8279145582112319,0.17208515230058793
2008-06-09,0.04907172826176236,0.8751012568211411,0.07582701491709691
2008-06-10,0.12299536385158585,0.8442599423451163,0.032744693803297885
2008-06-11,0.0058705411852143395,0.9487931232607602,0.04533633555402508
2008-06-12,0.060634049717041186,0.9184282316065251,0.020937718676433514
2008-06-13,0.0178849684522821,0.9590432738189564,0.02307175772876158
2008-06-16,0.0847042073999039,0.903948093247943,0.011347699352153105
2008-06-17,0.10096244785406373,0.8907982400959025,0.008239312050033417
2008-06-18,0.06156333433518884,0.9300509441201078,0.008385721544703188
2008-06-19,0.15142017656265178,0.8429453148919167,0.005634508545431205
2008-06-20,0.0033588776015681127,0.9798347220838844,0.016806400314546992
2008-06-23,0.05841272653159371,0.9324904970352171,0.009096776433189614
2008-06-24,0.13118572337184947,0.8628120548466942,0.006002221781456494
2008-06-25,0.2217425457227034,0.7734908615426865,0.004766592734610261
2008-06-26,5.763349148740734e-06,0.9185968272557741,0.08139740939507717
2008-06-27,0.038481429251570914,0.923850007189109,0.03766856355932025
2008-06-30,0.12294278258914622,0.8603911954888855,0.016666021921967908
2008-07-01,0.24302043613033866,0.7487116007654794,0.008267963104182263
2008-07-02,0.006653168004223396,0.9722539940842103,0.02109283791156646
2008-07-03,0.06543112926262638,0.9238363259525489,0.010732544784824542
2008-07-07,0.060248519216576556,0.9308532394136291,0.008898241369794321
2008-07-08,0.008553500392089138,0.9754956605168948,0.015950839091015946
2008-07-09,5.80190757587847e-05,0.9503683486580357,0.04957363226620579
2008-07-10,0.03553541015074218,0.9385598637094883,0.025904726139769713
2008-07-11,0.019835959962600524,0.9597800974827146,0.020383942554685005
2008-07-14,0.025948419050943052,0.959558338868597,0.014493242080460106
2008-07-15,0.017698695959469962,0.9693512824784101,0.01295002156211976
2008-07-16,8.364249782129834e-05,0.9449008939898818,0.055015463512297025
2008-07-17,0.012970571062961268,0.9482752199814722,0.03875420895556635
2008-07-18,0.07610691600826053,0.9063392228792867,0.017553861112452745
2008-07-21,0.1798054599772971,0.8115453501701079,0.008649189852595341
2008-07-22,0.07455101527239058,0.9141822567173683,0.011266728010240798
2008-07-23,0.1688681205174403,0.8244275535957363,0.006704325886823414
2008-07-24,0.0003070515149309997,0.9655884071804823,0.0341045413045867
2008-07-25,0.048264428906888736,0.9349527774230945,0.016782793670016723
2008-07-28,0.0012359635438187017,0.9680541382571436,0.030709898199038188
2008-07-29,0.00013411218010006895,0.9210552959313622,0.07881059188853799
2008-07-30,0.002798466382813931,0.9164818199281728,0.08071971368901278
2008-07-31,0.004550106375272769,0.9313437784814517,0.0641061151432754
2008-08-01,0.03497131651399547,0.9330016996621657,0.03202698382383897
2008-08-04,0.034996464343197475,0.9441923993179735,0.020811136338828716
2008-08-05,1.078149541458102e-05,0.8658603552087482,0.1341288632958374
2008-08-06,0.047657757554757915,0.8922780778098233,0.06006416463541868
2008-08-07,0.0016450537551470385,0.9180314916878076,0.08032345455704565
2008-08-08,8.974146224264464e-05,0.8154309782191593,0.18447928031859806
2008-08-11,0.03308385142891408,0.8726369186316848,0.09427922993940104
2008-08-12,0.013947897561494746,0.9164304695109138,0.06962163292759185
2008-08-13,0.06422871428432936,0.9043695666396527,0.031401719076017874
2008-08-14,0.13788990160967035,0.8465577488425656,0.015552349547764167
2008-08-15,0.26093433140294753,0.7312582381493377,0.007807430447715102
2008-08-18,0.02810852872440129,0.95739178682266,0.01449968445293898
2008-08-19,0.028487057852185377,0.9599588492466368,0.0115540929011778
2008-08-20,0.07991116656692623,0.9122767766696487,0.007812056763425026
2008-08-21,0.1884914016818541,0.8063913204345974,0.0051172778835484635
2008-08-22,0.13309371116164748,0.860147155015441,0.006759133822911138
2008-08-25,0.0017147854260219128,0.9774273994902204,0.020857815083757843
2008-08-26,0.05251276533519451,0.9363697881595658,0.01111744650523932
2008-08-27,0.08947464038683475,0.9022557413897861,0.008269618223378954
2008-08-28,0.0260473258707947,0.961698231632682,0.012254442496523535
2008-08-29,0.006962643045440162,0.9783747134173532,0.014662643537206652
2008-09-02,0.047376396055126745,0.9437078643327295,0.008915739612144011
2008-09-03,0.12259132392452157,0.8715377824850622,0.005870893590416155
2008-09-04,1.998342373929158e-06,0.9063517724850204,0.0936462291726057
2008-09-05,0.045487474624403584,0.9115904975398119,0.04292202783578455
2008-09-08,0.001544620322586348,0.9240212191236218,0.07443416055379211
2008-09-09,4.628606015667607e-09,0.3854650417790652,0.6145349535923287
2008-09-10,0.02305165641651598,0.5810090291617085,0.39593931442177577
2008-09-11,0.012941532620523178,0.6639095075964888,0.3231489597829879
2008-09-12,0.07300993163952751,0.773275881268416,0.1537141870920563
2008-09-15,6.625425128496059e-16,0.008777924866405884,0.9912220751335936
2008-09-16,1.7644839003299096e-05,0.04517931212876083,0.9548030430322358
2008-09-17,1.4675003703345583e-18,0.00015838778380984045,0.9998416122161902
2008-09-18,2.0172321083358518e-17,0.0002685558856836249,0.9997314441143164
2008-09-19,1.6867398706560235e-15,0.0006109373263001046,0.9993890626736982
2008-09-22,3.3199710108290104e-15,0.0008651828735651247,0.9991348171264316
2008-09-23,1.5217194874745856e-06,0.04324534546228563,0.956753132818227
2008-09-24,0.004492259894907423,0.17116269255659217,0.8243450475485006
2008-09-25,0.00022474491260887487,0.1557302023748603,0.8440450527125305
2008-09-26,0.015905451553569355,0.3437759823021091,0.6403185661443218
2008-09-29,5.965489362593077e-55,1.9024170467472825e-11,0.9999999999809759
2008-09-30,3.167904618071457e-29,9.287821173192696e-06,0.9999907121788267
2008-10-01,7.2532902941037e-07,0.08494010528893649,0.9150591693820345
2008-10-02,3.8524773722469654e-14,0.0016573132314692013,0.9983426867684922
2008-10-03,8.097085366642068e-06,0.05341570157668447,0.9465762013379491
2008-10-06,2.1812287840802848e-13,0.0018935475902333344,0.9981064524095485
2008-10-07,2.4810166933535195e-27,2.421884988927396e-06,0.9999975781150111
2008-10-08,2.9136678805101903e-08,0.06082497986802117,0.9391749909953001
2008-10-09,5.839117921581553e-43,1.870629936120407e-09,0.99999999812937
2008-10-10,4.201467326292649e-11,0.058993174980950754,0.9410068249770346
2008-10-13,1.8321944940789792e-91,7.200189155520293e-20,1.0
2008-10-14,1.5244981750437534e-10,0.08290401693672472,0.9170959829108254
2008-10-15,6.262908231452173e-59,1.1687220016224863e-12,0.9999999999988312
2008-10-16,8.477039010469333e-22,0.00033588380343493163,0.9996641161965651
2008-10-17,1.8869960845118217e-05,0.08090198165689844,0.9190791483822565
2008-10-20,2.833180196868072e-17,0.00024041469173863636,0.9997595853082611
2008-10-21,4.789459883067804e-12,0.004495520641056404,0.9955044793541541
2008-10-22,6.814099499293375e-30,6.467807787196194e-07,0.9999993532192214
2008-10-23,1.0681739966561188e-08,0.05810447166065898,0.941895517657601
2008-10-24,2.5263304105280113e-11,0.005123017712967193,0.9948769822617693
2008-10-27,3.896136361464017e-11,0.0041419321116908684,0.9958580678493479
2008-10-28,7.78788972902661e-81,8.899312192413372e-18,0.9999999999999998
2008-10-29,2.9779261566025223e-11,0.061901553705973056,0.9380984462642478
2008-10-30,6.715022614704139e-07,0.03178697990870511,0.9682123485890332
2008-10-31,0.00017638442999492622,0.08060691050762732,0.9192167050623777
2008-11-03,0.008172173785444698,0.2332006789291883,0.7586271472853668
2008-11-04,2.182950208906918e-12,0.004456248000203483,0.9955437519976135
2008-11-05,2.156565110935759e-23,1.3691854667587714e-05,0.9999863081453325
2008-11-06,3.370069780573978e-24,2.7489052574055773e-05,0.9999725109474259
2008-11-07,2.3902965789078717e-11,0.007347627525091362,0.9926523724510056
2008-11-10,5.1890531696859514e-05,0.06449569640283387,0.9354524130654694
2008-11-11,2.362490352206704e-06,0.05143181863210075,0.948565818877547
2008-11-12,9.563274575318337e-22,3.74317547095111e-05,0.9999625682452904
2008-11-13,2.7189344928617917e-37,2.517460771877194e-08,0.9999999748253924
2008-11-14,1.8145638338421672e-21,0.0003488164400529505,0.999651183559947
2008-11-17,6.511787692799054e-10,0.011183267162285052,0.9888167321865363
2008-11-18,0.00043533925494225337,0.08738875946480754,0.9121759012802502
2008-11-19,1.2965031319667865e-28,1.843699328546071e-06,0.9999981563006713
2008-11-20,1.2083375443376927e-38,4.679587093434703e-08,0.999999953204129
2008-11-21,6.148601821909477e-35,3.1206328987591775e-07,0.9999996879367101
2008-11-24,2.2142687421092533e-35,1.710160090647711e-07,0.999999828983991
2008-11-25,1.3894182939206444e-08,0.08129810794502895,0.9187018781607879
2008-11-26,1.515711820895566e-10,0.006243975971050862,0.9937560238773779
2008-11-28,0.00025688179769248014,0.08050450268714819,0.9192386155151594
2008-12-01,1.325795357596475e-57,2.1029311286243113e-12,0.9999999999978969
2008-12-02,2.0748035692463114e-20,0.0006577677384669238,0.9993422322615331
2008-12-03,6.667573051374223e-09,0.0125141291504728,0.9874858641819542
2008-12-04,1.0616310293113223e-09,0.007806641524119494,0.9921933574142495
2008-12-05,3.818178862112257e-12,0.0018071497817530211,0.9981928502144289
2008-12-08,1.0444372516891678e-13,0.0010106883435002953,0.9989893116563953
2008-12-09,1.5838666063631282e-08,0.017322567539559876,0.9826774166217742
2008-12-10,0.0003640382144054609,0.08548535182575234,0.9141506099598423
2008-12-11,1.850094696081252e-08,0.022385476631348017,0.977614504867705
2008-12-12,0.0016142815420872678,0.11914558093656615,0.8792401375213466
2008-12-15,0.0011951396016770953,0.20077692937391997,0.7980279310244028
2008-12-16,3.895112546783728e-19,0.00017125174203876721,0.9998287482579612
2008-12-17,3.8057836542663557e-06,0.0683368049658367,0.931659389250509
2008-12-18,4.495427422590491e-06,0.05997441104455993,0.9400210935280173
2008-12-19,0.0066891915232364695,0.1995460143887327,0.7937647940880309
2008-12-22,0.0001866165959878876,0.19081412985678503,0.8089992535472271
2008-12-23,0.0037286662516760488,0.3281923779209773,0.6680789558273467
2008-12-24,0.03032957078846973,0.5260251241869437,0.44364530502458654
2008-12-26,0.09239607600656925,0.6663895895943294,0.24121433439910148
2008-12-29,0.17482802819006873,0.7138569515389869,0.11131502027094456
2008-12-30,0.000538634678770596,0.7045382604964489,0.29492310482478046
2008-12-31,0.005598354363056882,0.7568834691237561,0.2375181765131868
2009-01-02,2.1483483004476706e-07,0.25291101239736785,0.7470887727678021
2009-01-05,0.014942330920484725,0.4550740793378812,0.5299835897416341
2009-01-06,0.04350712419528833,0.6195551060889327,0.33693776971577905
2009-01-07,2.2660644194444888e-07,0.19315593267153605,0.806843840722022
2009-01-08,0.018004367516418034,0.39300910884870843,0.5889865236348739
2009-01-09,7.578042900716933e-05,0.2790871443935671,0.7208370751774258
2009-01-12,7.834129713029543e-06,0.1636287882232467,0.8363633776470404
2009-01-13,0.016853168961058127,0.35957516824398994,0.6235716627949521
2009-01-14,1.9412043261582712e-09,0.03754938355017374,0.9624506145086219
2009-01-15,0.004513569548207857,0.16272468457243272,0.8327617458793596
2009-01-16,0.018740543356889714,0.3230249072186067,0.6582345494245038
2009-01-20,5.840790015955886e-21,0.00015318883900531215,0.9998468111609946
2009-01-21,1.6031750179647973e-17,0.0002576718647564592,0.9997423281352434
2009-01-22,5.751195478736167e-07,0.044617782274564664,0.9553816426058874
2009-01-23,0.00404996879766919,0.1646693353181935,0.8312806958841372
2009-01-26,0.024307172121991533,0.34116352358980806,0.6345293042882005
2009-01-27,0.02908635518566998,0.48320076247650784,0.48771288233782234
2009-01-28,3.1700648068719565e-08,0.06846201600721868,0.9315379522921331
2009-01-29,1.3526495171275178e-10,0.007724986151641999,0.992275013713093
2009-01-30,1.550771192412888e-07,0.021062692793124022,0.9789371521297568
2009-02-02,0.00248930141249322,0.1321145626247221,0.8653961359627845
2009-02-03,0.000998370536328715,0.18021795498341875,0.8187836744802526
2009-02-04,0.007675082680744969,0.3422157143562024,0.6501092029630526
2009-02-05,0.0021857374006947427,0.37814086538973835,0.619673397209567
2009-02-06,2.8193892947153036e-06,0.1426104282538593,0.8573867523568461
2009-02-09,0.015081448939233234,0.33108392378436435,0.6538346272764027
2009-02-10,2.0040469634394965e-18,0.0005307650795378263,0.9994692349204621
2009-02-11,3.265502424601964e-05,0.07768884370400406,0.9222785012717499
2009-02-12,0.008966799237672976,0.23170785448206788,0.7593253462802592
2009-02-13,0.00946669287848238,0.37274834218984954,0.6177849649316681
2009-02-17,3.6296971298567367e-16,0.00185026747601353,0.9981497325239862
2009-02-18,0.0002191631828722592,0.09431220407842159,0.9054686327387063
2009-02-19,0.0009018752261097383,0.1790008269435835,0.8200972978303066
2009-02-20,0.002268880888182886,0.28947685886503444,0.7082542602467828
2009-02-23,1.7179979178399962e-10,0.021161079260186504,0.9788389205680136
2009-02-24,1.6340208844877756e-13,0.0009656203569160077,0.9990343796429205
2009-02-25,1.4887650475782242e-05,0.06509189530233231,0.9348932170471917
2009-02-26,0.00010677087902285266,0.10557570565110125,0.8943175234698763
2009-02-27,1.3074937216782527e-06,0.05891714488438758,0.9410815476218907
2009-03-02,4.155026374321566e-18,0.00021754954549648326,0.9997824504545036
2009-03-03,1.1700399601299848e-05,0.08007799233434848,0.9199103072660502
2009-03-04,3.943400785159331e-06,0.051405604191766,0.9485904524074487
2009-03-05,1.1767051225599947e-15,0.0006476148594960708,0.9993523851405027
2009-03-06,8.180501983997905e-05,0.09213438709461629,0.9077838078855439
2009-03-09,0.001727728618931869,0.19826064101973917,0.800011630361329
2009-03-10,1.8313002786236854e-28,1.8658918527539064e-06,0.9999981341081472
2009-03-11,2.2966755308094674e-07,0.0898650204373721,0.9101347498950746
2009-03-12,3.4741197690156646e-13,0.0018369177606718805,0.9981630822389808
2009-03-13,0.00011801822610097198,0.08071689633424704,0.919165085439652
2009-03-16,0.0070833657577748736,0.22985740772969376,0.7630592265125313
2009-03-17,2.7044956082674777e-08,0.03181984609743639,0.9681801268576077
2009-03-18,1.0047718482722721e-05,0.04482884056911926,0.955161111712398
2009-03-19,0.00027446021885003084,0.10880873340080738,0.8909168063803425
2009-03-20,1.9839173615264456e-05,0.098799023169131,0.9011811376572537
2009-03-23,2.9476203607559915e-35,4.656325460758373e-08,0.9999999534367455
2009-03-24,5.1461266088339404e-12,0.024598610033866163,0.9754013899609876
2009-03-25,0.001002140625889643,0.10938183571539187,0.8896160236587187
2009-03-26,9.818795884102756e-06,0.06892119700032501,0.9310689842037907
2009-03-27,8.011818943680189e-06,0.06712400679195125,0.9328679813891051
2009-03-30,2.1042162211275768e-11,0.005259855125771148,0.9947401448531866
2009-03-31,7.220451429118096e-05,0.0627627994494095,0.937164996036299
2009-04-01,0.00021095734824661788,0.10225446997218182,0.8975345726795716
2009-04-02,1.1634064233448842e-07,0.0279221288727907,0.9720777547865669
2009-04-03,0.0011041511345743944,0.11387625260672449,0.8850195962587011
2009-04-06,0.004613900941936218,0.24540507020694044,0.7499810288511235
2009-04-07,4.401275076196352e-06,0.12171869241114718,0.8782769063137766
2009-04-08,0.002514376266213939,0.22390447722830092,0.773581146505485
2009-04-09,3.4317604416909075e-11,0.0084281785691472,0.9915718213965351
2009-04-13,0.0010208146823616057,0.10638330866362027,0.892595876654018
2009-04-14,1.9875893392544583e-05,0.09388983883253141,0.9060902852740761
2009-04-15,0.0015384002890373046,0.17999412835338635,0.8184674713575762
2009-04-16,0.0011931485003771334,0.2335462342709316,0.7652606172286913
2009-04-17,0.021684076966531404,0.43249120649837786,0.5458247165350908
2009-04-20,3.400511119999698e-14,0.005249703129268982,0.994750296870697
2009-04-21,1.287302647681649e-06,0.027095991344860286,0.9729027213524919
2009-04-22,0.0010390434020805756,0.12054854142790675,0.8784124151700125
2009-04-23,0.005581835641805009,0.24430632751092007,0.7501118368472751
2009-04-24,0.0012981155822541553,0.2736700639676667,0.725031820450079
2009-04-27,0.005177963825794503,0.4182098002902531,0.5766122358839526
2009-04-28,0.03969952506151474,0.619610635144673,0.3406898397938125
2009-04-29,0.0005833815431904388,0.5144457402863472,0.48497087817046225
2009-04-30,0.037516198089464485,0.7005559472169921,0.2619278546935435
2009-05-01,0.1030566690676086,0.7696646492348046,0.12727868169758652
2009-05-04,1.939198184099311e-07,0.2821829955972357,0.7178168104829459
2009-05-05,0.01848329169532928,0.4925586309361786,0.4889580773684922
2009-05-06,0.0026182208114962306,0.5004791626444303,0.4969026165440737
2009-05-07,0.00289648496122622,0.5855756498530469,0.41152786518572715
2009-05-08,3.9867259422071827e-05,0.36966663124570076,0.6302935014948771
2009-05-11,2.2458842208396096e-05,0.24979629307748233,0.7501812480803095
2009-05-12,0.02222081163247498,0.46630880957775944,0.5114703787897654
2009-05-13,1.5343245423888391e-06,0.1781066632117633,0.8218918024636943
2009-05-14,0.005396140691716718,0.31255993485191247,0.682043924456371
2009-05-15,0.005159417887798578,0.4379917831370399,0.5568487989751615
2009-05-18,2.2658924790809228e-07,0.1007737081113909,0.8992260652993612
2009-05-19,0.009961271011615702,0.26752935653414417,0.7225093724542401
2009-05-20,0.033733639596872346,0.46214772220912625,0.5041186381940016
2009-05-21,0.0017511820328104336,0.47813135564602277,0.5201174623211666
2009-05-22,0.03771108716000011,0.6725044109522778,0.2897845018877219
2009-05-26,3.005146282974728e-05,0.3975442166359197,0.6024257319012505
2009-05-27,0.00011873825746697795,0.3419352129255663,0.6579460488169667
2009-05-28,0.001796324973460479,0.3977440549243123,0.6004596201022272
2009-05-29,0.0047472203649381655,0.49299819709672993,0.5022545825383319
2009-06-01,1.046318327034224e-05,0.23774847451016437,0.7622410623065654
2009-06-02,0.022524459426575605,0.45129288282787705,0.5261826577455473
2009-06-03,0.005136130846181363,0.5354957320069146,0.45936813714690405
2009-06-04,0.013400167209755266,0.655145437559838,0.3314543952304067
2009-06-05,0.06314200456742698,0.7745018373516237,0.16235615808094941
2009-06-08,0.16184670528829595,0.7706198586650846,0.06753343604661897
2009-06-09,0.30663006609772897,0.6671228086471848,0.026247125255086084
2009-06-10,0.4263740131616017,0.5626898960235406,0.010936090814857776
2009-06-11,0.5422334194739845,0.45248506894642904,0.005281511579586496
2009-06-12,0.7106303458687451,0.2872604384231815,0.0021092157080735236
2009-06-15,0.0021171811856964236,0.9641401905973083,0.033742628216995335
2009-06-16,0.005330647773592358,0.9663235822427074,0.028345769983700312
2009-06-17,0.05798738903252202,0.9282424215399616,0.013770189427516288
2009-06-18,0.08937455445881873,0.9008562951836654,0.009769150357516278
2009-06-19,0.19965854059934257,0.7944984543387629,0.005843005061894321
2009-06-22,1.9186296159964035e-06,0.8904268397873162,0.10957124158306808
2009-06-23,0.050201804165792376,0.9017958101711675,0.04800238566304001
2009-06-24,0.10625223673086624,0.8698032839611702,0.023944479307963215
2009-06-25,0.0019383513558067261,0.9433116206369232,0.05475002800727026
2009-06-26,0.05125523459910053,0.9241570715731223,0.02458769382777742
2009-06-29,0.07380141135613197,0.9104241588650022,0.015774429778865794
2009-06-30,0.0637955569325131,0.9245441140371503,0.011660329030336737
2009-07-01,0.14960533453945812,0.8433795792473743,0.007015086213167205
2009-07-02,4.402578126078274e-06,0.9096546780118354,0.0903409194100384
2009-07-06,0.05032879425968779,0.9099123623473004,0.039758843393011695
2009-07-07,0.0007195936381689155,0.9304567389043973,0.06882366745743385
2009-07-08,0.04818586792740085,0.9212353744388618,0.03057875763373715
2009-07-09,0.13205402268226374,0.8536151414555726,0.014330835862163853
2009-07-10,0.20911103771086872,0.7829267114605039,0.007962250828627143
2009-07-13,0.0005853648408831408,0.9538624767711255,0.04555215838799146
2009-07-14,0.04411683097838998,0.9334811686845176,0.022402000337092467
2009-07-15,6.448094322871861e-06,0.8363472196195146,0.16364633228616257
2009-07-16,0.025450771983084982,0.8843980090348976,0.09015121898201756
2009-07-17,0.0970009456688652,0.864856280660032,0.03814277367110289
2009-07-20,0.07266666311392547,0.8997941962239598,0.027539140662114287
2009-07-21,0.1706001620267655,0.8165629209382379,0.012836917034996368
2009-07-22,0.3173642086156657,0.6764474313646992,0.00618836001963517
2009-07-23,0.002503479713758554,0.9639732583979146,0.033523261888326925
2009-07-24,0.05537222173991399,0.9285587023800854,0.016069075880000394
2009-07-27,0.14681267873348558,0.8447195686049812,0.00846775266153311
2009-07-28,0.25575674136431426,0.7390538514442027,0.005189407191482902
2009-07-29,0.334970870660498,0.6610376638285802,0.003991465510921577
2009-07-30,0.21279395188102487,0.7810037853766242,0.006202262742350988
2009-07-31,0.3800275062005426,0.6162895269139336,0.0036829668855239946
2009-08-03,0.1020407463157045,0.88856758522569,0.009391668458605177
2009-08-04,0.21965915982764816,0.774743696158579,0.005597144013772957
2009-08-05,0.33973493275133154,0.6564072179869697,0.003857849261698625
2009-08-06,0.38281749133716086,0.613669310252075,0.0035131984107640325
2009-08-07,0.17552815409381492,0.8173372424199948,0.0071346034861899076
2009-08-10,0.27682307079574975,0.7184504329373974,0.004726496266852857
2009-08-11,0.07190085654465689,0.9195578645473396,0.008541278908003547
2009-08-12,0.055908369067473554,0.9349489294641969,0.00914270146832969
2009-08-13,0.10836586475511924,0.8847841174068387,0.006850017838042137
2009-08-14,0.08641332860623992,0.9066896725242697,0.006896998869490694
2009-08-17,8.04992819185452e-05,0.9608104675907887,0.03910903312729261
2009-08-18,0.02050971233279551,0.9544068508252975,0.025083436841906847
2009-08-19,0.06345131844311588,0.9223272118928745,0.014221469664009766
2009-08-20,0.05833618831385119,0.9296143141941744,0.012049497491974794
2009-08-21,0.004445079879928632,0.9727230342615549,0.022831885858516462
2009-08-24,0.05904478444936432,0.9294776401723396,0.01147757537829632
2009-08-25,0.1554517061519216,0.8379329570639172,0.006615336784161027
2009-08-26,0.30097148302197696,0.6948818418515135,0.00414667512650923
2009-08-27,0.47790539931154896,0.5193648439056462,0.0027297567828045684
2009-08-28,0.6272760561764267,0.37090737588898276,0.001816567934590819
2009-08-31,0.5383890901085591,0.4589698775591088,0.0026410323323321
2009-09-01,0.0028157114321360407,0.9728014791827065,0.024382809385157474
2009-09-02,0.04568268400480823,0.9415837122927646,0.012733603702427244
2009-09-03,0.07507149683387539,0.9155364890006323,0.00939201416549208
2009-09-04,0.03817403584932759,0.9506898054161117,0.011136158734560359
2009-09-08,0.06393143549813643,0.9272540075830331,0.008814556918830551
2009-09-09,0.10499809557621295,0.8879624100940716,0.007039494329715443
2009-09-10,0.09618738363280087,0.896374482668837,0.00743813369836188
2009-09-11,0.20310817654551025,0.7919836645716248,0.0049081588828650225
2009-09-14,0.2977817603794456,0.6980882258536559,0.004130013766898454
2009-09-15,0.47068050022290037,0.5265461965160628,0.0027733032610367976
2009-09-16,0.13989889737229477,0.8516679226955861,0.00843317993211861
2009-09-17,0.23827158956151917,0.7564057345087407,0.005322675929740007
2009-09-18,0.4067541631784954,0.5898846899607725,0.0033611468607317044
2009-09-21,0.5270825448893686,0.4704490385786139,0.002468416532017898
2009-09-22,0.619956429530567,0.3779934806584787,0.0020500898109539496
2009-09-23,0.4054224317463291,0.5905694997094957,0.004008068544175542
2009-09-24,0.2576966842951245,0.7368230570937617,0.005480258611113835
2009-09-25,0.28406722795586914,0.711257705281298,0.004675066762832865
2009-09-28,0.02888326095376414,0.9573560927705399,0.013760646275695985
2009-09-29,0.09235099876589346,0.8997292345723312,0.007919766661775258
2009-09-30,0.17109645952888233,0.8234482215857916,0.005455318885326049
2009-10-01,5.797829312034262e-05,0.9539035887300479,0.04603843297683187
2009-10-02,0.03547541402204625,0.9418145169251405,0.022710069052813156
2009-10-05,0.013252098505181676,0.9629246582519718,0.023823243242846234
2009-10-06,0.012229581718578367,0.9658001351529785,0.021970283128443305
2009-10-07,0.07391940183551896,0.914881185477814,0.011199412686666929
2009-10-08,0.12138644418556378,0.8706763668747471,0.00793718893968891
2009-10-09,0.2130078005792351,0.7814607846942244,0.0055314147265403905
2009-10-12,0.3530015955714673,0.6431854719243993,0.003812932504133085
2009-10-13,0.4899248714124326,0.5073917362057565,0.0026833923818111475
2009-10-14,0.07072739752069676,0.9178416215124511,0.011430980966851956
2009-10-15,0.1621484658195297,0.8310316567776855,0.006819877402785021
2009-10-16,0.1344160857489943,0.8590130966095473,0.0065708176414581865
2009-10-19,0.14298557080558055,0.8505147350941394,0.006499694100279851
2009-10-20,0.1673443559418924,0.8270830680339833,0.00557257602412425
2009-10-21,0.11801503291683763,0.8756776533436476,0.0063073137395148835
2009-10-22,0.10125244937194035,0.8916121051530486,0.007135445475011328
2009-10-23,0.030335034837028575,0.9601198090168097,0.009545156146161731
2009-10-26,0.014980976010046509,0.9744368816017459,0.010582142388207583
2009-10-27,0.06360530147574603,0.9294153879764504,0.0069793105478034405
2009-10-28,0.0009450614776841938,0.9788388109857167,0.020216127536598988
2009-10-29,0.00021350958576878208,0.948497090257155,0.05128940015707596
2009-10-30,1.0865758869772379e-06,0.7533529483484117,0.24664596507570136
2009-11-02,0.033690317902750386,0.8393414000158149,0.1269682820814346
2009-11-03,0.11387274446709812,0.8322348393588576,0.05389241617404458
2009-11-04,0.24773385835429979,0.7310675920606965,0.021198549585003806
2009-11-05,0.013338832980295059,0.9438494958378916,0.042811671181813435
2009-11-06,0.07620850234174958,0.904340818421846,0.019450679236404783
2009-11-09,0.0009737199162846024,0.9483150165907913,0.05071126349292421
2009-11-10,0.053100417113676086,0.9242620986408296,0.02263748424549383
2009-11-11,0.1270115479638522,0.8612350887799777,0.011753363256170265
2009-11-12,0.06523765605155743,0.923777391478075,0.01098495247036771
2009-11-13,0.13592301352680178,0.8569216231041266,0.0071553633690718465
2009-11-16,0.04254939826622238,0.9464052202456336,0.01104538148814412
2009-11-17,0.12935654048232195,0.8641385894579529,0.0065048700597249475
2009-11-18,0.2598608339326627,0.7358454890026072,0.0042936770647301874
2009-11-19,0.05176309286475317,0.9394283655618475,0.008808541573399643
2009-11-20,0.11712750305982333,0.8768591936636849,0.006013303276491689
2009-11-23,0.04798330775955471,0.942803067005072,0.009213625235373373
2009-11-24,0.1340986668347756,0.8600834907964159,0.00581784236880848
2009-11-25,0.2488155120189274,0.7468312713652778,0.004353216615794785
2009-11-27,0.010763119510922424,0.9758290958587901,0.013407784630287564
2009-11-30,0.06793688835278547,0.9240309600367055,0.008032151610509183
2009-12-01,0.0467799010949423,0.9439623709968972,0.009257727908160714
2009-12-02,0.13550090863602354,0.8586923548152466,0.005806736548729965
2009-12-03,0.10757375377578055,0.8861886615452471,0.006237584678972301
2009-12-04,0.19687473368305394,0.7982296068692748,0.004895659447671203
2009-12-07,0.32167825670526956,0.6746920557163101,0.0036296875784200345
2009-12-08,0.16749055514867509,0.8266922023900538,0.005817242461270985
2009-12-09,0.3055198848010921,0.6904607706990019,0.00401934449990616
2009-12-10,0.425930113457141,0.570864063830412,0.0032058227124470385
2009-12-11,0.5936658007898817,0.40424853594669125,0.0020856632634271657
2009-12-14,0.6668644237067736,0.33133778261096963,0.0017977936822568762
2009-12-15,0.6944417560790598,0.3039425544988349,0.0016156894221055972
2009-12-16,0.8191801492423147,0.1799747494737553,0.0008451012839294969
2009-12-17,0.5096292292455487,0.4870679974149297,0.0033027733395216037
2009-12-18,0.6258467003412262,0.37193920168548683,0.002214097973286832
2009-12-21,0.5422512449507999,0.4545827508673798,0.0031660041818202694
2009-12-22,0.696550095798378,0.30174706981065214,0.0017028343909696463
2009-12-23,0.8186451956131442,0.18047596822249046,0.0008788361643656251
2009-12-24,0.8748120250130264,0.12460988679743452,0.0005780881895390368
2009-12-28,0.9257436503045768,0.07396044896748111,0.0002959007279422195
2009-12-29,0.9481162835530041,0.05170696242384568,0.00017675402314965024
2009-12-30,0.9629507171361511,0.03694246064450059,0.00010682221934837224
2009-12-31,0.8728153482745877,0.12674985527508825,0.0004347964503242073
2010-01-04,0.4534292112363582,0.5422884097911344,0.00428237897250754
2010-01-05,0.6262206914377144,0.3715416050825393,0.0022377034797462477
2010-01-06,0.7717392961795624,0.22711868909314015,0.001142014727297279
2010-01-07,0.8564930607631553,0.14284158454924384,0.0006653546876006578
2010-01-08,0.913336322236202,0.08630369804621525,0.0003599797175827144
2010-01-11,0.9457690034030385,0.054037022273350055,0.00019397432361111324
2010-01-12,0.863443098519519,0.13600827069514448,0.0005486307853364717
2010-01-13,0.8607983403475231,0.13854967299778856,0.000651986654688393
2010-01-14,0.9169420287708592,0.08271543087060085,0.00034254035854006153
2010-01-15,0.7501303381323067,0.2485648990236085,0.001304762844084733
2010-01-19,0.5528986957219221,0.44383307647564635,0.0032682278024314853
2010-01-20,0.31084876971585074,0.6835296720369101,0.005621558247239328
2010-01-21,0.0063405545825068795,0.9742394291025813,0.01942001631491174
2010-01-22,7.858857399250821e-05,0.9479022089690894,0.05201920245691762
2010-01-25,0.04598157401906057,0.9293435921554646,0.02467483382547494
2010-01-26,0.09800169260941653,0.8891271913412594,0.012871116049324269
2010-01-27,0.193692335792461,0.7989291578198944,0.007378506387644612
2010-01-28,0.06292782157321246,0.9273981277069824,0.00967405071980542
2010-01-29,0.04123064987323059,0.9494997232988945,0.009269626827874775
2010-02-01,0.01775048352407309,0.9700646101750455,0.012184906300881267
2010-02-02,0.01697074838901755,0.9702663272659563,0.012762924345026025
2010-02-03,0.050073366500224994,0.941403178965909,0.008523454533865849
2010-02-04,3.5337563142220785e-07,0.8663829561983784,0.13361669042599017
2010-02-05,0.048636379440006254,0.8920540083124787,0.05930961224751467
2010-02-08,0.044120931883316776,0.9200413231679389,0.03583774494874448
2010-02-09,0.026679981349249263,0.9439108714478154,0.029409147202935318
2010-02-10,0.0889328560549468,0.8969356033806974,0.014131540564355595
2010-02-11,0.09760752314573459,0.8915832624604014,0.010809214393864149
2010-02-12,0.18748112364340697,0.8061277810887997,0.006391095267793231
2010-02-16,0.016507583414884255,0.9677819440074954,0.015710472577620194
2010-02-17,0.07555922341929366,0.9154276070898983,0.009013169490808106
2010-02-18,0.13749796175945325,0.8559323407251042,0.006569697515442364
2010-02-19,0.2767172004342167,0.71900732865341,0.004275470912373583
2010-02-22,0.4415252714197116,0.5555939475973207,0.002880780982968069
2010-02-23,0.15581013175174102,0.8375914728484909,0.006598395399767999
2010-02-24,0.15355229237620402,0.8398107949943556,0.00663691262944042
2010-02-25,0.2735395731249204,0.7220682400037988,0.004392186871280958
2010-02-26,0.4540334942686881,0.543126826517378,0.0028396792139341494
2010-03-01,0.397306254604337,0.5987682657884714,0.003925479607191505
2010-03-02,0.5807911821116984,0.4169439581207411,0.0022648597675603024
2010-03-03,0.7380240494033867,0.26071672675801855,0.0012592238385944737
2010-03-04,0.8368889236135862,0.16236238384079085,0.0007486925456227538
2010-03-05,0.562574606081481,0.43415212612089105,0.0032732677976280928
2010-03-08,0.7209785045903259,0.27744674410848963,0.0015747513011847084
2010-03-09,0.8359617269607162,0.1632514548719243,0.0007868181673596057
2010-03-10,0.892604483990582,0.10691813425652952,0.00047738175288859714
2010-03-11,0.9291426815983156,0.07057510308538108,0.00028221531630336636
2010-03-12,0.952768028439325,0.04707437003744715,0.00015760152322858621
2010-03-15,0.9654771766327064,0.03442701507114083,9.580829615254993e-05
2010-03-16,0.9535803305351013,0.046290692007789236,0.0001289774571095477
2010-03-17,0.9566743148044978,0.04320130954712863,0.00012437564837339968
2010-03-18,0.966677742042499,0.03323654839207996,8.570956542115158e-05
2010-03-19,0.9556977146466719,0.04419304808264502,0.00010923727068269783
2010-03-22,0.96091286557713,0.03898285133621321,0.0001042830866568077
2010-03-23,0.9542088851649062,0.04566247092576473,0.00012864390932899216
2010-03-24,0.9426073488344868,0.05722611829992147,0.00016653286559170278
2010-03-25,0.9564043387856356,0.04347068667855863,0.0001249745358059787
2010-03-26,0.9674229974145355,0.032493128758351225,8.387382711330779e-05
2010-03-29,0.965783826785278,0.034132803142031314,8.33700726908349e-05
2010-03-30,0.9716133583571395,0.028323112139158516,6.352950370209243e-05
2010-03-31,0.9679560237755822,0.03197663569106085,6.734053335676202e-05
2010-04-01,0.957894002473208,0.04200235359090212,0.00010364393588966921
2010-04-05,0.946352009933928,0.05349093683954857,0.00015705322652342446
2010-04-06,0.9624841545245474,0.03741102041202138,0.00010482506343165498
2010-04-07,0.9461545007643648,0.0536985586165005,0.0001469406191347129
2010-04-08,0.9604227501756378,0.03946618158211664,0.00011106824224514072
2010-04-09,0.9567561293899577,0.04312253950652912,0.00012133110351329578
2010-04-12,0.967602114838486,0.032314738221032584,8.314694048169585e-05
2010-04-13,0.9728911525455896,0.027048739096430064,6.010835798073959e-05
2010-04-14,0.9228792004139116,0.076900213334928,0.00022058625116016172
2010-04-15,0.9506666789719715,0.04918262036280964,0.00015070066521869136
2010-04-16,0.3972543762968523,0.5988287627335005,0.003916860969647357
2010-04-19,0.5520114685505715,0.4454642536381519,0.0025242778112763414
2010-04-20,0.5898505745397331,0.40771128724554806,0.0024381382147186537
2010-04-21,0.7341731786495631,0.2644862777026292,0.0013405436478074943
2010-04-22,0.8429238483622459,0.1563577944792045,0.0007183571585496567
2010-04-23,0.8665448446359549,0.13282158591809506,0.0006335694459503436
2010-04-26,0.8889445424260564,0.11057230210771085,0.00048315546623279074
2010-04-27,0.007720474763980467,0.9698401507594715,0.022439374476548042
2010-04-28,0.049183055447316826,0.9379313707693816,0.012885573783301631
2010-04-29,0.029507533933620225,0.957181471336044,0.013310994730335948
2010-04-30,0.002274427614969199,0.9769828236906262,0.020742748694404574
2010-05-03,0.010567724989773472,0.9707340264578769,0.01869824855234943
2010-05-04,3.179837582000481e-05,0.9354732729832151,0.06449492864096479
2010-05-05,0.02497200091506974,0.941295511104344,0.03373248798058594
2010-05-06,6.646541581140205e-08,0.6531776771909578,0.3468222563436264
2010-05-07,0.0012859010490900524,0.6799228376407059,0.31879126131020386
2010-05-10,1.227133258015027e-13,0.011669863663539686,0.9883301363363376
2010-05-11,0.0010715376001096935,0.1098381323850075,0.8890903300148829
2010-05-12,0.0015724502992434687,0.18469637800770394,0.8137311716930525
2010-05-13,0.0019655114586881275,0.28470875268835993,0.7133257358529521
2010-05-14,0.0001138743753909194,0.25026845214850996,0.749617673476099
2010-05-17,0.023982529983451264,0.46691784028957317,0.5090996297269756
2010-05-18,0.0044698572901127375,0.5412643906361367,0.4542657520737502
2010-05-19,0.030648649670364854,0.7095808983616885,0.2597704519679466
2010-05-20,1.4468787250670778e-11,0.0452955408569136,0.9547044591286176
2010-05-21,0.00029012444856304674,0.0979073968006034,0.9018024787508335
2010-05-24,0.0006676713275153359,0.1728777775813531,0.8264545510911316
2010-05-25,0.019985942108753738,0.37267650967525795,0.6073375482159882
2010-05-26,0.04887492451882548,0.5596540320730401,0.3914710434081343
2010-05-27,1.1294131175426705e-07,0.10766444118582605,0.8923354458728622
2010-05-28,0.0008211347820603199,0.1909984164820109,0.8081804487359288
2010-06-01,0.00017416343175412268,0.2031734086672377,0.796652427901008
2010-06-02,2.458243393159276e-06,0.08281923564149495,0.9171783061151118
2010-06-03,0.00830018769670682,0.2335343634251485,0.7581654488781446
2010-06-04,3.1964722184152454e-10,0.017596619729299195,0.9824033799510536
2010-06-07,8.462738578339132e-05,0.07224408105162541,0.9276712915625911
2010-06-08,0.0020443172819273655,0.16825620120228874,0.8296994815157841
2010-06-09,0.012284456459060233,0.34095626366779425,0.6467592798731456
2010-06-10,5.540512849665074e-07,0.08354509506529266,0.9164543508834224
2010-06-11,0.008112988619638859,0.2332923458494633,0.7585946655308978
2010-06-14,0.04430665892033354,0.43704635260775215,0.5186469884719143
2010-06-15,0.0001621100536339578,0.27964575169353406,0.7201921382528319
2010-06-16,0.02511963215464724,0.4991856569734474,0.4756947108719054
2010-06-17,0.10125884909796647,0.6529517318527198,0.24578941904931373
2010-06-18,0.2438145845435736,0.6555901549079215,0.1005952605485048
2010-06-21,0.35663974009523347,0.6024364636232594,0.040923796281507344
2010-06-22,0.02846257035747535,0.9072922420248878,0.0642451876176368
2010-06-23,0.08610146927627073,0.8850455896303451,0.028852941093384182
2010-06-24,0.004444111784116497,0.9563881603322099,0.03916772788367385
2010-06-25,0.059216413802046494,0.922511242497822,0.018272343700131692
2010-06-28,0.14099405095631382,0.8496505947491182,0.009355354294567903
2010-06-29,9.222871720220659e-07,0.8558153808845209,0.14418369682830695
2010-06-30,0.010304877980319874,0.8993453075005631,0.09034981451911697
2010-07-01,0.05639497980303691,0.9027377507005293,0.04086726949643353
2010-07-02,0.10555901480356895,0.8744298064234778,0.020011178772953206
2010-07-06,0.19741843196626685,0.7922346241175945,0.010346943916138569
2010-07-07,7.130673461664653e-06,0.8513370758103562,0.14865579351618197
2010-07-08,0.0221868461143195,0.8926327356556871,0.08518041822999323
2010-07-09,0.062470603190450356,0.8944448859745089,0.04308451083504052
2010-07-12,0.16392502946389828,0.8178325745881392,0.018242395947962488
2010-07-13,0.038008388323808664,0.9391315202054855,0.022860091470705807
2010-07-14,0.11925254145750627,0.869728506271326,0.011018952271167332
2010-07-15,0.25243661985092913,0.7416849816156968,0.005878398533374018
2010-07-16,1.0113800403477907e-05,0.9168659639584882,0.08312392224110852
2010-07-19,0.039528337581540514,0.9202006556658586,0.040271006752600605
2010-07-20,0.038178239352421504,0.9334262646494713,0.02839549599810742
2010-07-21,0.011861004246229476,0.9627939547115025,0.025345041042267993
2010-07-22,0.00029706848244019207,0.938571184418045,0.0611317470995148
2010-07-23,0.029534975076925755,0.9370733984856463,0.033391626437427845
2010-07-26,0.03405706674945774,0.9422326576403083,0.02371027561023386
2010-07-27,0.10843184315954257,0.8800619684877856,0.011506188352671837
2010-07-28,0.11926044054621616,0.8724022584111387,0.008337301042645202
2010-07-29,0.1902078626693599,0.8040906802615849,0.005701457069055305
2010-07-30,0.3474844321615308,0.6488588703802147,0.00365669745825445
2010-08-02,0.005572579794081602,0.9724428476248114,0.021984572581106896
2010-08-03,0.041293228310296144,0.9463854147152284,0.012321356974475601
2010-08-04,0.09906641847930048,0.8929354528692607,0.007998128651438853
2010-08-05,0.20825005044032086,0.786667516782936,0.005082432776743124
2010-08-06,0.30680530515518556,0.6892902842713098,0.0039044105735044675
2010-08-09,0.43678818916388257,0.5601429069856942,0.0030689038504231165
2010-08-10,0.4624830033461945,0.5345311759785577,0.0029858206752479957
2010-08-11,3.963634252782976e-05,0.9372170289847057,0.06274333467276653
2010-08-12,0.03087532359024092,0.9379562907137795,0.031168385695979822
2010-08-13,0.0800615176075559,0.9043076121613013,0.015630870231142725
2010-08-16,0.18957704614704726,0.8025674034682684,0.007855550384684214
2010-08-17,0.11011662942422878,0.8805930061676556,0.009290364408115816
2010-08-18,0.23844397991707852,0.7562015589873732,0.005354461095548277
2010-08-19,0.011687940600907996,0.9740821423799504,0.014229917019141666
2010-08-20,0.05657906979445459,0.9348428219835677,0.008578108221977373
2010-08-23,0.11347905508311514,0.8804322712357381,0.006088673681146633
2010-08-24,0.014742046663574265,0.9742478941228219,0.011010059213604043
2010-08-25,0.07672271907368357,0.91632803335294,0.006949247573376638
2010-08-26,0.07863491187963752,0.9147838513633724,0.006581236756990097
2010-08-27,0.012700680756224509,0.974362411453193,0.012936907790582777
2010-08-30,0.003539609308805133,0.9799010164552763,0.01655937423591885
2010-08-31,0.05922805388681617,0.9317801565474695,0.008991789565714326
2010-09-01,9.304013207605597e-06,0.9072371339800936,0.0927535620066986
2010-09-02,0.02456994802331246,0.9233066555737152,0.05212339640297252
2010-09-03,0.0180748937176083,0.9408205619527914,0.04110454432960055
2010-09-07,0.012543389331412998,0.956792861213832,0.030663749454754988
2010-09-08,0.05589265639794034,0.9275997217103138,0.01650762189174582
2010-09-09,0.13309093867098035,0.8577566530109622,0.009152408318057366
2010-09-10,0.24210075341461754,0.7522004386692168,0.005698807916165697
2010-09-13,0.17708839439021992,0.8160143898664541,0.0068972157433259225
2010-09-14,0.3235490367155323,0.672276694200444,0.004174269084023891
2010-09-15,0.493542246303188,0.5037260651260355,0.0027316885707764442
2010-09-16,0.6632026616732087,0.3351614526703213,0.0016358856564701184
2010-09-17,0.7980130744271563,0.20107121615520115,0.000915709417642924
2010-09-20,0.40649430588257973,0.5884491768885621,0.005056517228857954
2010-09-21,0.5491124256376793,0.44804597682355335,0.002841597538767347
2010-09-22,0.6144177746564008,0.3834077019023182,0.002174523441281288
2010-09-23,0.5107579510277356,0.48621183906297266,0.0030302099092920486
2010-09-24,0.01582244288812491,0.9640270008312847,0.020150556280590117
2010-09-27,0.04726385916889309,0.9408343488941164,0.011901791936990674
2010-09-28,0.1197923073624763,0.8728321115078359,0.007375581129687937
2010-09-29,0.22004360304084025,0.7750193235381597,0.004937073421000122
2010-09-30,0.3361085108928702,0.6602333906437369,0.0036580984633928903
2010-10-01,0.49209177179784175,0.5052565695421606,0.0026516586599979156
2010-10-04,0.4108872937722826,0.5855915605758802,0.003521145651837184
2010-10-05,0.01274194637204424,0.9680637088372905,0.019194344790664918
2010-10-06,0.07349708135294135,0.9165386656202836,0.009964253026774936
2010-10-07,0.16622562196455923,0.8277485624335216,0.006025815601918766
2010-10-08,0.25946058051860804,0.7358570521670869,0.004682367314305146
2010-10-11,0.4339669674026682,0.5630342751595088,0.002998757437823317
2010-10-12,0.5991038916566909,0.39888115540364333,0.0020149529396661665
2010-10-13,0.6664921745078218,0.331713128451544,0.0017946970406340092
2010-10-14,0.7492009609274846,0.24955141722331867,0.0012476218491966665
2010-10-15,0.852945656064604,0.14639090871992072,0.0006634352154750473
2010-10-18,0.8722829793996661,0.12711637811097315,0.000600642489360963
2010-10-19,0.24660579206999525,0.7464045025223949,0.0069897054076098085
2010-10-20,0.20259664240336278,0.7901980840349339,0.007205273561703312
2010-10-21,0.3671121732067819,0.6288047209141119,0.004083105879106029
2010-10-22,0.5507584795987192,0.4468192451832683,0.002422275218012564
2010-10-25,0.7147295095834713,0.2838809307216523,0.0013895596948764828
2010-10-26,0.8296067473662119,0.1696296656416987,0.0007635869920893112
2010-10-27,0.8824702388311393,0.11703251665398674,0.0004972445148738256
2010-10-28,0.929802852824258,0.06992979465736744,0.0002673525183749088
2010-10-29,0.9527165815792044,0.04712841655596754,0.00015500186482794785
2010-11-01,0.9656779703492119,0.03422718156791771,9.484808287067115e-05
2010-11-02,0.9538791800573186,0.045993260896726514,0.00012755904595486244
2010-11-03,0.9638587601316876,0.03604392553374139,9.731433457041487e-05
2010-11-04,0.3809519519930183,0.6144730295211955,0.004575018485786243
2010-11-05,0.5469131244603019,0.4503998074299892,0.0026870681097088366
2010-11-08,0.6841364795222475,0.3142421997145503,0.0016213207632021283
2010-11-09,0.597992259493203,0.3996858572110919,0.0023218832957048966
2010-11-10,0.7295005634239199,0.2690913209981056,0.0014081155779747923
2010-11-11,0.785415328013638,0.2135321661350032,0.0010525058513590028
2010-11-12,0.46170016465952474,0.5345308344002385,0.0037690009402364995
2010-11-15,0.6257629733847269,0.37216124588963856,0.0020757807256347872
2010-11-16,0.07314292929401933,0.9161749060843059,0.010682164621674713
2010-11-17,0.17862847235904072,0.8152500233967327,0.006121504244226385
2010-11-18,0.04178237019109137,0.9468900891975909,0.01132754061131768
2010-11-19,0.12595620204969435,0.8673151714335583,0.006728626516747492
2010-11-22,0.243325741313853,0.7521714226345053,0.004502836051641434
2010-11-23,0.035278192898676876,0.9549190501883699,0.009802756912953618
2010-11-24,0.0130453346667135,0.9735743106142299,0.013380354719056138
2010-11-26,0.03169594180339258,0.9585571128328408,0.0097469453637668
2010-11-29,0.10247956163176962,0.8913019720710033,0.006218466297227141
2010-11-30,0.13130448027991395,0.8631784036495501,0.005517116070536029
2010-12-01,0.002207940874415231,0.975469392976177,0.022322666149407654
2010-12-02,0.011485166667164114,0.9692254988099088,0.019289334522926947
2010-12-03,0.07286417624981975,0.9170051076546215,0.010130716095558746
2010-12-06,0.16853585074719182,0.8254199424450789,0.006044206807729125
2010-12-07,0.3209233722218545,0.6752056230199392,0.003871004758206
2010-12-08,0.48834026880247544,0.5089907090908596,0.002669022106665089
2010-12-09,0.6474867642062679,0.35076025125651433,0.001752984537217419
2010-12-10,0.7376169318115069,0.2610491977220967,0.0013338704663967554
2010-12-13,0.8443471791691552,0.15494756519091793,0.0007052556399270108
2010-12-14,0.909077305687163,0.09055150937466903,0.00037118493816775224
2010-12-15,0.9103334874319878,0.08931467134257709,0.0003518412254354623
2010-12-16,0.9264177072422396,0.07329453816411569,0.0002877545936446392
2010-12-17,0.952484078988226,0.04735692992392739,0.00015899108784641708
2010-12-20,0.9649188889045827,0.03498192690601445,9.918418940278487e-05
2010-12-21,0.962880145496273,0.03702285631254914,9.699819117789396e-05
2010-12-22,0.9690834250448195,0.030841503908065837,7.507104711478421e-05
2010-12-23,0.9709222747405873,0.02901472906050817,6.29961989041565e-05
2010-12-27,0.974477967210516,0.025470403037812363,5.162975167119638e-05
2010-12-28,0.9762565161382133,0.023699043969044986,4.4439892741912214e-05
2010-12-29,0.9771642806947106,0.022795164960594055,4.0554344695406554e-05
2010-12-30,0.975457117992364,0.024500231153070276,4.265085456539356e-05
2010-12-31,0.9762001965764391,0.023757504936387387,4.229848717376714e-05
2011-01-03,0.924898625375089,0.0749074504063493,0.00019392421856146786
2011-01-04,0.947904295485396,0.05194091638245888,0.00015478813214562988
2011-01-05,0.9567119969181818,0.04315969561563307,0.00012830746618522183
2011-01-06,0.9629691571358056,0.03693297516189795,9.78677022966577e-05
2011-01-07,0.9671743702403119,0.0327468969804287,7.873277925883356e-05
2011-01-10,0.9704284951925823,0.029506155097998234,6.534970941908873e-05
2011-01-11,0.9724307167678853,0.027510710596223172,5.857263589145178e-05
2011-01-12,0.9497047898175374,0.05016960139786253,0.00012560878460018613
2011-01-13,0.9602742601671886,0.039621019708387606,0.00010472012442350316
2011-01-14,0.9523260026018708,0.04753839617224653,0.00013560122588285052
2011-01-18,0.9655145311658179,0.034393782479899465,9.168635428220275e-05
2011-01-19,0.8757234324133312,0.12387170876025214,0.00040485882641671606
2011-01-20,0.9205070126870035,0.07921239551113746,0.0002805918018595578
2011-01-21,0.9487823626306886,0.051046969646894216,0.00017066772241719068
2011-01-24,0.9536085026832832,0.04624585203406447,0.00014564528265194083
2011-01-25,0.9657537063268898,0.03415367220660733,9.262146650327193e-05
2011-01-26,0.9690184011233987,0.03090672818669869,7.48706899026622e-05
2011-01-27,0.9733776378125938,0.026564752303664313,5.760988374209242e-05
2011-01-28,0.30925373789755317,0.686895099320151,0.003851162782296001
2011-01-31,0.37074370536803025,0.625534898141671,0.0037213964902986377
2011-02-01,0.06270468446297016,0.9261003437215689,0.011194971815461134
2011-02-02,0.13851078644611486,0.8547215841799215,0.006767629373963526
2011-02-03,0.2773518799620569,0.7182967142314626,0.004351405806480455
2011-02-04,0.45040995588629196,0.5466883748081751,0.002901669305532889
2011-02-07,0.5596911792574666,0.4379360081158413,0.0023728126266921784
2011-02-08,0.7020458574076084,0.2964503770141967,0.0015037655781948672
2011-02-09,0.7929768696846381,0.20604874095496473,0.0009743893603971446
2011-02-10,0.8796995894364948,0.11978435749627216,0.000516053067233109
2011-02-11,0.9120793989627177,0.08755321498931327,0.0003673860479690051
2011-02-14,0.9444612522476089,0.05533759767216281,0.00020115008022856325
2011-02-15,0.951319718713257,0.04852779847590737,0.00015248281083602225
2011-02-16,0.9530219792977412,0.046833640056575775,0.00014438064568271083
2011-02-17,0.9645020912597349,0.03539979475176059,9.811398850518386e-05
2011-02-18,0.9713402132988835,0.028591837490591555,6.794921052486738e-05
2011-02-22,0.10026282057204097,0.892330541345767,0.007406638082191985
2011-02-23,0.12828537238755797,0.8656415073671307,0.006073120245311401
2011-02-24,0.2533644638307953,0.7424423684614065,0.00419316770779849
2011-02-25,0.20680362251560436,0.7876520976401592,0.005544279844236636
2011-02-28,0.32143649912142525,0.6744339353167362,0.004129565561838617
2011-03-01,0.02833746636792623,0.960209968581005,0.011452565051068953
2011-03-02,0.10459989836168256,0.8885878721122673,0.006812229526049898
2011-03-03,0.01272048770355008,0.9730104885794384,0.014269023717011317
2011-03-04,0.032031317777334714,0.9578391980096308,0.01012948421303439
2011-03-07,0.03860844848467144,0.9528104995579254,0.008581051957403277
2011-03-08,0.06346991043186809,0.928954761767723,0.007575327800408824
2011-03-09,0.15333238589204243,0.8414964480899022,0.005171166018055358
2011-03-10,0.0028955231365418556,0.9803014721664702,0.016803004696988005
2011-03-11,0.03931589561128819,0.9499700017263961,0.010714102662316018
2011-03-14,0.0682140773237295,0.9240360519760679,0.007749870700202789
2011-03-15,0.02980328563322375,0.9610975288068873,0.009099185559888803
2011-03-16,0.0005883758836829141,0.9766051112419607,0.022806512874356352
2011-03-17,0.009163505835651117,0.9702685158805744,0.020567978283774373
2011-03-18,0.06296499069494293,0.9259371649063102,0.011097844398746738
2011-03-21,0.018794946944329243,0.9665122258733926,0.014692827182278172
2011-03-22,0.06740729433745725,0.9239069460410537,0.008685759621488688
2011-03-23,0.16643733907411254,0.8279854933514427,0.005577167574444842
2011-03-24,0.1734573531414628,0.8206940792932154,0.0058485675653220945
2011-03-25,0.3193312337520402,0.6767445128996932,0.0039242533482665215
2011-03-28,0.45564730518658214,0.5415148781631336,0.0028378166502840015
2011-03-29,0.5376722695688073,0.4597678978706807,0.002559832560512134
2011-03-30,0.6260661950311258,0.37185674134897095,0.0020770636199031215
2011-03-31,0.7513799957087732,0.2474002088715993,0.0012197954196274717
2011-04-01,0.8329743604508372,0.1662314241572059,0.0007942153919570092
2011-04-04,0.901985129441108,0.09760342158801326,0.00041144897087808574
2011-04-05,0.938602061796689,0.061172867354228846,0.0002250708490818562
2011-04-06,0.9582948218839814,0.04157397870733816,0.000131199408680301
2011-04-07,0.965418567618983,0.03449037362879806,9.105875221822438e-05
2011-04-08,0.9609638847874143,0.0389409785059946,9.513670659122827e-05
2011-04-11,0.9632261750531697,0.036684289175080945,8.95357717496927e-05
2011-04-12,0.9241697269337448,0.07561467075294746,0.00021560231330775863
2011-04-13,0.9507671085502506,0.04908349346325926,0.00014939798649060655
2011-04-14,0.9641681943345324,0.03573393015162733,9.787551384039393e-05
2011-04-15,0.9687886100961826,0.031134863029324538,7.652687449262331e-05
2011-04-18,0.8519250699325088,0.14759349833825616,0.0004814317292346581
2011-04-19,0.8917304830753507,0.10784252117828912,0.0004269957463600337
2011-04-20,0.6921400814508814,0.30590585454728875,0.0019540640018300436
2011-04-21,0.7862579336747105,0.21256933394390254,0.0011727323813869898
2011-04-25,0.8648455089621415,0.1345263475359155,0.0006281435019431503
2011-04-26,0.8472726921230087,0.15194502715543465,0.0007822807215566877
2011-04-27,0.88257447834896,0.11686372469376706,0.0005617969572731785
2011-04-28,0.9255364604620606,0.07415638699417085,0.00030715254376847837
2011-04-29,0.9515297957041423,0.04830236903680252,0.00016783525905556966
2011-05-02,0.9611702190498566,0.03871818482229462,0.00011159612784939334
2011-05-03,0.9610729601061468,0.038826737495207,0.00010030239864602007
2011-05-04,0.9345349766317931,0.06528026363589567,0.00018475973231108352
2011-05-05,0.855671767236089,0.1437704304704803,0.0005578022934306686
2011-05-06,0.9089239078311402,0.09071649968756616,0.00035959248129336903
2011-05-09,0.9361454014658153,0.06361636622800125,0.00023823230618391492
2011-05-10,0.9270603768000288,0.07266003321857943,0.0002795899813914837
2011-05-11,0.754274849804111,0.2444891253935859,0.0012360248023034082
2011-05-12,0.83581001116272,0.16340341435406427,0.0007865744832156556
2011-05-13,0.7642084972526831,0.23455085539797102,0.001240647349346403
2011-05-16,0.7602056053028484,0.2385431637698701,0.0012512309272811944
2011-05-17,0.8566103017718456,0.14273712187793547,0.0006525763502189093
2011-05-18,0.8438187800974837,0.15538848955276066,0.0007927303497555901
2011-05-19,0.9080677606882148,0.09153488001950463,0.00039735929228069565
2011-05-20,0.8609676658616785,0.13840831740783227,0.0006240167304894335
2011-05-23,0.5687337879366366,0.42848319745034025,0.0027830146130230285
2011-05-24,0.7199640424432281,0.2785655524637548,0.0014704050930170781
2011-05-25,0.829279415914083,0.16991143644225865,0.000809147643658697
2011-05-26,0.892545757480852,0.10698323632348967,0.0004710061956581685
2011-05-27,0.9289280643476698,0.07079012248520332,0.00028181316712642544
2011-05-31,0.8760451610592433,0.12337724457458134,0.0005775943661754001
2011-06-01,0.009934318429198065,0.9685980285708354,0.021467652999966527
2011-06-02,0.06661926264235986,0.9224248162103805,0.010955921147259563
2011-06-03,0.04408436417273704,0.9459708522339672,0.009944783593295814
2011-06-06,0.02498191897984917,0.964928832243552,0.010089248776599
2011-06-07,0.0935323017360357,0.9001065230052739,0.00636117525869059
2011-06-08,0.15794665856015808,0.8370106779643243,0.005042663475517699
2011-06-09,0.21885420655898932,0.77640445515796,0.004741338283050682
2011-06-10,0.03494459599023481,0.9554211318714678,0.009634272138297071
2011-06-13,0.11588490426911714,0.8780747115427951,0.00604038418808805
2011-06-14,0.06273866465266764,0.9288867155925794,0.008374619754753291
2011-06-15,0.002613224738379848,0.980044293963566,0.017342481298054276
2011-06-16,0.057841248626702,0.9327950600819198,0.009363691291378148
2011-06-17,0.15028635457513714,0.8437925451028203,0.005921100322042334
2011-06-20,0.2549647358562132,0.7405236538458866,0.004511610297900157
2011-06-21,0.10941352900327138,0.8826142538357457,0.007972217160982894
2011-06-22,0.12972448432033,0.8638272978268207,0.006448217852849511
2011-06-23,0.22914824586049046,0.7662647579538769,0.00458699618563237
2011-06-24,0.0772841850995743,0.915161779806031,0.00755403509439464
2011-06-27,0.0959477294373581,0.896989157548395,0.007063113014246835
2011-06-28,0.04882481326580511,0.9418183529508037,0.009356833783391149
2011-06-29,0.08150749157906173,0.9108936989855848,0.00759880943535358
2011-06-30,0.0837279091803546,0.9086633869392754,0.007608703880370089
2011-07-01,0.02831334342401646,0.9605001983565544,0.011186458219429346
2011-07-05,0.09716757282347074,0.8960407333466449,0.006791693829884385
2011-07-06,0.21837697382370436,0.7770707372261011,0.0045522889501947465
2011-07-07,0.18251425846824693,0.8117040716378093,0.00578166989394391
2011-07-08,0.18382127621730474,0.8107476104528415,0.005431113329853521
2011-07-11,0.005117523310897711,0.9789751814683967,0.01590729522070574
2011-07-12,0.04291804306212604,0.9475171740532132,0.009564782884660684
2011-07-13,0.12543373032850108,0.8684428926967944,0.006123376974704384
2011-07-14,0.13896617961454602,0.8553860454603467,0.005647774925107502
2011-07-15,0.23730205025053988,0.7581915279999744,0.00450642174948565
2011-07-18,0.19059488386683054,0.8041838165923082,0.005221299540861396
2011-07-19,0.03215774091865283,0.9561649478172828,0.011677311264064266
2011-07-20,0.10700705786642517,0.8861110816533663,0.006881860480208773
2011-07-21,0.04521911966985876,0.9449888854133356,0.00979199491680529
2011-07-22,0.13389066975950142,0.8600929286748017,0.0060164015656967995
2011-07-25,0.17308386417375032,0.821750321700417,0.005165814125832748
2011-07-26,0.25547016603761885,0.7403404240748903,0.004189409887490691
2011-07-27,0.0024457188449251033,0.9782387713540895,0.019315509800985335
2011-07-28,0.04552051274970887,0.9438558616309021,0.010623625619389072
2011-07-29,0.06952886577799154,0.922612329891606,0.007858804330402161
2011-08-01,0.1287880467978875,0.865459569005663,0.005752384196449769
2011-08-02,4.98259557894483e-05,0.9552440809688866,0.04470609307532425
2011-08-03,0.044507094927469654,0.933680547251752,0.02181235782077814
2011-08-04,9.531819357355423e-16,0.04623776560045061,0.9537622343995483
2011-08-05,0.005276526144960039,0.1785035928721153,0.8162198809829246
2011-08-08,8.339582684879849e-33,3.674494461755699e-07,0.9999996325505538
2011-08-09,1.763079565727313e-22,8.279579636951511e-05,0.9999172042036305
2011-08-10,1.9252961141320051e-19,0.00017711958529145012,0.9998228804147085
2011-08-11,4.1268553128761227e-19,0.00011598795621025814,0.9998840120437897
2011-08-12,1.1241531707804169e-05,0.0850217205676418,0.9149670379006506
2011-08-15,1.5521048282392742e-05,0.06995232867187774,0.9300321502798395
2011-08-16,0.0014258624597781972,0.1704822045598286,0.8280919329803934
2011-08-17,0.022747773720450937,0.36831355903836843,0.6089386672411807
2011-08-18,2.4481076769029825e-15,0.0024563511530086646,0.9975436488469888
2011-08-19,5.914955463722252e-06,0.047585761457012175,0.9524083235875241
2011-08-22,0.005617524465751878,0.18125916190313449,0.8131233136311135
2011-08-23,2.4045523257778722e-09,0.015879759238123743,0.9841202383573239
2011-08-24,0.00021785454075903,0.07646559678621345,0.9233165486730273
2011-08-25,0.00015312110609272102,0.11899661363428514,0.880850265259622
2011-08-26,0.0007562156871669445,0.1764014877677394,0.8228422965450938
2011-08-29,3.369307885842334e-07,0.04882311695072124,0.9511765461184902
2011-08-30,0.005657874179751795,0.18154429618307233,0.812797829637176
2011-08-31,0.031818473188931995,0.36549202457918323,0.6026895022318848
2011-09-01,0.013030589882017675,0.48980443573521437,0.4971649743827678
2011-09-02,4.31988962912836e-06,0.23454113084259967,0.7654545492677711
2011-09-06,0.008075530123678017,0.40910327748945674,0.5828211923868649
2011-09-07,1.1066948128841446e-06,0.12239259178654793,0.8776063015186392
2011-09-08,0.0017905596791352471,0.23126183511302761,0.7669476052078371
2011-09-09,3.158552195320592e-07,0.07470957500468782,0.9252901091400928
2011-09-12,0.005172332422037343,0.20483087524962112,0.7899967923283414
2011-09-13,0.015848105405001856,0.3594214702868554,0.6247304243081431
2011-09-14,0.01013434369908189,0.46002467229443056,0.5298409840064874
2011-09-15,0.0020321615390171063,0.4713036979108005,0.5266641405501824
2011-09-16,0.03220312972954195,0.6540499768543616,0.31374689341609635
2011-09-19,0.026485595917605253,0.7668855624211016,0.2066288416612933
2011-09-20,0.0931818642908121,0.8151278935288538,0.09169024218033378
2011-09-21,1.5280043650244696e-06,0.5504553812706858,0.44954309072494913
2011-09-22,7.3573643378806555e-09,0.09989782851949695,0.9001021641231386
2011-09-23,0.007763317562139001,0.2491617335297552,0.743074948908106
2011-09-26,3.894826140376815e-05,0.144928872783878,0.8550321789547183
2011-09-27,0.00412705535437992,0.2669526053516854,0.7289203392939345
2011-09-28,4.13739708355237e-05,0.1950244965031939,0.8049341295259707
2011-09-29,0.009888745308359058,0.36037206283225376,0.6297391918593875
2011-09-30,3.5935470834207558e-06,0.1618099547268473,0.8381864517260693
2011-10-03,3.473489704343695e-08,0.03881822931066084,0.961181735954442
2011-10-04,4.377293498100076e-06,0.039745375237223685,0.9602502474692783
2011-10-05,6.756892115118494e-05,0.07012367099095684,0.929808760087892
2011-10-06,9.83363275137897e-05,0.09210425466998429,0.9077974090025019
2011-10-07,0.0030488838862837995,0.21639167949143417,0.7805594366222822
2011-10-10,2.491570470952695e-09,0.019735267086507868,0.9802647304219217
2011-10-11,0.0024194863757741737,0.1298259598216277,0.8677545538025981
2011-10-12,0.007888230743748946,0.2578153732868303,0.7342963959694209
2011-10-13,0.039931554851688755,0.46226355755745413,0.4978048875908572
2011-10-14,0.0044379501100979485,0.4811982861972889,0.5143637636926129
2011-10-17,0.0001571477361989808,0.40744811218118054,0.5923947400826204
2011-10-18,0.0001947498102747422,0.32865553060695596,0.6711497195827691
2011-10-19,0.0021255357697422443,0.43008711214870665,0.567787352081551
2011-10-20,0.0348017822926299,0.6258598959314571,0.3393383217759131
2011-10-21,0.002297768159373623,0.6042500583147764,0.39345217352585027
2011-10-24,0.00829252409782289,0.6928443189080085,0.29886315699416854
2011-10-25,0.0001805452737687048,0.6014755166507885,0.39834393807544277
2011-10-26,0.013934148880078734,0.7198228905193732,0.2662429606005479
2011-10-27,1.9886022049053052e-08,0.1415540111454941,0.8584459689684839
2011-10-28,0.014890078363177597,0.3305518325437143,0.6545580890931082
2011-10-31,5.13419308401988e-06,0.15161290497657248,0.8483819608303437
2011-11-01,5.100188379782101e-08,0.03994543785162786,0.9600545111464882
2011-11-02,0.00015904679270648206,0.0836003944136354,0.9162405587936583
2011-11-03,9.420194804025347e-05,0.09829246487269316,0.9016133331792665
2011-11-04,0.0051155015759066875,0.24107847899565588,0.7538060194284375
2011-11-07,0.028055865163921254,0.42887019305183866,0.54307394178424
2011-11-08,0.026435738135594126,0.5577132793576903,0.4158509825067155
2011-11-09,1.1986461802678197e-10,0.04003164762811603,0.9599683522520194
2011-11-10,0.002053794385644789,0.13956130485756132,0.8583849007567935
2011-11-11,0.00015679832605733232,0.13369812277818838,0.8661450788957541
2011-11-14,0.002872347084250354,0.2587400462601865,0.7383876066555635
2011-11-15,0.028146610970540362,0.4602955121168068,0.5115578769126532
2011-11-16,0.001640951039393832,0.4775342481565001,0.5208248008041061
2011-11-17,0.0005262650513864778,0.4771927936565038,0.52228094129211
2011-11-18,0.036789583765986344,0.673789555976344,0.2894208602576698
2011-11-21,0.0008175614561346319,0.6435740004167403,0.3556084381271251
2011-11-22,0.03171418029434494,0.7826125522384566,0.18567326746719873
2011-11-23,0.00011336116749114319,0.6700835384295363,0.3298031004029726
2011-11-25,0.036908997131750096,0.7993283767243688,0.16376262614388082
2011-11-28,4.411465742175556e-06,0.4464340577177643,0.5535615308164936
2011-11-29,0.034635645955196984,0.6486698087519115,0.31669454529289137
2011-11-30,7.770901538427304e-13,0.013465151843106753,0.9865348481561163
2011-12-01,0.0014599575433356623,0.11609658515578736,0.882443457300877
2011-12-02,0.01795200322171987,0.2918693715891108,0.6901786251891692
2011-12-05,0.027184280097937122,0.4408388395535147,0.5319768803485483
2011-12-06,0.10682671646537793,0.6073120897775831,0.28586119375703867
2011-12-07,0.25587664371910207,0.6245182365838179,0.11960511969708018
2011-12-08,0.00137296637086024,0.7411799893910469,0.2574470442380928
2011-12-09,0.0022018306738675135,0.7437740446809578,0.25402412464517465
2011-12-12,0.0019093547921604163,0.7711466039126922,0.2269440412951478
2011-12-13,0.01538651529294553,0.8509630786654104,0.13365040604164383
2011-12-14,0.011857503842215926,0.8962597288859285,0.09188276727185535
2011-12-15,0.0709674710619019,0.8886022447922547,0.04043028414584323
2011-12-16,0.1715956124129609,0.8107452346802824,0.017659152906756414
2011-12-19,0.05719457936634701,0.9257239313092912,0.017081489324362084
2011-12-20,6.885177245515508e-06,0.8572736435835621,0.1427194712391922
2011-12-21,0.04971374367838576,0.8876125521711532,0.06267370415046115
2011-12-22,0.083199153386224,0.8829200000163604,0.03388084659741552
2011-12-23,0.10461418615861481,0.8749559404351783,0.02042987340620719
2011-12-27,0.2279425701798127,0.7627242450420418,0.009333184778145619
2011-12-28,0.06106306636454702,0.9268599150567661,0.012077018578687013
2011-12-29,0.05988472631294314,0.929531247320658,0.010584026366398793
2011-12-30,0.11436332492597183,0.878672869763315,0.006963805310713207
2012-01-03,0.02609594368117665,0.961903200895716,0.012000855423107307
2012-01-04,0.09950383626926693,0.8934823276576328,0.007013836073100421
2012-01-05,0.21616285211617864,0.7790921028369293,0.004745045046891947
2012-01-06,0.3437696840705623,0.6527285548944048,0.0035017610350327423
2012-01-09,0.5276582702174346,0.47000983745576963,0.002331892326795794
2012-01-10,0.5306562519429509,0.4665871108524229,0.002756637204625999
2012-01-11,0.6985505163880787,0.29993568096735856,0.0015138026445626986
2012-01-12,0.8197678768632444,0.17940019971317944,0.00083192342357614
2012-01-13,0.8419504836046612,0.15732617805068708,0.0007233383446516701
2012-01-17,0.9023138266173284,0.09727189390313665,0.0004142794795349936
2012-01-18,0.8264191826813521,0.17265726409576782,0.0009235532228801056
2012-01-19,0.8830906238970679,0.11635593471143002,0.000553441391502042
2012-01-20,0.9298819987018524,0.0698395191736069,0.00027848212454050804
2012-01-23,0.9540013808651573,0.04584584937499436,0.00015276975984859897
2012-01-24,0.964194845450718,0.03570626798041561,9.888656886615147e-05
2012-01-25,0.9450741310667025,0.05476397177590278,0.0001618971573950319
2012-01-26,0.9323579989473977,0.0674284805294702,0.00021352052313233815
2012-01-27,0.9511134440833138,0.048736081225642484,0.00015047469104387885
2012-01-30,0.9584463240169742,0.04143696169602594,0.0001167142870001629
2012-01-31,0.9674046820922891,0.032513234194375476,8.208371333527704e-05
2012-02-01,0.9459367195391146,0.053912173150992476,0.00015110730989297038
2012-02-02,0.9623438323239124,0.03755253527788904,0.00010363239819843156
2012-02-03,0.7853573666615485,0.2136533781991728,0.00098925513927864
2012-02-06,0.8717087057514518,0.12774284874143507,0.0005484455071131499
2012-02-07,0.9235751827991993,0.07612613456633008,0.00029868263447054857
2012-02-08,0.9506759314517741,0.04915585752618629,0.00016821102203960414
2012-02-09,0.9646931265117025,0.035206308468843324,0.00010056501945386157
2012-02-10,0.937882047184403,0.061944259166100774,0.0001736936494958721
2012-02-13,0.9403386324170956,0.0594660925487264,0.0001952750341782172
2012-02-14,0.957198253126861,0.04267393796054027,0.00012780891259832304
2012-02-15,0.9460018780987125,0.05384302287051378,0.00015509903077367073
2012-02-16,0.8876793522028368,0.11187282140451629,0.0004478263926473023
2012-02-17,0.9316400867065693,0.06810454872543799,0.0002553645679927111
2012-02-21,0.9550647838371613,0.04479014820272271,0.00014506796011609099
2012-02-22,0.9574293245042382,0.0424507518464706,0.00011992364929085927
2012-02-23,0.9643874354078205,0.03551758796238358,9.497662979589e-05
2012-02-24,0.9713763487534922,0.028556541250778507,6.710999572920217e-05
2012-02-27,0.9748247025377489,0.02512358224460279,5.1715217648317556e-05
2012-02-28,0.9752178829501761,0.024734542621608607,4.757442821514358e-05
2012-02-29,0.9641516870236314,0.03577739874210951,7.091423425917123e-05
2012-03-01,0.9618293241813007,0.03807842164587029,9.225417282916336e-05
2012-03-02,0.9620331817896752,0.03787449261164596,9.232559867888737e-05
2012-03-05,0.9593688997856806,0.040530801658085314,0.00010029855623403186
2012-03-06,0.5085594193060627,0.48884445644089364,0.0025961242530436004
2012-03-07,0.5926453340271353,0.4051119642438254,0.0022427017290392406
2012-03-08,0.5467963000914705,0.450283025025428,0.002920674883101676
2012-03-09,0.6993463123050622,0.29902315762372467,0.0016305300712134013
2012-03-12,0.820231725158628,0.17892133517893655,0.0008469396624350501
2012-03-13,0.2042149029841453,0.7865887570819156,0.009196339933939254
2012-03-14,0.35306612233307827,0.642089179851083,0.004844697815838602
2012-03-15,0.4723808207051212,0.5242679194438828,0.0033512598509958472
2012-03-16,0.6524586116928255,0.34571658859355436,0.0018247997136200769
2012-03-19,0.775685632317513,0.22321634233372406,0.0010980253487629776
2012-03-20,0.8423743504657119,0.15690810594700955,0.0007175435872785274
2012-03-21,0.8975225536755764,0.10205147327053994,0.00042597305388324667
2012-03-22,0.861621490497575,0.13776775473810204,0.0006107547643230507
2012-03-23,0.9154427135718853,0.08421342440367934,0.00034386202443538325
2012-03-26,0.7146879068114641,0.28351543384880284,0.001796659339733192
2012-03-27,0.8018049431332622,0.19716674261504655,0.001028314251691529
2012-03-28,0.8275914028120498,0.17157106743692674,0.0008375297510235627
2012-03-29,0.8903723683384415,0.10915582776407123,0.00047180389748715927
2012-03-30,0.9293288140954881,0.0703943259984238,0.00027685990608827013
2012-04-02,0.9277657925831196,0.07195237256660089,0.0002818348502795748
2012-04-03,0.9355976438198764,0.06417505992774072,0.00022729625238267865
2012-04-04,0.8158995913163324,0.18328360943211594,0.000816799251551542
2012-04-05,0.8889796344609309,0.11056027308045346,0.00046009245861546315
2012-04-09,0.6627644682418022,0.33528876450909195,0.0019467672491056717
2012-04-10,0.058731275652606364,0.92921494036165,0.012053783985743985
2012-04-11,0.10398071176483284,0.8876226122152506,0.008396676019916408
2012-04-12,0.04119860274353091,0.9476235495814477,0.011177847675021509
2012-04-13,0.014015342257006028,0.9735191999098516,0.012465457833142304
2012-04-16,0.07632580402275047,0.9163405509136707,0.007333645063579175
2012-04-17,0.018410344655906654,0.9694028021335748,0.012186853210518347
2012-04-18,0.06304460862443034,0.9291579055377296,0.007797485837840348
2012-04-19,0.0938844658649309,0.8998035468407892,0.00631198729428001
2012-04-20,0.21336306945662023,0.7822297559034225,0.004407174639957441
2012-04-23,0.1630022906368629,0.8316423183279001,0.0053553910352368925
2012-04-24,0.2993696796369563,0.6967475455426215,0.0038827748204219095
2012-04-25,0.12362207705254168,0.868719794856055,0.007658128091403477
2012-04-26,0.19540050495968994,0.7988324768056302,0.005767018234679887
2012-04-27,0.35455179290733174,0.6417488239787918,0.003699383113876538
2012-04-30,0.4605447044208731,0.5365810092472973,0.0028742863318294808
2012-05-01,0.585637858848652,0.4121681834730424,0.002193957678305606
2012-05-02,0.7087203458001292,0.289857011363436,0.0014226428364349938
2012-05-03,0.6443426448567388,0.35369879135986027,0.0019585637834012154
2012-05-04,0.08027628856135009,0.9092555621641062,0.010468149274543665
2012-05-07,0.19053866040524955,0.8034775081095709,0.00598383148517979
2012-05-08,0.2712064244423134,0.7243130127356273,0.004480562822059473
2012-05-09,0.2736189064959456,0.7219384117504657,0.004442681753588461
2012-05-10,0.4493684085135459,0.5477186136733971,0.0029129778130569427
2012-05-11,0.5684463067688665,0.4293767469397777,0.0021769462913556062
2012-05-14,0.29093158119308365,0.7040389931099845,0.005029425696931987
2012-05-15,0.3298064243167814,0.6659714841411074,0.004222091542111271
2012-05-16,0.41815835640280075,0.5785480295735825,0.0032936140236171684
2012-05-17,0.054195826772594026,0.9357948800997256,0.010009293127680702
2012-05-18,0.0652345935071434,0.9267762938885236,0.007989112604332849
2012-05-21,0.013421677190512153,0.9731216111115919,0.013456711697895692
2012-05-22,0.07745518991786421,0.9148584576645662,0.007686352417569941
2012-05-23,0.18708631809079213,0.8078859200987113,0.005027761810496367
2012-05-24,0.34723953126622303,0.6493171268904268,0.003443341843350484
2012-05-25,0.49822268754217697,0.49929306192291917,0.002484250534903652
2012-05-29,0.38676734798848006,0.6090944955881087,0.0041381564234111295
2012-05-30,0.06293516868750788,0.9269774566305325,0.010087374681959402
2012-05-31,0.1438227887123761,0.8499268166583602,0.006250394629263637
2012-06-01,0.00010098716196297754,0.9592125637850415,0.04068644905299541
2012-06-04,0.0519585883986856,0.9294480094471397,0.01859340215417465
2012-06-05,0.11767200060003333,0.8718992048708679,0.010428794529098825
2012-06-06,0.0009356895895823437,0.9608298963736701,0.03823441403674749
2012-06-07,0.05323646954403979,0.9291562180798866,0.017607312376073644
2012-06-08,0.08855544306003503,0.9000063466161943,0.011438210323770742
2012-06-11,0.023419458601860503,0.9635007937775384,0.01307974762060084
2012-06-12,0.027247683030240184,0.9607394844545472,0.012012832515212511
2012-06-13,0.046868247250119656,0.9443037389535416,0.00882801379633861
2012-06-14,0.04890001975151814,0.9422901441004834,0.008809836147998632
2012-06-15,0.055762647187103956,0.9357581905839815,0.008479162228914832
2012-06-18,0.15181801889980645,0.8427181742326997,0.005463806867493938
2012-06-19,0.1475492269283765,0.8463593547860596,0.006091418285563697
2012-06-20,0.2715125454752367,0.7243148951558016,0.004172559368961708
2012-06-21,0.0008886760771438273,0.9737255600615146,0.02538576386134151
2012-06-22,0.036123729142201993,0.9491306070240718,0.014745663833726247
2012-06-25,0.003445663825036527,0.9758052074668603,0.02074912870810333
2012-06-26,0.05151035561472779,0.9370891304552003,0.011400513930071873
2012-06-27,0.07499777686072376,0.9160168420432386,0.008985381096037692
2012-06-28,0.1634912187342292,0.8307860579612709,0.005722723304499975
2012-06-29,0.00045396370080806305,0.9624587706144947,0.03708726568469731
2012-07-02,0.05262052083782597,0.9299919806730351,0.01738749848913887
2012-07-03,0.1125635623672558,0.8772702574559491,0.010166180176795225
2012-07-05,0.17136171197726946,0.8219809014444344,0.006657386578296292
2012-07-06,0.10579679919094696,0.8869245641637323,0.007278636645321045
2012-07-09,0.21390353054349812,0.7812690296905432,0.004827439765958817
2012-07-10,0.1726724219854801,0.8218892341009438,0.005438343913575979
2012-07-11,0.3235867927575753,0.6727477756118827,0.0036654316305420884
2012-07-12,0.3910680386297279,0.6056548801243137,0.003277081245958638
2012-07-13,0.07249845250992462,0.917109539451436,0.010392008038639163
2012-07-16,0.15751880989381514,0.8361739124738913,0.006307277632293518
2012-07-17,0.21763710175665466,0.7770503238836576,0.005312574359687553
2012-07-18,0.3051325667135715,0.6905261386571097,0.004341294629318892
2012-07-19,0.48311414394234625,0.5141196751118329,0.002766180945821147
2012-07-20,0.287100578054064,0.7080339470055254,0.004865474940410678
2012-07-23,0.1984063954279937,0.7958142859018698,0.005779318670136377
2012-07-24,0.13311049483535284,0.8603884784867506,0.006501026677896489
2012-07-25,0.26647201106999097,0.7292678779495039,0.00426011098050522
2012-07-26,0.04319512218452334,0.9455885667844814,0.011216311030995293
2012-07-27,0.0029603243202403883,0.9742267077139865,0.022812967965773208
2012-07-30,0.05651530550396575,0.932000537229176,0.011484157266858235
2012-07-31,0.10978539376659001,0.8828526325424841,0.007361973690925639
2012-08-01,0.20141503938729818,0.7935341499174309,0.005050810695270571
2012-08-02,0.1830494304192287,0.8116747510852428,0.00527581849552843
2012-08-03,0.010388941142995068,0.9734938554989303,0.0161172033580747
2012-08-06,0.07146677503283058,0.919675676291611,0.008857548675558855
2012-08-07,0.15267233363792185,0.8412768832116331,0.006050783150445074
2012-08-08,0.2993548987077146,0.6966848482975619,0.003960252994723619
2012-08-09,0.48101067566120476,0.5163853334647146,0.0026039908740807735
2012-08-10,0.6573798442175284,0.3409902028042598,0.0016299529782115715
2012-08-13,0.7814274623176302,0.2175818109956447,0.0009907266867255331
2012-08-14,0.8705897414292483,0.12886032129916467,0.000549937271587361
2012-08-15,0.9234667087380392,0.07623654617608451,0.00029674508587651223
2012-08-16,0.9273902824454667,0.07232688289841797,0.0002828346561152614
2012-08-17,0.9528690716540505,0.04697291827879211,0.000158010067156852
2012-08-20,0.9651197858116476,0.03478330046841754,9.691371993553611e-05
2012-08-21,0.9630573646668403,0.03685210162674563,9.053370641418078e-05
2012-08-22,0.9704077145560847,0.029523853041382105,6.843240253346953e-05
2012-08-23,0.9285651908972973,0.0712493204097804,0.00018548869292209143
2012-08-24,0.9365277597833545,0.06326384686546603,0.00020839335117936388
2012-08-27,0.9561131976305941,0.043753672170527655,0.00013313019887755342
2012-08-28,0.965683543678772,0.034226042810874366,9.04135103532951e-05
2012-08-29,0.9720076945898891,0.027928209465893986,6.40959442169695e-05
2012-08-30,0.9344239069365603,0.06541286126210738,0.0001632318013326007
2012-08-31,0.9485231585677706,0.051321146423700746,0.0001556950085288082
2012-09-04,0.961014763654813,0.038876522404644495,0.00010871394054226831
2012-09-05,0.9677704209423434,0.032150191053798585,7.938800385753077e-05
2012-09-06,0.2801474671604787,0.7141409516353282,0.005711581204193217
2012-09-07,0.4381448131215992,0.558366061324391,0.0034891255540097166
2012-09-10,0.4557841265208233,0.5409818801885645,0.003233993290612367
2012-09-11,0.6278978993711211,0.3701623580898469,0.0019397425390319059
2012-09-12,0.7724628041345948,0.22645749410916258,0.0010797017562419822
2012-09-13,0.2869393002434551,0.7060840311482259,0.006976668608318786
2012-09-14,0.447522119683472,0.5486245869467489,0.0038532933697790453
2012-09-17,0.5740776603353728,0.4234888953214957,0.0024334443431313145
2012-09-18,0.7188590798531755,0.279742459746319,0.0013984604005052841
2012-09-19,0.8349077248954072,0.16434530237592332,0.0007469727286702464
2012-09-20,0.9004378069725141,0.09915218455272311,0.0004100084747628188
2012-09-21,0.9379859533989088,0.06178771897662099,0.00022632762446998447
2012-09-24,0.9519829443180713,0.04786426239973105,0.00015279328219815658
2012-09-25,0.8352152821046273,0.16412583823601096,0.0006588796593619542
2012-09-26,0.8376137362330205,0.16167088197204285,0.0007153817949369844
2012-09-27,0.8009329447900261,0.19800228395150624,0.0010647712584678413
2012-09-28,0.8364444514598279,0.16276194562756807,0.0007936029126043109
2012-10-01,0.9027575355830151,0.0968248672609023,0.000417597156082845
2012-10-02,0.9403576960759605,0.059422090733892236,0.00022021319014690834
2012-10-03,0.9568342621757601,0.043027514232920346,0.00013822359131967685
2012-10-04,0.9512185414059929,0.04863120779507442,0.0001502507989327245
2012-10-05,0.9639195878551988,0.035981593363471946,9.881878132921262e-05
2012-10-08,0.962470040692276,0.037437174113301185,9.278519442302843e-05
2012-10-09,0.8767114201111412,0.1228869924691061,0.00040158741975269356
2012-10-10,0.8645918066969536,0.13486610209055064,0.0005420912124956567
2012-10-11,0.9192091747852834,0.0804829522064412,0.00030787300827580497
2012-10-12,0.9371348104527438,0.0626446367095752,0.00022055283768093734
2012-10-15,0.9278358526721306,0.07189447768605024,0.00026966964181920374
2012-10-16,0.8824586225148247,0.11701418970079942,0.0005271877843762224
2012-10-17,0.9229647572435852,0.07672170175974513,0.0003135409966704167
2012-10-18,0.9423050359818352,0.0574920355742727,0.00020292844389237843
2012-10-19,0.3261259951288713,0.668826323575593,0.005047681295535648
2012-10-22,0.5104197120867995,0.48676484161547745,0.0028154462977228664
2012-10-23,0.09394403285425486,0.8970127836209087,0.0090431835248363
2012-10-24,0.17714286532710205,0.8170346335572433,0.0058225011156545345
2012-10-25,0.3258666226261069,0.6702585381604017,0.003874839213491635
2012-10-26,0.4998162685520189,0.4976491755289237,0.0025345559190572426
2012-10-31,0.6723339484384607,0.3261202371528072,0.0015458144087322793
2012-11-01,0.565376395921299,0.43184765446062706,0.0027759496180742972
2012-11-02,0.39881443622925034,0.5969604290628037,0.004225134707946254
2012-11-05,0.583287901392775,0.4143785994094999,0.002333499197725023
2012-11-06,0.6267218768763355,0.3710958958493909,0.002182227274273223
2012-11-07,0.0015441679021199232,0.9678204732403232,0.030635358857556715
2012-11-08,0.006231664401753819,0.9687015592963112,0.02506677630193477
2012-11-09,0.06445958312118698,0.923195078129549,0.012345338749264263
2012-11-12,0.16430828606329562,0.8288899337540173,0.006801780182686835
2012-11-13,0.24821654949498131,0.7469539160822236,0.004829534422794992
2012-11-14,0.0422510771124798,0.9480499786421706,0.009698944245349261
2012-11-15,0.11811667163072184,0.8757375164997785,0.00614581186949947
2012-11-16,0.22187233767060852,0.7734896778488192,0.004637984480571943
2012-11-19,0.008925844315301412,0.9739402207003433,0.017133934984355264
2012-11-20,0.06942590032062497,0.9214210292453301,0.00915307043404474
2012-11-21,0.17250686890658884,0.8218258932691163,0.005667237824294724
2012-11-23,0.08122816804162647,0.9102937222244855,0.008478109733887875
2012-11-26,0.1735602679430856,0.8209606033835851,0.005479128673329226
2012-11-27,0.2261086734887864,0.7692460554298318,0.0046452710813816665
2012-11-28,0.2782853884581612,0.7172420933186647,0.004472518223174106
2012-11-29,0.4319809818228661,0.5648908343278802,0.0031281838492539715
2012-11-30,0.6130266106019591,0.3850694500891932,0.0019039393088474844
2012-12-03,0.6740490418716204,0.32432472746633906,0.001626230662040688
2012-12-04,0.7881242564862272,0.2108943189380116,0.0009814245757608956
2012-12-05,0.8770528386741397,0.12241954223187783,0.0005276190939822894
2012-12-06,0.9233655500042882,0.07633086170177142,0.0003035882939398491
2012-12-07,0.9494294674562961,0.05039523064421847,0.00017530189948519818
2012-12-10,0.9637327976838057,0.03616290763720531,0.00010429467898872218
2012-12-11,0.9597164864864929,0.04017413341353139,0.00010938009997579106
2012-12-12,0.9689085271163134,0.031014985437945734,7.64874457404219e-05
2012-12-13,0.9478919134193343,0.05197888079275808,0.0001292057879075158
2012-12-14,0.9483199860860196,0.051535344287349405,0.00014466962663093648
2012-12-17,0.8684556684135448,0.13099932222582475,0.0005450093606300132
2012-12-18,0.765927911368337,0.23273504399273753,0.0013370446389254676
2012-12-19,0.7077214798769882,0.29059354946196075,0.0016849706610510347
2012-12-20,0.7941518574298572,0.20476564332373084,0.0010824992464116745
2012-12-21,0.6467250996887609,0.351132481314305,0.0021424189969340133
2012-12-24,0.7575769918029741,0.24117713952132033,0.0012458686757057316
2012-12-26,0.7951356349778174,0.20385787883778672,0.0010064861843957387
2012-12-27,0.8731609769001706,0.1262818486905801,0.0005571744092493562
2012-12-28,0.6554042030930741,0.34256097610243746,0.00203482080448856
2012-12-31,0.1558331785190917,0.8341387700310984,0.010028051449810074
2013-01-02,0.0003207239681177706,0.9456193505041659,0.054059925527716116
2013-01-03,0.04635791277098084,0.9290524878204774,0.02458959940854176
2013-01-04,0.11851751308784661,0.8689374484923023,0.012545038419850812
2013-01-07,0.20954928367567155,0.7834317714715645,0.0070189448527638474
2013-01-08,0.32015409768574843,0.6753537502411395,0.004492152073111844
2013-01-09,0.4999939151509317,0.49726101721266835,0.0027450676363997596
2013-01-10,0.559605792068541,0.4378490994864152,0.0025451084450438003
2013-01-11,0.7193670651360653,0.2792380972008076,0.0013948376631274914
2013-01-14,0.8269406188691403,0.17227454867683864,0.0007848324540212315
2013-01-15,0.8994802665879355,0.10010307283652974,0.00041666057553460404
2013-01-16,0.9379484554711575,0.0618241992015164,0.0002273453273263353
2013-01-17,0.9478543462633855,0.0519676077009675,0.00017804603564679824
2013-01-18,0.9612633899197738,0.038621245453987436,0.00011536462623876247
2013-01-22,0.9660876090569401,0.033823315426085396,8.907551697446857e-05
2013-01-23,0.9722419428730505,0.0276946411348377,6.3415992111647e-05
2013-01-24,0.9747742376179886,0.02517516583826898,5.059654374275552e-05
2013-01-25,0.9709671883367772,0.02897422699557651,5.8584667646028666e-05
2013-01-28,0.971508606294841,0.02843388928356915,5.7504421590188104e-05
2013-01-29,0.970022946833832,0.029913518642054802,6.35345241134196e-05
2013-01-30,0.9645022812928604,0.03542103095531779,7.668775182182701e-05
2013-01-31,0.9660512321668333,0.0338718971199182,7.687071324862482e-05
2013-02-01,0.9311099543915176,0.0686861481214117,0.00020389748707062515
2013-02-04,0.7379563295557996,0.2608124151664072,0.0012312552777932859
2013-02-05,0.66306547735588,0.3348928622729513,0.002041660371168883
2013-02-06,0.7973885876991521,0.20159884063042374,0.0010125716704238608
2013-02-07,0.8700882969379778,0.12933362179429048,0.0005780812677316549
2013-02-08,0.9045237547594112,0.09506429637908584,0.00041194886150321445
2013-02-11,0.9389648471331994,0.060809804341992096,0.00022534852480865226
2013-02-12,0.9588400535196379,0.041031114590154565,0.00012883189020791437
2013-02-13,0.9685602636320569,0.031358368382827115,8.136798511631371e-05
2013-02-14,0.9733604723082658,0.02658109504445179,5.8432647282446025e-05
2013-02-15,0.974190403687083,0.025759049454005815,5.054685891071929e-05
2013-02-19,0.9629840246567619,0.03693512984623659,8.084549700178173e-05
2013-02-20,0.7688921373136952,0.23023551618828858,0.0008723464980162378
2013-02-21,0.7611325936595148,0.237771816361977,0.0010955899785081928
2013-02-22,0.7556273110381523,0.24305287359765565,0.0013198153641921305
2013-02-25,0.05086195037590378,0.9359085454164063,0.013229504207690063
2013-02-26,0.11158034893045815,0.8800784221897198,0.008341228879822067
2013-02-27,0.058913284174075944,0.931012876642316,0.010073839183607783
2013-02-28,0.14996503866809394,0.8439550787728907,0.0060798825590156185
2013-03-01,0.29369297604923567,0.7022614637520965,0.004045560198667938
2013-03-04,0.44255965105451056,0.554456861721871,0.0029834872236184726
2013-03-05,0.4170353523883425,0.5792524331892308,0.0037122144224268562
2013-03-06,0.6027674876810115,0.3951356556529772,0.002096856666011479
2013-03-07,0.7552050407857855,0.24362572486728565,0.0011692343469287651
2013-03-08,0.8411618069499737,0.15810231619278692,0.0007358768572390748
2013-03-11,0.9032660478326839,0.09632385684404549,0.00041009532327089873
2013-03-12,0.9308044998096648,0.06893564152536699,0.0002598586649681805
2013-03-13,0.9547964108620633,0.04505652948326843,0.00014705965466779865
2013-03-14,0.9584067951058495,0.04147001166368729,0.0001231932304633132
2013-03-15,0.9652469574092969,0.034663197614523605,8.984497618002256e-05
2013-03-18,0.9515310762792747,0.04834523696078762,0.00012368675993757903
2013-03-19,0.9590426429029564,0.04084891760953635,0.00010843948750695934
2013-03-20,0.9557314476376751,0.044144712413535785,0.00012383994878884154
2013-03-21,0.9056978870532966,0.09399500198278758,0.0003071109639157477
2013-03-22,0.9134007053696657,0.0862650711179792,0.0003342235123551453
2013-03-25,0.930957208694693,0.06879350078847248,0.0002492905168343243
2013-03-26,0.926049839418049,0.07366788801117473,0.00028227257077638956
2013-03-27,0.9504506797008908,0.04938444722873467,0.00016487307037422333
2013-03-28,0.9611591256703864,0.038726471608570526,0.00011440272104336281
2013-04-01,0.955484640683978,0.044396308873591285,0.00011905044243101048
2013-04-02,0.9605139164005959,0.039377939895369925,0.00010814370403391232
2013-04-03,0.8511306992595065,0.14833759338179392,0.0005317073586995624
2013-04-04,0.9049706975056668,0.09466080979082919,0.00036849270350355234
2013-04-05,0.9168328908461255,0.08285239034524929,0.000314718808625501
2013-04-08,0.9298110016569253,0.06992139541708933,0.0002676029259853956
2013-04-09,0.9514108742058969,0.04842477297401907,0.0001643528200838823
2013-04-10,0.863823341699626,0.13557639467241184,0.0006002636279619723
2013-04-11,0.9149327470813977,0.08471940245904253,0.00034785045955931066
2013-04-12,0.9352926778756647,0.06447222253034315,0.00023509959399197681
2013-04-15,0.015744686706950405,0.9668730337143574,0.017382279578692286
2013-04-16,0.010806596205970345,0.9708926776555994,0.01830072613843029
2013-04-17,0.00390946162805819,0.9758080700340388,0.02028246833790317
2013-04-18,0.028548002677992092,0.9588371032850113,0.012614894036996857
2013-04-19,0.05457131934116392,0.935837595485158,0.009591085173678071
2013-04-22,0.13261085239382756,0.8610441146510375,0.006345032955134847
2013-04-23,0.11707601653922911,0.8759375501397678,0.006986433321002992
2013-04-24,0.24526044074540154,0.750231466233513,0.004508093021085684
2013-04-25,0.3978203856924159,0.5989343021013978,0.003245312206185914
2013-04-26,0.5555308521186599,0.442265289464425,0.0022038584169151365
2013-04-29,0.6256048020867344,0.37237479141448704,0.0020204064987782424
2013-04-30,0.7690850458732764,0.229796625920903,0.001118328205820651
2013-05-01,0.6198412251444291,0.37791609974629864,0.002242675109272164
2013-05-02,0.5939290889001841,0.4034457922999411,0.0026251187998748053
2013-05-03,0.5088794093914528,0.48755346793780396,0.0035671226707430868
2013-05-06,0.6822583449787821,0.3159529861355799,0.0017886688856380913
2013-05-07,0.7796546960269225,0.21920131786573413,0.001143986107343805
2013-05-08,0.8604019770150599,0.13894061506598396,0.000657407918955965
2013-05-09,0.8922446453661989,0.10729270306675166,0.00046265156704948626
2013-05-10,0.9275901666618885,0.07212316541197877,0.000286667926132883
2013-05-13,0.9523569685400088,0.04748363486124068,0.00015939659875070967
2013-05-14,0.9138090321487816,0.0858645300889681,0.00032643776225018133
2013-05-15,0.9360308667242325,0.0637330166326418,0.0002361166431254455
2013-05-16,0.9326867189293855,0.06708058584013989,0.00023269523047442746
2013-05-17,0.8875088352387556,0.11200790708520113,0.0004832576760435282
2013-05-20,0.9294182529775833,0.07031304558275499,0.0002687014396616716
2013-05-21,0.9539839224510459,0.04586439641168917,0.0001516811372651045
2013-05-22,0.9035779553094601,0.09608742305228253,0.0003346216382574194
2013-05-23,0.9276642562500121,0.07208058146723902,0.000255162282748869
2013-05-24,0.9513712991858894,0.04847219568777854,0.00015650512633181207
2013-05-28,0.9525908636461708,0.04726176018749539,0.0001473761663334899
2013-05-29,0.9231587537671775,0.07659282662281813,0.0002484196100042664
2013-05-30,0.9474667348872209,0.05236089820693175,0.0001723669058474575
2013-05-31,0.5687013745679002,0.42885507043629145,0.0024435549958085317
2013-06-03,0.6743433282501509,0.3238867698581341,0.0017699018917149301
2013-06-04,0.7024225693230944,0.29600364371826093,0.0015737869586446608
2013-06-05,0.2240642402086895,0.7691265142228916,0.006809245568418736
2013-06-06,0.2552652393502939,0.738938967723267,0.005795792926438952
2013-06-07,0.12768588847891496,0.8638755172200318,0.0084385943010535
2013-06-10,0.2585770915838325,0.7364588091293658,0.004964099286801639
2013-06-11,0.134660750206274,0.858649242979836,0.0066900068138899815
2013-06-12,0.10775995481673162,0.885547927584078,0.006692117599190278
2013-06-13,0.031126685155609343,0.9579548214475374,0.010918493396852972
2013-06-14,0.0615885488313124,0.9306053846449136,0.007806066523774011
2013-06-17,0.10551703331307917,0.8879898073155824,0.006493159371338583
2013-06-18,0.15100692207447614,0.8432092880943537,0.00578378983117034
2013-06-19,0.02477792278986186,0.965020745510812,0.010201331699326452
2013-06-20,2.1299703004607707e-05,0.9474983877745011,0.05248031252249409
2013-06-21,0.05111585448855813,0.9251085297080909,0.023775615803350924
2013-06-24,0.01800537886722678,0.9610932521457038,0.020901368987069593
2013-06-25,0.03921815390423916,0.9463984202292136,0.014383425866547138
2013-06-26,0.056601424212242124,0.9324164575115601,0.010982118276198067
2013-06-27,0.11819888111159152,0.8744202788783052,0.007380840010103626
2013-06-28,0.18615720636201086,0.8084793114053999,0.005363482232589148
2013-07-01,0.2998549174307274,0.6960257604016752,0.004119322167597085
2013-07-02,0.4737794306031759,0.5235247780729161,0.002695791323907989
2013-07-03,0.6530478374161403,0.34530274566733254,0.0016494169165274103
2013-07-05,0.5861555904509055,0.4113052009439965,0.0025392086050983393
2013-07-08,0.7045608097244335,0.29381452770280414,0.0016246625727623276
2013-07-09,0.7534055412442422,0.2452361702019122,0.0013582885538456343
2013-07-10,0.8546904179120743,0.14463157982374394,0.0006780022641816941
2013-07-11,0.6251730596381035,0.3721539340621132,0.002673006299783327
2013-07-12,0.7648874178173791,0.23379961701871516,0.0013129651639058517
2013-07-15,0.863407890878609,0.13595152759289186,0.0006405815284991638
2013-07-16,0.8940746456931538,0.10547257980719646,0.0004527744996497701
2013-07-17,0.9342192414645317,0.06552971410751784,0.00025104442795055365
2013-07-18,0.9486114278336503,0.051211130547617445,0.00017744161873255678
2013-07-19,0.9636387736186232,0.03625570185157237,0.00010552452980445445
2013-07-22,0.970864156681024,0.029065002981933527,7.084033704257577e-05
2013-07-23,0.9714512837648042,0.028488314843549578,6.0401391646581126e-05
2013-07-24,0.9658140004187769,0.03411397977159531,7.201980962792983e-05
2013-07-25,0.9715582438718727,0.028379423412140878,6.233271598631113e-05
2013-07-26,0.9748580324296707,0.025091457365796366,5.051020453292241e-05
2013-07-29,0.9683205759711767,0.03161750248318183,6.192154564137326e-05
2013-07-30,0.9730900044699071,0.026854761883960042,5.523364613265471e-05
2013-07-31,0.9750771012499496,0.024874872421969934,4.802632808079065e-05
2013-08-01,0.897038536536927,0.10265834278319007,0.00030312067988264696
2013-08-02,0.9373438001167228,0.062449656533459935,0.00020654334981720656
2013-08-05,0.9542010449913942,0.045659188176371795,0.0001397668322342386
2013-08-06,0.9404657428776688,0.05935561876107009,0.00017863836126126814
2013-08-07,0.9454438352101775,0.05438968969500184,0.00016647509482039543
2013-08-08,0.9588958402238699,0.04098313899232686,0.00012102078380301773
2013-08-09,0.9587787737407963,0.04111138209915923,0.0001098441600445004
2013-08-12,0.9664422519889597,0.03347432759186681,8.342041917407883e-05
2013-08-13,0.9716648512143956,0.028270719970932643,6.442881467203778e-05
2013-08-14,0.9589837199026824,0.04092488593902313,9.139415829481133e-05
2013-08-15,0.6129097710177894,0.38529043787738726,0.0017997911048234798
2013-08-16,0.7137379031754406,0.2849215196979775,0.0013405771265817237
2013-08-19,0.7242149564234801,0.2744086672484514,0.0013763763280684597
2013-08-20,0.8270475357004904,0.1721410094687624,0.0008114548307474823
2013-08-21,0.8294564436509155,0.1697378536105884,0.0008057027384964042
2013-08-22,0.8234635130446546,0.17561409813702794,0.0009223888183172745
2013-08-23,0.8890948152682334,0.11039659818377508,0.0005085865479916951
2013-08-26,0.9082887609812981,0.09133275532666889,0.00037848369203344367
2013-08-27,0.308597415613879,0.6856723919710845,0.005730192415036496
2013-08-28,0.4868750786993522,0.5099480760693915,0.0031768452312558853
2013-08-29,0.6635306431395646,0.334715107966978,0.0017542488934576147
2013-08-30,0.7568528342340767,0.24196672455822105,0.0011804412077022308
2013-09-03,0.8454164022471042,0.15386882240499103,0.0007147753479045036
2013-09-04,0.84962717707378,0.14962355440905806,0.0007492685171620929
2013-09-05,0.9121232616226027,0.08750499454868556,0.000371743828711748
2013-09-06,0.9443638474853383,0.055436376114303056,0.00019977640035896715
2013-09-09,0.907257044421862,0.09236818956068375,0.0003747660174541334
2013-09-10,0.9125900145339442,0.08704496407480161,0.0003650213912544754
2013-09-11,0.9434613127572722,0.05633213985734385,0.0002065473853840871
2013-09-12,0.9499226271862423,0.049918644309585765,0.00015872850417178179
2013-09-13,0.9634296375062326,0.03646669041778942,0.00010367207597783955
2013-09-16,0.963310678276406,0.03659288422052329,9.643750307020379e-05
2013-09-17,0.9677066862846443,0.0322136750337638,7.963868159189036e-05
2013-09-18,0.8926629572781198,0.10696912517222212,0.0003679175496582511
2013-09-19,0.9275968980182882,0.07214818611316574,0.0002549158685458403
2013-09-20,0.8936009491745642,0.1059894585666096,0.000409592258826384
2013-09-23,0.9035040814237575,0.09611857014869674,0.000377348427545713
2013-09-24,0.9297738030302082,0.0699695266571673,0.00025667031262462597
2013-09-25,0.9448657937371624,0.05495095129735429,0.000183254965483822
2013-09-26,0.9595277261097478,0.04035048279046535,0.0001217910997872064
2013-09-27,0.9566416633664339,0.04324115283842883,0.00011718379513740472
2013-09-30,0.939548650656741,0.06027763723404102,0.00017371210921809878
2013-10-01,0.9306931691517476,0.06906734498296925,0.00023948586528306398
2013-10-02,0.9527185142717912,0.047131935077618176,0.00014955065059031294
2013-10-03,0.885608600091963,0.11397963201812479,0.00041176788991201523
2013-10-04,0.899873012827749,0.09971446371719954,0.00041252345505144567
2013-10-07,0.8260582025493092,0.173126610382334,0.0008151870683568175
2013-10-08,0.47731971739586987,0.5190252719816917,0.0036550106224386703
2013-10-09,0.6555320782541167,0.3425752210648924,0.0018927006809908143
2013-10-10,0.02024036155191181,0.9594907568438762,0.020268881604211933
2013-10-11,0.06773450824338363,0.9205506672442586,0.011714824512357752
2013-10-14,0.1583656336322656,0.8347013506457246,0.006933015722009732
2013-10-15,0.1595742946012764,0.8343290225741552,0.00609668282456867
2013-10-16,0.060192778841223246,0.9302593306346297,0.00954789052414691
2013-10-17,0.11563349513141309,0.8774157344155576,0.006950770453029081
2013-10-18,0.18827593482003321,0.8062628719716941,0.005461193208272526
2013-10-21,0.34510102207287763,0.6513118344269948,0.0035871435001274404
2013-10-22,0.47042897647861226,0.526702692905214,0.0028683306161737844
2013-10-23,0.545084288129899,0.45251273617562154,0.00240297569447949
2013-10-24,0.7020624645156471,0.2964740262755277,0.0014635092088255376
2013-10-25,0.8058909267910528,0.1931861836422555,0.0009228895666918606
2013-10-28,0.88752337831229,0.11199429462511741,0.00048232706259293296
2013-10-29,0.9164602854734493,0.083193895502519,0.00034581902403177356
2013-10-30,0.9190528810399484,0.08063637793775635,0.0003107410222951497
2013-10-31,0.9308534858303275,0.06889805255033306,0.0002484616193394724
2013-11-01,0.9533626440759089,0.04648526551753491,0.00015209040655610255
2013-11-04,0.9638117922096495,0.03608558572224628,0.00010262206810437475
2013-11-05,0.9648705431058223,0.035042880676214826,8.657621796279139e-05
2013-11-06,0.9684397917403906,0.03148497626938607,7.523199022304797e-05
2013-11-07,0.737014752708466,0.26197235914190586,0.001012888149628424
2013-11-08,0.47016314493304584,0.5261207559807747,0.003716099086179
2013-11-11,0.6498653798495169,0.34820611744054253,0.0019285027099407224
2013-11-12,0.7610524621244326,0.23777474366310863,0.00117279421245886
2013-11-13,0.7770123807342372,0.221791883961123,0.0011957353046398809
2013-11-14,0.8518466405283625,0.14743168447347896,0.0007216749981589141
2013-11-15,0.9043886713173804,0.09519281316634902,0.0004185155162711445
2013-11-18,0.922163149286477,0.07753323405618764,0.00030361665733484686
2013-11-19,0.9436937888977452,0.056112036573524975,0.00019417452873016818
2013-11-20,0.9486247630501342,0.05121476595643641,0.0001604709934295436
2013-11-21,0.9368875480918172,0.0628983180048053,0.00021413390337787324
2013-11-22,0.95048432397848,0.04935371131488638,0.00016196470663312578
2013-11-25,0.9618387163884794,0.0380534947729031,0.00010778883861771068
2013-11-26,0.9697493943544626,0.030176892747705908,7.371289783116185e-05
2013-11-27,0.9735684556758287,0.026374654415280228,5.688990889135586e-05
2013-11-29,0.974642867603557,0.025307985461542788,4.914693490062801e-05
2013-12-02,0.9714678252358292,0.02847788781099194,5.428695317916071e-05
2013-12-03,0.9681378323276567,0.03179763873991315,6.452893243023027e-05
2013-12-04,0.9710641755926782,0.028875289949837304,6.053445748429383e-05
2013-12-05,0.9631760037129096,0.036744971834968825,7.902445212199306e-05
2013-12-06,0.9071277733023738,0.09256890570260899,0.0003033209950172307
2013-12-09,0.9424928781209561,0.05731505637434487,0.00019206550469920016
2013-12-10,0.9503725802633975,0.049474731693204155,0.00015268804339847746
2013-12-11,0.7949560447533763,0.20417426271609568,0.0008696925305284299
2013-12-12,0.8444522880036357,0.15487308190322258,0.0006746300931417054
2013-12-13,0.9073497726851462,0.09227864689259609,0.0003715804222572613
2013-12-16,0.9232559028134084,0.0764378819569722,0.00030621522961902896
2013-12-17,0.9388308333373125,0.06095299354081063,0.00021617312187659845
2013-12-18,0.5571285207024557,0.43969611943979103,0.0031753598577534364
2013-12-19,0.713380296370112,0.28503361596100674,0.0015860876688809553
2013-12-20,0.8084461929858864,0.19058660537044791,0.0009672016436656934
2013-12-23,0.8673498716707079,0.13202166989084524,0.0006284584384470323
2013-12-24,0.9192816763407081,0.08038391969091502,0.0003344039683770116
2013-12-26,0.9412045693476464,0.0585768745296257,0.00021855612272772952
2013-12-27,0.9587906107414479,0.04108196673046795,0.0001274225280841555
2013-12-30,0.9679194392110405,0.03199776044518091,8.28003437787368e-05
2013-12-31,0.9707057102634148,0.02922675997320579,6.752976337912509e-05
2014-01-02,0.9154000171592533,0.08437157384467457,0.00022840899607203539
2014-01-03,0.9453521538278231,0.0544799627396821,0.0001678834324945105
2014-01-06,0.9551300246744842,0.044739417829010884,0.0001305574965055986
2014-01-07,0.9564071262571123,0.043466358231688935,0.0001265155111987936
2014-01-08,0.9666811195695543,0.03323274783174969,8.613259869639551e-05
2014-01-09,0.9722758809647596,0.027661802973899995,6.231606134009443e-05
2014-01-10,0.9749346635858451,0.02501468403851708,5.065237563772462e-05
2014-01-13,0.7975360093882341,0.20182478893346667,0.000639201678299259
2014-01-14,0.7092231077457742,0.28924821922195115,0.0015286730322745222
2014-01-15,0.8004254490215903,0.19857806255132135,0.000996488427088179
2014-01-16,0.8755432706993945,0.12390712884504776,0.0005496004555574219
2014-01-17,0.9003728530347367,0.0992155244929354,0.00041162247232766965
2014-01-21,0.9375861484615843,0.06218150428004702,0.00023234725836877648
2014-01-22,0.9579729616233291,0.04189491226941679,0.0001321261072539738
2014-01-23,0.8956973709737007,0.10394522679536913,0.0003574022309297702
2014-01-24,0.03399325973726474,0.9520863705865118,0.013920369676223412
2014-01-27,0.07531430137773831,0.9159744844069718,0.00871121421528933
2014-01-28,0.14392820132558462,0.8497889302264632,0.006282868447952018
2014-01-29,0.07400824312544697,0.9184310199963565,0.007560736878196552
2014-01-30,0.060715554233366324,0.9309313215061469,0.008353124260486395
2014-01-31,0.08370465674298665,0.909522838244867,0.006772505012146598
2014-02-03,0.00018901354436251308,0.9684800584837446,0.031330927971893
2014-02-04,0.03280191016975142,0.9492657607289526,0.017932329101295965
2014-02-05,0.1000191615944562,0.8905064648767356,0.00947437352880782
2014-02-06,0.057866026490596086,0.931573435325742,0.010560538183662111
2014-02-07,0.02982305851403847,0.9580592175895413,0.012117723896420029
2014-02-10,0.10726010545037763,0.8856921540245588,0.007047740525063725
2014-02-11,0.08543601379444084,0.9066970289686979,0.007866957236860907
2014-02-12,0.1956186693100246,0.7993423198595357,0.0050390108304398055
2014-02-13,0.3021533152647819,0.6937871696640159,0.00405951507120231
2014-02-14,0.44768861677243593,0.5493189659804474,0.0029924172471165952
2014-02-18,0.6306848406188208,0.367509663882297,0.0018054954988823068
2014-02-19,0.621322232990129,0.37666733277909314,0.0020104342307775743
2014-02-20,0.715800401243998,0.2827052414251642,0.0014943573308377875
2014-02-21,0.8149465512555382,0.18418326762863452,0.0008701811158273273
2014-02-24,0.8605250884438272,0.13881653126771962,0.0006583802884529659
2014-02-25,0.911536373806034,0.08809932707083,0.00036429912313549486
2014-02-26,0.9440025777489262,0.05579808387816201,0.0001993383729118852
2014-02-27,0.9546846208702856,0.04517000379317216,0.0001453753365417632
2014-02-28,0.9657551054331124,0.03415061865909338,9.427590779411985e-05
2014-03-03,0.9328744839246939,0.0669376467986094,0.00018786927669663776
2014-03-04,0.6584698994796665,0.33949412135170276,0.002035979168630814
2014-03-05,0.7917783450420252,0.20718769034344306,0.0010339646145316847
2014-03-06,0.8790768666279892,0.1203894694800959,0.0005336638919148914
2014-03-07,0.927590820713737,0.07212800205649103,0.00028117722977167176
2014-03-10,0.9515170127253287,0.048321635327400005,0.0001613519472711611
2014-03-11,0.9440146033669661,0.055813390873869204,0.0001720057591645206
2014-03-12,0.9609852848933341,0.03890326027106651,0.00011145483559961924
2014-03-13,0.8020144263114904,0.19721028181805506,0.0007752918704543516
2014-03-14,0.8626932764323817,0.13674344096553837,0.0005632826020799699
2014-03-17,0.8280356485119313,0.17109226053516982,0.0008720909528989846
2014-03-18,0.8533380393361368,0.1459235319878337,0.0007384286760299874
2014-03-19,0.8445233054558857,0.1547264009818624,0.0007502935622519872
2014-03-20,0.883252662790829,0.11620550366433662,0.0005418335448342494
2014-03-21,0.9148129965747803,0.0848399746356406,0.00034702878957897055
2014-03-24,0.91791695764715,0.08176855564138444,0.00031448671146555205
2014-03-25,0.941945927947113,0.05784550619897662,0.00020856585391007925
2014-03-26,0.9127308641909339,0.08695415652866646,0.0003149792803997224
2014-03-27,0.9389080509699308,0.06088193422181678,0.00021001480825280853
2014-03-28,0.9529375782656749,0.046910633469207604,0.00015178826511743693
2014-03-31,0.9423773431502602,0.05743278649946068,0.00018987035027925923
2014-04-01,0.9417028172269398,0.05809889069924698,0.00019829207381288604
2014-04-02,0.9590468629390259,0.04082827261820357,0.00012486444277035264
2014-04-03,0.9666376655254001,0.033276287356273304,8.604711832614493e-05
2014-04-04,0.7723779088472682,0.2267536864551147,0.0008684046976168782
2014-04-07,0.5260268330653981,0.47117213691860477,0.0028010300159971944
2014-04-08,0.6807942892929395,0.3175364135309107,0.001669297176149822
2014-04-09,0.5748013561844468,0.422369476880725,0.0028291669348282002
2014-04-10,0.006483847274022752,0.9716027390575498,0.0219134136684273
2014-04-11,0.016461370598024612,0.9677939965010233,0.01574463290095216
2014-04-14,0.04772036300659699,0.941490624412921,0.010789012580481986
2014-04-15,0.09958260856053347,0.8928436955460822,0.007573695893384474
2014-04-16,0.09089563654406282,0.9013098142023169,0.00779454925362023
2014-04-17,0.20877495913753413,0.7862672861131549,0.004957754749310768
2014-04-21,0.3574101895774752,0.6390630140079108,0.003526796414614221
2014-04-22,0.5201357236788249,0.4773865733893651,0.0024777029318102683
2014-04-23,0.6598062964680779,0.33854545423744664,0.0016482492944752927
2014-04-24,0.7956578784378562,0.20341112165280353,0.000930999909340058
2014-04-25,0.7168367251414428,0.2816625032801388,0.001500771578418135
2014-04-28,0.8268715671886597,0.1723029836274558,0.000825449183884351
2014-04-29,0.8849662215175657,0.114516822487276,0.0005169559951583003
2014-04-30,0.9287388471587515,0.07097859300612415,0.00028255983512390573
2014-05-01,0.9526773261726666,0.047164834937783146,0.0001578388895504161
2014-05-02,0.9628119739109939,0.03708383378580886,0.00010419230319678606
2014-05-05,0.9705358152557115,0.029392757611133326,7.142713315518845e-05
2014-05-06,0.9126484461524083,0.08711022794490145,0.00024132590269043455
2014-05-07,0.9321613169785167,0.06760803863399341,0.00023064438749000502
2014-05-08,0.9516954426489402,0.04815252866434564,0.00015202868671380942
2014-05-09,0.9651847710152691,0.03471924985645408,9.597912827710652e-05
2014-05-12,0.9351717655458234,0.06462854445864172,0.00019968999553508353
2014-05-13,0.9566260559133026,0.04324451976335563,0.00012942432334172663
2014-05-14,0.9507433138082109,0.04911784144444364,0.000138844747345437
2014-05-15,0.8720491133102758,0.12748932050992323,0.00046156617980121515
2014-05-16,0.9187296359053186,0.0809634613298139,0.00030690276486759267
2014-05-19,0.9445122893260813,0.05529250939683829,0.00019520127708113298
2014-05-20,0.9227701761431726,0.07696297216384375,0.00026685169298356454
2014-05-21,0.9153402582184428,0.08432691420910803,0.0003328275724497619
2014-05-22,0.9461842333544088,0.05362688612165991,0.00018888052393084667
2014-05-23,0.9583090048800872,0.041562005233706775,0.0001289898862058107
2014-05-27,0.9588835211116014,0.04099851306988392,0.00011796581851480296
2014-05-28,0.9665735911111196,0.03334164460667037,8.476428221000634e-05
2014-05-29,0.9663619752918486,0.0335563557791151,8.16689290362138e-05
2014-05-30,0.9722812897985359,0.027656744435076677,6.196576638715333e-05
2014-06-02,0.9751801764481751,0.02477033366789642,4.9489883927966914e-05
2014-06-03,0.9758968200132003,0.024058786371462644,4.439361533690577e-05
2014-06-04,0.9768975639011556,0.023060974023787893,4.146207505682262e-05
2014-06-05,0.9686193552014891,0.031319164808780914,6.147998972985037e-05
2014-06-06,0.9696345986280102,0.030299533483580932,6.586788840880373e-05
2014-06-09,0.9739496202126485,0.025996567808814673,5.381197853752334e-05
2014-06-10,0.9754083893830852,0.02454487406346349,4.67365534514489e-05
2014-06-11,0.9693949540672508,0.030546898232792493,5.814769995680501e-05
2014-06-12,0.9404430103682483,0.05941430646953401,0.00014268316221751338
2014-06-13,0.9579022893573717,0.04198064806743674,0.00011706257519149335
2014-06-16,0.9681955120887856,0.031724336291996086,8.015161921859093e-05
2014-06-17,0.9730184360905983,0.02692189072886252,5.9673180538938043e-05
2014-06-18,0.9599067598304889,0.03999957520922228,9.366496028909914e-05
2014-06-19,0.969241379725393,0.030685873980759386,7.274629384733912e-05
2014-06-20,0.9737232555008021,0.02622068517758256,5.605932161566093e-05
2014-06-23,0.9753940318211651,0.02455866932624468,4.729885259039529e-05
2014-06-24,0.9529924498381338,0.0469087116876558,9.8838474210475e-05
2014-06-25,0.9600358694938743,0.039860114083711554,0.00010401642241416453
2014-06-26,0.9670509134911525,0.03286864141630081,8.044509254725559e-05
2014-06-27,0.9725906734275023,0.02734846139464402,6.0865177853399144e-05
2014-06-30,0.9746145114032012,0.025335166052495646,5.0322544303610386e-05
2014-07-01,0.9664561005845524,0.03347305367976338,7.084573568465086e-05
2014-07-02,0.9723173873379087,0.027623314943825087,5.9297718266008606e-05
2014-07-03,0.9694077822644691,0.030526584897747677,6.563283778332211e-05
2014-07-07,0.9639910132712887,0.03593020280300057,7.878392571096438e-05
2014-07-08,0.9351803583492122,0.064648048831828,0.00017159281895984572
2014-07-09,0.9507839857165794,0.049066982437325046,0.00014903184609528486
2014-07-10,0.950343873108489,0.04951170961168234,0.00014441727982890818
2014-07-11,0.9645230159637531,0.03538066252284768,9.632151339897366e-05
2014-07-14,0.966780302570796,0.033136769580734686,8.292784846887657e-05
2014-07-15,0.9690470268510325,0.03088300142894131,6.997172002640297e-05
2014-07-16,0.9708277682883046,0.02910790767643925,6.432403525585972e-05
2014-07-17,0.8225644423420714,0.17685631823635736,0.000579239421571141
2014-07-18,0.7621984479583911,0.236601059510831,0.0012004925307778883
2014-07-21,0.8418624008704382,0.15741363531966676,0.0007239638098951334
2014-07-22,0.8922128141306496,0.10731280512357522,0.0004743807457752465
2014-07-23,0.9347779030598425,0.06497267303346031,0.00024942390669754596
2014-07-24,0.9564942151745788,0.043366000700899424,0.0001397841245218982
2014-07-25,0.9496063720654916,0.050247407097249015,0.00014622083725946715
2014-07-28,0.9637726676716897,0.03612896712711617,9.836520119378472e-05
2014-07-29,0.957025185317839,0.042865463789843995,0.00010935089231726729
2014-07-30,0.9672740400488185,0.03264493993535261,8.102001582921655e-05
2014-07-31,0.12014248876100421,0.8726081886195377,0.007249322619458107
2014-08-01,0.21596154675074222,0.779095476962507,0.004942976286750732
2014-08-04,0.2883816002853721,0.7072384651105993,0.00437993460402847
2014-08-05,0.1689811669466413,0.8250444145416932,0.005974418511665587
2014-08-06,0.31885868852972027,0.6772798802719228,0.00386143119835697
2014-08-07,0.36477986571061227,0.6316591174479915,0.00356101684139601
2014-08-08,0.25138471492436865,0.7430569726920333,0.005558312383598048
2014-08-11,0.4215012579859456,0.5751127631353257,0.0033859788787287473
2014-08-12,0.5820275850330768,0.4158304443985224,0.0021419705684007427
2014-08-13,0.6644420564228201,0.3337642549884973,0.0017936885886828255
2014-08-14,0.7797704275707816,0.21913577382055757,0.0010937986086605909
2014-08-15,0.8698683919393643,0.12955714070853097,0.0005744673521044015
2014-08-18,0.8621856689262725,0.13714319752783052,0.000671133545897189
2014-08-19,0.9051650907361013,0.09441543733690001,0.00041947192699854594
2014-08-20,0.9407013718838657,0.05907523797510158,0.00022339014103286742
2014-08-21,0.9583828070306327,0.04148490167327437,0.00013229129609238578
2014-08-22,0.9642759281721849,0.035629172205180276,9.489962263548079e-05
2014-08-25,0.9667971211891977,0.03312039685603807,8.24819547648881e-05
2014-08-26,0.9725918522256434,0.027347190407795603,6.0957366561011504e-05
2014-08-27,0.9749783202110454,0.02497212687213096,4.955291682334155e-05
2014-08-28,0.9739834354717912,0.025967972454813554,4.859207339453594e-05
2014-08-29,0.974834088400497,0.025117872368985255,4.8039230517428597e-05
2014-09-02,0.9755577398502975,0.024397328070886945,4.493207881574769e-05
2014-09-03,0.9756570959692631,0.024299090889944818,4.381314079222238e-05
2014-09-04,0.9746182805248249,0.025336003491609,4.571598356573775e-05
2014-09-05,0.9719875690565881,0.027957746575121026,5.468436829115695e-05
2014-09-08,0.9688485489336712,0.03108871436782819,6.273669850022744e-05
2014-09-09,0.9456942914144261,0.0541761357398345,0.0001295728457396671
2014-09-10,0.9595973040418851,0.040292467838036645,0.00011022812007830089
2014-09-11,0.969041147261398,0.030882432530143434,7.642020845869932e-05
2014-09-12,0.9511477682163395,0.048733004242039316,0.00011922754162122488
2014-09-15,0.9632786125543779,0.036627039791968616,9.434765365342137e-05
2014-09-16,0.9539141772644455,0.04595904955193032,0.00012677318362398277
2014-09-17,0.9663015748210992,0.033610773362186167,8.765181671471579e-05
2014-09-18,0.9676520186754926,0.03226977620473375,7.82051197743098e-05
2014-09-19,0.972027844326286,0.02791104800605682,6.110766765706993e-05
2014-09-22,0.9315164633145541,0.06831322955661555,0.0001703071288302408
2014-09-23,0.9204330878036369,0.07931164065647239,0.00025527153989078106
2014-09-24,0.9170080066799634,0.08267565808299657,0.00031633523703964356
2014-09-25,0.3004622145244817,0.6938573138638531,0.005680471611665123
2014-09-26,0.3271441896937945,0.6678344509313628,0.005021359374842797
2014-09-29,0.4689639056527996,0.5279068366402394,0.0031292577069608786
2014-09-30,0.6023179737264334,0.39560679832134693,0.0020752279522198583
2014-10-01,0.1874806627158134,0.8056208433086324,0.006898493975554163
2014-10-02,0.34364833735297445,0.6522866746115532,0.004064988035472395
2014-10-03,0.25221415270368086,0.7421118059038171,0.0056740413925020355
2014-10-06,0.40537614576550857,0.5911290945537262,0.003494759680765472
2014-10-07,0.05023573180647144,0.939455522127788,0.010308746065740292
2014-10-08,0.006461255187365999,0.975477734740014,0.01806101007261987
2014-10-09,0.00018218323599896154,0.9592445903109864,0.04057322645301451
2014-10-10,0.007507050058079388,0.9625260320865964,0.029966917855324012
2014-10-13,0.0014625692035612253,0.9618869669414263,0.036650463855012534
2014-10-14,0.055371584247364866,0.9276128241129256,0.01701559163970968
2014-10-15,0.05710152420440052,0.9309461512901422,0.011952324505457208
2014-10-16,0.15224333782011412,0.8410359277571172,0.006720734422768259
2014-10-17,0.07483500863464658,0.916052695124202,0.009112296241151716
2014-10-20,0.09442343132962973,0.8977335810064224,0.00784298766394793
2014-10-21,0.004314479053530404,0.9755066548414411,0.02017886610502834
2014-10-22,0.025680942729319724,0.9613574264927771,0.012961630777903507
2014-10-23,0.024071814223022184,0.9633399731415893,0.012588212635388365
2014-10-24,0.0664091262087745,0.9249438733889509,0.008647000402274627
2014-10-27,0.15671097578393875,0.8377232066011244,0.005565817614936727
2014-10-28,0.09750936066370504,0.8949678056468797,0.007522833689415212
2014-10-29,0.20469958436093094,0.7903657916415113,0.004934623997558061
2014-10-30,0.30247149959307335,0.693428858299329,0.0040996421075975824
2014-10-31,0.19697167186072723,0.7968270392033161,0.006201288935956848
2014-11-03,0.3550507919817708,0.6411559965888207,0.0037932114294083755
2014-11-04,0.49096943297841705,0.5063532195991733,0.002677347422409437
2014-11-05,0.612348762207379,0.38561269496190437,0.0020385428307165
2014-11-06,0.7484601073372925,0.25030476346604874,0.0012351291966588213
2014-11-07,0.8521138119015721,0.1472285033006731,0.0006576847977549881
2014-11-10,0.9100377834028226,0.08959158908856397,0.00037062750861339717
2014-11-11,0.9440153016154034,0.055784622652363974,0.0002000757322329452
2014-11-12,0.9596151664181108,0.04026322120323227,0.00012161237865690419
2014-11-13,0.968908386939076,0.03101267847571477,7.893458520956763e-05
2014-11-14,0.9733015106455789,0.026640540523697433,5.794883072361735e-05
2014-11-17,0.9756770017698937,0.024275696958767794,4.7301271338229764e-05
2014-11-18,0.9723446911132216,0.027601421883110214,5.3887003668200984e-05
2014-11-19,0.9729262647659348,0.0270209698388652,5.276539519967024e-05
2014-11-20,0.9754274847876154,0.02452520934927326,4.730586311167871e-05
2014-11-21,0.9719310269024012,0.02801394521571742,5.502788188164603e-05
2014-11-24,0.9743122261270482,0.025636798871202286,5.097500174951226e-05
2014-11-25,0.9745273048035837,0.02542476689487044,4.7928301545684784e-05
2014-11-26,0.975658630201357,0.0242957220017235,4.564779691895283e-05
2014-11-28,0.9725130675444269,0.027436225807627515,5.070664794548115e-05
2014-12-01,0.9464984010440458,0.05338183172707412,0.00011976722888033376
2014-12-02,0.9490824230540313,0.05076990457573302,0.00014767237023529688
2014-12-03,0.9611316029218342,0.03875846073050609,0.0001099363476597791
2014-12-04,0.9676596033202913,0.032260430422768,7.996625694096502e-05
2014-12-05,0.9729724064287315,0.026967993726973227,5.959984429563678e-05
2014-12-08,0.9424087307129293,0.057455379742959355,0.00013588954411189854
2014-12-09,0.9595341137747516,0.04035754596082553,0.00010834026442293548
2014-12-10,0.4068454496115505,0.5896155476001413,0.0035390027883082644
2014-12-11,0.5609694784679343,0.4366562586225854,0.002374262909480245
2014-12-12,0.057442174738496866,0.9317077742754508,0.010850050986052366
2014-12-15,0.08237956517486367,0.9097438177769401,0.007876617048196186
2014-12-16,0.06994524084465795,0.9226083695459856,0.007446389609356391
2014-12-17,0.002350726777549741,0.9763134869704874,0.021335786251962974
2014-12-18,9.83164322064291e-05,0.9342306804795723,0.06567100308822127
2014-12-19,0.04581031722209073,0.9235857597742663,0.03060392300364292
2014-12-22,0.12639985430423095,0.8591151360643138,0.014485009631455135
2014-12-23,0.2627904169699083,0.7301544316008615,0.007055151429230252
2014-12-24,0.4360833558714669,0.5601866724907474,0.00372997163778563
2014-12-26,0.6081339945636791,0.38970531029377414,0.0021606951425468856
2014-12-29,0.7594798563735372,0.23935705962120304,0.0011630840052597353
2014-12-30,0.79419257869687,0.20481938660679352,0.0009880346963364402
2014-12-31,0.5865008054032202,0.41093624625037245,0.002562948346407503
2015-01-02,0.7379573331703686,0.2607001884278427,0.0013424784017887392
2015-01-05,0.047533896657090804,0.9394571153800665,0.013008987962842663
2015-01-06,0.042986763811608965,0.9465671645613788,0.010446071627012034
2015-01-07,0.038210198821005986,0.951393185981243,0.01039661519775061
2015-01-08,0.004548150164816471,0.9765357612415312,0.018916088593652392
2015-01-09,0.02030347561888868,0.9665467239428928,0.013149800438218373
2015-01-12,0.03268761363243796,0.9573258651358272,0.009986521231734921
2015-01-13,0.09550437879828805,0.898019444683426,0.006476176518286136
2015-01-14,0.12939869010243069,0.8650351402817714,0.005566169615797523
2015-01-15,0.08540226861080814,0.9080414870317849,0.006556244357407263
2015-01-16,0.038751439745985786,0.9518450034851818,0.009403556768832477
2015-01-20,0.1228223724001029,0.8712312928759156,0.005946334723981642
2015-01-21,0.22996555837821928,0.7655226114134034,0.004511830208377563
2015-01-22,0.05637971008807729,0.9338076228618771,0.009812667050045333
2015-01-23,0.09332939026848577,0.8996051618317382,0.007065447899775704
2015-01-26,0.20904710010630326,0.7861902710115766,0.004762628882119957
2015-01-27,0.04098196732149874,0.949965569111559,0.009052463566942386
2015-01-28,0.009799831769245333,0.9781953005562978,0.012004867674456889
2015-01-29,0.03196380097322979,0.9582711849125715,0.009765014114198646
2015-01-30,0.010100226732800895,0.977946215060052,0.011953558207147306
2015-02-02,0.014092891202660274,0.9733347597419308,0.01257234905540858
2015-02-03,0.009972513621489107,0.9752142850855413,0.01481320129296933
2015-02-04,0.05102026199788265,0.9400009334312175,0.008978804570899555
2015-02-05,0.057897503477997755,0.9335633758238971,0.008539120698105224
2015-02-06,0.12321961849227321,0.8708656204832589,0.005914761024468199
2015-02-09,0.193000886529668,0.8022573788372708,0.004741734633061463
2015-02-10,0.15577434911934188,0.8381375050906317,0.0060881457900264
2015-02-11,0.3004453091702193,0.6955803704459352,0.003974320383845743
2015-02-12,0.28311745602341676,0.7121314048896711,0.004751139086912195
2015-02-13,0.44092140128981655,0.5559135120434808,0.003165086666702753
2015-02-17,0.6243397463081128,0.3737807409769149,0.001879512714972476
2015-02-18,0.7659917427560818,0.23292582189692265,0.001082435346995644
2015-02-19,0.8560404877183773,0.14333512348828945,0.000624388793333207
2015-02-20,0.890151979988686,0.1093633526330557,0.00048466737825793565
2015-02-23,0.9319953825199673,0.06774471942633332,0.0002598980536989399
2015-02-24,0.9542052015391957,0.045643210078404585,0.00015158838239988308
2015-02-25,0.9647737841600754,0.0351293827345142,9.683310541065826e-05
2015-02-26,0.9689673273015681,0.03095926974869851,7.340294973372107e-05
2015-02-27,0.9674217747972161,0.03250643682768312,7.178837510115435e-05
2015-03-02,0.9640697593886455,0.03584479997945057,8.54406319043101e-05
2015-03-03,0.957170592523486,0.0427245794843898,0.00010482799212385051
2015-03-04,0.9531706226571522,0.0467063433985399,0.00012303394430852004
2015-03-05,0.965932401150342,0.033979688665210436,8.791018444779779e-05
2015-03-06,0.6501069287242814,0.34833916609021853,0.0015539051855002015
2015-03-09,0.7742546264700894,0.22471467756822125,0.0010306959616891217
2015-03-10,0.099578546600749,0.8904596740946662,0.00996177930458478
2015-03-11,0.2016816452710679,0.7924298325847395,0.005888522144192539
2015-03-12,0.10585968534766628,0.8858638345187972,0.008276480133536483
2015-03-13,0.1346694819415631,0.8589011696046344,0.006429348453802318
2015-03-16,0.05577841880271063,0.9347401181472534,0.009481463050035626
2015-03-17,0.12151957280093034,0.8722019362280956,0.006278490970973879
2015-03-18,0.07345415051993572,0.9183664180735928,0.008179431406471552
2015-03-19,0.1220514756750627,0.8718699008498683,0.006078623475069433
2015-03-20,0.1410034368877694,0.8529176590353755,0.006078904076855168
2015-03-23,0.26176501080070985,0.7340233755099109,0.004211613689379341
2015-03-24,0.28608586465002894,0.7097960791288548,0.004118056221116297
2015-03-25,0.03870610033975331,0.9514328591370323,0.009861040523214407
2015-03-26,0.10634151661512682,0.8873084989338922,0.006349984450981098
2015-03-27,0.22989879158825516,0.7656964724868993,0.00440473592484537
2015-03-30,0.13206277751925763,0.8610431915804807,0.006894030900261288
2015-03-31,0.0965403964259256,0.8964157703043343,0.007043833269740157
2015-04-01,0.165691351272222,0.8290635942341572,0.00524505449362095
2015-04-02,0.30479788328904817,0.6913942952348797,0.00380782147607234
2015-04-06,0.40229254043711127,0.594356367494365,0.00335109206852369
2015-04-07,0.5556092890044959,0.44214146399278415,0.0022492470027198667
2015-04-08,0.7153848842547694,0.28325744346314247,0.0013576722820882168
2015-04-09,0.814393144257337,0.1847367642711219,0.0008700914715413601
2015-04-10,0.8725707535841773,0.1268481432957151,0.0005811031201075811
2015-04-13,0.8894816106706895,0.1100447319414569,0.000473657387853661
2015-04-14,0.9334181697288385,0.06632892315731224,0.00025290711384914465
2015-04-15,0.9476017171669963,0.05221642745937238,0.00018185537363141517
2015-04-16,0.9613329520481839,0.03855407092827102,0.00011297702354539331
2015-04-17,0.8216267204789741,0.17769290136265084,0.0006803781583749939
2015-04-20,0.7981493606052693,0.20083999904220368,0.0010106403525271261
2015-04-21,0.8731666991556412,0.12627101504205615,0.0005622858023023981
2015-04-22,0.9113207411697232,0.08830559174505097,0.0003736670852262546
2015-04-23,0.9441058292818564,0.05569077804935384,0.00020339266879000967
2015-04-24,0.9610055518148101,0.038875359309498314,0.00011908887569094233
2015-04-27,0.9572798753813846,0.04260556750327129,0.0001145571153445521
2015-04-28,0.9670754357278497,0.03284048643608628,8.407783606396711e-05
2015-04-29,0.9632721289973885,0.03664154912916845,8.632187344305558e-05
2015-04-30,0.8709429348278425,0.1286392252020155,0.00041783997014178134
2015-05-01,0.7928483037064613,0.20611058029538531,0.0010411159981534499
2015-05-04,0.8762540115455729,0.1231887790156949,0.0005572094387324337
2015-05-05,0.6035595448895301,0.3939429691551344,0.002497485955335467
2015-05-06,0.6751200903045298,0.3230822810638358,0.001797628631634444
2015-05-07,0.7940132440847607,0.2049642258941772,0.0010225300210616017
2015-05-08,0.5409871258881058,0.4555328905297915,0.0034799835821025683
2015-05-11,0.5974712087227715,0.4000124146774512,0.0025163765997773414
2015-05-12,0.7092224988752809,0.28923404242561657,0.0015434586991024352
2015-05-13,0.8244632305081069,0.17471868258700018,0.0008180869048933382
2015-05-14,0.7425899602413032,0.25588304282067575,0.0015269969380209021
2015-05-15,0.849466350650978,0.14980391346801913,0.0007297358810033883
2015-05-18,0.908819514655444,0.09079100928206597,0.0003894760624899195
2015-05-19,0.9411741573885648,0.0586115238094096,0.0002143188020258223
2015-05-20,0.9576645436422526,0.04220497014272187,0.00013048621502577488
2015-05-21,0.9677060534273111,0.03220882433418571,8.512223850299345e-05
2015-05-22,0.9688126880434544,0.031116294645399105,7.101731114659176e-05
2015-05-26,0.8771945636468906,0.12243348164296473,0.000371954710144819
2015-05-27,0.8546593059614136,0.14470441187597816,0.000636282162608112
2015-05-28,0.9085274314638144,0.09110512154334861,0.00036744699283700294
2015-05-29,0.8915452942272006,0.10801111337925563,0.0004435923935438955
2015-06-01,0.9341192248949962,0.06563476999126917,0.000246005113734568
2015-06-02,0.9537484212944778,0.04610297906711704,0.0001485996384055356
2015-06-03,0.9659283076833244,0.03397801736528001,9.367495139633105e-05
2015-06-04,0.9130016185833538,0.08673886122180188,0.00025952019484422404
2015-06-05,0.9409352765339858,0.05887509659893226,0.00018962686708173058
2015-06-08,0.9196612060406791,0.08006458309417151,0.0002742108651490932
2015-06-09,0.9487163690670732,0.05111655831322225,0.00016707261970416552
2015-06-10,0.863867167205387,0.13553598826163638,0.0005968445329761797
2015-06-11,0.9196532158173836,0.080027597816714,0.0003191863659021653
2015-06-12,0.8896510827080416,0.1098989401708262,0.00044997712113169924
2015-06-15,0.9017742131479065,0.0978320280269465,0.0003937588251468263
2015-06-16,0.9247529179191395,0.07495010379244892,0.00029697828841149503
2015-06-17,0.9514467460569426,0.048388043738148,0.00016521020490937235
2015-06-18,0.9167775538347808,0.08290813585008223,0.0003143103151370259
2015-06-19,0.9141794709507736,0.08549749278085325,0.000323036268373182
2015-06-22,0.9296929529556504,0.07003967726978781,0.00026736977456158885
2015-06-23,0.9540279544407022,0.04582160561655112,0.00015043994274664173
2015-06-24,0.920124947317628,0.07961152304998856,0.00026352963238368836
2015-06-25,0.9376447432801905,0.062147517507267006,0.00020773921254279258
2015-06-26,0.9568647052949564,0.04300454196994756,0.00013075273509579534
2015-06-29,0.06703924821129148,0.9227841702900308,0.010176581498677664
2015-06-30,0.1672431889384297,0.8266558671716516,0.006100943889918668
2015-07-01,0.24084221272102244,0.754166327140966,0.004991460138011632
2015-07-02,0.4081560008193549,0.5886418600922129,0.003202139088432287
2015-07-06,0.5147394925788067,0.48275103303456707,0.0025094743866261177
2015-07-07,0.6234130790496264,0.3745988945106709,0.001988026439702447
2015-07-08,0.06041431002887288,0.9284701985790762,0.011115491392050965
2015-07-09,0.1580673478766927,0.8354750735440667,0.006457578579240746
2015-07-10,0.08920876926569653,0.9023456472166851,0.008445583517618236
2015-07-13,0.07348495961506492,0.9177909301146787,0.008724110270256605
2015-07-14,0.16317089120112646,0.8310074540070743,0.005821654791798966
2015-07-15,0.30453045102528803,0.6915788071241583,0.0038907418505537785
2015-07-16,0.3527832155040671,0.6433173146773026,0.003899469818630477
2015-07-17,0.5400287229159736,0.4575965881318435,0.0023746889521831615
2015-07-20,0.7076528280156605,0.2909619163112184,0.0013852556731212408
2015-07-21,0.7674514351403763,0.2314446998775337,0.0011038649820900319
2015-07-22,0.8445954256459424,0.15471186557385624,0.0006927087802009303
2015-07-23,0.8471941336259681,0.15211129162197792,0.0006945747520540509
2015-07-24,0.6362845139066008,0.3615312489777142,0.0021842371156849845
2015-07-27,0.6582155241258048,0.33985934081463126,0.0019251350595641673
2015-07-28,0.4574442948781233,0.538389514464291,0.004166190657585543
2015-07-29,0.5302428917584947,0.4665875422426898,0.0031695659988152996
2015-07-30,0.6967184723705263,0.30165294946850757,0.0016285781609663092
2015-07-31,0.7969674047571028,0.20205883889138604,0.000973756351510991
2015-08-03,0.8601148734018752,0.1392633491146998,0.000621777483424965
2015-08-04,0.9056348885353267,0.09398092355689999,0.00038418790777339175
2015-08-05,0.9395857022504519,0.060191828043609764,0.00022246970593821594
2015-08-06,0.8962984813369084,0.10330513883874545,0.000396379824345843
2015-08-07,0.9234626462640444,0.07625438025693482,0.0002829734790205088
2015-08-10,0.7898543072494958,0.20900338103401458,0.001142311716489609
2015-08-11,0.63037909230789,0.3673160156029464,0.002304892089163754
2015-08-12,0.7756016172738919,0.22325340322055073,0.0011449795055575491
2015-08-13,0.8605827255837951,0.1387886922640386,0.0006285821521666481
2015-08-14,0.9113286099565128,0.08830136641816093,0.00037002362532644013
2015-08-17,0.9339683275524657,0.06577675230739205,0.0002549201401426463
2015-08-18,0.9479426431082363,0.05188419538511824,0.0001731615066458042
2015-08-19,0.896037466088486,0.10358575963166225,0.00037677427985161353
2015-08-20,0.030246693197222264,0.955085069396261,0.014668237406516637
2015-08-21,1.3495030147379048e-07,0.8006366186786398,0.19936324637105873
2015-08-24,4.6624224756276476e-12,0.057976478615057996,0.9420235213802796
2015-08-25,0.0002770512765169168,0.1196055268634352,0.880117421860048
2015-08-26,3.983911918262938e-12,0.0035670277498767,0.9964329722461394
2015-08-27,1.1347240468213462e-07,0.017017393114195523,0.9829824934133999
2015-08-28,0.002096454310123771,0.12459257082285405,0.8733109748670222
2015-08-31,0.005874552125301821,0.25942089820327385,0.7347045496714245
2015-09-01,4.0030787919259855e-08,0.05215605886453051,0.9478439011046816
2015-09-02,7.084963928526924e-05,0.07728158924882605,0.9226475611118886
2015-09-03,0.00913588222244511,0.23172441606929128,0.7591397017082634
2015-09-04,0.001150934076472404,0.27877716687264653,0.7200718990508811
2015-09-08,7.026528355150442e-06,0.12854300628892984,0.8714499671827148
2015-09-09,0.0005119633467305023,0.1945258823418135,0.8049621543114561
2015-09-10,0.0167518738521122,0.38407042577665784,0.5991777003712297
2015-09-11,0.06940707273841015,0.5699940500859547,0.36059887717563505
2015-09-14,0.14295632858130508,0.6752678972583692,0.18177577416032586
2015-09-15,0.07371589912392999,0.7835082270504282,0.14277587382564177
2015-09-16,0.10337895051580111,0.8185853231567638,0.07803572632743543
2015-09-17,0.2025829464489506,0.7649860512617442,0.0324310022893052
2015-09-18,0.013507836269552414,0.9417513590055417,0.04474080472490578
2015-09-21,0.06867140106335201,0.9100703531259614,0.02125824581068655
2015-09-22,0.021109769083951343,0.9592649973664281,0.01962523354962052
2015-09-23,0.08121908918058882,0.9085203747627782,0.010260536056632824
2015-09-24,0.15575255611983546,0.837806644277057,0.006440799603107278
2015-09-25,0.2970530021427701,0.6988275700641065,0.004119427793123637
2015-09-28,0.00011850352541603947,0.957092270543795,0.042789225930789
2015-09-29,0.0527488305554822,0.9277825596482103,0.019468609796307552
2015-09-30,0.0033800021777423365,0.963111433614461,0.03350856420779688
2015-10-01,0.05876694107507906,0.9254486665206589,0.015784392404262156
2015-10-02,0.022192963297006006,0.9603833462900135,0.017423690412980326
2015-10-05,0.002856950259002829,0.9695026453184641,0.027640404422533224
2015-10-06,0.04423438414372496,0.9415595688446158,0.014206047011659173
2015-10-07,0.07973334448640113,0.9104622220409716,0.009804433472627383
2015-10-08,0.10460845443373926,0.887405768360026,0.007985777206234767
2015-10-09,0.22944231433606724,0.7656370703793538,0.004920615284578748
2015-10-12,0.4015079945595858,0.5952934029176278,0.003198602522786365
2015-10-13,0.38946207333407395,0.6070406745127119,0.0034972521532139773
2015-10-14,0.46718793504503725,0.5299094171059657,0.002902647848997412
2015-10-15,0.15859105679001176,0.8333764890155044,0.008032454194483481
2015-10-16,0.2808102047998351,0.7141437662883314,0.005046028911833544
2015-10-19,0.45955101358739364,0.5374375998190294,0.003011386593577051
2015-10-20,0.6206240408636792,0.3774852724940556,0.0018906866422653873
2015-10-21,0.6416938014944205,0.35644020794725345,0.001865990558326178
2015-10-22,0.1644113037307851,0.8264824497055733,0.009106246563641772
2015-10-23,0.12508835112341363,0.8658832046703618,0.009028444206224315
2015-10-26,0.23773240957029323,0.75688478917103,0.005382801258676927
2015-10-27,0.36912956712577105,0.6272419249140699,0.003628507960159008
2015-10-28,0.23995202403857144,0.7542116423966354,0.005836333564793388
2015-10-29,0.4058249584620053,0.5906922982553015,0.0034827432826932034
2015-10-30,0.4798306334659964,0.5172998265277629,0.002869540006240858
2015-11-02,0.3249866458390187,0.6699547617013584,0.005058592459622682
2015-11-03,0.504632660911815,0.49246535433091326,0.002901984757271597
2015-11-04,0.6148923119297313,0.38307582724801315,0.0020318608222554694
2015-11-05,0.7517703381948978,0.24704664326848702,0.0011830185366153057
2015-11-06,0.8514323281562547,0.14791490475372054,0.0006527670900255064
2015-11-09,0.6981230716991732,0.3001980892260477,0.0016788390747791955
2015-11-10,0.8215185336998112,0.17762715947806493,0.0008543068221238395
2015-11-11,0.8710427154574928,0.12838732629666863,0.0005699582458386466
2015-11-12,0.4079326930899052,0.5875978752305929,0.004469431679501826
2015-11-13,0.17740161717812625,0.815378572214377,0.0072198106074967995
2015-11-16,0.048134608932996044,0.9400832733817609,0.0117821176852433
2015-11-17,0.12941444926668336,0.8637285107106707,0.006857040022646109
2015-11-18,0.022981101790902184,0.9641343247889138,0.012884573420184023
2015-11-19,0.08937074442537174,0.9031632577634567,0.007465997811171316
2015-11-20,0.1935511012134065,0.8013430702665226,0.00510582852007089
2015-11-23,0.33843755064540043,0.6580187580184903,0.003543691336109287
2015-11-24,0.5251940154374672,0.4724791163578323,0.0023268682047002907
2015-11-25,0.6913493741776631,0.30721771018789085,0.0014329156344459477
2015-11-27,0.8163196035784528,0.18286851955370123,0.0008118768678461099
2015-11-30,0.8452424992705629,0.15406672861091236,0.0006907721185246379
2015-12-01,0.7713723129903914,0.22732493105190682,0.0013027559577017188
2015-12-02,0.5065244773212435,0.4899821352052088,0.0034933874735477363
2015-12-03,0.09501923061324749,0.895059071887108,0.0099216974996447
2015-12-04,0.0027865088574640057,0.9711489538355615,0.02606453730697457
2015-12-07,0.025955790011929915,0.9584694966865137,0.01557471330155663
2015-12-08,0.05059034857651524,0.9391818651685699,0.010227786254914639
2015-12-09,0.05800687936835637,0.9337085556449062,0.00828456498673736
2015-12-10,0.15402900368922448,0.8405438681605865,0.005427128150189151
2015-12-11,0.002203167367461166,0.9793821752129138,0.018414657419625023
2015-12-14,0.049599575268838535,0.9399698956901219,0.010430529041039164
2015-12-15,0.05298722299399338,0.9374296128725115,0.009583164133495038
2015-12-16,0.019362746425331083,0.9678642563257266,0.012772997248941906
2015-12-17,0.0036513287218972205,0.9793430864414986,0.017005584836604172
2015-12-18,0.0007160063299944131,0.9718746555943728,0.027409338075632506
2015-12-21,0.03279327572141869,0.9510351764368824,0.01617154784169881
2015-12-22,0.0590099184931612,0.9296519022802411,0.011338179226598053
2015-12-23,0.03862343027383225,0.949659093105428,0.011717476620739749
2015-12-24,0.11231191519792635,0.8807435402114997,0.006944544590573764
2015-12-28,0.21600409750347715,0.7792480656230463,0.004747836873476594
2015-12-29,0.1747643084199107,0.8192234524614163,0.006012239118672949
2015-12-30,0.16938154814805212,0.8249365120640473,0.005681939787900507
2015-12-31,0.10511827443821886,0.8881914107224878,0.006690314839293658
2016-01-04,0.010068269552059165,0.9774600651073364,0.012471665340604385
2016-01-05,0.07140107330343076,0.9211927014251301,0.0074062252714391695
2016-01-06,0.016609361534882214,0.9728995719973589,0.010491066467758907
2016-01-07,4.113855234710622e-05,0.9563670935167479,0.04359176793090503
2016-01-08,0.008983258137635853,0.9605234497297563,0.030493292132607746
2016-01-11,0.06950528309229473,0.9161242874593692,0.014370429448336122
2016-01-12,0.1110463595784329,0.8793423903572367,0.009611250064330435
2016-01-13,6.338882474883917e-05,0.9469252939335091,0.05301131724174232
2016-01-14,0.0028414788283013088,0.9406242018213511,0.056534319350347716
2016-01-15,8.968678563059115e-05,0.887371587554728,0.11253872565964136
2016-01-19,0.050659909264684395,0.9006221899459618,0.048717900789353834
2016-01-20,0.02065951352553587,0.9423467717288821,0.03699371474558175
2016-01-21,0.07636243057415587,0.9053648336233772,0.01827273580246725
2016-01-22,0.002582316567052803,0.9597720264082588,0.0376456570246883
2016-01-25,0.0017717099080697238,0.9576676921858868,0.0405605979060439
2016-01-26,0.007500201479205735,0.9572744130441899,0.035225385476604455
2016-01-27,0.011490420509920394,0.9630090399922621,0.0255005394978177
2016-01-28,0.06023658856866128,0.9260962113589778,0.013667200072360922
2016-01-29,0.00020186142170415246,0.9438474764974017,0.05595066208089431
2016-02-01,0.05084308923254818,0.9243098097131911,0.024847101054260624
2016-02-02,0.0011850929085721257,0.9568043848680327,0.04201052222339489
2016-02-03,0.046504931313828345,0.9328894639751741,0.020605604710997816
2016-02-04,0.13641993107412492,0.8535113056929344,0.01006876323294082
2016-02-05,0.0031122585786382464,0.974032182152886,0.0228555592684754
2016-02-08,0.0033056712143248556,0.9732160244520422,0.023478304333632977
2016-02-09,0.05668957801192375,0.9315513827244624,0.011759039263613743
2016-02-10,0.1502026755366586,0.8431285265629581,0.0066687979003834325
2016-02-11,0.04190645290612746,0.9486433905693218,0.009450156524550918
2016-02-12,0.002391839877161051,0.9759524626168903,0.02165569750594899
2016-02-16,0.003413677850733719,0.9701052587744631,0.0264810633748033
2016-02-17,0.003567056989370348,0.9655623687400997,0.030870574270529767
2016-02-18,0.03940673799264801,0.9444614801070974,0.016131781900254473
2016-02-19,0.12198807962559734,0.8695608797594951,0.008451040614907349
2016-02-22,0.038653534942524104,0.9492796689257739,0.012066796131702088
2016-02-23,0.013561988974557241,0.9733836423836122,0.013054368641830353
2016-02-24,0.0697005599756542,0.9222862509186466,0.008013189105699339
2016-02-25,0.05695965780228677,0.9343525153086998,0.008687826889013272
2016-02-26,0.13880914966556207,0.8554960646200623,0.005694785714375665
2016-02-29,0.11649848722139762,0.8774680017810169,0.0060335109975851176
2016-03-01,0.0005942270368899245,0.9676760824723759,0.031729690490734416
2016-03-02,0.04905250952717036,0.9351943333891914,0.01575315708363822
2016-03-03,0.13343098732535363,0.8580484584439388,0.008520554230707477
2016-03-04,0.26299733374573125,0.7318869751689051,0.005115691085363408
2016-03-07,0.4415282304134897,0.5553714263458499,0.0031003432406605585
2016-03-08,0.1955316240351171,0.7983883222601135,0.006080053704769289
2016-03-09,0.3188437404317576,0.6769071715285192,0.004249088039723465
2016-03-10,0.5007949418688672,0.49658488772817067,0.00262017040296178
2016-03-11,0.11027478115736779,0.8800492468935265,0.00967597194910562
2016-03-14,0.22488059463944288,0.7695095965405793,0.0056098088199779215
2016-03-15,0.3680522516065641,0.6283072922856774,0.003640456107758724
2016-03-16,0.4976709099028063,0.49956221173098486,0.002766878366209244
2016-03-17,0.5926561198489073,0.405085446729632,0.0022584334214603673
2016-03-18,0.7248614984985275,0.27373042213207965,0.0014080793693926935
2016-03-21,0.8386005009994948,0.16066236134314302,0.0007371376573620462
2016-03-22,0.901116662556478,0.09847490028856866,0.00040843715495321827
2016-03-23,0.8833194475585023,0.11618909069366565,0.000491461747831833
2016-03-24,0.9280918286026094,0.07163521574230738,0.0002729556550833558
2016-03-28,0.9531486445901806,0.0466972674249719,0.00015408798484762824
2016-03-29,0.9334727599007189,0.06629666637566749,0.00023057372361394652
2016-03-30,0.9509293691750973,0.04890934935461992,0.000161281470282331
2016-03-31,0.9599902831355588,0.039895755636795587,0.00011396122764549587
2016-04-01,0.9583215575677638,0.04156213603981583,0.00011630639242027707
2016-04-04,0.9600290818602175,0.03986643215086755,0.00010448598891447093
2016-04-05,0.8641627788770095,0.13536910528081944,0.0004681158421710335
2016-04-06,0.8003291020328848,0.19866636065190885,0.0010045373152061114
2016-04-07,0.46873842156204026,0.5274818874648064,0.0037796909731532893
2016-04-08,0.6428768314327306,0.35510419780117997,0.0020189707660895374
2016-04-11,0.7493155936141854,0.24942934696058278,0.0012550594252315125
2016-04-12,0.7100322087225789,0.2882527296145869,0.0017150616628344305
2016-04-13,0.652630240593702,0.34507843833347684,0.0022913210728212645
2016-04-14,0.7889053294152459,0.20999347804002905,0.0011011925447251014
2016-04-15,0.8708633394268089,0.1285541035338378,0.0005825570393533015
2016-04-18,0.8955857185534094,0.10394681641978998,0.00046746502680082547
2016-04-19,0.9342552298045076,0.06548867453186467,0.00025609566362808474
2016-04-20,0.9564098527227127,0.043448778142039464,0.0001413691352477653
2016-04-21,0.946924309765906,0.052919283257903446,0.00015640697619066595
2016-04-22,0.9621953744309343,0.03769972847048058,0.00010489709858514483
2016-04-25,0.9668333022232248,0.03308541345137601,8.128432539935905e-05
2016-04-26,0.9725002575254417,0.027438466346333595,6.127612822456636e-05
2016-04-27,0.9753256319233586,0.024625144279608456,4.9223797032975934e-05
2016-04-28,0.9154224371583494,0.08436979925881227,0.00020776358283812373
2016-04-29,0.9160229779352118,0.08370150884973614,0.0002755132150525806
2016-05-02,0.913724128261269,0.08594083086349222,0.000335040875238893
2016-05-03,0.838742041611866,0.16053433697311095,0.0007236214150232881
2016-05-04,0.8359839451658504,0.16325708806934977,0.0007589667647994651
2016-05-05,0.902150074227472,0.09744423308086994,0.0004056926916583181
2016-05-06,0.9375494370824831,0.062217039899724706,0.00023352301779250978
2016-05-09,0.9580602565032456,0.04180761247365762,0.00013213102309653858
2016-05-10,0.8663224677972831,0.13311836484484213,0.0005591673578750191
2016-05-11,0.7340847666627766,0.2645104673769458,0.0014047659602776305
2016-05-12,0.8411889757141315,0.15807818020452677,0.0007328440813413252
2016-05-13,0.7529379242442706,0.24575840586360095,0.001303669892128545
2016-05-16,0.7079482673330283,0.2902730059985843,0.0017787266683873255
2016-05-17,0.5419150995009204,0.45501239806220417,0.003072502436875429
2016-05-18,0.7070836614757267,0.2913504491804005,0.0015658893438730546
2016-05-19,0.779617632901493,0.2192978132606861,0.0010845538378211636
2016-05-20,0.8377080800976086,0.1615011000147908,0.0007908198876003941
2016-05-23,0.8930629681999072,0.10647675214345759,0.0004602796566352572
2016-05-24,0.6837578781235598,0.3141434514399758,0.0020986704364643143
2016-05-25,0.7431383214323559,0.2553252535766449,0.0015364249909993253
2016-05-26,0.8467638647034943,0.15249030345833767,0.0007458318381676034
2016-05-27,0.9009140190346814,0.09864962371505216,0.00043635725026675644
2016-05-31,0.9358121229708257,0.06394648651386702,0.00024139051530735534
2016-06-01,0.9573088048487334,0.04255517912865212,0.00013601602261384337
2016-06-02,0.9670288328465569,0.0328824631962389,8.870395720489542e-05
2016-06-03,0.9664174392327738,0.03350397532825744,7.858543896881238e-05
2016-06-06,0.967698109736706,0.03222604666420651,7.584359908788698e-05
2016-06-07,0.9730428453790573,0.02689869478775221,5.845983319056562e-05
2016-06-08,0.974372237349521,0.02557629264536439,5.1470005114777674e-05
2016-06-09,0.973607508100051,0.026342435467722494,5.005643222603048e-05
2016-06-10,0.9137353766425382,0.08604874104430697,0.00021588231315465545
2016-06-13,0.855959368799674,0.1434947213663803,0.0005459098339457372
2016-06-14,0.9061942813307424,0.09344685681502783,0.0003588618542294947
2016-06-15,0.9354350967743515,0.06433500364742226,0.00022989957822588562
2016-06-16,0.9553153873973268,0.04454145071449998,0.00014316188817353666
2016-06-17,0.9579590142439759,0.04192330205802519,0.00011768369799901978
2016-06-20,0.9594637725193101,0.04042373835905088,0.00011248912163905461
2016-06-21,0.9682403707202076,0.031679389975338985,8.023930445385038e-05
2016-06-22,0.9704568011106958,0.029477739043525124,6.545984577871762e-05
2016-06-23,0.862227112938806,0.1372874744123001,0.0004854126488936666
2016-06-24,3.719628536388846e-07,0.8019808220232684,0.19801880601387817
2016-06-27,0.00042754140594308837,0.7669269226658659,0.23264553592819082
2016-06-28,0.0014981266338842181,0.7507438470235148,0.24775802634260122
2016-06-29,0.002107950859371223,0.7501490836176469,0.24774296552298178
2016-06-30,0.007679423793659669,0.8021916559871559,0.19012892021918432
2016-07-01,0.06420735404634646,0.8514668836028756,0.08432576235077778
2016-07-05,0.08250395227620877,0.8733856190171745,0.04411042870661669
2016-07-06,0.16665229212407068,0.8128819464197948,0.020465761456134254
2016-07-07,0.30938045663637576,0.6817518499517301,0.008867693411894275
2016-07-08,0.08034650886311341,0.9049163885227987,0.014737102614087987
2016-07-11,0.18374485689600925,0.8084375185487951,0.007817624555195423
2016-07-12,0.2579033779125142,0.7364243407713331,0.005672281316152513
2016-07-13,0.4322138078400071,0.5644748618545002,0.0033113303054926792
2016-07-14,0.5692472315970817,0.4284029894047503,0.0023497789981678837
2016-07-15,0.719180937026657,0.279454566909515,0.0013644960638278451
2016-07-18,0.8329639621128816,0.16627939802051037,0.0007566398666074598
2016-07-19,0.8947413729119695,0.10482101166953131,0.00043761541849925037
2016-07-20,0.9292849549965368,0.07044008542044267,0.0002749595830208233
2016-07-21,0.9393631219205515,0.06042640445309603,0.00021047362635263962
2016-07-22,0.9535122644263102,0.04633799158793432,0.00014974398575569266
2016-07-25,0.9579279518367957,0.04195307203016529,0.0001189761330391203
2016-07-26,0.967942407358111,0.03197649159506898,8.110104682006723e-05
2016-07-27,0.9711486496519499,0.02878746521119405,6.3885136856315e-05
2016-07-28,0.9746798148600583,0.025268624445975895,5.156069396585464e-05
2016-07-29,0.9763831842401258,0.0235725085847553,4.430717511898998e-05
2016-08-01,0.9754218691600441,0.02453428345607948,4.384738387577013e-05
2016-08-02,0.9536359405756742,0.04626846405769667,9.559536662914586e-05
2016-08-03,0.9647139578520404,0.035198752534362596,8.728961359660045e-05
2016-08-04,0.9712162595881899,0.028718245533492004,6.549487831812191e-05
2016-08-05,0.9520846064799438,0.047793932093151484,0.00012146142690470132
2016-08-08,0.9634113204921931,0.036494203838189375,9.447566961733328e-05
2016-08-09,0.9706931420410023,0.029238396797563966,6.846116143326359e-05
2016-08-10,0.9687365832760122,0.031196619860730062,6.679686325749504e-05
2016-08-11,0.9694355271976927,0.030496751709781826,6.772109252522919e-05
2016-08-12,0.9725280299916056,0.027414595198368787,5.737481002621966e-05
2016-08-15,0.9746787379987232,0.025270856758364723,5.040524291181978e-05
2016-08-16,0.9594648544694163,0.040451307260289227,8.383827029433534e-05
2016-08-17,0.9688850569549985,0.03104286148065629,7.208156434574267e-05
2016-08-18,0.9733388512598712,0.02660399835395647,5.7150386172452285e-05
2016-08-19,0.9735589399567075,0.0263893356382525,5.172440503999924e-05
2016-08-22,0.974897269060266,0.025055194583618105,4.753635611540712e-05
2016-08-23,0.9763909273432456,0.023565545360377957,4.352729637618512e-05
2016-08-24,0.9622978294380813,0.037628777879090664,7.339268282820661e-05
2016-08-25,0.9678696726388533,0.03205881846848889,7.150889265741583e-05
2016-08-26,0.9704036626674649,0.02953259564285015,6.374168968518289e-05
2016-08-29,0.969037782503704,0.030894163043638987,6.80544526572424e-05
2016-08-30,0.9702298263259563,0.029706967132099055,6.32065419448755e-05
2016-08-31,0.9698572944049675,0.03007992339810852,6.27821969237707e-05
2016-09-01,0.9735573035441157,0.026388813481012467,5.388297487159307e-05
2016-09-02,0.9732422647261009,0.026704229249668834,5.3506024230531846e-05
2016-09-06,0.9748482955987515,0.02510260117976843,4.9103221479966055e-05
2016-09-07,0.9759372500036019,0.024018386190210968,4.4363806187689294e-05
2016-09-08,0.973423523657139,0.02652817879068819,4.8297552172107546e-05
2016-09-09,0.011026497418405763,0.9757895569193018,0.013183945662292208
2016-09-12,0.008530211820794565,0.9758659668865783,0.015603821292627232
2016-09-13,0.003020669126880007,0.9780205865153192,0.01895874435780078
2016-09-14,0.0564518725908308,0.9335697786877547,0.00997834872141425
2016-09-15,0.0643507461526906,0.9266910199935912,0.00895823385371819
2016-09-16,0.12727781929479773,0.8665918410278101,0.006130339677392139
2016-09-19,0.26002471065748756,0.7358237625128929,0.004151526829619371
2016-09-20,0.4355094354770589,0.5616627142721233,0.0028278502508176954
2016-09-21,0.340404285974303,0.6551481821745871,0.004447531851110056
2016-09-22,0.44306594620832657,0.5535111532572667,0.003422900534406536
2016-09-23,0.47865276578193344,0.5183157505154575,0.00303148370260887
2016-09-26,0.36781116349854737,0.6280965065901265,0.00409232991132596
2016-09-27,0.472764626362981,0.5240713478119899,0.0031640258250291756
2016-09-28,0.6059960018485168,0.39183035633742386,0.0021736418140594353
2016-09-29,0.4410877400649161,0.5552762118614079,0.0036360480736759224
2016-09-30,0.48892651031952195,0.5078032075017005,0.0032702821787774917
2016-10-03,0.6085516019430066,0.38930631903806673,0.0021420790189263022
2016-10-04,0.6631418710330005,0.33508495019915985,0.0017731787678396844
2016-10-05,0.7794586500001198,0.2194544131761601,0.001086936823720018
2016-10-06,0.8712621234717977,0.12817156252935885,0.0005663139988431983
2016-10-07,0.9041993910629458,0.09540950947533629,0.0003910994617178986
2016-10-10,0.9330898487261411,0.06665429422244805,0.00025585705141032127
2016-10-11,0.6818930224474654,0.3163742163394446,0.0017327612130898
2016-10-12,0.8109406819084275,0.1881613227953605,0.0008979952962121535
2016-10-13,0.8654107408123652,0.13399392985377037,0.000595329333864396
2016-10-14,0.919683544850253,0.07999883130456814,0.000317623845178701
2016-10-17,0.9369884615248367,0.06278745377575393,0.00022408469940920055
2016-10-18,0.9442201156071673,0.05558704018037466,0.000192844212458264
2016-10-19,0.9611143303157108,0.038769128437443394,0.00011654124684552513
2016-10-20,0.9672327979740537,0.0326845755563994,8.262646954663891e-05
2016-10-21,0.9722235174258959,0.027714875651504496,6.160692259956048e-05
2016-10-24,0.9713449232966141,0.0285943524860287,6.0724217357576406e-05
2016-10-25,0.9658002810835288,0.03412754420217673,7.217471429484796e-05
2016-10-26,0.9689493653208167,0.030982683080810546,6.795159837230663e-05
2016-10-27,0.9673092199358728,0.03262006042723829,7.071963688913872e-05
2016-10-28,0.965904706566082,0.034019868316957094,7.542511696095548e-05
2016-10-31,0.9715254555499877,0.02841242325043089,6.21211995810282e-05
2016-11-01,0.9459289368405739,0.05394349216127572,0.00012757099815033897
2016-11-02,0.9237394594999394,0.0760280559462179,0.00023248455384256215
2016-11-03,0.9290540363766809,0.0707093278510527,0.00023663577226648255
2016-11-04,0.9490403405555599,0.05079783443576142,0.00016182500867876034
2016-11-07,0.10580661041723641,0.8826847599755214,0.01150862960724217
2016-11-08,0.2185585518763287,0.7749546671618219,0.006486780961849303
2016-11-09,0.16194151181417835,0.8306711814807451,0.007387306705076768
2016-11-10,0.3122198248242376,0.6833910949812356,0.004389080194526682
2016-11-11,0.47566644697346694,0.5215238130994588,0.002809739927074145
2016-11-14,0.6499459651554408,0.34835748146203915,0.0016965533825200666
2016-11-15,0.6992778774859408,0.29911628509104576,0.0016058374230133506
2016-11-16,0.8073567578027877,0.19173128178013543,0.000911960417077281
2016-11-17,0.8732903474470725,0.12613595103500275,0.0005737015179246116
2016-11-18,0.9127379576882128,0.08690886180190271,0.000353180509884171
2016-11-21,0.9154276035825947,0.08422180847829232,0.0003505879391131741
2016-11-22,0.9464814136192456,0.053327524927707926,0.00019106145304631836
2016-11-23,0.9625465872198842,0.0373425402810091,0.00011087249910631927
2016-11-25,0.9679541440773899,0.03196398163952351,8.18742830866337e-05
2016-11-28,0.9555651046615063,0.04432671848985175,0.00010817684864166158
2016-11-29,0.9671089929234296,0.03280931093276293,8.169614380740123e-05
2016-11-30,0.9672871540573741,0.032638412310273576,7.443363235246161e-05
2016-12-01,0.9643488518693288,0.035570517620448605,8.063051022248966e-05
2016-12-02,0.9711558322333513,0.02877975639411188,6.441137253662181e-05
2016-12-05,0.9675771936864427,0.03235034573698064,7.246057657676529e-05
2016-12-06,0.9714450976728748,0.028491940362037824,6.296196508723106e-05
2016-12-07,0.8713210112862361,0.12824050684160873,0.00043848187215524663
2016-12-08,0.9231397371883419,0.07658276570150097,0.0002774971101571572
2016-12-09,0.9366806444171774,0.06308938771314292,0.00022996786967941516
2016-12-12,0.9547900637970683,0.04506749438907204,0.00014244181386007616
2016-12-13,0.9537422252884652,0.04611741216582308,0.0001403625457118748
2016-12-14,0.9063915691268517,0.09329405944657707,0.00031437142657120547
2016-12-15,0.9375370881365953,0.06224492380860795,0.00021798805479650104
2016-12-16,0.9534660468712525,0.04638887477489505,0.00014507835385236436
2016-12-19,0.9658787745718573,0.034028250259031785,9.297516911147825e-05
2016-12-20,0.9702145892897446,0.02971434794532266,7.106276493325848e-05
2016-12-21,0.9696344445713299,0.0303003529851958,6.520244347486701e-05
2016-12-22,0.9707574969226546,0.029181377994657517,6.112508268785744e-05
2016-12-23,0.9745256903870355,0.025422952899195026,5.135671376931079e-05
2016-12-27,0.9760685054701673,0.02388627953249731,4.5214997335086646e-05
2016-12-28,0.9317630864051323,0.06808192828466186,0.00015498531020572196
2016-12-29,0.9539669129985477,0.04590498811631717,0.00012809888513574835
2016-12-30,0.9492366462334866,0.05062047336739925,0.00014288039911401762
2017-01-03,0.933644999765451,0.06613368233844348,0.00022131789610560807
2017-01-04,0.9447235671804343,0.05508964043899756,0.00018679238056821103
2017-01-05,0.9598486055121289,0.040033149364199536,0.00011824512367181455
2017-01-06,0.9672918731131845,0.0326231313875834,8.499549923209739e-05
2017-01-09,0.9642208791234554,0.03569527659159645,8.384428494834623e-05
2017-01-10,0.9708007489360656,0.029133343628088823,6.590743584523042e-05
2017-01-11,0.9737847292417976,0.02616053813026288,5.473262793973682e-05
2017-01-12,0.9724067256784971,0.027539553257784552,5.372106371829436e-05
2017-01-13,0.9752199801927642,0.024731949735039043,4.807007219740511e-05
2017-01-17,0.9711065286857901,0.02883883644364696,5.463487056283528e-05
2017-01-18,0.9746162270870399,0.025333821312265793,4.995160069433853e-05
2017-01-19,0.9686353434101194,0.031303543403568765,6.111318631199449e-05
2017-01-20,0.9720488748767612,0.02789234361743152,5.878150580736799e-05
2017-01-23,0.9700432911090958,0.029895890572750484,6.081831815379662e-05
2017-01-24,0.9638725460893404,0.03604486895723875,8.258495342115955e-05
2017-01-25,0.9504341946790413,0.04943100382453177,0.00013480149642676174
2017-01-26,0.9628695444494558,0.03703169939019049,9.875616035382233e-05
2017-01-27,0.9690667871503028,0.03085958965155647,7.362319814046184e-05
2017-01-30,0.9507781740658935,0.049102651122153,0.0001191748119535765
2017-01-31,0.9627616850376828,0.037142472214280596,9.584274803698211e-05
2017-02-01,0.9703137289330923,0.02961649397023877,6.977709666917026e-05
2017-02-02,0.9741654722027967,0.02578069788961208,5.38299075907935e-05
2017-02-03,0.9633453368928682,0.03657369272125741,8.097038587421749e-05
2017-02-06,0.9666865544448465,0.03323719664338149,7.624891177183847e-05
2017-02-07,0.9721973885386889,0.027742080032427608,6.0531428883179046e-05
2017-02-08,0.9751276967236966,0.02482296036902859,4.934290727513846e-05
2017-02-09,0.9702434167892935,0.029696486597635775,6.00966130703923e-05
2017-02-10,0.9725831840609157,0.027359818193144234,5.6997745939466164e-05
2017-02-13,0.970254486688304,0.029682904554987014,6.260875670891236e-05
2017-02-14,0.9718479534722525,0.02809239104719474,5.965548055248268e-05
2017-02-15,0.9705239794133153,0.02941340690449527,6.261368219022004e-05
2017-02-16,0.9729898219736849,0.026955215269331936,5.496275698277629e-05
2017-02-17,0.9755545067591187,0.024398156889627782,4.733635125353554e-05
2017-02-21,0.9695213230424641,0.030417338316356266,6.133864118006756e-05
2017-02-22,0.9721534663390378,0.02778961632331479,5.6917337647676654e-05
2017-02-23,0.9749896266547158,0.024961469860797194,4.890348448685511e-05
2017-02-24,0.9765559099411475,0.02340081903689724,4.327102195472531e-05
2017-02-27,0.977309690280498,0.02265039176642463,3.9917953077213976e-05
2017-02-28,0.9733670043304368,0.026586199905592602,4.679576397109284e-05
2017-03-01,0.857947326448624,0.14158796311648136,0.00046471043489471785
2017-03-02,0.854778555811704,0.14463397870138134,0.0005874654869145492
2017-03-03,0.9143605859176995,0.085308330993582,0.0003310830887184523
2017-03-06,0.932025885014142,0.06772950026365498,0.00024461472220278237
2017-03-07,0.9453227689538037,0.054497386644160185,0.0001798444020362331
2017-03-08,0.9559874151652749,0.043882218038018644,0.00013036679670633047
2017-03-09,0.9672423626267098,0.03267216351825438,8.54738550356863e-05
2017-03-10,0.97147914300213,0.02845527154430663,6.558545356316535e-05
2017-03-13,0.9746347748587195,0.02531363265773236,5.159248354725191e-05
2017-03-14,0.9694563946023338,0.030484005362208473,5.960003545803905e-05
2017-03-15,0.9523818779283862,0.0474999234405548,0.00011819863105895703
2017-03-16,0.9619598069179347,0.03794200746401613,9.818561804965518e-05
2017-03-17,0.9677992637477264,0.032123681227805505,7.705502446882296e-05
2017-03-20,0.9694206133158795,0.030511856736990188,6.752994712986473e-05
2017-03-21,0.7887485605966248,0.21051377497445192,0.0007376644289233884
2017-03-22,0.8769716440384755,0.12255174433891863,0.00047661162260614974
2017-03-23,0.9222580276832797,0.07745196410115879,0.00029000821556193453
2017-03-24,0.9478372996844168,0.051988109867150314,0.0001745904484330554
2017-03-27,0.9609754224717297,0.038911870215116724,0.00011270731315326697
2017-03-28,0.9537394197917972,0.0461272279329501,0.00013335227525280584
2017-03-29,0.9662052487625474,0.033705627846663186,8.912339078952674e-05
2017-03-30,0.9713744592845608,0.02855903056356915,6.651015186974907e-05
2017-03-31,0.9708089497584705,0.029130128598689332,6.0921642840374744e-05
2017-04-03,0.9718467997551649,0.0280959515172073,5.724872762785217e-05
2017-04-04,0.9749052812580014,0.02504544876584783,4.926997615116622e-05
2017-04-05,0.9706590064632409,0.029284909182844057,5.608435391480735e-05
2017-04-06,0.9743391156773633,0.025609828502589947,5.1055820046595304e-05
2017-04-07,0.974981248175234,0.024971802448514113,4.6949376251655903e-05
2017-04-10,0.9764740387099473,0.02348308682042658,4.287446962642292e-05
2017-04-11,0.9752148132381901,0.024741250113325012,4.393664848527913e-05
2017-04-12,0.96845886851931,0.03148150852422011,5.962295647007502e-05
2017-04-13,0.9425227271398258,0.0573396429734854,0.00013762988668907387
2017-04-17,0.9261564428455187,0.07359694307502415,0.00024661407945723103
2017-04-18,0.9417779896000517,0.05803124223794163,0.0001907681620066553
2017-04-19,0.9559163160427594,0.043951866968506136,0.00013181698873413668
2017-04-20,0.9477663840204062,0.05207216511199693,0.0001614508675968228
2017-04-21,0.9543240799170695,0.045543286416924705,0.00013263366600588727
2017-04-24,0.9030641374342194,0.0965736857008973,0.00036217686488319097
2017-04-25,0.9223582753022805,0.07733952171694165,0.0003022029807776741
2017-04-26,0.9487272024580302,0.05109901044792426,0.0001737870940450769
2017-04-27,0.9635321936602583,0.03636323071733507,0.00010457562240665044
2017-04-28,0.9673172279701003,0.03260294464211134,7.982738778854058e-05
2017-05-01,0.9727862449829466,0.02715363035467809,6.012466237486688e-05
2017-05-02,0.9755071124534405,0.024444523463350864,4.836408320851355e-05
2017-05-03,0.9749648679496828,0.024989123792977342,4.600825734001524e-05
2017-05-04,0.9764284409864497,0.023528786818379395,4.277219517103102e-05
2017-05-05,0.9749694007191199,0.024984639375715885,4.595990516445979e-05
2017-05-08,0.9761353646905903,0.02382133948366937,4.329582574026043e-05
2017-05-09,0.9756397661594588,0.0243169523961787,4.328144436228917e-05
2017-05-10,0.9768790033544046,0.023079826416287853,4.11702293079713e-05
2017-05-11,0.9740758353067059,0.02587838385385016,4.5780839443950676e-05
2017-05-12,0.9738789751708994,0.026072706565325475,4.831826377539646e-05
2017-05-15,0.9722025965076542,0.027742479635647032,5.492385669853489e-05
2017-05-16,0.974070966601054,0.025878596098360983,5.043730058518683e-05
2017-05-17,0.2800887184988436,0.7158938885802845,0.004017392920872157
2017-05-18,0.4435642116084983,0.5535562033498985,0.002879585041603449
2017-05-19,0.5362915697948302,0.4611778928064419,0.0025305373987280677
2017-05-22,0.6649234544923096,0.33332477196887594,0.0017517735388145072
2017-05-23,0.798920325262796,0.20013338650137286,0.0009462882358311845
2017-05-24,0.8815678544995226,0.11791846122201056,0.000513684278467401
2017-05-25,0.9206978932455098,0.07898051486052765,0.00032159189396305715
2017-05-26,0.949147777329659,0.05067672962679529,0.00017549304354537085
2017-05-30,0.9612648991018397,0.03862282711968667,0.0001122737784733038
2017-05-31,0.9688299426379872,0.03109292851715587,7.712884485689358e-05
2017-06-01,0.9575838701270722,0.042307918775676995,0.00010821109725081767
2017-06-02,0.9657460898089129,0.034166347086387515,8.756310469984603e-05
2017-06-05,0.9699691042736744,0.029962282243254593,6.861348307126965e-05
2017-06-06,0.9685716599428953,0.03136093603246747,6.74040246373032e-05
2017-06-07,0.9734356343201963,0.02650859079742546,5.577488237804406e-05
2017-06-08,0.9755334940968055,0.024419436495287446,4.706940790743685e-05
2017-06-09,0.9755838644458036,0.02437172053487972,4.441501931648241e-05
2017-06-12,0.9754192668520734,0.024536544881016132,4.418826691027329e-05
2017-06-13,0.9736343668667572,0.026315746502022716,4.9886631219495865e-05
2017-06-14,0.9743981596631484,0.025553629094749484,4.821124210251851e-05
2017-06-15,0.9725299073288195,0.027418355060258786,5.1737610921587e-05
2017-06-16,0.9750986288226038,0.024853864699530638,4.750647786571064e-05
2017-06-19,0.9574606077480337,0.04244412445644019,9.526779552634629e-05
2017-06-20,0.9328304276551629,0.066981890319616,0.00018768202522105528
2017-06-21,0.9540005415793793,0.04586449818251881,0.00013496023810164118
2017-06-22,0.965147157888783,0.034760609020163945,9.223309105327047e-05
2017-06-23,0.9717739586976223,0.028160651174438833,6.539012793865564e-05
2017-06-26,0.9747506498465548,0.025198146153006078,5.120400043830901e-05
2017-06-27,0.9341529216502267,0.06569341914068606,0.0001536592090871075
2017-06-28,0.9158861475840457,0.08382065463961452,0.0002931977763396807
2017-06-29,0.8441464843396482,0.1551868105440131,0.0006667051163389143
2017-06-30,0.9090041143221094,0.09063133283848991,0.0003645528394011783
2017-07-03,0.9429587286455834,0.05683658354704129,0.00020468780737519535
2017-07-05,0.9608689259271621,0.039012328610847496,0.00011874546199055776
2017-07-06,0.888436938846522,0.11118423009072372,0.0003788310627543003
2017-07-07,0.9094518211658338,0.09019357723173978,0.0003546016024262039
2017-07-10,0.9438427991532141,0.055959822869661946,0.00019737797712445274
2017-07-11,0.9593680804236006,0.04051007281862203,0.00012184675777703902
2017-07-12,0.9521928426196367,0.047665269799660924,0.0001418875807024781
2017-07-13,0.9653004832809458,0.03460561202056101,9.390469849342337e-05
2017-07-14,0.9676811717475113,0.03223934202470282,7.948622778579866e-05
2017-07-17,0.9724729328069703,0.027466782647182185,6.028454584771899e-05
2017-07-18,0.9752266921184003,0.02472433190393473,4.8975977665366624e-05
2017-07-19,0.971442077954652,0.028501131520704704,5.6790524643232446e-05
2017-07-20,0.9742459043593723,0.02570341982505621,5.0675815571815586e-05
2017-07-21,0.9754422000966924,0.02451187373060636,4.592617270101768e-05
2017-07-24,0.9752320706652744,0.024722979608106384,4.494972661914605e-05
2017-07-25,0.9758993353493973,0.024056348795741485,4.431585486123124e-05
2017-07-26,0.9767433184241736,0.023215281460837563,4.140011498921276e-05
2017-07-27,0.9760195799680792,0.02393855654778494,4.186348413587318e-05
2017-07-28,0.9751229713026045,0.024832934528659336,4.409416873586492e-05
2017-07-31,0.9754969689960454,0.02445889033568365,4.4140668270907864e-05
2017-08-01,0.9764176081842337,0.02353963440158561,4.275741418077312e-05
2017-08-02,0.9770970129217389,0.022862781348872603,4.0205729388233506e-05
2017-08-03,0.9741517735846309,0.025802920058788568,4.530635658043082e-05
2017-08-04,0.9760518651692527,0.023904089141173146,4.404568957374232e-05
2017-08-07,0.9770414916868592,0.022917543506835853,4.096480630525647e-05
2017-08-08,0.9736063111191016,0.026347032643908096,4.665623699034584e-05
2017-08-09,0.9751262220878676,0.024827767769618654,4.601014251324551e-05
2017-08-10,0.6645138114786817,0.3342620311626185,0.001224157358699795
2017-08-11,0.7991730553945235,0.20000918229449635,0.0008177623109805234
2017-08-14,0.7457730858601527,0.25284035137969785,0.0013865627601497277
2017-08-15,0.8469022616555946,0.15238305354901172,0.0007146847953936029
2017-08-16,0.9105896817511712,0.08904074690854448,0.0003695713402837097
2017-08-17,0.35392960275455465,0.6409733381934906,0.00509705905195482
2017-08-18,0.5120786784346729,0.48499801045154745,0.0029233111137794217
2017-08-21,0.6858399694030198,0.3125611772413817,0.001598853355598106
2017-08-22,0.6328142576557468,0.3649206015233239,0.0022651408209292618
2017-08-23,0.7266022963731661,0.27194730469685097,0.001450398929982843
2017-08-24,0.8205392305553587,0.1786143257439439,0.0008464437006975988
2017-08-25,0.8956971889527682,0.1038599523589016,0.0004428586883299399
2017-08-28,0.936344993365463,0.06341794109451776,0.00023706554001851125
2017-08-29,0.9574961206021125,0.042369403965895655,0.0001344754319917598
2017-08-30,0.9634930827928473,0.036405212358315765,0.00010170484883713956
2017-08-31,0.963241192425164,0.03666265072504206,9.615684979377996e-05
2017-09-01,0.9706925249611497,0.029238039312803464,6.943572604654568e-05
2017-09-05,0.9362514032014063,0.06358721786203297,0.00016137893656050742
2017-09-06,0.9557323161744261,0.044140336084866734,0.00012734774070725122
2017-09-07,0.9663800665117611,0.03353277779668215,8.715569155686336e-05
2017-09-08,0.9697935789785348,0.030137484522609535,6.893649885531843e-05
2017-09-11,0.9238272702513043,0.07594685179554192,0.00022587795315368576
2017-09-12,0.9486597862507209,0.05117759663280047,0.0001626171164789473
2017-09-13,0.9636025564108247,0.03629524550197376,0.00010219808720135483
2017-09-14,0.9690594243240853,0.03086624054783262,7.433512808254773e-05
2017-09-15,0.973595878662847,0.02634735132743659,5.6770009715996454e-05
2017-09-18,0.9758884574908535,0.0240648444780477,4.669803109953931e-05
2017-09-19,0.9769983708265892,0.022960133668008562,4.149550540274323e-05
2017-09-20,0.9774323917697695,0.022528529546882437,3.907868334798661e-05
2017-09-21,0.9721971325757056,0.027753851139739615,4.901628455476639e-05
2017-09-22,0.975108513687454,0.024844370310563583,4.7116001982639267e-05
2017-09-25,0.9729653654963604,0.02698437980445742,5.025469918202688e-05
2017-09-26,0.9751753026407387,0.024777817597609126,4.6879761652063044e-05
2017-09-27,0.9743124243275639,0.02563875061196131,4.8825060474387204e-05
2017-09-28,0.9762430661349666,0.023712860465918226,4.407339911468092e-05
2017-09-29,0.9754745500907915,0.024480420819093393,4.5029090115660924e-05
2017-10-02,0.9748200094996189,0.025132936649239705,4.7053851141197464e-05
2017-10-03,0.9762594894855599,0.02369669927365042,4.381124078993593e-05
2017-10-04,0.9771828426938286,0.022776711369783365,4.044593638796589e-05
2017-10-05,0.9718143373804039,0.02813267653742048,5.2986082176134425e-05
2017-10-06,0.9733499617148903,0.02659827082239401,5.176746271537409e-05
2017-10-09,0.9728895944430892,0.027058328506118907,5.207705079200339e-05
2017-10-10,0.975223128444316,0.02472909698335248,4.777457233168932e-05
2017-10-11,0.9766008302490999,0.02335620336587961,4.2966385020548384e-05
2017-10-12,0.9748543638193721,0.02510097684322861,4.465933739890595e-05
2017-10-13,0.976463431849072,0.023494037381425845,4.253076950173433e-05
2017-10-16,0.9772151097822381,0.022744705844592334,4.0184373169605846e-05
2017-10-17,0.9775495495769674,0.022411942294275112,3.850812875812891e-05
2017-10-18,0.9777316227197723,0.022230681381393228,3.769589883424141e-05
2017-10-19,0.9776583189455401,0.02230414089147771,3.7540162982109074e-05
2017-10-20,0.9735228900877593,0.026429232242869097,4.7877669371310146e-05
2017-10-23,0.9665057850206717,0.03342816774895747,6.604723037088643e-05
2017-10-24,0.9724178301107655,0.027523758564014376,5.841132522002053e-05
2017-10-25,0.9624958262033695,0.03742445096618067,7.972283044969896e-05
2017-10-26,0.9705059734489099,0.029427619142883568,6.640740820702122e-05
2017-10-27,0.9555451743268091,0.044344208208700456,0.0001106174644904659
2017-10-30,0.9583811398554061,0.041511000861130076,0.00010785928346362708
2017-10-31,0.9684588591401969,0.03146351306682678,7.762779297583623e-05
2017-11-01,0.9733785162442313,0.026563523801109667,5.795995465899043e-05
2017-11-02,0.9754591700130685,0.024493157480320927,4.767250661056896e-05
2017-11-03,0.9758372552683325,0.024117735192820358,4.50095388471631e-05
2017-11-06,0.9769794312949778,0.02297930717689151,4.126152813074545e-05
2017-11-07,0.9769540142987514,0.023006091800432678,3.989390081566144e-05
2017-11-08,0.9775077310999425,0.022453468305597666,3.880059445972146e-05
2017-11-09,0.9699341446790684,0.030012069681624585,5.3785639307113854e-05
2017-11-10,0.9726386305565382,0.027307269383253813,5.4100060207673395e-05
2017-11-13,0.9754129654136736,0.024539650683099243,4.73839032273101e-05
2017-11-14,0.972935358950809,0.027014370187770535,5.027086142035774e-05
2017-11-15,0.9577281006086047,0.04218279712520293,8.910226619263064e-05
2017-11-16,0.9438794676693023,0.05596013006726644,0.00016040226343141842
2017-11-17,0.9537939302229153,0.04607315511382422,0.00013291466326062474
2017-11-20,0.9662442388315288,0.03366674105184862,8.902011662215604e-05
2017-11-21,0.961438909350073,0.038461973338085154,9.911731184176697e-05
2017-11-22,0.9685103141498098,0.03141438663397079,7.52992162192499e-05
2017-11-24,0.9732356400288645,0.026706311317651905,5.804865348303656e-05
2017-11-27,0.9749240092056529,0.025027120637975422,4.887015637160415e-05
2017-11-28,0.9437651650331186,0.056096727390276886,0.00013810757660459003
2017-11-29,0.9600351313348808,0.039857472262173926,0.00010739640294504949
2017-11-30,0.9458799350702862,0.05395887154084767,0.00016119338886598335
2017-12-01,0.9572053342825363,0.04267268731517352,0.00012197840229030804
2017-12-04,0.9658130025449752,0.034099226368069405,8.777108695548556e-05
2017-12-05,0.9624570514892294,0.03745316180219976,8.978670857106417e-05
2017-12-06,0.9698160344251839,0.03011411758931212,6.984798550396286e-05
2017-12-07,0.9731871279864172,0.026755591089025213,5.7280924557322405e-05
2017-12-08,0.9698436520863994,0.030092609787410216,6.37381261902275e-05
2017-12-11,0.9728846429904965,0.027058450528762646,5.690648074134731e-05
2017-12-12,0.975530942615111,0.024421298030263914,4.775935462544638e-05
2017-12-13,0.9759800461746655,0.023976216661824395,4.3737163509435346e-05
2017-12-14,0.9677396408559037,0.03219948518877917,6.087395531689888e-05
2017-12-15,0.9455209193711792,0.05433709875523161,0.00014198187358894858
2017-12-18,0.9538285245950717,0.046036338922109704,0.0001351364828182559
2017-12-19,0.9571575962323373,0.04272449813609063,0.00011790563157216375
2017-12-20,0.9661862846988688,0.033727902585781566,8.5812715349159e-05
2017-12-21,0.9721344875788788,0.02780225177301853,6.32606481023356e-05
2017-12-22,0.9742985831758054,0.02564976767182355,5.16491523707316e-05
2017-12-26,0.9746525815467671,0.025299618118443817,4.7800334788805656e-05
2017-12-27,0.9763454843012889,0.023611069802112673,4.3445896597866604e-05
2017-12-28,0.9771339375185002,0.022825461919013863,4.0600562485987323e-05
2017-12-29,0.9632055219609917,0.03672471504341464,6.97629955937288e-05
2018-01-02,0.9475875037758614,0.052273089209060215,0.00013940701507867982
2018-01-03,0.9497291790800073,0.0501191881067913,0.00015163281320120376
2018-01-04,0.9608371282645112,0.03905058202444258,0.0001122897110458584
2018-01-05,0.9550124245160141,0.04485921389928685,0.00012836158469932356
2018-01-08,0.9667801994742027,0.03313297851747625,8.682200832117279e-05
2018-01-09,0.9725985098296412,0.027339606883324957,6.188328703362459e-05
2018-01-10,0.9737000167184383,0.02624737101599653,5.261226556518881e-05
2018-01-11,0.9641791927875388,0.03574252136357201,7.828584888949104e-05
2018-01-12,0.9589730083145832,0.04092316805346453,0.0001038236319524943
2018-01-16,0.9590346968769259,0.040860937000350234,0.00010436612272367393
2018-01-17,0.93194987554966,0.06783471991705965,0.00021540453328038788
2018-01-18,0.9508109186097758,0.04903725492309802,0.0001518264671264508
2018-01-19,0.9604501357206088,0.03943547598451586,0.00011438829487521176
2018-01-22,0.9472922857886166,0.052548984486863744,0.00015872972451954796
2018-01-23,0.96266358809168,0.03723125773733995,0.00010515417097986556
2018-01-24,0.969407368449975,0.030518609133915173,7.40224161098736e-05
2018-01-25,0.9737377704230358,0.02620634244773463,5.58871292293632e-05
2018-01-26,0.9109385785614588,0.08880045085340875,0.00026097058513278393
2018-01-29,0.8859884345627062,0.11358666017348112,0.00042490526381258934
2018-01-30,0.6880090694314663,0.31030735461921,0.0016835759493238555
2018-01-31,0.8138951742589827,0.1852275587073863,0.0008772670336312366
2018-02-01,0.8877218127881306,0.11180076767003909,0.00047741954183055176
2018-02-02,0.026599054245193182,0.9573481853918182,0.016052760362988364
2018-02-05,1.0127976514909743e-11,0.30566653226590246,0.6943334677239696
2018-02-06,0.0006530500112595806,0.3156717265830334,0.683675223405707
2018-02-07,0.017977407869403744,0.5197205765097384,0.462302015620858
2018-02-08,3.1158759283729684e-11,0.027958423463520135,0.9720415765053212
2018-02-09,0.00018650527690032881,0.0794205722817054,0.9203929224413944
2018-02-12,0.0008584787800839596,0.14727960053626704,0.8518619206836491
2018-02-13,0.018195836728365954,0.33418336262737924,0.6476208006442548
2018-02-14,0.011181719298010406,0.4364860747263688,0.5523322059756209
2018-02-15,0.013865681528845333,0.5588782579121973,0.4272560605589575
2018-02-16,0.07380918126061517,0.7102297499262857,0.21596106881309907
2018-02-20,0.11236637959073068,0.778085107502323,0.1095485129069468
2018-02-21,0.15897115678641238,0.7887027332257184,0.052326109987869365
2018-02-22,0.3141354056558795,0.6661575904599362,0.019707003884184532
2018-02-23,0.06342386404780076,0.9073523737117777,0.029223762240421596
2018-02-26,0.0482274546515441,0.9294166659162661,0.022355879432189675
2018-02-27,0.014349774240002203,0.9647906325415664,0.020859593218431248
2018-02-28,0.012960032239230508,0.9699944176573115,0.017045550103458096
2018-03-01,0.006007729832978412,0.9763839599105831,0.0176083102564384
2018-03-02,0.05432028947176565,0.9355163337120167,0.010163376816217743
2018-03-05,0.05132919656762098,0.9389309780708931,0.009739825361485793
2018-03-06,0.14157522647818693,0.852363535885341,0.006061237636472333
2018-03-07,0.27709227051760804,0.7188360543097108,0.004071675172681355
2018-03-08,0.42693893907135144,0.570026957753273,0.0030341031753753885
2018-03-09,0.0600994114937692,0.9284569360462791,0.011443652459951773
2018-03-12,0.14890495217707536,0.8444693929981125,0.006625654824812571
2018-03-13,0.169820490770851,0.8245173258329249,0.005662183396224289
2018-03-14,0.20814323259759482,0.7869459222965944,0.004910845105811145
2018-03-15,0.3627453908967024,0.6338897314700603,0.0033648776332372756
2018-03-16,0.549516519470799,0.4482850649113535,0.002198415617847381
2018-03-19,0.11658768342676117,0.8754176571021436,0.007994659471095334
2018-03-20,0.24809741826798054,0.7470447671381362,0.004857814593883217
2018-03-21,0.39552600889144346,0.601187422656749,0.003286568451807506
2018-03-22,0.0002496081376324851,0.9617198837794501,0.03803050808291765
2018-03-23,0.00012083311481285424,0.9253144538761001,0.0745647130090869
2018-03-26,1.0898141519100845e-05,0.7378974945822251,0.26209160727625586
2018-03-27,0.0005845493830969303,0.7179863784475552,0.28142907216934765
2018-03-28,0.0382701054973465,0.8254103645387973,0.1363195299638564
2018-03-29,0.019315383254308257,0.8726854631995243,0.1079991535461675
2018-04-02,8.454405782507437e-05,0.7848070516774581,0.2151084042647167
2018-04-03,0.009640527066650218,0.8370251732337778,0.15333429969957205
2018-04-04,0.01904918329142231,0.8798580724999434,0.10109274420863464
2018-04-05,0.06110354516246523,0.888714217840159,0.05018223699737554
2018-04-06,0.00023688280180370495,0.8884173747443864,0.1113457424538097
2018-04-09,0.04870935686459235,0.9016519009882782,0.049638742147129364
2018-04-10,0.00829806096184597,0.9361578318684766,0.0555441071696769
2018-04-11,0.03963455441452612,0.9324240060220843,0.027941439563389524
2018-04-12,0.07226373998049838,0.9110994346416743,0.01663682537782728
2018-04-13,0.1503350308880697,0.8408128274724224,0.008852141639507816
2018-04-16,0.19179305059010704,0.8013669332824821,0.006840016127410975
2018-04-17,0.15538875290212673,0.8372851140151809,0.007326133082692421
2018-04-18,0.30387829495275637,0.6917516160095287,0.004370089037714951
2018-04-19,0.3433479293188929,0.6527634232145055,0.0038886474666017254
2018-04-20,0.25706307196705375,0.7380553164230481,0.0048816116098982405
2018-04-23,0.4305441107702863,0.5663812832629074,0.003074605966806552
2018-04-24,0.10216910993022343,0.8898643584179962,0.007966531651780302
2018-04-25,0.22560088334278722,0.7694348525642392,0.004964264092973593
2018-04-26,0.18894769831595745,0.8050595589061647,0.005992742777877662
2018-04-27,0.3498054830177902,0.6464525117916582,0.003742005190551797
2018-04-30,0.2785275204209679,0.7168851024995851,0.004587377079446789
2018-05-01,0.45477533137247533,0.5422855704074717,0.002939098220052983
2018-05-02,0.42045803113685726,0.5761629092169619,0.0033790596461811978
2018-05-03,0.5691280707526846,0.42864776225185985,0.0022241669954553445
2018-05-04,0.3438201232314551,0.6510968938886977,0.005082982879847372
2018-05-07,0.516229816078805,0.4808517999494618,0.0029183839717329685
2018-05-08,0.6830866860672984,0.31529760660278644,0.0016157073299151318
2018-05-09,0.6426485792469537,0.3551780653999256,0.0021733553531207797
2018-05-10,0.6178350550960408,0.3796740398291947,0.0024909050747647325
2018-05-11,0.7664765073435748,0.23229777918238526,0.0012257134740395496
2018-05-14,0.864159066448113,0.13522306191036676,0.0006178716415207834
2018-05-15,0.8366914439035951,0.1625379152592367,0.0007706408371681164
2018-05-16,0.8963198171956802,0.10322799052615396,0.00045219227816571363
2018-05-17,0.933780788028617,0.06596920425191835,0.0002500077194650865
2018-05-18,0.9477978217375179,0.052029760432271824,0.00017241783020987113
2018-05-21,0.9429354027099706,0.056873328986161806,0.00019126830386755574
2018-05-22,0.9508715959904627,0.048977574527603596,0.00015082948193396526
2018-05-23,0.9631132897718823,0.03678290434606959,0.000103805882048044
2018-05-24,0.9668072412977883,0.03311162767502244,8.1131027188984e-05
2018-05-25,0.9679742054943791,0.031953339044526546,7.245546109406123e-05
2018-05-29,0.827143991698585,0.1722761184540711,0.0005798898473438785
2018-05-30,0.6411992326165626,0.3566359625039916,0.0021648048794457564
2018-05-31,0.6151156632954022,0.38260942542277154,0.0022749112818260474
2018-06-01,0.5115162170839085,0.4850234307276308,0.003460352188460625
2018-06-04,0.6573400051360929,0.3406648599695358,0.0019951348943714918
2018-06-05,0.7938519229228438,0.20513536206060384,0.0010127150165519345
2018-06-06,0.7924232163624805,0.20645295261949198,0.0011238310180278319
2018-06-07,0.8745798772428454,0.12484723938402033,0.0005728833731347323
2018-06-08,0.9226193634044528,0.07706648241109872,0.0003141541844486019
2018-06-11,0.9506380468446861,0.04919224130068835,0.00016971185462544687
2018-06-12,0.9645958619187928,0.035302775052532515,0.00010136302867478296
2018-06-13,0.9603081357184313,0.03959175816571716,0.00010010611585136793
2018-06-14,0.9689000391816776,0.031024325480931866,7.56353373906046e-05
2018-06-15,0.9719368357375624,0.028002586916993477,6.0577345443939065e-05
2018-06-18,0.9714276968606714,0.028514401816722306,5.790132260625844e-05
2018-06-19,0.9648925625456786,0.03503375920373485,7.367825058684897e-05
2018-06-20,0.971606146779373,0.02833159639026976,6.22568303574073e-05
2018-06-21,0.9501953462575429,0.04968942634493026,0.00011522739752651377
2018-06-22,0.9643074199949552,0.035601179636294014,9.140036875131697e-05
2018-06-25,0.6811345354451905,0.317482538765649,0.001382925789160736
2018-06-26,0.8086779961453409,0.1904878351077008,0.0008341687469585091
2018-06-27,0.7073618434740462,0.2910818346930917,0.0015563218328619787
2018-06-28,0.7808179681014814,0.2180429872623508,0.0011390446361675092
2018-06-29,0.8725730459532088,0.12685367541355438,0.0005732786332367238
2018-07-02,0.9216929122994593,0.07799059200579124,0.00031649569474911455
2018-07-03,0.9222763259376239,0.07743171904053213,0.0002919550218442005
2018-07-05,0.9077945662519067,0.09182198645169626,0.0003834472963973693
2018-07-06,0.8970327705111055,0.10250862769807514,0.00045860179081910724
2018-07-09,0.881106225582093,0.11832756045837765,0.0005662139595294868
2018-07-10,0.9250296923352301,0.07466149807059572,0.00030880959417424166
2018-07-11,0.8933049608120592,0.10625935378327026,0.0004356854046702677
2018-07-12,0.879077300822053,0.12036413101914989,0.000558568158797365
2018-07-13,0.9280006154036246,0.07171421092232359,0.00028517367405201256
2018-07-16,0.950434064359721,0.04939937953510013,0.000166556105178335
2018-07-17,0.9613603325133078,0.03852570016161748,0.00011396732507448391
2018-07-18,0.9696669017791302,0.030257066447771888,7.603177309745422e-05
2018-07-19,0.9640356390824361,0.03588276779660885,8.159312095525504e-05
2018-07-20,0.9695335654252484,0.03039774470487689,6.868986987478403e-05
2018-07-23,0.9738290247177098,0.026115989472256584,5.4985810033274455e-05
2018-07-24,0.9721662882066668,0.027777072448648275,5.663934468432786e-05
2018-07-25,0.9485761398021626,0.05129546732696442,0.00012839287087301158
2018-07-26,0.9548216205623256,0.04505565392713895,0.00012272551053583031
2018-07-27,0.9318926288186231,0.06790392485132156,0.00020344633005526367
2018-07-30,0.9210525236121483,0.07868125439645818,0.00026622199139387907
2018-07-31,0.9415514669048471,0.05824676049211629,0.00020177260303648795
2018-08-01,0.9576142499931449,0.04225761469612039,0.00012813531073457165
2018-08-02,0.9626001216972285,0.03729634470164399,0.00010353360112716897
2018-08-03,0.9662549254470622,0.03365902340317332,8.605114976449885e-05
2018-08-06,0.9705715115203503,0.02936002019528402,6.846828436581344e-05
2018-08-07,0.9736763432150203,0.026268085942413557,5.557084256610748e-05
2018-08-08,0.9752583833620452,0.024694113127245593,4.7503510709173366e-05
2018-08-09,0.9745644620616739,0.025388760585614466,4.677735271199472e-05
2018-08-10,0.945704213835857,0.054177223477986966,0.00011856268615615824
2018-08-13,0.9476582043123667,0.05219857269971135,0.0001432229879218791
2018-08-14,0.9498353247031618,0.050012269399737644,0.0001524058971007569
2018-08-15,0.9112121003068943,0.08848943455717541,0.00029846513593047075
2018-08-16,0.9083614157677932,0.09127348818601452,0.00036509604619222374
2018-08-17,0.9404856684667126,0.05929743332707403,0.00021689820621340658
2018-08-20,0.9589981735735074,0.0408738685518346,0.00012795787465765248
2018-08-21,0.9685604366773055,0.03135762218660362,8.19411360907989e-05
2018-08-22,0.9725749215622695,0.027364727915144344,6.035052258602201e-05
2018-08-23,0.9726969956486097,0.027248359408526837,5.4644942863476734e-05
2018-08-24,0.9671505312123375,0.03277877777945265,7.06910082098327e-05
2018-08-27,0.9556364290604267,0.04425125044020235,0.00011232049937116141
2018-08-28,0.9667609309360884,0.03315595757281614,8.311149109513748e-05
2018-08-29,0.9653129429734238,0.034602424020404574,8.463300617142307e-05
2018-08-30,0.9586732099327423,0.04122676284087508,0.00010002722638262415
2018-08-31,0.9681600811743706,0.03176325856625755,7.666025937157797e-05
2018-09-04,0.9704070038277901,0.029528181317947242,6.48148542626295e-05
2018-09-05,0.9687547257706234,0.031179363672988836,6.591055638758826e-05
2018-09-06,0.9647240946500455,0.03519886057682674,7.704477312792186e-05
2018-09-07,0.9671923236994073,0.03273383723203654,7.383906855599288e-05
2018-09-10,0.9726636472566395,0.027277011635968476,5.934110739222517e-05
2018-09-11,0.9735691271406998,0.0263769512114703,5.392164783010526e-05
2018-09-12,0.9756480400526336,0.024305535375653164,4.6424571712950725e-05
2018-09-13,0.9719372151690553,0.02800805645190213,5.4728379042500764e-05
2018-09-14,0.9748042625826141,0.025146812830978037,4.892458640740251e-05
2018-09-17,0.9589749031037533,0.040940633769520646,8.446312672600527e-05
2018-09-18,0.961842054067561,0.03806247657593816,9.546935650081946e-05
2018-09-19,0.970190177715347,0.029739422793857252,7.039949079623235e-05
2018-09-20,0.9568951012412934,0.04299704746609937,0.00010785129260711612
2018-09-21,0.9667308184444114,0.03318698802299139,8.219353259726546e-05
2018-09-24,0.9639982311480825,0.03591800336443163,8.37654874861362e-05
2018-09-25,0.9688888951648283,0.031040250738400506,7.085409677096324e-05
2018-09-26,0.9662202862981459,0.03370535865113166,7.435505072228495e-05
2018-09-27,0.9715644911195631,0.028372657309063153,6.285157137348528e-05
2018-09-28,0.9744293108133801,0.025519237809426207,5.1451377192945666e-05
2018-10-01,0.9746313618573385,0.025319510759895917,4.912738276522003e-05
2018-10-02,0.9756062292114683,0.02434864202560672,4.5128762925552546e-05
2018-10-03,0.9767839951643184,0.023174351859878477,4.1652975802956525e-05
2018-10-04,0.9354430380951779,0.0644156231186749,0.00014133878614720272
2018-10-05,0.9267339469388309,0.07304420947318346,0.0002218435879855436
2018-10-08,0.9511837724468188,0.04866631703902332,0.00014991051415835847
2018-10-09,0.9618459277611762,0.03804876108331487,0.0001053111555091913
2018-10-10,1.7947116246882664e-05,0.9234969617117199,0.07648509117203296
2018-10-11,0.00013941827282720363,0.8713969310240799,0.1284636507030931
2018-10-12,0.006418430208823309,0.8906825768106703,0.1028989929805064
2018-10-15,0.03465450800218945,0.914058880210045,0.051286611787765536
2018-10-16,0.0007893565503299688,0.9025217132460475,0.09668893020362282
2018-10-17,0.05136154647546269,0.9067413591435465,0.04189709438099086
2018-10-18,0.00810286475052162,0.9509309786306528,0.04096615661882568
2018-10-19,0.06583007469311443,0.9155856404195473,0.018584284887338324
2018-10-22,0.12195285693738034,0.8678108229991299,0.010236320063489622
2018-10-23,0.16380550161900906,0.829207413038603,0.006987085342387792
2018-10-24,1.2409084231891603e-06,0.8774543266391004,0.12254443245247634
2018-10-25,0.0011736950785407312,0.8514930166581789,0.14733328826328038
2018-10-26,0.0007021438276068949,0.8346188899847176,0.16467896618767544
2018-10-29,0.024316358715921124,0.8902902780931085,0.08539336319097017
2018-10-30,0.008003103632227402,0.9114683933229696,0.08052850304480312
2018-10-31,0.022305455503490657,0.9267484296797991,0.05094611481671038
2018-11-01,0.03426873676897465,0.9330343263958206,0.03269693683520488
2018-11-02,0.06033617911613436,0.9216135455245276,0.01805027535933793
2018-11-05,0.1310075019582996,0.858925061372349,0.010067436669351143
2018-11-06,0.21343363786842898,0.780002475374313,0.0065638867572580485
2018-11-07,0.004501699951380792,0.9713194450855933,0.024178854963025714
2018-11-08,0.05204288120907494,0.9355771139851374,0.01238000480578763
2018-11-09,0.042377357487157055,0.9472922261742063,0.010330416338636902
2018-11-12,0.0006517373987805571,0.9739477382393046,0.025400524361914912
2018-11-13,0.049603330062837486,0.9377193740237244,0.012677295913438063
2018-11-14,0.05935156461962434,0.9312445558598397,0.00940387952053579
2018-11-15,0.06015401526610317,0.930876063324807,0.008969921409089964
2018-11-16,0.15768715440215117,0.83665099713741,0.005661848460438868
2018-11-19,0.008440887133893998,0.9779928507973811,0.013566262068725226
2018-11-20,0.0007033336341425409,0.9747737115804225,0.024522954785434665
2018-11-21,0.052291147931457935,0.9352584379973088,0.012450414071232936
2018-11-23,0.07458800985920203,0.9166790483318326,0.00873294180896585
2018-11-26,0.017789209033598083,0.9687233537968303,0.013487437169571563
2018-11-27,0.0820969441974614,0.9100101875087914,0.007892868293746937
2018-11-28,0.0007115526189942975,0.9678167031372124,0.03147174424379347
2018-11-29,0.047116158515391825,0.9375855708577485,0.015298270626859579
2018-11-30,0.08118102960576398,0.9084200671497082,0.0103989032445276
2018-12-03,0.07019358335299822,0.920016840574267,0.009789576072734472
2018-12-04,1.5926816396041622e-07,0.8210076461602986,0.17899219457153737
2018-12-06,0.044709863262007966,0.8750818288587083,0.08020830787928315
2018-12-07,7.701675424084012e-05,0.8068259432195162,0.19309704002624284
2018-12-10,0.048596213054550426,0.8650628608327632,0.08634092611268632
2018-12-11,0.13803284300079388,0.8262634516340502,0.03570370536515585
2018-12-12,0.24104192291447937,0.7426275976776638,0.016330479407856743
2018-12-13,0.41108638395183805,0.5821392118664367,0.006774404181725225
2018-12-14,0.008868569466746976,0.9672130290921324,0.023918401441120896
2018-12-17,0.00018232994319101537,0.9490920941547029,0.05072557590210606
2018-12-18,0.05184444285214768,0.9255049828228294,0.022650574325022925
2018-12-19,0.0054933879386398965,0.9673490473433346,0.027157564718025735
2018-12-20,0.0018602239884407906,0.9666639331125884,0.031475842898970915
2018-12-21,0.0001596868623450487,0.9387718763249969,0.0610684368126581
2018-12-24,2.13457033049949e-06,0.7543079563083492,0.24568990912132038
2018-12-26,5.724029647087551e-17,0.0031439559091363165,0.9968560440908637
2018-12-27,0.00016891643686390605,0.0799099111504737,0.9199211724126626
2018-12-28,0.009052965508716568,0.23511513527551878,0.7558318992157648
2018-12-31,0.025422713333484965,0.400610356546695,0.5739669301198201
2019-01-02,0.10274051724508881,0.5773972844957513,0.3198621982591598
2019-01-03,3.746018174665536e-05,0.374675786684882,0.6252867531333715
2019-01-04,2.8123638205973394e-09,0.03717539882260022,0.9628245983650361
2019-01-07,0.0026495184756578885,0.1442451628085099,0.8531053187158322
2019-01-08,0.008843177878987616,0.2777336957193612,0.7134231264016512
2019-01-09,0.04811607392043671,0.4779344191286227,0.47394950695094035
2019-01-10,0.13681826225421606,0.611359473159772,0.25182226458601215
2019-01-11,0.2992328885816326,0.600618536858943,0.10014857455942454
2019-01-14,0.37114680391979177,0.5841122023859296,0.044740993694278676
2019-01-15,0.30028890956096677,0.6682497519835547,0.031461338455478535
2019-01-16,0.4862188789613068,0.5027681680382465,0.011012953000446846
2019-01-17,0.5486520616974573,0.4453297046374412,0.0060182336651016105
2019-01-18,0.303461849481583,0.6871664414696894,0.009371709048727857
2019-01-22,0.048383763451631444,0.936497709219195,0.015118527329173802
2019-01-23,0.1382832913463652,0.8536603097644208,0.00805639888921418
2019-01-24,0.2800843895212825,0.7151830544240536,0.00473255605466397
2019-01-25,0.3104680977144588,0.6849358844347837,0.004596017850757342
2019-01-28,0.2611258599890703,0.7339159874058641,0.0049581526050654304
2019-01-29,0.41747099032300905,0.5793196752450117,0.003209334431979541
2019-01-30,0.1091289401352785,0.881709115475331,0.009161944389390459
2019-01-31,0.1378656534935658,0.8547028158560859,0.00743153065034834
2019-02-01,0.27913300996434437,0.7163537568605763,0.004513233175079382
2019-02-04,0.36974292724355856,0.6264679846267224,0.003789088129719233
2019-02-05,0.5208086222616085,0.47657219070242385,0.0026191870359675382
2019-02-06,0.6602015309483211,0.3381103639668508,0.0016881050848283042
2019-02-07,0.49359458562056135,0.5032798881163445,0.0031255262630942413
2019-02-08,0.6696290804077254,0.3286659055885101,0.001705014003764682
2019-02-11,0.8021584015194637,0.1969228745054098,0.0009187239751266051
2019-02-12,0.5931178190099081,0.4040295298524781,0.002852651137613341
2019-02-13,0.7417113697432468,0.2568532291208457,0.0014354011359074548
2019-02-14,0.8235253128009948,0.17562068273703377,0.0008540044619712579
2019-02-15,0.7369726218814572,0.26143120183522467,0.001596176283317988
2019-02-19,0.8462822863070787,0.15296033778256768,0.0007573759103538657
2019-02-20,0.9100145692074997,0.08960379336483935,0.00038163742766116114
2019-02-21,0.9273408384276953,0.0723839321112397,0.00027522946106527666
2019-02-22,0.9360558006060302,0.06370716577228445,0.00023703362168488745
2019-02-25,0.9574376112729487,0.04242754312746925,0.00013484559958207794
2019-02-26,0.966397716172414,0.0335135537907958,8.873003679077743e-05
2019-02-27,0.9713170375184372,0.028617718035680216,6.524444588269624e-05
2019-02-28,0.9692227416384409,0.030712633868263877,6.462449329492876e-05
2019-03-01,0.9617148335477935,0.03819467380600769,9.049264619904791e-05
2019-03-04,0.9591037589151261,0.04079566817466594,0.0001005729102078181
2019-03-05,0.9666511276153142,0.03326801707365425,8.085531103177718e-05
2019-03-06,0.9437818849095744,0.056073697484581526,0.00014441760584431914
2019-03-07,0.8934769248616873,0.10615955727063339,0.00036351786767964623
2019-03-08,0.9265118337060979,0.07322907407221609,0.0002590922216862548
2019-03-11,0.6870270608880489,0.3110312838721447,0.0019416552398063805
2019-03-12,0.8090141923485864,0.19000458526657238,0.0009812223848414776
2019-03-13,0.8435742719948149,0.15563295531827953,0.0007927726869054509
2019-03-14,0.9040648356937018,0.0955232573793321,0.0004119069269662868
2019-03-15,0.9309234740686856,0.06880427896686626,0.0002722469644481527
2019-03-18,0.9515760194888413,0.048258341580444106,0.00016563893071383317
2019-03-19,0.9643469482789081,0.03555237586536018,0.0001006758557315454
2019-03-20,0.9647081134940706,0.035205298141074585,8.658836485480047e-05
2019-03-21,0.9167353489755896,0.08299544729905019,0.0002692037253600606
2019-03-22,0.10418358727428115,0.886343008583487,0.009473404142231849
2019-03-25,0.22006220067293897,0.7744089200239043,0.005528879303156797
2019-03-26,0.2931233956729595,0.7022675220134538,0.00460908231358662
2019-03-27,0.3718763136929067,0.6244744636891495,0.003649222617943787
2019-03-28,0.5427697528384331,0.4548368404643456,0.0023934066972214584
2019-03-29,0.629032735707355,0.36895417256692464,0.002013091725720259
2019-04-01,0.4813487142183629,0.5149447997712843,0.0037064860103528646
2019-04-02,0.6560257897313347,0.342063572540082,0.0019106377285832612
2019-04-03,0.7919574930411932,0.20703178556676627,0.0010107213920408072
2019-04-04,0.8785594878494838,0.12090755074609237,0.0005329614044243356
2019-04-05,0.9177432241975,0.08191846741373549,0.00033830838876458276
2019-04-08,0.948147413403661,0.05167084962755128,0.00018173696878759878
2019-04-09,0.9315508587344442,0.06822209852603765,0.00022704273951787088
2019-04-10,0.9524989098343885,0.04734910150419905,0.00015198866141267708
2019-04-11,0.9649936540052225,0.03491029261006886,9.605338470891259e-05
2019-04-12,0.9602614835056943,0.03963335572633584,0.00010516076796991992
2019-04-15,0.9680873581898127,0.03183487701060466,7.776479958264067e-05
2019-04-16,0.9730514666621608,0.026890004532955408,5.852880488369354e-05
2019-04-17,0.9717000546621083,0.02824346858200528,5.6476755886627914e-05
2019-04-18,0.9749509957087698,0.024999678070071744,4.9326221158503676e-05
2019-04-22,0.9765352535464783,0.02342145858092521,4.328787259621003e-05
2019-04-23,0.9550153205372371,0.04488505280760027,9.962665516285405e-05
2019-04-24,0.9617958992245104,0.0381094316316936,9.466914379582063e-05
2019-04-25,0.9692064923422371,0.03072101794549348,7.248971226928465e-05
2019-04-26,0.9698227406713789,0.03010933374822454,6.792558039642032e-05
2019-04-29,0.9740627199695612,0.025883337466557764,5.394256388154869e-05
2019-04-30,0.9760971565187627,0.023857434520939677,4.5408960298345627e-05
2019-05-01,0.9431121655852442,0.05676425666739062,0.00012357774736503025
2019-05-02,0.9552889467567716,0.04459205973101011,0.00011899351221851976
2019-05-03,0.9250032875011505,0.0747453575091108,0.00025135498973869277
2019-05-06,0.929536686247835,0.07022174097233462,0.00024157277983067742
2019-05-07,0.29796489637434603,0.6965578364062116,0.005477267219442654
2019-05-08,0.4567405467581108,0.5400241486635414,0.0032353045783476797
2019-05-09,0.5852427421047162,0.4125694621796181,0.002187795715665578
2019-05-10,0.7284755055102374,0.2701857925655005,0.0013387019242623887
2019-05-13,0.001840669643148761,0.9684837097974645,0.029675620559386665
2019-05-14,0.03280588118247777,0.9497234161438829,0.017470702673639326
2019-05-15,0.08926292299675807,0.9005653602156908,0.01017171678755098
2019-05-16,0.11242205600018176,0.8793960259485278,0.008181918051290425
2019-05-17,0.1464208662984053,0.847313225122832,0.006265908578762495
2019-05-20,0.157307072448238,0.8370249804570458,0.005667947094716177
2019-05-21,0.18840175882494137,0.8060983671017526,0.005499874073305941
2019-05-22,0.30392733399558647,0.692123470389958,0.003949195614455388
2019-05-23,0.10096070350636595,0.8917572582215169,0.007282038272117004
2019-05-24,0.22439400430511797,0.7708980281599586,0.004707967534923536
2019-05-28,0.1722301211286409,0.8222863468384635,0.005483532032895633
2019-05-29,0.1760781595136303,0.8186263667275283,0.005295473758841412
2019-05-30,0.3306582176071459,0.6657204323963197,0.0036213499965341367
2019-05-31,0.07529760779160191,0.9165700402330893,0.008132351975308729
2019-06-03,0.15587180522954483,0.8386124243815191,0.005515770388936345
2019-06-04,0.0028728439055393136,0.9750785784134396,0.02204857768102085
2019-06-05,0.0332771449755015,0.9528446600313607,0.013878194993138245
2019-06-06,0.08712224034836816,0.9041207941849178,0.008756965466713888
2019-06-07,0.08158869390635877,0.9099169829274089,0.00849432316623226
2019-06-10,0.17276546626123923,0.8215086812602661,0.005725852478494829
2019-06-11,0.32114426079754965,0.6750770470676141,0.0037786921348362886
2019-06-12,0.47346282475684165,0.5238690770638674,0.002668098179291135
2019-06-13,0.6304916432808603,0.3676805038532639,0.0018278528658756835
2019-06-14,0.757604739886442,0.24126851405779004,0.0011267460557678848
2019-06-17,0.8588036721592491,0.14058378443395117,0.0006125434067993899
2019-06-18,0.8208709853221767,0.17819133125430442,0.0009376834235188359
2019-06-19,0.8926397145386553,0.10687606891687973,0.0004842165444645133
2019-06-20,0.8627321438647065,0.13658102432044097,0.000686831814852427
2019-06-21,0.9132730322292589,0.08636228529751416,0.00036468247322697314
2019-06-24,0.9399568849427425,0.059825745607743445,0.000217369449514177
2019-06-25,0.8502824565234122,0.14909015930849395,0.0006273841680940855
2019-06-26,0.9061370047727201,0.09349078704647204,0.0003722081808079392
2019-06-27,0.9376353998253645,0.06213418559352173,0.00023041458111432023
2019-06-28,0.9470356809453228,0.0527819734909216,0.00018234556375546786
2019-07-01,0.9399198346062091,0.05987235917722336,0.00020780621656740932
2019-07-02,0.9580110633490656,0.04185888907543394,0.0001300475755007122
2019-07-03,0.9485059390419122,0.051335153419664506,0.00015890753842308212
2019-07-05,0.9593514275395246,0.04053365170302313,0.00011492075745198272
2019-07-08,0.9518352993253966,0.04803369972702532,0.0001310009475779808
2019-07-09,0.9652760590865233,0.034632565957812965,9.137495566319688e-05
2019-07-10,0.9680823020990766,0.031840132963156895,7.756493776648733e-05
2019-07-11,0.9728913642957111,0.027049082708062975,5.955299622612251e-05
2019-07-12,0.9720161418524098,0.027925583470306478,5.827467728368676e-05
2019-07-15,0.9747815447823007,0.025168814604209895,4.964061348924804e-05
2019-07-16,0.9694630580492979,0.030477928221882833,5.901372881943569e-05
2019-07-17,0.9464236638087082,0.053450868292179904,0.00012546789911186136
2019-07-18,0.9601257122608856,0.03976662463827158,0.00010766310084284986
2019-07-19,0.9411904385489143,0.05864481546888056,0.00016474598220551337
2019-07-22,0.9588123954948726,0.041069111640489105,0.00011849286463847238
2019-07-23,0.9547036871296523,0.04516546471728642,0.0001308481530613528
2019-07-24,0.9617039529511726,0.03818966323427244,0.00010638381455513827
2019-07-25,0.950565081669461,0.04930225107622903,0.00013266725430965612
2019-07-26,0.9450034958131729,0.05482645191080201,0.00017005227602503122
2019-07-29,0.9579805302531097,0.04189839053045351,0.00012107921643671862
2019-07-30,0.9622325029638105,0.037668828064503196,9.866897168630761e-05
2019-07-31,0.8418669076748655,0.15757203748410978,0.0005610548410247107
2019-08-01,0.7291152075174517,0.26954958905266163,0.0013352034298869807
2019-08-02,0.6833587984125048,0.3149333224342759,0.0017078791532194489
2019-08-05,2.8265957987476938e-05,0.9203304571651969,0.07964127687681526
2019-08-06,0.00961341686786028,0.9313750621389243,0.059011520993215584
2019-08-07,0.07024093388291602,0.9040033293988645,0.025755736718219478
2019-08-08,0.0047861475707671325,0.9546186102378095,0.04059524219142378
2019-08-09,0.029597231680930626,0.9482164646802635,0.022186303638805964
2019-08-12,0.012145965685881053,0.9680050205768976,0.01984901373722151
2019-08-13,0.0075168303399470535,0.9707313027840306,0.021751866876022482
2019-08-14,6.209073617902134e-07,0.8349022491811948,0.16509712991144343
2019-08-15,0.048512456896661026,0.8779537817055938,0.07353376139774502
2019-08-16,0.0185595314513246,0.9178464146118472,0.06359405393682807
2019-08-19,0.02159715084893561,0.9334946946189654,0.04490815453209912
2019-08-20,0.03482497281787426,0.9391380206220711,0.02603700656005487
2019-08-21,0.0671474937597779,0.9171252995180714,0.015727206722150618
2019-08-22,0.16566816381935412,0.8262699930184056,0.008061843162240158
2019-08-23,4.89895422987779e-05,0.9421230406499183,0.05782796980778289
2019-08-26,0.016741233484943274,0.9456194881681581,0.03763927834689903
2019-08-27,0.06681539470007153,0.9151479240673617,0.018036681232566833
2019-08-28,0.12713725345884805,0.8623508046879709,0.010511941853181175
2019-08-29,0.06681708250114181,0.9215968252611145,0.011586092237743642
2019-08-30,0.16966766195697738,0.8238388124327684,0.006493525610254199
2019-09-03,0.1742175476820612,0.8200050229031534,0.005777429414785408
2019-09-04,0.137059190178421,0.8560888462458092,0.006851963575769934
2019-09-05,0.06560186681629504,0.925089303522989,0.009308829660715723
2019-09-06,0.16802593343131936,0.8262976676121223,0.005676398956558254
2019-09-09,0.3167664458633565,0.6794607143984402,0.0037728397382034125
2019-09-10,0.49951680447515073,0.49800052250856086,0.00248267301628843
2019-09-11,0.5728050052656745,0.4248710892920217,0.002323905442303708
2019-09-12,0.7272839239611996,0.27137243938833977,0.0013436366504610059
2019-09-13,0.8336177730918085,0.16563336952670063,0.0007488573814908362
2019-09-16,0.8803458693785303,0.11914389121736911,0.000510239404100481
2019-09-17,0.9272520448615035,0.07246522159868271,0.00028273353981423863
2019-09-18,0.9525393217796079,0.047302812709178244,0.00015786551121366621
2019-09-19,0.9649969362430597,0.03490583549468945,9.722826225055052e-05
2019-09-20,0.9556653414691549,0.04422136532496318,0.00011329320588215513
2019-09-23,0.9664337013529464,0.03348212897434514,8.416967270821548e-05
2019-09-24,0.9175677536080598,0.0821968057405864,0.0002354406513540524
2019-09-25,0.9314186277408275,0.06834448880166553,0.00023688345750714652
2019-09-26,0.9473391714745323,0.052491193284987074,0.00016963524048077197
2019-09-27,0.9386586104757372,0.06114817190263667,0.00019321762162571068
2019-09-30,0.9511461235557298,0.048698727350080774,0.0001551490941898679
2019-10-01,0.7433747778213997,0.2554490882825331,0.0011761338960671263
2019-10-02,0.05774822500470166,0.9305058172491848,0.011745957746113537
2019-10-03,0.09538866191411248,0.8960751585649682,0.00853617952091925
2019-10-04,0.033515971925750704,0.9547319592483056,0.011752068825943408
2019-10-07,0.07886075034176387,0.9134848357810934,0.007654413877142667
2019-10-08,0.007085712361081474,0.9793247391337361,0.013589548505182542
2019-10-09,0.03218816002932745,0.9574947872588921,0.010317052711780388
2019-10-10,0.0829210699095858,0.9097481266202976,0.007330803470117026
2019-10-11,0.07136388534479941,0.9206553451344454,0.00798076952075539
2019-10-14,0.16534023648575022,0.8293882061585308,0.005271557355718865
2019-10-15,0.15504064031962572,0.8389305184765868,0.0060288412037874765
2019-10-16,0.27677421762333243,0.7190695698443328,0.004156212532334634
2019-10-17,0.45087634253714254,0.5462919294230838,0.002831728039773857
2019-10-18,0.5539887959952017,0.4437561004802543,0.0022551035245442
2019-10-21,0.6346548070266508,0.3633833948484459,0.0019617981249033206
2019-10-22,0.7253205242366002,0.27330857708484807,0.0013708986785518696
2019-10-23,0.8347677522322209,0.16447156989457926,0.0007606778731997038
2019-10-24,0.9034194559749394,0.09617775474679043,0.0004027892782704867
2019-10-25,0.9351339250221724,0.06461900922277664,0.0002470657550512353
2019-10-28,0.9464447570614669,0.05336792730255899,0.0001873156359740046
2019-10-29,0.9606279566718644,0.039255854799098766,0.00011618852903698328
2019-10-30,0.9681251017799088,0.031793059479524675,8.18387405665897e-05
2019-10-31,0.966697662253811,0.03322635001860456,7.598772758451015e-05
2019-11-01,0.9369253595792248,0.06289347024158114,0.00018117017919377457
2019-11-04,0.9547883851095853,0.045075700564527824,0.00013591432588641312
2019-11-05,0.9642827682285908,0.03562207995471203,9.515181669735175e-05
2019-11-06,0.9712766398742916,0.028656311464349,6.704866135955177e-05
2019-11-07,0.9741166640622452,0.025829334763533496,5.4001174220960135e-05
2019-11-08,0.9756610936201983,0.02429200063250795,4.6905747293895424e-05
2019-11-11,0.973824750649902,0.026127142293812883,4.810705628464034e-05
2019-11-12,0.975981272696178,0.023973971230937332,4.4756072885069355e-05
2019-11-13,0.9769655606982269,0.02299337159143768,4.106771033528511e-05
2019-11-14,0.9774741389608996,0.022486900658823288,3.8960380276701783e-05
2019-11-15,0.9635172605356017,0.03640908544165123,7.36540227473798e-05
2019-11-18,0.9708043772265564,0.029131557273959108,6.406549948446405e-05
2019-11-19,0.9734791550258012,0.026466794247886394,5.405072631250039e-05
2019-11-20,0.9673521569001639,0.03258209094835948,6.575215147633216e-05
2019-11-21,0.9701174741517455,0.029819225814719418,6.330003353447047e-05
2019-11-22,0.9739556666146796,0.025990706362600275,5.362702271975252e-05
2019-11-25,0.9618715867257696,0.03804315923171784,8.525404251270663e-05
2019-11-26,0.9698889499008406,0.030041398832274118,6.965126688510489e-05
2019-11-27,0.9713335286680627,0.02860371972815959,6.275160377765854e-05
2019-11-29,0.9648848466666865,0.035040023488740385,7.512984457296218e-05
2019-12-02,0.9113425706648622,0.08840647694003807,0.0002509523950997191
2019-12-03,0.8882243443328987,0.11136546204170115,0.0004101936254001067
2019-12-04,0.9101354867450221,0.08950415037859198,0.0003603628763856723
2019-12-05,0.944231874421902,0.05557009086669744,0.00019803471140048535
2019-12-06,0.9208692353250147,0.07882768248013441,0.000303082194850901
2019-12-09,0.9369372323591091,0.06284126140626918,0.0002215062346219571
2019-12-10,0.9550271631775251,0.044832968868686235,0.0001398679537888855
2019-12-11,0.9657654425612462,0.03414129080441574,9.326663433743857e-05
2019-12-12,0.9474491382656131,0.05240023763088607,0.00015062410350077585
2019-12-13,0.9624853958444125,0.03741169914391173,0.00010290501167630213
2019-12-16,0.9554986549541443,0.04437747957679921,0.00012386546905592233
2019-12-17,0.9667454468488571,0.033169081956038494,8.547119510450687e-05
2019-12-18,0.9716250819465498,0.0283111726059381,6.374544751175584e-05
2019-12-19,0.9716774749444201,0.028262193044168788,6.033201141134775e-05
2019-12-20,0.970551333449402,0.02938594507595235,6.272147464567542e-05
2019-12-23,0.9743783714884804,0.02556967255105317,5.195596046655963e-05
2019-12-24,0.9756645662625947,0.024289760585613846,4.567315179151068e-05
2019-12-26,0.9723519710618433,0.027594566666206646,5.346227194992603e-05
2019-12-27,0.9748463856741157,0.025105189954752038,4.842437113257568e-05
2019-12-30,0.9575682632493835,0.0423439052335164,8.78315170997498e-05
2019-12-31,0.9669926521426685,0.03292843124845343,7.891660887759529e-05
2020-01-02,0.9502202248363919,0.04964554605696223,0.00013422910664597363
2020-01-03,0.9204697878524759,0.0792794941610308,0.000250717986493689
2020-01-06,0.9464075365387764,0.053417075967939244,0.00017538749328433874
2020-01-07,0.9545438148853408,0.045321324775385786,0.0001348603392735205
2020-01-08,0.9609200527851453,0.0389697085472209,0.00011023866763415691
2020-01-09,0.9572533713136413,0.042627236725013014,0.00011939196134601605
2020-01-10,0.9608010627317204,0.0390962627317458,0.0001026745365336631
2020-01-13,0.9553321964926819,0.04454386117561509,0.00012394233170292046
2020-01-14,0.9638366805636627,0.036069310736434455,9.400869990310463e-05
2020-01-15,0.9710366059117872,0.028895420442231437,6.79736459812371e-05
2020-01-16,0.953817611290583,0.04606551793223988,0.0001168707771775103
2020-01-17,0.9634243626872718,0.036479124622772426,9.651268995646033e-05
2020-01-21,0.9651508748005176,0.03476487507783983,8.425012164186124e-05
2020-01-22,0.9714841393214237,0.02845170009509739,6.416058347950005e-05
2020-01-23,0.9748745743319378,0.025074495632771646,5.093003529103832e-05
2020-01-24,0.9183763532459898,0.08142289499129415,0.0002007517627162031
2020-01-27,0.3441327203897721,0.6514375721272736,0.004429707482953999
2020-01-28,0.30402828298163026,0.6908495149193429,0.005122202099026915
2020-01-29,0.47466460081427886,0.5223249409751083,0.003010458210612803
2020-01-30,0.6445498787842162,0.35363085653517407,0.0018192646806095007
2020-01-31,0.04158108583128655,0.9458911504690196,0.012527763699693517
2020-02-03,0.08601016272734682,0.9053790686004948,0.008610768672158521
2020-02-04,0.024069213836053607,0.963225838275012,0.012704947888934308
2020-02-05,0.030439842400412524,0.9581361360584782,0.011424021541109108
2020-02-06,0.10346504980379692,0.889555624116093,0.006979326080110029
2020-02-07,0.14614652060490152,0.8482394167992647,0.005614062595834156
2020-02-10,0.2069175079623567,0.7880576082879444,0.00502488374969909
2020-02-11,0.3726157728924642,0.6240308250338735,0.003353402073662419
2020-02-12,0.4768873746029783,0.5202386999080293,0.002873925488992348
2020-02-13,0.6327151202548496,0.36546412626717545,0.0018207534779749101
2020-02-14,0.7766099823354516,0.2223560540436801,0.0010339636208685883
2020-02-18,0.8441081630744486,0.15519978115047006,0.0006920557750814895
2020-02-19,0.8962243031230372,0.10332942023232743,0.00044627664463504896
2020-02-20,0.9155342969662116,0.08413208129910438,0.00033362173468412125
2020-02-21,0.7639566060897642,0.23485151117322725,0.0011918827370086503
2020-02-24,1.8443681235976507e-06,0.8500680626511417,0.14993009298073456
2020-02-25,1.0876632680788631e-07,0.40170460239637534,0.5982952888372979
2020-02-26,0.02377674159923809,0.607976092931668,0.36824716546909414
2020-02-27,9.033901478052864e-15,0.007192269903244083,0.9928077300967468
2020-02-28,0.00024036445137432365,0.0852489633936438,0.9145106721549822
2020-03-02,3.399850165417983e-16,0.0004084207233037118,0.9995915792766958
2020-03-03,1.0380289318206744e-10,0.007522016283581011,0.9924779836126159
2020-03-04,4.212776679158183e-15,0.00043238720966973503,0.999567612790326
2020-03-05,3.3870312524276857e-13,0.00235345377290865,0.9976465462267526
2020-03-06,1.9329153359076564e-06,0.03866986241495729,0.9613282046697068
2020-03-09,5.828184087961788e-43,1.5814218255002708e-09,0.9999999984185783
2020-03-10,9.846715925565044e-26,4.486931273546237e-05,0.9999551306872645
2020-03-11,9.889568141791371e-23,4.2977564374003666e-05,0.999957022435626
2020-03-12,2.848880185754675e-68,2.1251331873873755e-14,0.9999999999999788
2020-03-13,5.263777412898834e-67,1.2242063056333504e-13,0.9999999999998775
2020-03-16,1.0220036302154965e-108,8.116553583703561e-22,1.0
2020-03-17,1.3684673151390409e-33,1.1364407611653523e-06,0.9999988635592388
2020-03-18,2.2249437722108982e-26,1.640746779741597e-05,0.9999835925322026
2020-03-19,1.698875522995691e-06,0.08612286317512528,0.9138754379493517
2020-03-20,6.596886840937025e-16,0.0007318317758525381,0.9992681682241467
2020-03-23,6.231177580750498e-11,0.006089122879997446,0.9939108770576908
2020-03-24,9.2610094019645e-62,7.964205740076103e-14,0.9999999999999202
2020-03-25,5.369221439824805e-11,0.06280054909818317,0.9371994508481246
2020-03-26,4.146016413985038e-28,1.1518332752584982e-06,0.9999988481667248
2020-03-27,1.1647844220073208e-15,0.0024512338814192663,0.9975487661185795
2020-03-30,2.7548907824040567e-11,0.003111765510326211,0.9968882344621249
2020-03-31,4.4920170195757795e-06,0.0438047645972011,0.9561907433857795
2020-04-01,1.0836809450908657e-16,0.0003764245122018167,0.999623575487798
2020-04-02,3.317279069413936e-08,0.01959230280323985,0.9804076640239696
2020-04-03,4.4199552976606516e-05,0.06483937563679651,0.935116424810227
2020-04-06,4.754887814718727e-35,4.130070833687033e-08,0.9999999586992917
2020-04-07,4.934726063249096e-09,0.09004670656097387,0.9099532885043002
2020-04-08,6.368709713860927e-10,0.00890535183115107,0.991094647531978
2020-04-09,7.19189065523723e-05,0.060453058175626705,0.939475022917821
2020-04-13,0.0011373425615268868,0.1539154436499978,0.8449472137884753
2020-04-14,4.274712172066916e-08,0.02842827772466533,0.9715716795282129
2020-04-15,9.999461780463538e-07,0.03350058929932822,0.9664984107544939
2020-04-16,0.0029035066769551917,0.1436508287706611,0.8534456645523834
2020-04-17,1.3450904719761819e-06,0.05171264844378763,0.9482860064657405
2020-04-20,2.6738402380475494e-05,0.0748355717883569,0.9251376898092625
2020-04-21,1.8285014567127126e-09,0.013548005410210975,0.9864519927612874
2020-04-22,1.1231968734612292e-06,0.025427757987538928,0.9745711188155874
2020-04-23,0.0029910199654862336,0.14037860767649044,0.8566303723580231
2020-04-24,0.0024443433529454913,0.2172158302065407,0.7803398264405138
2020-04-27,0.002160855337197939,0.2870526666109669,0.7107864780518349
2020-04-28,0.019023519945455352,0.48724997078034454,0.4937265092742001
2020-04-29,1.0689832759239866e-05,0.21649213111479443,0.7834971790524462
2020-04-30,0.004693821238573896,0.3657862750537444,0.6295199037076816
2020-05-01,2.04165946417104e-07,0.10324990663330426,0.8967498892007493
2020-05-04,0.009926122328945313,0.26452306370420703,0.7255508139668477
2020-05-05,0.024572067601193386,0.42755396978594196,0.5478739626128648
2020-05-06,0.043592000226904265,0.6014148953686853,0.3549931044044104
2020-05-07,0.0394361928494426,0.7099035213942919,0.2506602857562655
2020-05-08,0.006232542671775825,0.7382490021775316,0.25551845515069255
2020-05-11,0.059379559555361366,0.8239837639183792,0.11663667652625904
2020-05-12,0.00048570451462056746,0.8056494922681356,0.19386480321724395
2020-05-13,0.0006012864558304323,0.7838864117584949,0.21551230178567482
2020-05-14,0.013301725132548927,0.843858823137767,0.1428394517296842
2020-05-15,0.07042829931969695,0.8654308523280069,0.06414084835229589
2020-05-18,1.6737527581995609e-06,0.5760896535400334,0.42390867270720833
2020-05-19,0.007014586006507171,0.6960106448469345,0.2969747691465587
2020-05-20,0.0029305682286264317,0.7088711371004017,0.2881982946709717
2020-05-21,0.019155880442440404,0.8145525299362149,0.16629158962134483
2020-05-22,0.08670797772682372,0.8408287413689562,0.07246328090421994
2020-05-26,0.053844610663763656,0.8930641659118211,0.05309122342441541
2020-05-27,0.01756268622419024,0.9333081723559497,0.04912914141986046
2020-05-28,0.07502474664702564,0.9027698965916992,0.02220535676127504
2020-05-29,0.1619296527779014,0.8268287967532996,0.011241550468798977
2020-06-01,0.2976324971581938,0.6963886611468522,0.00597884169495425
2020-06-02,0.3386528998448359,0.6563749955210512,0.004972104634113069
2020-06-03,0.14301301929827753,0.8483182112422374,0.008668769459484978
2020-06-04,0.23609227019010048,0.7584321351318184,0.005475594678081505
2020-06-05,0.00031291355565412894,0.9534537545524666,0.046233331891879115
2020-06-08,0.01306334516610385,0.9537055640881928,0.03323109074570308
2020-06-09,0.02942899649582625,0.9506811082952688,0.019889895208905026
2020-06-10,0.06552271640323679,0.9229511440032298,0.011526139593533317
2020-06-11,1.4110820731364012e-23,0.0016450370173808839,0.9983549629826188
2020-06-12,2.3194483192118927e-05,0.05839992208502575,0.9415768834317823
2020-06-15,0.0032053241039675636,0.17023864041798253,0.8265560354780499
2020-06-16,0.00028089441377669255,0.166181351103271,0.8335377544829521
2020-06-17,0.013255718047527822,0.354632221040628,0.6321120609118442
2020-06-18,0.0690700031570167,0.5547644038619006,0.3761655929810826
2020-06-19,0.11543124665942388,0.6787989679934986,0.20576978534707763
2020-06-22,0.20166542120204478,0.7002484023089962,0.0980861764889592
2020-06-23,0.3521078762338534,0.6100284202906637,0.03786370347548291
2020-06-24,0.00011619705705650187,0.8011047593630045,0.19877904357993892
2020-06-25,0.015217125408940678,0.8582739925425449,0.1265088820485144
2020-06-26,2.18845857896544e-05,0.6990542397685855,0.3009238756456247
2020-06-29,0.0045150444782763085,0.7439354613815063,0.2515494941402173
2020-06-30,0.004500507841999861,0.7737442101754439,0.2217552819825564
2020-07-01,0.048257667514211705,0.8448200073099014,0.10692232517588693
2020-07-02,0.12619669825561206,0.8266410373486369,0.04716226439575091
2020-07-06,0.024715980051978382,0.9235322167113229,0.05175180323669888
2020-07-07,0.01759221671925739,0.9464578646903561,0.035949918590386654
2020-07-08,0.05192290546392944,0.9278656921161903,0.020211402419880366
2020-07-09,0.0865600884549711,0.9016938255497142,0.01174608599531492
2020-07-10,0.08175597191619156,0.9080757213221003,0.010168306761707843
2020-07-13,0.05663091500666601,0.9341288625925164,0.00924022240081756
2020-07-14,0.028494161093206526,0.9602266292057071,0.011279209701086378
2020-07-15,0.052271075894040404,0.9386699227328513,0.009059001373108385
2020-07-16,0.1156260337928087,0.8782221951819951,0.006151771025196254
2020-07-17,0.24088347298732923,0.754792601352893,0.004323925659777957
2020-07-20,0.2746343671456075,0.720859016853718,0.004506616000674587
2020-07-21,0.4548411570007865,0.5422806155453864,0.0028782274538269965
2020-07-22,0.577963745917058,0.4198027984133455,0.0022334556695969175
2020-07-23,0.22440588566847963,0.7694416332958623,0.006152481035658192
2020-07-24,0.24809679195589013,0.7467746485597282,0.0051285594843816455
2020-07-27,0.3166176026194617,0.6789762953536717,0.004406102026866618
2020-07-28,0.3255425595564346,0.6702884319611602,0.004169008482405499
2020-07-29,0.183722201756337,0.809486805602213,0.006790992641450182
2020-07-30,0.27702737108242825,0.7183046799341941,0.004667948983377718
2020-07-31,0.33750188903039435,0.6582933951178239,0.004204715851781967
2020-08-03,0.4170750363918616,0.5793469419811456,0.0035780216269929426
2020-08-04,0.586428515899649,0.4113557554803058,0.0022157286200451707
2020-08-05,0.6762841665875436,0.32197208809274264,0.001743745319714087
2020-08-06,0.7508072198232096,0.24786815357293238,0.0013246266038580248
2020-08-07,0.8542585869888203,0.14507123974384453,0.0006701732673349797
2020-08-10,0.9125095223278652,0.08712824867935091,0.0003622289927836219
2020-08-11,0.8586245039587144,0.14074886201160738,0.0006266340296779923
2020-08-12,0.5993699798426179,0.397734685772927,0.0028953343844553133
2020-08-13,0.7277421895775026,0.27073011433952526,0.0015276960829721383
2020-08-14,0.8371594741849034,0.1620671409043632,0.000773384910733294
2020-08-17,0.9029801086940976,0.09660679722274985,0.0004130940831529056
2020-08-18,0.9398218410259798,0.05995425060360028,0.00022390837041952826
2020-08-19,0.9407719981698808,0.05903012152086277,0.00019788030925668308
2020-08-20,0.9580432187889888,0.04182834420883984,0.00012843700217124673
2020-08-21,0.9664892614121181,0.033421291625644806,8.944696223667871e-05
2020-08-24,0.9317471865316145,0.06804312268337764,0.00020969078500808063
2020-08-25,0.9522979343775535,0.047552859171968574,0.0001492064504779988
2020-08-26,0.9128055607134857,0.086870019866299,0.00032441942021526585
2020-08-27,0.9455280701107953,0.05428463607091767,0.00018729381828759033
2020-08-28,0.9461881461531302,0.053631732247775524,0.00018012159909427754
2020-08-31,0.9568030204004676,0.04306912603554119,0.00012785356399066015
2020-09-01,0.9486916314856436,0.05115165743534992,0.000156711079006596
2020-09-02,0.6959147654137428,0.3023507662717861,0.0017344683144710838
2020-09-03,3.014460376848158e-07,0.7861143496921112,0.21388534886185107
2020-09-04,0.01631546370122286,0.861997151920382,0.12168738437839527
2020-09-08,1.7215495864229543e-06,0.5716541078481923,0.4283441706022212
2020-09-09,0.0003330900737886318,0.4878371034118054,0.5118298065144058
2020-09-10,0.0003270499929002414,0.4645136743601269,0.5351592756469727
2020-09-11,0.036663101326221005,0.6642382189098796,0.2990986797638991
2020-09-14,0.024920074819825364,0.7508831737096414,0.22419675147053353
2020-09-15,0.08286011530586643,0.8099247926201072,0.10721509207402614
2020-09-16,0.14134262385738253,0.8094610608699508,0.0491963152726669
2020-09-17,0.11293092293493433,0.8571483099595347,0.029920767105530786
2020-09-18,0.04551894818747449,0.9304268904402639,0.024054161372261434
2020-09-21,0.019988714867106176,0.9599534550977127,0.02005783003518082
2020-09-22,0.033101467229246916,0.9519460445242968,0.014952488246456076
2020-09-23,5.608954678130584e-05,0.944711985544654,0.0552319249085647
2020-09-24,0.05051753783351197,0.9244263439013383,0.025056118265149998
2020-09-25,0.011340263565414097,0.9597104093823119,0.02894932705227389
2020-09-28,0.00517526138447242,0.9627087898228348,0.0321159487926925
2020-09-29,0.04057280742114443,0.9426718619265421,0.01675533065231356
2020-09-30,0.07317626539892769,0.9156345860633502,0.011189148537721936
2020-10-01,0.15286045883443555,0.8401081602712467,0.0070313808943175465
2020-10-02,0.09180583615566412,0.9005957399972132,0.007598423847122561
2020-10-05,0.008394434469162325,0.9752295126068155,0.01637605292402218
2020-10-06,0.004186780116302451,0.9777200312377812,0.01809318864591654
2020-10-07,0.0025844890337042977,0.9719708742205664,0.025444636745729415
2020-10-08,0.033736779139869756,0.9508560095879681,0.015407211272161943
2020-10-09,0.060174319578748414,0.9288907840803313,0.01093489634092016
2020-10-12,0.010988293215257029,0.9721898859818698,0.016821820802873443
2020-10-13,0.0376708954637872,0.9515752096653356,0.010753894870877252
2020-10-14,0.060172378160530934,0.931808147272368,0.008019474567101084
2020-10-15,0.14680578894341353,0.8478167691385591,0.005377441918027534
2020-10-16,0.2888399177519249,0.7073820380796484,0.0037780441684265092
2020-10-19,0.01926391849428094,0.9691611108532568,0.011574970652462043
2020-10-20,0.07729968958300856,0.9152670731628768,0.00743323725411494
2020-10-21,0.16580908519751536,0.8290518154668055,0.005139099335679097
2020-10-22,0.27816597695150674,0.7177444374860785,0.0040895855624144065
2020-10-23,0.4447753253907808,0.5523456852770207,0.002878989332198545
2020-10-26,0.01291563362901117,0.9723575914483062,0.014726774922682435
2020-10-27,0.062409773279655086,0.9289832870112466,0.008606939709098463
2020-10-28,1.0262304712445792e-08,0.7241531662962478,0.27584682344144745
2020-10-29,0.01092729578132251,0.7981360153961561,0.19093668882252124
2020-10-30,0.007913416970833287,0.8530586465032486,0.13902793652591805
2020-11-02,0.014888130272858187,0.8885500873614094,0.09656178236573253
2020-11-03,0.002787757110586534,0.8870202359949303,0.11019200689448325
2020-11-04,0.0002485944585594497,0.8061608076600877,0.19359059788135263
2020-11-05,0.0007285223455935575,0.7563919229846826,0.2428795546697239
2020-11-06,0.04735266684683259,0.8416925669066616,0.11095476624650598
2020-11-09,0.03991742149274759,0.8850818758001083,0.0750007027071441
2020-11-10,0.1168471112824012,0.8512808394843221,0.03187204923327676
2020-11-11,0.1677524188125659,0.8149067595808588,0.017340821606575057
2020-11-12,0.09103068634138067,0.8946647503163266,0.014304563342292742
2020-11-13,0.03869501377739526,0.9459025075605784,0.015402478662026167
2020-11-16,0.03565316126311557,0.9508898881451622,0.013456950591722333
2020-11-17,0.07821243853987969,0.9133152965918362,0.00847226486828406
2020-11-18,0.029694844981160602,0.9604184773853527,0.009886677633486652
2020-11-19,0.09890489252229083,0.8946001243987142,0.006494983078995095
2020-11-20,0.11324029751214128,0.8808310435911944,0.00592865889666435
2020-11-23,0.20224694447816496,0.7929779959950081,0.004775059526826778
2020-11-24,0.03612482581621268,0.9528210871553903,0.011054087028397042
2020-11-25,0.10838282794092993,0.884908436107972,0.006708735951097942
2020-11-27,0.23286683578110381,0.7626117496718932,0.004521414547003298
2020-11-30,0.3090780480242256,0.6870922894714471,0.003829662504327604
2020-12-01,0.22094347286691834,0.7733888484245324,0.00566767870854962
2020-12-02,0.39019984259026735,0.606306232043679,0.0034939253660535583
2020-12-03,0.566579367918604,0.43123723184789287,0.002183400233503427
2020-12-04,0.5698743816989962,0.42759585830789393,0.002529759993110019
2020-12-07,0.7060446599243115,0.2924606248604948,0.00149471521519378
2020-12-08,0.8225688688784112,0.17660408845762748,0.0008270426639616925
2020-12-09,0.7539240066281554,0.24479109353284007,0.0012848998390048375
2020-12-10,0.8466829331990453,0.15261266248439273,0.0007044043165620089
2020-12-11,0.9038804082988608,0.0957230182232456,0.0003965734778931751
2020-12-14,0.915373833863426,0.08429711306868964,0.0003290530678844194
2020-12-15,0.7696507266194039,0.22903220677252728,0.001317066608068429
2020-12-16,0.8659205591193163,0.13344313617843342,0.000636304702249978
2020-12-17,0.9008311301546645,0.09872605925740294,0.00044281058793252013
2020-12-18,0.9214076583887643,0.07828253541180326,0.0003098061994324356
2020-12-21,0.9319136640709736,0.06784060337542419,0.0002457325536020582
2020-12-22,0.9491391536838473,0.050695835532021775,0.00016501078413081138
2020-12-23,0.963836678026715,0.036061317896648286,0.00010200407663719916
2020-12-24,0.9693254515618595,0.030598994303217695,7.555413492295329e-05
2020-12-28,0.9493552275158418,0.050509060511474656,0.00013571197268367997
2020-12-29,0.9584804642514391,0.041406847152938166,0.00011268859562255725
2020-12-30,0.9685439170000727,0.0313775700836754,7.851291625138139e-05
2020-12-31,0.9634462095927658,0.036464365415764304,8.942499147033146e-05
2021-01-04,0.5867184387881442,0.41131399016141745,0.0019675710504383484
2021-01-05,0.6568174332172722,0.3413769773252729,0.00180558945745512
2021-01-06,0.7513037478412474,0.2474165572213095,0.001279694937443299
2021-01-07,0.37733881203151304,0.6171446975420577,0.005516490426429415
2021-01-08,0.5102553834847001,0.48639505787101917,0.0033495586442809245
2021-01-11,0.5054073686557227,0.49147696026579757,0.003115671078479851
2021-01-12,0.6784987448906232,0.3198281656356138,0.0016730894737627569
2021-01-13,0.806714896274348,0.1923755794355167,0.0009095242901351111
2021-01-14,0.8533076556771664,0.14603406626796553,0.0006582780548677718
2021-01-15,0.8153581692152843,0.18375077901214415,0.0008910517725717001
2021-01-19,0.8232478053188037,0.17583446858440294,0.0009177260967935196
2021-01-20,0.5469248471759337,0.4494923777757058,0.0035827750483607575
2021-01-21,0.7117322942779033,0.28659059902969475,0.0016771066924020925
2021-01-22,0.796402554862191,0.20257480510492626,0.0010226400328825222
2021-01-25,0.8747472276378796,0.124682792075623,0.0005699802864973793
2021-01-26,0.9190554910772782,0.08062109682888696,0.00032341209383448567
2021-01-27,0.002379819592275096,0.9683452503640894,0.02927493004363535
2021-01-28,0.02426707042904914,0.9565818927903678,0.019151036780583303
2021-01-29,0.0005752710619503615,0.963238967639767,0.036185761298282215
2021-02-01,0.003752195577265634,0.9581203521794942,0.03812745224323997
2021-02-02,0.00869010318416756,0.9585835361524128,0.032726360663419725
2021-02-03,0.06901177712026639,0.9157253703053793,0.01526285257435431
2021-02-04,0.06335847739062522,0.9240762798855244,0.012565242723850017
2021-02-05,0.15318845655018806,0.8395571107117669,0.007254432738045139
2021-02-08,0.2131292099218249,0.7811250343530237,0.0057457557251516175
2021-02-09,0.3649421514200138,0.6314114231076641,0.0036464254723223982
2021-02-10,0.5445231627373963,0.45317985383755355,0.002296983425050212
2021-02-11,0.7113784717479422,0.2872614656308973,0.001360062621160661
2021-02-12,0.808413973390224,0.19068522960750026,0.0009007970022756203
2021-02-16,0.8848428439490859,0.11466658783605913,0.0004905682148555147
2021-02-17,0.9290737024219536,0.07065659325360503,0.0002697043244411972
2021-02-18,0.9329829916411428,0.06678085915858857,0.0002361492002690622
2021-02-19,0.9505676580021672,0.04927445622925618,0.00015788576857654867
2021-02-22,0.9097349179293502,0.08995632045031263,0.00030876162033718755
2021-02-23,0.9440491506986382,0.05576308171064736,0.0001877675907143141
2021-02-24,0.8766546138783261,0.12281155017706827,0.0005338359446058787
2021-02-25,0.003536671732735784,0.9694241687943695,0.027039159472894796
2021-02-26,0.038954457900070016,0.9465355188561339,0.014510023243796133
2021-03-01,0.00026096017533427316,0.9498980297386066,0.04984101008605921
2021-03-02,0.01859712191507389,0.9526305336190445,0.02877234446588155
2021-03-03,0.007503609674536899,0.9666490970013377,0.025847293324125428
2021-03-04,0.004979771119672046,0.9707505060413159,0.02426972283901189
2021-03-05,0.0010767074114269401,0.9587106156385865,0.04021267694998627
2021-03-08,0.03253013439402533,0.9466647452361714,0.020805120369803292
2021-03-09,0.015919277283245374,0.9632946573760044,0.020786065340750337
2021-03-10,0.06354433969324969,0.9246109636424319,0.011844696664318116
2021-03-11,0.0658684798679424,0.9239380697552005,0.010193450376857182
2021-03-12,0.16860784345149948,0.8253944327412484,0.00599772380725175
2021-03-15,0.2535421278175655,0.7416761399624384,0.004781732219995916
2021-03-16,0.4067213175663005,0.5900785022556011,0.0032001801780985936
2021-03-17,0.5852289915899619,0.4127033675983638,0.0020676408116741055
2021-03-18,0.10879602371964409,0.8826679364668754,0.00853603981348069
2021-03-19,0.22886226756661088,0.7659949940611247,0.0051427383722643435
2021-03-22,0.307498541779925,0.6881537636489243,0.004347694571150517
2021-03-23,0.26789637135471495,0.7273839966359403,0.004719632009344738
2021-03-24,0.3168893323070316,0.6790460914627844,0.004064576230184272
2021-03-25,0.45371323987027407,0.5432592906423738,0.003027469487352048
2021-03-26,0.08658618176409076,0.90294906036547,0.010464757870439288
2021-03-29,0.19331357824085196,0.8006719323081326,0.00601448945101565
2021-03-30,0.30259659572844216,0.6932198472574969,0.0041835570140611456
2021-03-31,0.4696656436809066,0.5275040587628775,0.002830297556215695
2021-04-01,0.31929564423079276,0.6756908030184202,0.005013552750787208
2021-04-05,0.10700718068341154,0.8834115951119872,0.00958122420460162
2021-04-06,0.22301496597319392,0.7714225712418809,0.005562462784925027
2021-04-07,0.3934715816146114,0.6030911992547038,0.0034372191306849295
2021-04-08,0.5539182418387101,0.44374287643125615,0.0023388817300339045
2021-04-09,0.6048734921685123,0.3928887417888182,0.00223776604266958
2021-04-12,0.7526519952293815,0.24613678267865227,0.001211222091966085
2021-04-13,0.8495569341462703,0.1497568802520909,0.0006861856016385378
2021-04-14,0.879405996664891,0.12007165608918327,0.0005223472459255957
2021-04-15,0.7969531417195046,0.20191531183019593,0.0011315464502995132
2021-04-16,0.8751582108061402,0.12424755786422709,0.0005942313296326247
2021-04-19,0.8802361848970652,0.1192304292002456,0.0005333859026891642
2021-04-20,0.8538394958956174,0.14549161671959218,0.0006688873847906383
2021-04-21,0.8279170947414745,0.1711802197493985,0.0009026855091269904
2021-04-22,0.6999291255364438,0.29830882809132314,0.001762046372232869
2021-04-23,0.5946143623880992,0.4025556426542031,0.002829994957697626
2021-04-26,0.7494638699734432,0.2491696854060019,0.0013664446205545737
2021-04-27,0.8506737826291582,0.1486309179667671,0.000695299404075287
2021-04-28,0.9082355680597477,0.0913865965319111,0.00037783540834097104
2021-04-29,0.9197063252143023,0.07996508737638221,0.00032858740931545076
2021-04-30,0.8855962726055182,0.11392762759067056,0.00047609980381109994
2021-05-03,0.9297077651675035,0.07002302252059743,0.000269212311898592
2021-05-04,0.9056179682470251,0.0940198919820751,0.00036213977089978914
2021-05-05,0.9417235784261537,0.058071454529359835,0.00020496704448654866
2021-05-06,0.9307100843708721,0.06903529992949871,0.0002546156996293957
2021-05-07,0.9301366954403473,0.0695998135976524,0.0002634909620003947
2021-05-10,0.7953049806621394,0.20372991495543616,0.0009651043824244886
2021-05-11,0.6877469358160461,0.3105200235599571,0.0017330406239966067
2021-05-12,0.007514390788035788,0.9711879753425134,0.02129763386945067
2021-05-13,0.01621923598429034,0.9660856118929891,0.017695152122720527
2021-05-14,0.008948208696888435,0.971425388084659,0.01962640321845265
2021-05-17,0.05906722673455989,0.930434914056325,0.01049785920911562
2021-05-18,0.05436394067508981,0.9367763079200152,0.008859751404895025
2021-05-19,0.12390050675840529,0.8701383493452615,0.005961143896332864
2021-05-20,0.10746338687954328,0.8856677640002414,0.006868849120215745
2021-05-21,0.22523369688754025,0.7701889873487373,0.004577315763722064
2021-05-24,0.2068569748202173,0.7876865510573914,0.005456474122391027
2021-05-25,0.3407283137822728,0.655552319451173,0.0037193667665538616
2021-05-26,0.5264510140664677,0.47116211685735193,0.00238686907618042
2021-05-27,0.6974022506064506,0.30117421150183155,0.00142353789171752
2021-05-28,0.820661971981566,0.17854194148243654,0.0007960865359977013
2021-06-01,0.8923703687836263,0.10718524712111865,0.00044438409525531257
2021-06-02,0.9350102813501164,0.06474787341452708,0.00024184523535668949
2021-06-03,0.943003387280563,0.056806125683706986,0.00019048703572961342
2021-06-04,0.923801873402783,0.0759149827813038,0.00028314381591336034
2021-06-07,0.948779062016273,0.05105062832694275,0.0001703096567845032
2021-06-08,0.963263050462914,0.036632307136928416,0.00010464240015806251
2021-06-09,0.9673872613577061,0.03253310336594281,7.963527635083625e-05
2021-06-10,0.9688946694837399,0.031032914406343762,7.241610991670905e-05
2021-06-11,0.9734739665419186,0.026469268294528284,5.6765163552686466e-05
2021-06-14,0.9757510229756811,0.024201819903454446,4.715712086458716e-05
2021-06-15,0.973773481579112,0.026178276083714307,4.824233717383218e-05
2021-06-16,0.9593014370427239,0.040614662496018146,8.390046125817392e-05
2021-06-17,0.9678579861647162,0.03206791444334469,7.409939193926128e-05
2021-06-18,0.7389142958208607,0.26008568769657286,0.0010000164825666388
2021-06-21,0.4287512833812592,0.5670522878237493,0.00419642879499196
2021-06-22,0.5693467984769048,0.42803266795075473,0.002620533572340332
2021-06-23,0.7175808077176934,0.2809745366908336,0.0014446555914728338
2021-06-24,0.7957205776171162,0.20325222076031063,0.001027201622572898
2021-06-25,0.8760294589603703,0.12340914126448341,0.0005613997751458403
2021-06-28,0.9254597913146536,0.07424290211238348,0.00029730657296299525
2021-06-29,0.9515544442070141,0.04828188012465938,0.0001636756683270197
2021-06-30,0.9651439620408804,0.03475775858989647,9.827936922370649e-05
2021-07-01,0.9659971012605141,0.03391674054007999,8.615819940609336e-05
2021-07-02,0.955875703411804,0.04400706047381799,0.00011723611437802017
2021-07-06,0.9627950157660131,0.03710921752252157,9.576671146559253e-05
2021-07-07,0.9690713055828065,0.030853864980786922,7.482943640580247e-05
2021-07-08,0.9186338803649491,0.08114212547459394,0.00022399416045700699
2021-07-09,0.8427542515446649,0.1565412040231373,0.0007045444321981168
2021-07-12,0.9032710765841631,0.09632327730450274,0.00040564611133423405
2021-07-13,0.9229659240391435,0.07673915410868958,0.0002949218521666227
2021-07-14,0.9508255490184511,0.04900907285609459,0.0001653781254549783
2021-07-15,0.9551491965381566,0.04471896210499926,0.0001318413568440998
2021-07-16,0.9184343439360281,0.08130525422594244,0.00026040183802931516
2021-07-19,0.3312125192074001,0.6638473108514026,0.004940169941197591
2021-07-20,0.09004570622729897,0.8995116304949462,0.010442663277754904
2021-07-21,0.12556166989098366,0.8665147279191784,0.007923602189838074
2021-07-22,0.26018434878557417,0.7350106634115257,0.004804987802900042
2021-07-23,0.22787032763254353,0.7665003140725151,0.005629358294941489
2021-07-26,0.39594205977449437,0.6005710955649721,0.003486844660533412
2021-07-27,0.4737259173658654,0.523398500310402,0.0028755823237327275
2021-07-28,0.6477142678251292,0.35056291846826587,0.0017228137066050571
2021-07-29,0.7693515737409654,0.229545990114706,0.00110243614432864
2021-07-30,0.7890188246634499,0.20995885659611205,0.0010223187404383343
2021-08-02,0.8644185269781097,0.13498302819251182,0.0005984448293779568
2021-08-03,0.8641744629964211,0.13517094422050294,0.0006545927830761312
2021-08-04,0.882375735947116,0.11710260383792347,0.000521660214960578
2021-08-05,0.9093499300477932,0.09026117574368757,0.0003888942085188946
2021-08-06,0.9437583977093873,0.056036059898431564,0.00020554239218087444
2021-08-09,0.9590043287227659,0.04087086748616951,0.00012480379106478523
2021-08-10,0.9687801236860798,0.03113979722842644,8.007908549400786e-05
2021-08-11,0.9735703711917536,0.02637183667089125,5.779213735470121e-05
2021-08-12,0.9733522699206915,0.026593638928142874,5.409115116584938e-05
2021-08-13,0.9757459324854497,0.024207459415935304,4.660809861514789e-05
2021-08-16,0.9764166277712794,0.023540138445155515,4.323378356521152e-05
2021-08-17,0.9482344288960485,0.05165709258697615,0.00010847851697558853
2021-08-18,0.817047504916987,0.1822719370491685,0.0006805580338440591
2021-08-19,0.8938647103644433,0.10572382661088436,0.00041146302467269535
2021-08-20,0.89052348935666,0.10899620216126912,0.0004803084820711069
2021-08-23,0.8808839941707979,0.11855450362043816,0.0005615022087637981
2021-08-24,0.9289454215195775,0.07077083169160121,0.0002837467888210677
2021-08-25,0.9533616801441993,0.04648080888940142,0.00015751096639920225
2021-08-26,0.9387505767653548,0.06105763478675611,0.00019178844788914502
2021-08-27,0.9201889371286128,0.07951481163431896,0.0002962512370680251
2021-08-30,0.9436322284692459,0.05616933821391712,0.00019843331683716317
2021-08-31,0.9579706238143502,0.04190248528123419,0.0001268909044156736
2021-09-01,0.9679576792486874,0.03195968947841001,8.263127290259229e-05
2021-09-02,0.9723542159839123,0.02758348174257332,6.230227351435038e-05
2021-09-03,0.9745335134693112,0.025415622093506975,5.0864437182433016e-05
2021-09-07,0.9693370248029762,0.0306032479073217,5.972728970204205e-05
2021-09-08,0.9716658276672653,0.02827639071582513,5.7781616909662895e-05
2021-09-09,0.9622531849788715,0.03766641258931857,8.04024318103431e-05
2021-09-10,0.9238362532345049,0.07595268538089803,0.0002110613845972348
2021-09-13,0.9506586115387596,0.049190820310938445,0.00015056815030232155
2021-09-14,0.9372126796911828,0.0625938797232942,0.00019344058552257272
2021-09-15,0.9231731168146217,0.07654614372236504,0.00028073946301315354
2021-09-16,0.9461852939681898,0.053635160062673326,0.00017954596913684437
2021-09-17,0.8721168423389084,0.12739062815552055,0.0004925295055706878
2021-09-20,0.16823788653400587,0.8237225668901813,0.00803954657581284
2021-09-21,0.31078690291275807,0.6845945833863631,0.004618513700879032
2021-09-22,0.29783067559573834,0.6971754633045346,0.0049938610997269876
2021-09-23,0.17773724733874213,0.8150843168833584,0.007178435777899579
2021-09-24,0.3349315114248911,0.6608677603902358,0.004200728184873257
2021-09-27,0.471498453760163,0.5256263448703365,0.0028752013695006375
2021-09-28,0.005800507545674917,0.9753416345246957,0.018857857929629362
2021-09-29,0.06383537237785637,0.9262625778495817,0.009902049772562154
2021-09-30,0.022789553875121975,0.9660960010094016,0.011114445115476249
2021-10-01,0.027997019177182503,0.9613237821046742,0.010679198718143195
2021-10-04,0.009416319908374639,0.9779906875465102,0.012592992545115003
2021-10-05,0.025684710111446202,0.963544230020717,0.010771059867836611
2021-10-06,0.09141525634887497,0.9016746295029504,0.006910114148174543
2021-10-07,0.12581368147504657,0.8679278780175722,0.006258440507381247
2021-10-08,0.2385061818319706,0.7571114176774002,0.004382400490629295
2021-10-11,0.23736366226584701,0.7580732155354122,0.004563122198740959
2021-10-12,0.3715372433057139,0.6251375032358556,0.0033252534584302176
2021-10-13,0.5494565236257903,0.44830610532877857,0.0022373710454311434
2021-10-14,0.10364326456659842,0.8862035624664765,0.010153172966925274
2021-10-15,0.15580671606149818,0.8368870594682283,0.007306224470273595
2021-10-18,0.2933721401056449,0.7020686948793956,0.004559165014959668
2021-10-19,0.364182175399876,0.6318378043915022,0.003980020208622186
2021-10-20,0.5340018792536956,0.46346668301877536,0.0025314377275292483
2021-10-21,0.6957023920159379,0.30278951079952154,0.0015080971845408346
2021-10-22,0.809902761591475,0.1892296678958339,0.0008675705126912102
2021-10-25,0.8742421678878525,0.12519654725001758,0.0005612848621300663
2021-10-26,0.9251765293021132,0.07452766913665465,0.00029580156123237627
2021-10-27,0.923833871811968,0.07588448905268529,0.0002816391353466537
2021-10-28,0.8876248804389283,0.11187985076885462,0.000495268792217193
2021-10-29,0.9321789314100352,0.06755907243663124,0.00026199615333375684
2021-11-01,0.9553393976142857,0.04451405907910317,0.00014654330661126812
2021-11-02,0.9646291550588499,0.035271631764293744,9.921317685697423e-05
2021-11-03,0.9607473941180924,0.039148237009406964,0.00010436887250093564
2021-11-04,0.9664053572093886,0.03350935943910463,8.528335150655261e-05
2021-11-05,0.9703230972390734,0.029607787595706706,6.911516521992324e-05
2021-11-08,0.9742742061733485,0.025672280659802153,5.351316684893315e-05
2021-11-09,0.968817069574266,0.031121163185498207,6.176724023554006e-05
2021-11-10,0.9240521406868943,0.07575162814527535,0.00019623116783052384
2021-11-11,0.9510705978373923,0.0487848306415577,0.00014457152104996714
2021-11-12,0.9466442537500896,0.053187903827016075,0.00016784242289410675
2021-11-15,0.9619913682613611,0.037900836320510424,0.0001077954181287534
2021-11-16,0.9677581022889205,0.03216017995511461,8.17177559653852e-05
2021-11-17,0.9678192426664822,0.03210783996854014,7.29173649781317e-05
2021-11-18,0.9716074603699071,0.028329958284598937,6.258134549408195e-05
2021-11-19,0.9727204069357775,0.027224270977175287,5.5322087046828164e-05
2021-11-22,0.9688881526461406,0.0310492663024909,6.25810513685283e-05
2021-11-23,0.9735685576447405,0.02637697104970533,5.447130555378926e-05
2021-11-24,0.9755742482062731,0.024378501053460018,4.725074026643622e-05
2021-11-26,0.033994555581162836,0.9564709151158225,0.009534529303014714
2021-11-29,0.02181228024547706,0.9669643911037206,0.011223328650802594
2021-11-30,0.0006575998005976138,0.9752447185584548,0.024097681640947766
2021-12-01,0.006885047147849681,0.9730967388831054,0.020018213969044813
2021-12-02,0.008838647317916924,0.9711430871140876,0.020018265567995682
2021-12-03,0.022805575069883757,0.9634334110875457,0.013761013842570644
2021-12-06,0.026374030248145944,0.9611191466996173,0.012506823052236634
2021-12-07,0.0010481017899411536,0.9693959776550879,0.029555920554970784
2021-12-08,0.05271286937824827,0.9327934927312383,0.01449363789051309
2021-12-09,0.0667422513390381,0.9232062954727918,0.010051453188170004
2021-12-10,0.08073632791751294,0.910661216900192,0.008602455182295101
2021-12-13,0.05924798817741686,0.932536970278131,0.008215041544452009
2021-12-14,0.06815830595200885,0.9246988692156933,0.007142824832298034
2021-12-15,0.012388728302464996,0.9745069403109504,0.013104331386584563
2021-12-16,0.023410573348830555,0.966214694331576,0.010374732319593525
2021-12-17,0.020090939000043904,0.9699627874484862,0.00994627355146937
2021-12-20,0.013572392376508145,0.9758969185305459,0.010530689092945713
2021-12-21,0.0029132386194623302,0.9784981034460287,0.018588657934508864
2021-12-22,0.022739206068599097,0.9634578360924485,0.013802957838952625
2021-12-23,0.07172332115231117,0.9194389519178454,0.008837726929843328
2021-12-27,0.02985835902673655,0.9586583770096403,0.011483263963623223
2021-12-28,0.10149152659402577,0.8916507163042734,0.00685775710170068
2021-12-29,0.22515719573698229,0.7702858930758871,0.004556911187130565
2021-12-30,0.34431052930190464,0.6522077957835851,0.003481674914510474
2021-12-31,0.4848189960774988,0.512602023486014,0.002578980436487162
2022-01-03,0.5876763547938132,0.4101470840753021,0.0021765611308846074
2022-01-04,0.7363426365071706,0.2624004039461039,0.0012569595467256298
2022-01-05,0.027689246418440287,0.9575529737045335,0.014757779877026315
2022-01-06,0.09809535379374536,0.8937805449367128,0.008124101269541661
2022-01-07,0.1661730580222751,0.8281359726995766,0.005690969278148234
2022-01-10,0.2999262062106893,0.6961703260256795,0.003903467763631005
2022-01-11,0.3027795601234044,0.6927648065653899,0.004455633311205642
2022-01-12,0.4796120657337998,0.5175677802844582,0.002820153981742071
2022-01-13,0.09059166478573769,0.900708638524179,0.008699696690083225
2022-01-14,0.20798351559615222,0.7867462152238069,0.00527026918004091
2022-01-18,0.005086579834051311,0.9784568085278502,0.01645661163809841
2022-01-19,0.014986966754499557,0.9721145227240064,0.012898510521493886
2022-01-20,0.013428568029096685,0.974518649613094,0.012052782357809365
2022-01-21,0.0005541353448261427,0.9745119694303381,0.024933895224836012
2022-01-24,0.05255953093284917,0.9348849226543035,0.012555546412847462
2022-01-25,0.018205466534244753,0.9686366088211255,0.013157924644629436
2022-01-26,0.07952520538310888,0.9128158941407744,0.0076589004761164516
2022-01-27,0.12033900075164616,0.8736639309030872,0.005997068345266542
2022-01-28,0.0004669300578443082,0.9655122902743988,0.03402077966775689
2022-01-31,0.001195915963262225,0.9499106444276857,0.04889343960905236
2022-02-01,0.03768675580359446,0.9368937434344917,0.02541950076191391
2022-02-02,0.05712242952251313,0.9262350637118473,0.016642506765639747
2022-02-03,5.2292933017210496e-05,0.9333381261970444,0.06660958086993844
2022-02-04,0.04346980181597095,0.9249233132368294,0.03160688494719947
2022-02-07,0.1005292742673957,0.8839726784945622,0.015498047238042397
2022-02-08,0.13348647782259945,0.8560939641545375,0.01041955802286309
2022-02-09,0.04119395951745175,0.9449436511935307,0.013862389289017753
2022-02-10,0.001408430599452058,0.9732909588995229,0.02530061050102527
2022-02-11,0.0003706222394404194,0.9574832823239585,0.04214609543660142
2022-02-14,0.03918097206517654,0.9402871329518866,0.02053189498293669
2022-02-15,0.010360564512306023,0.9655307684323057,0.024108667055388507
2022-02-16,0.07214719160654948,0.9160035529305116,0.011849255462938909
2022-02-17,0.0004330561941546876,0.9654677971025118,0.03409914670333347
2022-02-18,0.0229889122436799,0.9573792444028649,0.019631843353455414
2022-02-22,0.020706659354400875,0.964070989874012,0.015222350771586905
2022-02-23,0.0008392610145099269,0.9716206351317263,0.027540103853763865
2022-02-24,0.005614374359773747,0.9669642307963322,0.027421394843894015
2022-02-25,0.00026647337776463894,0.9362839932670228,0.06344953335521268
2022-02-28,0.044714772620862445,0.9265437947558129,0.028741432623324792
2022-03-01,0.00479938507922266,0.9622834431528059,0.032917171767971536
2022-03-02,0.0015468080519888592,0.952006305543272,0.04644688640473899
2022-03-03,0.03352689340715739,0.9429389356589551,0.02353417093388743
2022-03-04,0.043351883988401736,0.9415160433472861,0.01513207266431236
2022-03-07,1.1298508184882745e-06,0.8608756765296172,0.13912319361956427
2022-03-08,0.020974730819373677,0.9050197834673833,0.07400548571324295
2022-03-09,5.2330882381314434e-05,0.7800353195399587,0.21991234957766015
2022-03-10,0.033065872859575664,0.8599890998090467,0.1069450273313777
2022-03-11,0.010194395188527411,0.9052149915658291,0.08459061324564315
2022-03-14,0.029190305707199115,0.9252346023023454,0.04557509199045559
2022-03-15,0.0007528026958790639,0.9130574110198558,0.08618978628426523
2022-03-16,0.00020064029908109103,0.8368635024932051,0.16293585720771367
2022-03-17,0.010948406833186021,0.875941467024847,0.11311012614196726
2022-03-18,0.019652301210929417,0.9052464427912482,0.07510125599782241
2022-03-21,0.08630443689378026,0.8815591454345888,0.03213641767163134
2022-03-22,0.06803573982459382,0.9085290082408306,0.02343525193457549
2022-03-23,0.02127702546211506,0.9576311830155052,0.0210917915223799
2022-03-24,0.012078030328116617,0.9666669077514939,0.02125506192038964
2022-03-25,0.06387399524744197,0.9244918749526333,0.011634129799924814
2022-03-28,0.11451852380251218,0.8774539704354274,0.008027505762060672
2022-03-29,0.06806758488202785,0.922503818209616,0.00942859690835604
2022-03-30,0.0933847184771131,0.8994444899755594,0.007170791547327396
2022-03-31,0.007863867876074005,0.9787978890295149,0.013338243094411372
2022-04-01,0.06428483894357614,0.9277581670346655,0.007956994021758326
2022-04-04,0.10068244536252276,0.8925427232173592,0.006774831420118404
2022-04-05,0.02672157131671489,0.9636765209001776,0.00960190778310719
2022-04-06,0.025027103233857657,0.9658562091681165,0.0091166875980256
2022-04-07,0.08944782606786733,0.9042672278735552,0.0062849460585773596
2022-04-08,0.1772521364989166,0.818037474017851,0.00471038948323234
2022-04-11,0.008601639940215436,0.9785128425103221,0.012885517549462476
2022-04-12,0.05369426484544455,0.9383213694094777,0.00798436574507787
2022-04-13,0.049273097236361155,0.9421682700855509,0.008558632678087753
2022-04-14,0.01757691431924662,0.972069165238662,0.010353920442091146
2022-04-18,0.0834888276830425,0.9100345840496011,0.006476588267356247
2022-04-19,0.016195523144460818,0.9716532518424157,0.012151225013123884
2022-04-20,0.07977843241213049,0.9130211703302598,0.007200397257609848
2022-04-21,0.009898700945241196,0.9779816468848167,0.012119652169941948
2022-04-22,2.2590316545590656e-06,0.911048031730828,0.08894970923751716
2022-04-25,0.04063938416834739,0.9168090065720594,0.042551609259592976
2022-04-26,2.7412323247775598e-06,0.7750164745073258,0.22498078426034931
2022-04-27,0.04724084708464394,0.8501937367908587,0.10256541612449752
2022-04-28,0.00014290213654411744,0.7419160855786374,0.25794101228481847
2022-04-29,1.4356560192732146e-10,0.0874885169575002,0.9125114828989341
2022-05-02,0.007288338725192618,0.2327974645343382,0.7599141967404693
2022-05-03,0.03914720359877843,0.426614655329535,0.5342381410716865
2022-05-04,1.1132236143778266e-06,0.11185178960589465,0.8881470971704909
2022-05-05,1.436499297931488e-11,0.0064275543934390195,0.9935724455921959
2022-05-06,0.00040262474985582806,0.09365683716078413,0.9059405380893601
2022-05-09,6.790339609081151e-10,0.012189936593838048,0.9878100627271278
2022-05-10,0.0014738892229210294,0.11378794916781582,0.8847381616092631
2022-05-11,0.00019160233596216813,0.14419611376786423,0.8556122838961738
2022-05-12,0.014695877610210937,0.3326009182152365,0.6527032041745527
2022-05-13,4.738313870622677e-05,0.18624483478137993,0.8137077820799139
2022-05-16,0.013195617490226179,0.37921775217860504,0.6075866303311688
2022-05-17,0.00046884599225046985,0.3158222885404256,0.6837088654673238
2022-05-18,1.7548175089161141e-13,0.006028266512990953,0.9939717334868337
2022-05-19,0.0003654433018380854,0.09240966754185155,0.9072248891563103
2022-05-20,0.011709369618482138,0.256403266829197,0.7318873635523206
2022-05-23,0.0008501432707021481,0.24874708979487664,0.7504027669344214
2022-05-24,0.00802565515005979,0.41733841729634097,0.5746359275535995
2022-05-25,0.023093170266811753,0.576286223374643,0.4006206063585451
2022-05-26,0.0009788122899625669,0.514009132313938,0.4850120553960995
2022-05-27,1.878340430050859e-05,0.28491582589725606,0.7150653906984433
2022-05-31,0.012244339922016262,0.47762426375973677,0.5101313963182471
2022-06-01,0.026513489588451827,0.6450162751701621,0.3284702352413861
2022-06-02,0.002322389337337743,0.6288398352857739,0.36883777537688817
2022-06-03,0.000877938147847289,0.6344699533999936,0.3646521084521592
2022-06-06,0.04311968004835286,0.7735381225645369,0.18334219738711027
2022-06-07,0.06126996332523761,0.8317802325958671,0.1069498040788952
2022-06-08,0.031205116388441194,0.895931054991011,0.07286382862054754
2022-06-09,4.591896082311208e-05,0.8125085335910993,0.18744554744807768
2022-06-10,2.600382692549916e-07,0.3939323984385181,0.6060673415232127
2022-06-13,1.8081214046092848e-12,0.012459577773505266,0.9875404222246866
2022-06-14,0.001083674838150402,0.11040751364834471,0.8885088115135047
2022-06-15,0.0011351046387935682,0.17429333133027256,0.8245715640309339
2022-06-16,9.019820155946727e-10,0.01916126976199115,0.9808387293360267
2022-06-17,0.002317932035826018,0.12749977156960401,0.8701822963945701
2022-06-21,6.4491637746707265e-06,0.06639038014854527,0.9336031706876801
2022-06-22,0.007095634857664478,0.21263491325296008,0.7802694518893755
2022-06-23,0.017156313776572642,0.36339988130120204,0.6194438049222253
2022-06-24,2.82898795567715e-07,0.07608962397614583,0.9239100931250585
2022-06-27,0.0068313038905358755,0.22449483633065362,0.7686738597788102
2022-06-28,6.576496772287039e-05,0.17577356653352516,0.8241606684987521
2022-06-29,0.017326198958993094,0.3766230106633306,0.6060507903776761
2022-06-30,0.02249614368029365,0.5421308967613073,0.43537295955839933
2022-07-01,0.031992677296083245,0.6697670663403831,0.2982402563635335
2022-07-05,0.11455239399219744,0.7495410232117177,0.1359065827960849
2022-07-06,0.24327783352755034,0.7017863936222635,0.05493577285018626
2022-07-07,0.0665578122964953,0.8740561291790298,0.05938605852447539
2022-07-08,0.1644267916687989,0.8109127916875546,0.02466041664364635
2022-07-11,0.05839617135899289,0.9198619881260327,0.021741840514974173
2022-07-12,0.04542971087329721,0.9389913124539158,0.015578976672786678
2022-07-13,0.094121971986047,0.8966952529550294,0.00918277505892383
2022-07-14,0.17873818684779663,0.8154073081301729,0.005854505022030285
2022-07-15,0.00943641956662941,0.9732952367132592,0.0172683437201116
2022-07-18,0.02366925982238753,0.9640578212425008,0.012272918935111577
2022-07-19,1.9025366161358163e-05,0.9203835973222532,0.07959737731158556
2022-07-20,0.039999948292135594,0.9215123104043187,0.03848774130354574
2022-07-21,0.054314257684422884,0.9213880772703915,0.024297665045185463
2022-07-22,0.042252460039750125,0.9406477948362522,0.0170997451239978
2022-07-25,0.12912408584768417,0.8620905352666653,0.008785378885650468
2022-07-26,0.04598272254904577,0.9437831467904663,0.010234130660487834
2022-07-27,7.229023804791103e-05,0.9426144299767555,0.05731327978519647
2022-07-28,0.012534912514790232,0.9468716818072204,0.040593405677989594
2022-07-29,0.010187479845276598,0.9541434490045783,0.0356690711501449
2022-08-01,0.05923917927817611,0.923636898471099,0.017123922250724614
2022-08-02,0.07960601312277968,0.9094354608006384,0.010958526076582016
2022-08-03,0.018057709795658527,0.9662580605826373,0.01568422962170428
2022-08-04,0.08242899324063967,0.9090145322951941,0.008556474464166273
2022-08-05,0.1798150259240766,0.8147446367522114,0.0054403373237122115
2022-08-08,0.3206617262344626,0.6756137334579235,0.0037245403076140208
2022-08-09,0.41378765712317683,0.5831136781127908,0.0030986647640324416
2022-08-10,0.010469463133531639,0.9702732628263735,0.019257274040094717
2022-08-11,0.06938508825329244,0.9205963876024289,0.010018524144278613
2022-08-12,0.008659766246057686,0.9736841730071046,0.017656060746837503
2022-08-15,0.06359096394413775,0.9265975295226587,0.009811506533203682
2022-08-16,0.1642963315752824,0.8297871097283779,0.0059165586963394875
2022-08-17,0.15980454731485552,0.8345242760076262,0.005671176677517922
2022-08-18,0.3076508739568301,0.6885019512637063,0.0038471747794635767
2022-08-19,0.07567154184943223,0.9162968012340904,0.008031656916477248
2022-08-22,0.0003981270726066662,0.971652505339343,0.027949367588050437
2022-08-23,0.04646114707765474,0.9396541940228094,0.013884658899535966
2022-08-24,0.13234647919351383,0.8599416849399745,0.007711835866511694
2022-08-25,0.046584771197221146,0.9423472179829978,0.011068010819780868
2022-08-26,3.598461530410208e-08,0.7646853156254837,0.23531464838990124
2022-08-29,0.022014928172492516,0.852022415066419,0.12596265676108848
2022-08-30,0.015376845902328497,0.8996020769542412,0.08502107714343037
2022-08-31,0.030720527648479802,0.9224340395301457,0.04684543282137431
2022-09-01,0.10567709776502932,0.8734396974930958,0.02088320474187486
2022-09-02,0.04875481722736153,0.9340116630166264,0.01723351975601196
2022-09-06,0.10278847412794362,0.8875074860097965,0.00970403986226014
2022-09-07,0.00794779806422842,0.9722515721748977,0.0198006297608738
2022-09-08,0.048630687146663354,0.9395838577186879,0.011785455134648496
2022-09-09,0.01420151010587531,0.9701904497927613,0.015608040101363324
2022-09-12,0.028627673824150792,0.9588626046846247,0.012509721491224337
2022-09-13,6.808658560382354e-13,0.2204818983498524,0.7795181016494668
2022-09-14,0.019996619696287722,0.42654026431100384,0.5534631159927086
2022-09-15,0.011598162861254244,0.5560331020512869,0.4323687350874591
2022-09-16,0.02857449413151475,0.7088496875319831,0.262575818336502
2022-09-19,0.07421234142248098,0.7891988984014215,0.13658876017609747
2022-09-20,0.03148512684864791,0.8712640151690619,0.09725085798228988
2022-09-21,0.0018175545726891178,0.8856090111093309,0.11257343431797996
2022-09-22,0.017549710951834684,0.9187685152390538,0.06368177380911125
2022-09-23,0.0013159351756419685,0.9221758867122921,0.07650817811206587
2022-09-26,0.01066423768969526,0.9400392411317988,0.04929652117850601
2022-09-27,0.06359023852304832,0.9139948647657093,0.02241489671124227
2022-09-28,0.0029609790544899406,0.9567052225891767,0.04033379835633349
2022-09-29,0.00012135157036045451,0.9198591755806484,0.08001947284899119
2022-09-30,0.0019691305651813114,0.9229897155783496,0.0750411538564689
2022-10-03,2.7132804289098982e-05,0.7756514599538941,0.22432140724181676
2022-10-04,4.399262887156409e-07,0.30947204603597445,0.6905275140377368
2022-10-05,0.024031223945935407,0.5277247792838112,0.44824399677025356
2022-10-06,0.018971767290720774,0.6623025742113121,0.31872565849796713
2022-10-07,8.483988250875776e-07,0.28183772005213586,0.7181614315490389
2022-10-10,0.009238471325820445,0.4617729338217551,0.5289885948524243
2022-10-11,0.028473267130256545,0.6390431740734027,0.332483558796341
2022-10-12,0.08497415524804688,0.7507950982300506,0.16423074652190248
2022-10-13,9.038694454434164e-05,0.5733512267947366,0.4265583862607191
2022-10-14,9.202824922094398e-06,0.3478378520030622,0.6521529451720156
2022-10-17,2.85622996031498e-06,0.13601500495505375,0.863982138814986
2022-10-18,0.003111058079929897,0.24629379582366856,0.7505951460964018
2022-10-19,0.0146119754634083,0.4297486511775235,0.5556393733590685
2022-10-20,0.02550876678442319,0.5996038681821261,0.3748873650334507
2022-10-21,0.00011601089510533968,0.4089557394610494,0.5909282496438453
2022-10-24,0.0072237017722920635,0.5352324789032691,0.4575438193244385
2022-10-25,0.0028961803062170777,0.5654175479678945,0.4316862717258887
2022-10-26,0.01866106737663018,0.7174736207945285,0.2638653118288414
2022-10-27,0.04575330234006684,0.8147766928958439,0.13947000476408922
2022-10-28,0.00014062511080461932,0.6776541093833427,0.3222052655058528
2022-10-31,0.01752393159540737,0.7963537800810394,0.18612228832355315
2022-11-01,0.0606198701888743,0.851527483739868,0.08785264607125763
2022-11-02,3.1031759951267e-05,0.7419778404779706,0.2579911277620782
2022-11-03,0.008168827039059457,0.8208217724142232,0.1710094005467172
2022-11-04,0.010055735159093384,0.858800099030144,0.13114416581076258
2022-11-07,0.030480800762728463,0.8936026906367581,0.07591650860051344
2022-11-08,0.08830400576773578,0.8761006784032317,0.03559531582903247
2022-11-09,0.0006212371113721835,0.925197395341115,0.07418136754751273
2022-11-10,2.0073151499933006e-20,0.0016906780921302543,0.9983093219078696
2022-11-11,7.73570829691944e-05,0.07484655913467515,0.9250760837823558
2022-11-14,0.002009776503491467,0.18462651783710649,0.8133637056594021
2022-11-15,0.011550291966581501,0.34027595614539147,0.6481737518880273
2022-11-16,0.01984670864635793,0.5123507707411858,0.4678025206124562
2022-11-17,0.07080084381445718,0.6761785724702281,0.25302058371531466
2022-11-18,0.16632417723138118,0.7173714891472566,0.11630433362136249
2022-11-21,0.2638334394560263,0.6868011895071943,0.04936537103677956
2022-11-22,0.11000722654322545,0.8432036374502979,0.04678913600647647
2022-11-23,0.19550085857021723,0.7826916606592413,0.021807480770541676
2022-11-25,0.3538053793666431,0.6372520675670507,0.008942553066306086
2022-11-28,0.0364025573364964,0.9460103048773763,0.017587137786127447
2022-11-29,0.10886573104407236,0.8819167992302247,0.009217469725702624
2022-11-30,5.319963832708639e-06,0.8763221376447144,0.12367254239145281
2022-12-01,0.047897685937971446,0.8981099528076026,0.053992361254425865
2022-12-02,0.13108249988876017,0.8457950106860005,0.02312248942523909
2022-12-05,0.003945781352566984,0.9576423831207374,0.03841183552669588
2022-12-06,0.00305755978218357,0.9602471666639683,0.0366952735538486
2022-12-07,0.05216985498851066,0.9305387592447847,0.017291385766704335
2022-12-08,0.09536012086164042,0.8937560611430663,0.010883817995293301
2022-12-09,0.09944540393351795,0.8922395787614663,0.008315017305015824
2022-12-12,0.03406323923424767,0.9542753947828471,0.011661365982905517
2022-12-13,0.07648176743976644,0.9152425798449058,0.008275652715327722
2022-12-14,0.10563718218882398,0.8878404781610001,0.0065223396501759385
2022-12-15,6.281362047687314e-05,0.9574325982056403,0.04250458817388267
2022-12-16,0.008221615616578052,0.9612948680717521,0.030483516311669744
2022-12-19,0.01951097158673403,0.9605964394097101,0.01989258900355601
2022-12-20,0.0889456019937335,0.9009549128134917,0.010099485192774748
2022-12-21,0.02568073859036645,0.9604828413451554,0.013836420064478272
2022-12-22,0.005250725933926141,0.9777467091021033,0.01700256496397049
2022-12-23,0.04911719278961954,0.9406635212499826,0.01021928596039793
2022-12-27,0.10368951072543095,0.8895082944375359,0.006802194837033237
2022-12-28,0.03256918626954468,0.958249243847507,0.009181569882948444
2022-12-29,0.004920008228835379,0.978371791454978,0.016708200316187034
2022-12-30,0.05267941904193541,0.9379569568069289,0.009363624151135737
2023-01-03,0.10893197272851829,0.8846486931818647,0.006419334089616949
2023-01-04,0.16004468123187215,0.8343227442454584,0.0056325745226694915
2023-01-05,0.05465547970701438,0.9371773539584012,0.008167166334584804
2023-01-06,0.0005573140066808572,0.9684453833365564,0.03099730265676269
2023-01-09,0.05133124749516695,0.9338732778009011,0.014795474703932004
2023-01-10,0.10144131524473132,0.889126145896547,0.009432538858721454
2023-01-11,0.052521893863745485,0.9365323599147385,0.010945746221515923
2023-01-12,0.13947154076504728,0.8539051621059403,0.006623297129012705
2023-01-13,0.26338230841232263,0.732098140019213,0.004519551568464437
2023-01-17,0.40969902957489035,0.5871637842338397,0.00313718619126989
2023-01-18,0.043045554400010906,0.946588646640475,0.010365798959514231
2023-01-19,0.05344306067063044,0.9382451144134978,0.0083118249158717
2023-01-20,0.003680492244029776,0.9774763937724943,0.018843113983476458
2023-01-23,0.01558033310027636,0.9686577478080137,0.015761919091710146
2023-01-24,0.07836272170673166,0.9130314872065438,0.008605791086724737
2023-01-25,0.18505383789536523,0.8095969852775299,0.005349176827104831
2023-01-26,0.1400932918276688,0.8532208848546496,0.006685823317681613
2023-01-27,0.2787939280701224,0.7168794258895775,0.004326646040300082
2023-01-30,0.06561769621005133,0.9259132833547318,0.008469020435216894
2023-01-31,0.021704779238228368,0.9662118186317251,0.012083402130046213
2023-02-01,0.03485674833408683,0.9547234135034649,0.010419838162448205
2023-02-02,0.013944503901506873,0.972468764876437,0.013586731222056232
2023-02-03,0.015964786393411153,0.9721773963889601,0.011857817217628831
2023-02-06,0.04382614565544264,0.9477856480389678,0.008388206305589169
2023-02-07,0.027918745248558093,0.9619351945208662,0.010146060230576166
2023-02-08,0.017430135180570246,0.9721422950834206,0.010427569736008998
2023-02-09,0.025874668950962944,0.9651066423944911,0.009018688654545774
2023-02-10,0.09940181572807671,0.8946473425017384,0.0059508417701851345
2023-02-13,0.07346260004835359,0.9190650233120293,0.007472376639617457
2023-02-14,0.1766935429926066,0.8183272135973007,0.004979243410093148
2023-02-15,0.3271287038198401,0.6693032304421448,0.003568065738015494
2023-02-16,0.06071223801511978,0.9306601327148321,0.008627629270047898
2023-02-17,0.13503218361790614,0.8591712666605841,0.005796549721509557
2023-02-21,0.0014013790958149043,0.978236696180973,0.020361924723212053
2023-02-22,0.0506975410423578,0.9386282960707623,0.010674162886879914
2023-02-23,0.12008842933973003,0.8729177996540406,0.006993771006229355
2023-02-24,0.0574913044047966,0.9342943872278267,0.008214308367376539
2023-02-27,0.14952313116427396,0.8449820963143193,0.005494772521406734
2023-02-28,0.2508149645578878,0.7450094337689823,0.004175601673129462
2023-03-01,0.3243148135811943,0.6720220729695563,0.0036631134492496422
2023-03-02,0.3890023803316831,0.6074451363559719,0.0035524833123446436
2023-03-03,0.0811300452525924,0.9085811256831547,0.010288829064253168
2023-03-06,0.19284184140449429,0.8012500342246626,0.005908124370843301
2023-03-07,0.01815014827057614,0.9696224228276465,0.01222742890177728
2023-03-08,0.08653649908948653,0.9062720176819962,0.007191483228516938
2023-03-09,0.002079384465871782,0.9797107152810981,0.01820990025303021
2023-03-10,0.0028274365858890196,0.9767849410639685,0.020387622350142368
2023-03-13,0.05336106942959463,0.9359814152495483,0.010657515320856995
2023-03-14,0.009850362002375634,0.9735458838284252,0.01660375416919913
2023-03-15,0.03220226982579302,0.9567684623796886,0.011029267794517938
2023-03-16,0.0046907124599637855,0.9764519876677537,0.018857299872282705
2023-03-17,0.01014253193560943,0.9742084834463883,0.015648984618002345
2023-03-20,0.03622583085172299,0.9525459231610406,0.011228245987236266
2023-03-21,0.024079168767574648,0.9637451532404895,0.012175677991935738
2023-03-22,0.002222355649259617,0.9786554695580898,0.019122174792650555
2023-03-23,0.05528791009190533,0.9344645316205427,0.010247558287552083
2023-03-24,0.1232057356380968,0.8699104533711783,0.006883810990725072
2023-03-27,0.2576227454406734,0.7379397065151267,0.004437548044199718
2023-03-28,0.4113644628359184,0.5855637969635892,0.0030717402004924186
2023-03-29,0.1568244988296628,0.835671248058264,0.007504253112073297
2023-03-30,0.25694415592050807,0.7378703040314036,0.005185540048088049
2023-03-31,0.08287816544692081,0.9075224669016274,0.009599367651451852
2023-04-03,0.18490441680346767,0.8091654116654323,0.0059301715310997784
2023-04-04,0.22145988976282888,0.7735391492517093,0.0050009609854620215
2023-04-05,0.35110686184629836,0.6453345075967069,0.0035586305569949624
2023-04-06,0.5218019803040531,0.4757569898897242,0.0024410298062227135
2023-04-10,0.6935010720746273,0.3050496877150682,0.0014492402103044428
2023-04-11,0.8154350518120489,0.18374328864749798,0.0008216595404527919
2023-04-12,0.8535779668243142,0.14577616571927998,0.0006458674564055365
2023-04-13,0.6436136967300954,0.35395786357542436,0.002428439694480196
2023-04-14,0.7611761864344069,0.23753210909425426,0.0012917044713387968
2023-04-17,0.8548901688454796,0.1444211485629097,0.0006886825916102376
2023-04-18,0.9148405353508146,0.0848087973331098,0.00035066731607511143
2023-04-19,0.945554527891758,0.05425324773690143,0.00019222437134099084
2023-04-20,0.930566043227116,0.06920055661205887,0.00023340016082538804
2023-04-21,0.9546026565490454,0.04525530092306575,0.00014204252788891682
2023-04-24,0.9665792774415614,0.0333310375300354,8.968502840320468e-05
2023-04-25,0.4938797353079948,0.5034754385850566,0.0026448261069485345
2023-04-26,0.5964353158074012,0.4015242537737247,0.002040430418874172
2023-04-27,0.04610329829162866,0.9395128495553127,0.014383852153058615
2023-04-28,0.07904799191753666,0.9109352708509973,0.010016737231466061
2023-05-01,0.18503339009709413,0.8091004523216567,0.005866157581249186
2023-05-02,0.06432113299931588,0.927346185879773,0.008332681120911057
2023-05-03,0.0791160522602603,0.9139077263758014,0.006976221363938136
2023-05-04,0.0882055759910945,0.9054088893422476,0.006385534666657711
2023-05-05,0.0065858591343351735,0.9775986231522805,0.015815517713384138
2023-05-08,0.06492165267487386,0.9264099840700051,0.008668363255121136
2023-05-09,0.11642439630823924,0.8773420483627841,0.0062335553289767694
2023-05-10,0.22471113742578902,0.7706840899842895,0.004604772589921277
2023-05-11,0.3701454297877415,0.6265679536259846,0.0032866165862738793
2023-05-12,0.5328298244493452,0.4648899979362844,0.0022801776143704065
2023-05-15,0.695033567597341,0.3035238036667963,0.0014426287358629969
2023-05-16,0.6887939522299965,0.30960766621519514,0.0015983815548082972
2023-05-17,0.523195641029696,0.47343937506526773,0.0033649839050367406
2023-05-18,0.4993996367283941,0.49701743903057877,0.00358292424102711
2023-05-19,0.655442711198058,0.34262629047025606,0.0019309983316858812
2023-05-22,0.790683984612814,0.20830545925823657,0.0010105561289498802
2023-05-23,0.5149833866160002,0.4817972121150016,0.0032194012689981738
2023-05-24,0.4713184377508993,0.5252838899287299,0.0033976723203710075
2023-05-25,0.4832576561613398,0.5133283200736134,0.0034140237650469502
2023-05-26,0.2606838819570216,0.7327173136172518,0.006598804425726689
2023-05-30,0.4347880643587177,0.5616221146327407,0.0035898210085416743
2023-05-31,0.4543633453547675,0.5423634943810379,0.0032731602641949105
2023-06-01,0.4134904720030326,0.5825118387829346,0.003997689214033163
2023-06-02,0.14557156980330505,0.845588313989914,0.008840116206780806
2023-06-05,0.2643413952185204,0.7304520677482664,0.005206537033213152
2023-06-06,0.43990293859385626,0.5569190452814011,0.0031780161247423437
2023-06-07,0.5469828878912124,0.450632455082207,0.0023846570265808782
2023-06-08,0.6488956985290181,0.34923550976064666,0.0018687917103350406
2023-06-09,0.7886147659916538,0.2103845801362143,0.0010006538721313936
2023-06-12,0.7627659388867363,0.2359122960414121,0.0013217650718516782
2023-06-13,0.8079290263047139,0.1910398812358661,0.0010310924594204415
2023-06-14,0.8884950835558539,0.1110032171848071,0.0005016992593390431
2023-06-15,0.762176432568583,0.23638904752150583,0.0014345199099109317
2023-06-16,0.8221194680985977,0.17697299622942242,0.0009075356719800346
2023-06-20,0.848044635959132,0.15123660101603917,0.0007187630248289573
2023-06-21,0.8590600474853254,0.14029621634492476,0.0006437361697498047
2023-06-22,0.9114684214267086,0.08816127220510969,0.000370306368181455
2023-06-23,0.8656445444628376,0.13376566589901084,0.0005897896381516232
2023-06-26,0.8856083262500004,0.11390608794542909,0.0004855858045708278
2023-06-27,0.7905856544152369,0.20823763509047402,0.0011767104942889501
2023-06-28,0.8752262134162929,0.12419491349195878,0.0005788730917480723
2023-06-29,0.9167654340747641,0.08288453545384722,0.00035003047138825626
2023-06-30,0.8026558802588948,0.1962443506397573,0.0010997691013482167
2023-07-03,0.8856949555881618,0.11377973190000108,0.000525312511836606
2023-07-05,0.9228780027309362,0.0768155286031317,0.0003064686659324003
2023-07-06,0.8723960290746152,0.1270643110741133,0.0005396598512713252
2023-07-07,0.9084383926949443,0.09119706867970345,0.00036453862535203033
2023-07-10,0.9425248722445934,0.057268833339699385,0.0002062944157074763
2023-07-11,0.9440335089802872,0.05577317940283217,0.00019331161688040954
2023-07-12,0.93988760774125,0.059903158288472244,0.00020923397027749194
2023-07-13,0.9255926484382964,0.07412808561795459,0.0002792659437487905
2023-07-14,0.9491477518824525,0.050683257574703613,0.0001689905428438598
2023-07-17,0.960959124232461,0.038925481166862085,0.0001153946006768381
2023-07-18,0.9545850383956008,0.04528388976388651,0.00013107184051251784
2023-07-19,0.9661521034083006,0.03375817060681577,8.972598488315906e-05
2023-07-20,0.940830544467711,0.05901113657858032,0.0001583189537083338
2023-07-21,0.959392693842874,0.04049406797673134,0.00011323818039466544
2023-07-24,0.9660168523433796,0.03389487502976884,8.827262685120576e-05
2023-07-25,0.9714126864775966,0.028521143549896,6.616997250713321e-05
2023-07-26,0.9742322618614789,0.025715143763927053,5.2594374594475005e-05
2023-07-27,0.951979621224719,0.04791572896903065,0.00010464980625045563
2023-07-28,0.9177478565042582,0.08197993704932467,0.0002722064464170464
2023-07-31,0.9481336424501423,0.05169748444867866,0.0001688731011794294
2023-08-01,0.9561489646890681,0.04372285095907004,0.00012818435186229418
2023-08-02,0.6413992795218582,0.3568347078612381,0.0017660126169037472
2023-08-03,0.7515667359789654,0.2472661058587605,0.0011671581622739297
2023-08-04,0.7766738098541758,0.22224829947551514,0.0010778906703090287
2023-08-07,0.7616652019769372,0.23701104078456278,0.0013237572384998128
2023-08-08,0.8111987209272139,0.18785972201969528,0.000941557053090566
2023-08-09,0.7769677849492956,0.22187931151024232,0.001152903540462322
2023-08-10,0.8692121036056769,0.13020014015455458,0.000587756239768006
2023-08-11,0.9178439125961088,0.08182858544894547,0.0003275019549458787
2023-08-14,0.9345769436701774,0.06517463109564182,0.0002484252341807764
2023-08-15,0.7451830170785004,0.2535344005533798,0.001282582368119584
2023-08-16,0.6873679677090516,0.31091681391147774,0.0017152183794710858
2023-08-17,0.6195906627658421,0.37818877802472334,0.002220559209434419
2023-08-18,0.7637294918520818,0.23510025423954933,0.0011702539083684516
2023-08-21,0.8097907706677041,0.18924161533146022,0.0009676140008358729
2023-08-22,0.8684931730419948,0.1309117712011094,0.000595055756895606
2023-08-23,0.7849659809408004,0.21380163921271753,0.0012323798464822545
2023-08-24,0.3271769033689395,0.6670457031088387,0.0057773935222216605
2023-08-25,0.422524797831173,0.5734042145717001,0.004070987597126607
2023-08-28,0.5325147794728554,0.46458839089803833,0.0028968296291064033
2023-08-29,0.21316389952988488,0.7791612451667294,0.007674855303386158
2023-08-30,0.3624044983121167,0.6331552408902311,0.00444026079765212
2023-08-31,0.5249855558136228,0.4723575398515762,0.002656904334800915
2023-09-01,0.6955471946891886,0.3029465259431,0.0015062793677113745
2023-09-05,0.7593563566655267,0.23947935828878752,0.0011642850456860302
2023-09-06,0.7272290080409919,0.271347526909256,0.0014234650497520424
2023-09-07,0.8043248168563736,0.19473904293236682,0.0009361402112594316
2023-09-08,0.886593983802936,0.11291770031617829,0.0004883158808859508
2023-09-11,0.9046534254852798,0.09493356309496218,0.000413011419758116
2023-09-12,0.8985593205084871,0.10102073833376311,0.0004199411577498469
2023-09-13,0.9382734826087291,0.061499482847193844,0.000227034544077459
2023-09-14,0.9246703973039562,0.07503986797068338,0.00028973472536040985
2023-09-15,0.6817201720787704,0.3165294164613924,0.0017504114598371207
2023-09-18,0.8103058577724292,0.18879070861328115,0.0009034336142896297
2023-09-19,0.875234186437939,0.12422291761718986,0.0005428959448709615
2023-09-20,0.755367652078578,0.24334822596723532,0.0012841219541864673
2023-09-21,0.11402000558023005,0.876127841679759,0.009852152740010792
2023-09-22,0.21687259256051486,0.7773010113849945,0.005826396054490602
2023-09-25,0.36386782870593415,0.6323066499587329,0.0038255213353329117
2023-09-26,0.049802640723235286,0.9401348439299658,0.010062515346799101
2023-09-27,0.1402924050328969,0.8536250614109896,0.006082533556113454
2023-09-28,0.232328709687311,0.7629054212736117,0.004765869039077132
2023-09-29,0.3592418313295143,0.6372888149549072,0.0034693537155784174
2023-10-02,0.5423372527554496,0.45541704450057224,0.0022457027439783538
2023-10-03,0.13242222969600081,0.860024548590583,0.00755322171341642
2023-10-04,0.17287981468084626,0.8208136332746483,0.006306552044505384
2023-10-05,0.31075580486217674,0.685182322580735,0.004061872557088078
2023-10-06,0.19929966055949289,0.794474180958171,0.006226158482336008
2023-10-09,0.29440634526003817,0.7009315342805446,0.004662120459417793
2023-10-10,0.43022689376488515,0.5664523733387468,0.0033207328963682945
2023-10-11,0.5877962939512702,0.41001611932975623,0.002187586718973864
2023-10-12,0.5931772221598223,0.40459771010117923,0.0022250677389983146
2023-10-13,0.6472230769950637,0.3509121875014809,0.00186473550345567
2023-10-16,0.558647026900444,0.4384453980117043,0.002907575087851751
2023-10-17,0.7183687736323631,0.28014107452297754,0.0014901518446596282
2023-10-18,0.26296602447427264,0.7308055563926313,0.006228419133096037
2023-10-19,0.1973463387828379,0.7963259395791333,0.00632772163802853
2023-10-20,0.0504387628553115,0.9399695168458877,0.009591720298800807
2023-10-23,0.13033550120476037,0.8636073664203234,0.006057132374916363
2023-10-24,0.1903783816941851,0.8043538790704532,0.0052677392353619595
2023-10-25,0.026270613681468657,0.9633312871203958,0.010398099198135221
2023-10-26,0.013390741343602656,0.9753784288654431,0.011230829790954432
2023-10-27,0.05100817430364881,0.9413491292483213,0.007642696448029927
2023-10-30,0.03882230849843439,0.9522232132880374,0.008954478213528471
2023-10-31,0.09117918176505545,0.9021025536421029,0.0067182645928414945
2023-11-01,0.08438475529969906,0.9082804496593851,0.0073347950409156405
2023-11-02,0.005381218295437314,0.9768684902894391,0.01775029141512334
2023-11-03,0.028911232722095434,0.9584157710443625,0.012672996233541775
2023-11-06,0.10548448314717046,0.8872360036256248,0.007279513227204629
2023-11-07,0.22592099052415324,0.7692896516017164,0.004789357874130828
2023-11-08,0.39693039155740734,0.5998990575492055,0.003170550893386989
2023-11-09,0.32343909881490973,0.6724641106342968,0.004096790550793459
2023-11-10,0.07554052520829692,0.9144115556033898,0.010047919188313565
2023-11-13,0.17646894679145952,0.8175891543462005,0.0059418988623398585
2023-11-14,0.009837770110406157,0.973051083823922,0.017111146065671896
2023-11-15,0.07129318169408835,0.9195318806322069,0.009174937673704588
2023-11-16,0.17753438567806493,0.8168757812920181,0.005589833029917297
2023-11-17,0.3345791581745187,0.6617463480874993,0.0036744937379816264
2023-11-20,0.40648547447988337,0.590067464084831,0.0034470614352858347
2023-11-21,0.5605154006231614,0.43722615143066235,0.0022584479461759516
2023-11-22,0.7045031857491463,0.29404051352429145,0.0014563007265622117
2023-11-24,0.8249395325780835,0.1742700128894292,0.0007904545324866324
2023-11-27,0.8861469852390911,0.11337424915941272,0.00047876560149570386
2023-11-28,0.9317010497208328,0.06804105333110243,0.000257896948064584
2023-11-29,0.9526156522093144,0.047230093001874036,0.0001542547888115129
2023-11-30,0.9629694526710147,0.036924536787173404,0.00010601054181216085
2023-12-01,0.9623061947674357,0.037593311443899255,0.00010049378866470849
2023-12-04,0.9499235166452252,0.04994378090941132,0.0001327024453632019
2023-12-05,0.9628856097017946,0.03701616377809368,9.822652011211628e-05
2023-12-06,0.9597562746866815,0.04014290078242956,0.00010082453088895772
2023-12-07,0.9475341062062036,0.052313880235719284,0.00015201355807703966
2023-12-08,0.9594698992267282,0.04041349799891764,0.00011660277435440238
2023-12-11,0.9662991951402672,0.03361275326782618,8.805159190636355e-05
2023-12-12,0.968425848872021,0.03149834661230947,7.580451567013368e-05
2023-12-13,0.8466609828234753,0.1527572920199148,0.0005817251566097686
2023-12-14,0.9084962436219421,0.09114952968645547,0.0003542266916019367
2023-12-15,0.9422352106661198,0.05756227462670524,0.00020251470717547372
2023-12-18,0.9552216284640929,0.04463580256141135,0.00014256897449643714
2023-12-19,0.9574991971686456,0.042375066542534263,0.00012573628882010273
2023-12-20,0.5694286570933262,0.4282953090146179,0.002276033892055973
2023-12-21,0.49806343899657013,0.4986526746790762,0.0032838863243538933
2023-12-22,0.6739044339412514,0.3243561967853176,0.0017393692734309352
2023-12-26,0.7880194787302545,0.21093379706767712,0.0010467242020680636
2023-12-27,0.8771094614491526,0.12234968448836332,0.0005408540624841209
2023-12-28,0.92630953260551,0.07340387999624651,0.0002865873982433496
2023-12-29,0.9423106922332071,0.05749050767441284,0.0001988000923796494
2024-01-02,0.9310383437240405,0.0687302811083147,0.00023137516764482657
2024-01-03,0.8800389223660292,0.11949377819775328,0.00046729943621729873
2024-01-04,0.9083210101846728,0.09132420960694815,0.00035478020837878126
2024-01-05,0.943119342007695,0.056679873356711645,0.00020078463559308377
2024-01-08,0.7626645976040934,0.23602921085080433,0.0013061915451022526
2024-01-09,0.8507285805837345,0.14857041752368075,0.0007010018925850451
2024-01-10,0.891684219100493,0.10782796578898449,0.0004878151105224602
2024-01-11,0.9318255780764411,0.06791193245095271,0.0002624894726060241
2024-01-12,0.9551777615466216,0.04467606119648924,0.0001461772568886434
2024-01-16,0.95557924554091,0.04429410427119094,0.00012665018789908923
2024-01-17,0.9426220613542236,0.05721174858040514,0.00016619006537125749
2024-01-18,0.9238146746576485,0.07591447202240362,0.00027085331994783563
2024-01-19,0.8123992264127958,0.1866338481043614,0.0009669254828428991
2024-01-22,0.8902348426540363,0.10927627932485677,0.0004888780211071385
2024-01-23,0.931793731046519,0.06793936874427128,0.0002669002092091405
2024-01-24,0.955193562428178,0.04465940898507702,0.0001470285867452399
2024-01-25,0.9600230120276833,0.03985993665818538,0.00011705131413076856
2024-01-26,0.9679361658775526,0.031983190364436136,8.064375801136256e-05
2024-01-29,0.9569903180585283,0.042898177116608795,0.00011150482486329592
2024-01-30,0.9664581799275872,0.03345811810922,8.370196319272849e-05
2024-01-31,0.4621102509570201,0.5350440683415794,0.0028456807014005676
2024-02-01,0.2757626080800202,0.7186460932036498,0.005591298716330009
2024-02-02,0.21952286488292735,0.7740491478147544,0.00642798730231813
2024-02-05,0.3332108067689991,0.6625715723123287,0.004217620918672095
2024-02-06,0.5164419537475812,0.4809732453493964,0.00258480090302237
2024-02-07,0.548911546971523,0.4484350130219739,0.002653440006503103
2024-02-08,0.7141213347644829,0.28444470560709556,0.001433959628421211
2024-02-09,0.7943805298676,0.20459557984365534,0.0010238902887446807
2024-02-12,0.8744179039660276,0.125028443159273,0.0005536528746994116
2024-02-13,0.44302564250225757,0.552909434646541,0.004064922851201368
2024-02-14,0.4169684301105747,0.5787220209116504,0.004309548977774951
2024-02-15,0.5401882299063443,0.4569376431683371,0.0028741269253183747
2024-02-16,0.6070715210626196,0.39072060345042403,0.00220787548695606
2024-02-20,0.6217768502507924,0.3761280688039013,0.0020950809453065076
2024-02-21,0.7696450124057109,0.22923906947342598,0.0011159181208632326
2024-02-22,0.04739505939268472,0.9361402886785165,0.016464651928798733
2024-02-23,0.13673450150730215,0.8547873763739127,0.00847812211878541
2024-02-26,0.21946927259401047,0.7749750740566503,0.005555653349339048
2024-02-27,0.38857712759808316,0.6079612804302637,0.0034615919716536664
2024-02-28,0.5498936405119149,0.44782894728611367,0.002277412201971482
2024-02-29,0.6749133824607718,0.32344110657120606,0.0016455109680223365
2024-03-01,0.7036637743456791,0.29469237823567057,0.0016438474186502125
2024-03-04,0.8142693306600479,0.18484124979976826,0.0008894195401844233
2024-03-05,0.6220298995215333,0.37567491263763664,0.0022951878408301605
2024-03-06,0.7353431153340398,0.263221262137413,0.0014356225285472716
2024-03-07,0.6659628528564933,0.33189927308636147,0.002137874057145366
2024-03-08,0.6549873604572292,0.3429577826646591,0.0020548568781121068
2024-03-11,0.7811622403615327,0.21774395078022693,0.001093808858240156
2024-03-12,0.6704772944545535,0.3274001419341164,0.0021225636113302287
2024-03-13,0.7829395710275002,0.21592705218280117,0.0011333767896984043
2024-03-14,0.8491671080140288,0.15013137570426574,0.0007015162817052049
2024-03-15,0.8317127614621429,0.16748642041255113,0.0008008181253059526
2024-03-18,0.8706217149401816,0.1287687007407673,0.0006095843190513643
2024-03-19,0.9049645943707688,0.09461624619916664,0.0004191594300645367
2024-03-20,0.8869907499577018,0.11247932280499996,0.000529927237297998
2024-03-21,0.9291161512618389,0.07059760518266214,0.00028624355549894403
2024-03-22,0.9499598640869176,0.0498708357371233,0.0001693001759589129
2024-03-25,0.9555776950905834,0.04429130968748779,0.00013099522192889384
2024-03-26,0.9600183179807453,0.03987389429454909,0.00010778772470603027
2024-03-27,0.9417600539401068,0.0580623130171874,0.00017763304270620087
2024-03-28,0.9602710071959619,0.039614168050608245,0.0001148247534296777
2024-04-01,0.9652608402761464,0.034651063017945356,8.809670590828166e-05
2024-04-02,0.9341490663766436,0.06567093770383281,0.00017999591952400567
2024-04-03,0.9564494606733702,0.043424357741749776,0.00012618158488035596
2024-04-04,0.7536881052478103,0.24525094129048786,0.001060953461701494
2024-04-05,0.6442169535336252,0.3536156388780947,0.002167407588279943
2024-04-08,0.7798723196519639,0.2190191644095635,0.0011085159384721594
2024-04-09,0.8723007320630162,0.1271303033034056,0.0005689646335781523
2024-04-10,0.7480842931771653,0.25057076614765056,0.0013449406751843522
2024-04-11,0.7838698448641286,0.21495947392969794,0.0011706812061734414
2024-04-12,0.24260205535860085,0.7503897439393795,0.007008200702019553
2024-04-15,0.07538345668059192,0.9148756629970697,0.009740880322338557
2024-04-16,0.16469672788527326,0.8293085112012348,0.005994760913492015
2024-04-17,0.20133809858398558,0.793567281253578,0.005094620162436409
2024-04-18,0.33230163445848027,0.6640638161721388,0.0036345493693809346
2024-04-19,0.2383047597282378,0.7568137973407689,0.0048814429309933655
2024-04-22,0.2606965883457839,0.7343648403765995,0.004938571277616429
2024-04-23,0.16010407410344765,0.832868121592207,0.007027804304345357
2024-04-24,0.30801518186386284,0.6877307905040664,0.004254027632070875
2024-04-25,0.3896916319791702,0.6068717248031154,0.0034366432177147426
2024-04-26,0.33674882619635826,0.6587421328130681,0.004509040990573519
2024-04-29,0.5122793263511518,0.48498388864330494,0.002736785005543202
2024-04-30,0.05849853352112664,0.9309646248572983,0.010536841621575095
2024-05-01,0.12388102657510702,0.869410277474271,0.006708695950621934
2024-05-02,0.14004658900046524,0.8535015485091035,0.006451862490430966
2024-05-03,0.07542660072686803,0.9159504322897859,0.008622966983346334
2024-05-06,0.07571837718780222,0.9159609991820659,0.008320623630131866
2024-05-07,0.1846610951701322,0.810085706828553,0.005253198001314699
2024-05-08,0.33964522557794197,0.6568128636722756,0.003541910749782532
2024-05-09,0.4812627109093358,0.5160104745318839,0.0027268145587801204
2024-05-10,0.6595926378743783,0.33876420778179656,0.0016431543438253137
2024-05-13,0.7913823811988043,0.207673339294632,0.0009442795065633721
2024-05-14,0.8613024671592652,0.1380725571067771,0.0006249757339577358
2024-05-15,0.7454215347396139,0.25303882186512067,0.0015396433952654448
2024-05-16,0.8333573443730522,0.16581349897439973,0.000829156652547779
2024-05-17,0.9031063704690331,0.09647834879460782,0.00041528073635901605
2024-05-20,0.9405610093243031,0.059219820367723136,0.0002191703079735775
2024-05-21,0.9589508253458976,0.040920464566655435,0.00012871008744723048
2024-05-22,0.9623577363804928,0.037541991320520954,0.00010027229898639527
2024-05-23,0.9290231199692923,0.07077230757290864,0.0002045724577991616
2024-05-24,0.9323483200864001,0.067418081510053,0.00023359840354697362
2024-05-28,0.9550325641488148,0.04482659684561861,0.00014083900556662837
2024-05-29,0.9210289823491744,0.07871590091506676,0.00025511673575924704
2024-05-30,0.9085489215117666,0.0911201580924041,0.00033092039582903585
2024-05-31,0.9046433845198828,0.09496258121631172,0.00039403426380534826
2024-06-03,0.9414211879288925,0.05836631096231154,0.00021250110879560266
2024-06-04,0.9600926389230068,0.03978478706028173,0.00012257401671141713
2024-06-05,0.8882272556514403,0.1113388272612298,0.0004339170873301609
2024-06-06,0.9311872013976717,0.06856150374785444,0.0002512948544738224
2024-06-07,0.9519051571330632,0.047939568151307094,0.00015527471562996697
2024-06-10,0.9645906014690004,0.035309983913867055,9.941461713228734e-05
2024-06-11,0.9708096889743184,0.02912016644818546,7.014457749615461e-05
2024-06-12,0.9525384051554268,0.04733945756800678,0.00012213727656642246
2024-06-13,0.9651374339054407,0.03477174924933949,9.081684521970456e-05
2024-06-14,0.9708609894415399,0.029072000353958155,6.70102045020417e-05
2024-06-17,0.9585631307292334,0.04133579878049734,0.00010107049026919638
2024-06-18,0.9679824656142704,0.03193903277558245,7.850161014676689e-05
2024-06-20,0.9681684917096186,0.03176033344552342,7.1174844858313e-05
2024-06-21,0.9705964274376463,0.029340444326930226,6.312823542383793e-05
2024-06-24,0.968038456507489,0.03189427281046687,6.727068204409137e-05
2024-06-25,0.9708134098584392,0.02912284193888735,6.374820267381417e-05
2024-06-26,0.9745237567058684,0.02542427530329486,5.1967990836284486e-05
2024-06-27,0.9763114363520581,0.023644162000984587,4.440164695791887e-05
2024-06-28,0.9679102974557363,0.03202918534457375,6.051719968987746e-05
2024-07-01,0.9724901270413343,0.02745253630973243,5.733664893325556e-05
2024-07-02,0.9670320652596794,0.03289607950288993,7.18552374310054e-05
2024-07-03,0.9675088046222249,0.032416409838509734,7.478553926509815e-05
2024-07-05,0.9666446232404567,0.03327715863819698,7.821812134655858e-05
2024-07-08,0.9725112996052043,0.027428365434503107,6.033496029277394e-05
2024-07-09,0.9752956504285233,0.024655500822579765,4.884874889656368e-05
2024-07-10,0.9399443780753718,0.05990544365703673,0.00015017826759154834
2024-07-11,0.8725925312195777,0.12695122355057534,0.0004562452298466882
2024-07-12,0.9073990322582302,0.09223506022389824,0.00036590751787161897
2024-07-15,0.9412060873968732,0.05858166557812889,0.00021224702499790911
2024-07-16,0.9455392296664341,0.05427364985417432,0.0001871204793917524
2024-07-17,0.5972161499107108,0.4005210864574464,0.0022627636318427184
2024-07-18,0.5233129478128382,0.4738124923040725,0.002874559883089068
2024-07-19,0.4884797426996631,0.5084108203177846,0.0031094369825524727
2024-07-22,0.3943448728924877,0.6012588996865834,0.004396227420929032
2024-07-23,0.5574889039942612,0.43998915367754277,0.0025219423281960755
2024-07-24,0.0016529517928816205,0.970182216517608,0.028164831689510193
2024-07-25,0.03451544900352902,0.9502392848099679,0.015245266186502822
2024-07-26,0.03813750197610656,0.9490825994159674,0.012779898607926223
2024-07-29,0.12166466223118544,0.8711444467325855,0.007190891036229304
2024-07-30,0.17577235587256776,0.8187472558788237,0.005480388248608192
2024-07-31,0.03543195498004337,0.9533414483009381,0.011226596719018114
2024-08-01,0.008339148215055239,0.9777708443403075,0.013890007444637503
2024-08-02,0.0006270947260076521,0.9737862020869638,0.025586703187028347
2024-08-05,2.8257124652104717e-07,0.7968633764728666,0.2031363409558869
2024-08-06,0.017399752264459157,0.8579069842531195,0.12469326348242118
2024-08-07,0.03262405734748373,0.8992416077580809,0.06813433489443516
2024-08-08,0.00032581654188437666,0.8510788366977627,0.14859534676035288
2024-08-09,0.04388702164822436,0.8870742090131275,0.06903876933864822
2024-08-12,0.13103070583466359,0.8401534462607445,0.028815847904591994
2024-08-13,0.01798669069048052,0.9443543607031425,0.037658948606377175
2024-08-14,0.07996127977377518,0.9022477510159858,0.017790969210238816
2024-08-15,0.015178922142173458,0.9617724765637667,0.02304860129406012
2024-08-16,0.0806221085807862,0.9079157374780902,0.0114621539411235
2024-08-19,0.08978907840617542,0.9007757825863358,0.009435139007488942
2024-08-20,0.18665675128034376,0.8075719040458884,0.005771344673767942
2024-08-21,0.3224335020313844,0.6735649029308635,0.004001595037752112
2024-08-22,0.22318936720364477,0.7715891037746423,0.005221529021713061
2024-08-23,0.1518229218754447,0.841290941852761,0.006886136271794139
2024-08-26,0.25148199928732046,0.7438122365413891,0.004705764171290422
2024-08-27,0.42792235629438585,0.5690391493157715,0.003038494389842221
2024-08-28,0.4535914792361283,0.5434043571635688,0.0030041636003029105
2024-08-29,0.6311473090570242,0.3670416179193589,0.0018110730236168913
2024-08-30,0.5700445956385951,0.4272893990135294,0.002666005347875636
2024-09-03,0.005503331259560404,0.9725058859967606,0.021990782743679216
2024-09-04,0.057569028355635,0.9311516274448246,0.011279344199540537
2024-09-05,0.12768164983369384,0.8654142728222785,0.0069040773440276395
2024-09-06,0.005196186951234207,0.9789558405473389,0.01584797250142647
2024-09-09,0.017677770130652054,0.9687241949098151,0.013598034959532837
2024-09-10,0.0762304128666146,0.9155630311969041,0.008206555936481182
2024-09-11,0.0710482273926097,0.9206391766180986,0.008312595989291457
2024-09-12,0.11757133318076937,0.8757794058654996,0.00664926095373121
2024-09-13,0.21197989182355925,0.783044352071469,0.004975756104971508
2024-09-16,0.3796080403654896,0.6170923941705059,0.0032995654640044503
2024-09-17,0.5639037239287542,0.4339761895904435,0.0021200864808021418
2024-09-18,0.6825689257893368,0.31592031900568573,0.0015107552049777096
2024-09-19,0.16971386826491286,0.8213237942708158,0.008962337464271278
2024-09-20,0.2973187071428299,0.6975865157914716,0.005094777065698502
2024-09-23,0.4737625360507949,0.5231991679589766,0.0030382959902285796
2024-09-24,0.6492550800891638,0.34896115092697577,0.0017837689838604517
2024-09-25,0.7681824460001989,0.23072731797766685,0.0010902360221341982
2024-09-26,0.853878570333377,0.14545956723518125,0.0006618624314413438
2024-09-27,0.9081486134798769,0.09147718538645262,0.00037420113366997337
2024-09-30,0.9371119689567754,0.06265212821012195,0.00023590283310214003
2024-10-01,0.8514748689923192,0.14789334206831767,0.0006317889393626487
2024-10-02,0.9118736074021793,0.08777802696369268,0.0003483656341282751
2024-10-03,0.9393684028415067,0.060416485536370405,0.0002151116221227687
2024-10-04,0.9185143231173019,0.08116871690540252,0.00031695997729571713
2024-10-07,0.8123235015458917,0.18679778782729584,0.0008787106268127588
2024-10-08,0.773373967778718,0.22535846684681504,0.0012675653744673222
2024-10-09,0.8123829146815119,0.18660481600980108,0.0010122693086869407
2024-10-10,0.8773194535802966,0.12211899226466671,0.0005615541550368806
2024-10-11,0.9054985655581228,0.09408723325982164,0.00041420118205538704
2024-10-14,0.9066316128831818,0.09295788765275714,0.00041049946406125377
2024-10-15,0.8613935678761289,0.1379806560812825,0.0006257760425885629
2024-10-16,0.9070752845489435,0.09252948632711387,0.000395229123942576
2024-10-17,0.9413179049140488,0.05846827019841522,0.00021382488753619508
2024-10-18,0.9564487318612066,0.0434120492657755,0.00013921887301825142
2024-10-21,0.9636709953531355,0.03623093613550429,9.806851136035419e-05
2024-10-22,0.9700257467691668,0.02990341965931587,7.083357151736492e-05
2024-10-23,0.9076082295041086,0.09213307064293814,0.00025869985295330573
2024-10-24,0.9424146695141911,0.0574014293638961,0.00018390112191303112
2024-10-25,0.9594597738217868,0.04042184031813554,0.00011838586007754178
2024-10-28,0.9683051235189777,0.03161366513557113,8.121134545081149e-05
2024-10-29,0.9732997633856076,0.02664133882727571,5.889778711692094e-05
2024-10-30,0.968899483498949,0.03103720986230672,6.330663874424373e-05
2024-10-31,0.22127712786297274,0.7736914019535348,0.005031470183492613
2024-11-01,0.36806250460106477,0.6283933425225579,0.0035441528763774004
2024-11-04,0.5046398436904328,0.49281362180625876,0.0025465345033088586
2024-11-05,0.3227343241450395,0.6722099731494752,0.005055702705485492
2024-11-06,0.0008154866863879,0.9584551727598078,0.040729340553804436
2024-11-07,0.03445973148598338,0.9433336913114564,0.02220657720256024
2024-11-08,0.10798555800401002,0.8807341909455882,0.01128025105040164
2024-11-11,0.2352792052415366,0.7586696534663914,0.006051141292071882
2024-11-12,0.3586567509779453,0.6374013699243211,0.003941879097733923
2024-11-13,0.5428671527940794,0.45475573815902237,0.0023771090468983763
2024-11-14,0.559552823729997,0.4380655024050266,0.0023816738649762113
2024-11-15,0.16561469472258838,0.8271772029888476,0.007208102288563974
2024-11-18,0.2999277914450762,0.6955095660372844,0.0045626425176394005
2024-11-19,0.46149117057220523,0.5354955000502825,0.0030133293775118698
2024-11-20,0.6386038427130455,0.35960899118710543,0.0017871660998489574
2024-11-21,0.7444052615628307,0.2543252060342507,0.001269532402918582
2024-11-22,0.8431189989287411,0.15615660897434983,0.0007243920969091302
2024-11-25,0.905301816349847,0.09429956404292489,0.0003986196072278537
2024-11-26,0.9267765110558279,0.07293102276560015,0.0002924661785714611
2024-11-27,0.9363562085775707,0.06341760255990672,0.00022618886252299714
2024-11-29,0.9470535723055917,0.05276646371179179,0.00017996398261642047
2024-12-02,0.9622926436818218,0.03759644397035488,0.00011091234782312417
2024-12-03,0.9701825223283851,0.029744295126422064,7.318254519354683e-05
2024-12-04,0.9661218612107065,0.03379874724085178,7.939154844174452e-05
2024-12-05,0.9688318285498911,0.031098346239912637,6.982521019593515e-05
2024-12-06,0.9731055656465005,0.02683700157933617,5.743277416284775e-05
2024-12-09,0.9532862737413671,0.046609930185303974,0.00010379607332891601
2024-12-10,0.9579772372714996,0.04191563203917347,0.00010713068932692372
2024-12-11,0.9443685487051502,0.05546524240900608,0.00016620888584364235
2024-12-12,0.9353099127048395,0.06448686567276975,0.0002032216223908768
2024-12-13,0.956208342039982,0.04366020867949223,0.00013144928052617196
2024-12-16,0.9648370304077141,0.035067486108271435,9.548348401416937e-05
2024-12-17,0.9612502174925256,0.03865423052916887,9.555197830565238e-05
2024-12-18,0.0002728094305064408,0.9604503919752677,0.03927679859422609
2024-12-19,0.05039358355842672,0.9314669789622861,0.018139437479287188
2024-12-20,0.050663585009777995,0.9350829622642656,0.0142534527259564
2024-12-23,0.09661687963112961,0.8940239648296724,0.00935915553919773
2024-12-24,0.07876952342499544,0.9119855675840332,0.00924490899097131
2024-12-26,0.1844359803342403,0.8099735023359557,0.005590517329804293
2024-12-27,0.07472199262051275,0.91754899909407,0.007729008285417194
2024-12-30,0.03695778039369696,0.9543077602214681,0.008734459384834912
2024-12-31,0.08524225092054524,0.9084368797564902,0.00632086932296481
2025-01-02,0.17695111009830394,0.818369032632648,0.004679857269047917
2025-01-03,0.0931159099520643,0.8994842051320382,0.007399884915897452
2025-01-06,0.17695216590860086,0.8175970083234431,0.00545082576795618
2025-01-07,0.07071255361054977,0.9216278273134707,0.007659619075979495
2025-01-08,0.17636626381442233,0.8185743682919071,0.005059367893670533
2025-01-10,0.01594241874548104,0.9727166232082021,0.011340958046316992
2025-01-13,0.08248182867202943,0.9106365605203582,0.006881610807612478
2025-01-14,0.19541753157548986,0.7998986036849756,0.004683864739534768
2025-01-15,0.015196634103619643,0.9707666074329229,0.01403675846345731
2025-01-16,0.07133953821293308,0.9205371735339336,0.008123288253133673
2025-01-17,0.07775801688230609,0.9144027340756241,0.007839249042069639
2025-01-21,0.10351310785587718,0.8894980313746464,0.006988860769476525
2025-01-22,0.18074873429823082,0.81384698230237,0.0054042833993992335
2025-01-23,0.2950694358890261,0.700792296239049,0.004138267871924675
2025-01-24,0.42682437535116674,0.5701524255233333,0.003023199125500005
2025-01-27,0.06666468474084697,0.9241911225436426,0.009144192715510415
2025-01-28,0.08572091389964816,0.9063502853792569,0.007928800721094902
2025-01-29,0.13979111504295744,0.8543516093609435,0.0058572755960991305
2025-01-30,0.24361083322981059,0.7518774657191493,0.004511701051040153
2025-01-31,0.3061854214509153,0.6898914262022047,0.003923152346879685
2025-02-03,0.26767487697942377,0.7278337138980848,0.004491409122491567
2025-02-04,0.34295165236294495,0.6530595166245918,0.00398883101246311
2025-02-05,0.5083947138676621,0.4889559370028586,0.0026493491294790846
2025-02-06,0.6674021094556952,0.3309305534170606,0.0016673371272442352
2025-02-07,0.49410926683772205,0.50274008294044,0.003150650221837693
2025-02-10,0.5856845811765978,0.4118718216950218,0.0024435971283804352
2025-02-11,0.7413766420050267,0.2573307266982687,0.0012926312967047012
2025-02-12,0.8222248053771246,0.17695253561885227,0.0008226590040230926
2025-02-13,0.7552911851248634,0.2432921531905356,0.00141666168460099
2025-02-14,0.8549381294254997,0.1443697620921091,0.0006921084823915552
2025-02-18,0.9136692821724716,0.08596968414350532,0.00036103368402314517
2025-02-19,0.9453006601290969,0.05450198907081428,0.00019735080008893076
2025-02-20,0.9451796624347794,0.054644650245919205,0.0001756873193010495
2025-02-21,0.2876201340074627,0.7070023317988599,0.005377534193677315
2025-02-24,0.3550131541683109,0.6409060133014237,0.0040808325302653225
2025-02-25,0.43419824322686135,0.5625691785262561,0.0032325782468824267
2025-02-26,0.6149078960135566,0.38316596976109135,0.0019261342253520952
2025-02-27,0.0803613253230662,0.9098390007597068,0.00979967391722698
2025-02-28,0.01687001307369662,0.9681627732963154,0.014967213629987743
2025-03-03,0.0011358450838194738,0.9741383620409427,0.024725792875237736
2025-03-04,0.006105322762161233,0.9727668645473643,0.021127812690474482
2025-03-05,0.020101076260622974,0.963620473832069,0.01627844990730782
2025-03-06,0.0010999236052009747,0.971964302412693,0.02693577398210593
2025-03-07,0.04440419412852235,0.9411928178674975,0.014402988003980582
2025-03-10,7.709106146544723e-06,0.9107344563537491,0.08925783454010457
2025-03-11,0.020161323638783736,0.9315102122789584,0.048328464082257785
2025-03-12,0.07759511818553687,0.8995047347991142,0.022900147015349225
2025-03-13,0.013418399418451528,0.9624767680262402,0.02410483255530799
2025-03-14,0.0005893832111070024,0.9493689634941133,0.050041653294779644
2025-03-17,0.03903096637592834,0.9355124488154997,0.02545658480857218
2025-03-18,0.02385733242769973,0.9566753508032323,0.019467316769067867
2025-03-19,0.03365399582138502,0.9514224602705857,0.014923543908029198
2025-03-20,0.10015799113735985,0.891516892454773,0.008325116407867051
2025-03-21,0.2228435966375216,0.7720861014964541,0.00507030186602442
2025-03-24,0.023054983993368368,0.9633186413759762,0.013626374630655084
2025-03-25,0.09525975847097395,0.897052737069522,0.007687504459503936
2025-03-26,0.03944170521608508,0.9514784083117934,0.009079886472121358
2025-03-27,0.09876305503789931,0.8950209506402192,0.006215994321881206
2025-03-28,0.0012271765217406671,0.9788763183136727,0.01989650516458686
2025-03-31,0.04465596161822371,0.9439760714940592,0.011367966887716994
2025-04-01,0.12434120834905837,0.8687372940399424,0.006921497610999352
2025-04-02,0.19521284900199892,0.7993183388943687,0.005468812103632479
2025-04-03,3.048217280130597e-15,0.08245505265451296,0.9175449473454839
2025-04-04,1.5052325408667464e-27,3.0489693040855596e-06,0.999996951030696
2025-04-07,3.230973855962334e-07,0.0891765391749444,0.91082313772767
2025-04-08,0.00015092281204581097,0.1300312597264127,0.8698178174615414
2025-04-09,5.040891144231196e-62,1.4513214651496725e-13,0.9999999999998549
2025-04-10,8.320861448796147e-19,0.002001160359650003,0.9979988396403499
2025-04-11,2.9996164429544543e-06,0.0368568754049987,0.963140124978558
2025-04-14,0.0022029713672197405,0.1385936150984679,0.8592034135343126
2025-04-15,0.020655476703377994,0.32190616050827653,0.6574383627883456
2025-04-16,3.526775374164177e-05,0.19887613205021779,0.8010886001960407
2025-04-17,0.019901653319966316,0.4059656117547371,0.5741327349252967
2025-04-21,1.7235571881010534e-05,0.2271102461707264,0.7728725182573928
2025-04-22,4.664234541588779e-06,0.10296262082896203,0.8970327149364964
2025-04-23,0.00031644110023663013,0.13986011224599998,0.8598234466537633
2025-04-24,7.096214647605432e-05,0.12283387987729413,0.87709515797623
2025-04-25,0.007721669286896059,0.2726557323887311,0.719622598324373
2025-04-28,0.05001133674143486,0.48186707836118986,0.46812158489737526
2025-04-29,0.1249504866518096,0.6161350936979478,0.25891441965024264
2025-04-30,0.285426612169732,0.6103951657502243,0.10417822208004386
2025-05-01,0.4064057718507156,0.5498958670902565,0.04369836105902795
2025-05-02,0.13564448189734366,0.8102679171389242,0.054087600963732094
2025-05-05,0.15919865130877034,0.8128754901204838,0.027925858570745903
2025-05-06,0.1440977254861336,0.8387307803525017,0.01717149416136499
2025-05-07,0.2657750619649697,0.7257760965523161,0.008448841482714051
2025-05-08,0.3840990123692465,0.6108931830501542,0.005007804580598995
2025-05-09,0.5598869019997601,0.4374682416762772,0.0026448563239626953
2025-05-12,1.3392108998770865e-05,0.8759958404548572,0.12399076743614393
2025-05-13,0.03279960478739714,0.9039784401203217,0.06322195509228093
2025-05-14,0.11312682117304461,0.8600722567620037,0.02680092206495181
2025-05-15,0.22611868938842627,0.7616059693351291,0.012275341276444376
2025-05-16,0.30587402439047306,0.6867862978906667,0.007339677718860399
2025-05-19,0.49054759770812606,0.5058816512580393,0.003570751033834405
2025-05-20,0.5924060338363117,0.40522451217081124,0.0023694539928772245
2025-05-21,0.06649369596349072,0.9225419874803457,0.010964316556163669
2025-05-22,0.16478348672884335,0.8289036040822317,0.006312909188925023
2025-05-23,0.17524251687161035,0.8191386236484528,0.005618859479936527
2025-05-27,0.005206477100257763,0.9750115145678674,0.019782008331874965
2025-05-28,0.03630090882150398,0.9519624757286955,0.011736615449800694
2025-05-29,0.10928591939943197,0.883528953497771,0.007185127102797097
2025-05-30,0.23315138454228979,0.7622181303233957,0.004630485134314419
2025-06-02,0.3822646679563717,0.6143821274747754,0.0033532045688530465
2025-06-03,0.5064459013161263,0.4908915894347649,0.0026625092491088216
2025-06-04,0.677389969003614,0.3210469512282062,0.001563079768179823
2025-06-05,0.7129853772521502,0.285582949833455,0.0014316729143950082
2025-06-06,0.6435713618065644,0.35421716053236413,0.002211477661071449
2025-06-09,0.7847930661634386,0.21411415866714306,0.0010927751694185528
2025-06-10,0.8492163364469228,0.15005457122603996,0.0007290923270376196
2025-06-11,0.89468033656371,0.10486712681054848,0.00045253662574150046
2025-06-12,0.9312490897351045,0.06848302958622217,0.00026788067867357986
2025-06-13,0.7526824107323332,0.24606833416112525,0.0012492551065411152
2025-06-16,0.7245431492189705,0.2738490370350068,0.0016078137460229292
2025-06-17,0.6245492972256657,0.373141480817908,0.002309221956426302
2025-06-18,0.7662845999159036,0.23252939378254386,0.0011860063015527434
2025-06-20,0.8462193607251169,0.15307786739275706,0.0007027718821262405
2025-06-23,0.8112155616740869,0.18776998106889345,0.0010144572570197055
2025-06-24,0.7105740138235692,0.28754362817385487,0.0018823580025760364
2025-06-25,0.8269457162882512,0.17216932569578397,0.0008849580159648424
2025-06-26,0.8359969267238849,0.16314232453783628,0.0008607487382787273
2025-06-27,0.8865768615122925,0.11288874848765522,0.0005343900000525265
2025-06-30,0.9190893184816201,0.08056714702892667,0.0003435344894533838
2025-07-01,0.9453753806967776,0.05443059599217647,0.0001940233110459159
2025-07-02,0.9562372071955596,0.043624388786349104,0.00013840401809084047
2025-07-03,0.9412892665329062,0.058519437003544235,0.00019129646354934787
2025-07-07,0.896056527256414,0.10356318888769153,0.00038028385589475603
2025-07-08,0.9340526485384453,0.06571411386061206,0.00023323760094312682
2025-07-09,0.9429316274507028,0.05686966104343196,0.0001987115058650577
2025-07-10,0.9598353696386518,0.040042201578971585,0.0001224287823771023
2025-07-11,0.9605912904417483,0.0393041949472272,0.00010451461102444377
2025-07-14,0.969572052213152,0.03035394072762478,7.4007059223126e-05
2025-07-15,0.9639571323467307,0.03596162387447478,8.124377879458169e-05
2025-07-16,0.9699056609571358,0.030025106239232692,6.923280363125588e-05
2025-07-17,0.9683070714167932,0.031621266383634994,7.16621995717123e-05
2025-07-18,0.972748847755072,0.027193231294152426,5.792095077563758e-05
2025-07-21,0.9754842607348838,0.024467684098853557,4.805516626315359e-05
2025-07-22,0.9767013857323235,0.023256185680632,4.2428587044580774e-05
2025-07-23,0.9622456913991548,0.03767548283439416,7.882576645096417e-05
2025-07-24,0.9702713774167426,0.029661951626920553,6.667095633671493e-05
2025-07-25,0.9719186747663261,0.02802096782755915,6.0357406114635564e-05
2025-07-28,0.9747348665263502,0.025214947413906407,5.018605974291194e-05
2025-07-29,0.9708422320363933,0.029101815123887226,5.5952839719739634e-05
2025-07-30,0.9725701555688182,0.0273753855427537,5.445888842825886e-05
2025-07-31,0.9670042466983658,0.032928726439056845,6.702686257754055e-05
2025-08-01,0.4766674071698398,0.5207499031729809,0.002582689657179234
2025-08-04,0.16881293432391603,0.8236688483343532,0.007518217341730793
2025-08-05,0.2311945285773923,0.7634270755033173,0.00537839591929052
2025-08-06,0.3021560833007155,0.6933065305668606,0.0045373861324237135
2025-08-07,0.4733948885330958,0.5237715320724522,0.0028335793944519712
2025-08-08,0.5265386062972032,0.47071705611960524,0.002744337583191301
2025-08-11,0.6595296541702501,0.338726029112914,0.0017443167168359206
2025-08-12,0.5267158342119181,0.47005528279854353,0.0032288829895383868
2025-08-13,0.6876450220825384,0.3106225774314966,0.0017324004859648567
2025-08-14,0.8130653788018792,0.18604260367166434,0.0008920175264563531
2025-08-15,0.8692920233948028,0.13013195836651512,0.0005760182386816328
2025-08-18,0.9211462649049338,0.07854361178734356,0.0003101233077229451
2025-08-19,0.910377280612511,0.08927755658944998,0.00034516279803898915
2025-08-20,0.9348855527549078,0.06488212180875685,0.00023232543633531884
2025-08-21,0.9403375240792279,0.05946390144429988,0.00019857447647176918
2025-08-22,0.6850447164285277,0.31305413508407054,0.0019011484874019635
2025-08-25,0.7491135913911451,0.24955409235554926,0.0013323162533058989
2025-08-26,0.8406516552470915,0.15858116189649238,0.0007671828564158556
2025-08-27,0.9058319733071578,0.09376779097247627,0.00040023572036556384
2025-08-28,0.9395858133548851,0.060187997174082436,0.00022618947103293213
2025-08-29,0.9194614347897635,0.08024814064898411,0.00029042456125278303
2025-09-02,0.8908648160578823,0.10870642731523655,0.0004287566268814969
2025-09-03,0.9221578100781944,0.07753684190349142,0.00030534801831444864
2025-09-04,0.9117033495584349,0.08792884725208812,0.0003678031894767018
2025-09-05,0.9311272136039362,0.06861692444918545,0.00025586194687824136
2025-09-08,0.9545792592325364,0.045272693296275264,0.0001480474711881856
2025-09-09,0.9658160678871572,0.034089403126686055,9.452898615682455e-05
2025-09-10,0.9711232004669399,0.028808416616054103,6.838291700612931e-05
2025-09-11,0.9529572690284266,0.04692283604306917,0.00011989492850447443
2025-09-12,0.9645711417867285,0.035338072700504486,9.078551276685432e-05
2025-09-15,0.9671843479081548,0.03273539498982244,8.025710202240699e-05
2025-09-16,0.9705957143379864,0.029339044565866827,6.524109614641029e-05
2025-09-17,0.9728775500194883,0.027066693325485756,5.5756655026144164e-05
2025-09-18,0.9716148144974199,0.028326705215669802,5.848028691092737e-05
2025-09-19,0.9706677557733538,0.029270300051104887,6.194417554083254e-05
2025-09-22,0.9712615986178963,0.028677236203109916,6.116517899385416e-05
2025-09-23,0.9565188535011829,0.04338403376862749,9.711273018969296e-05
2025-09-24,0.9603886013317819,0.03951306456709085,9.833410112713325e-05
2025-09-25,0.9513969451735802,0.048476076242701685,0.00012697858371869068
2025-09-26,0.9549175598653508,0.04495286441289678,0.00012957572175243092
2025-09-29,0.9660415962450516,0.03386838341636946,9.002033857896284e-05
2025-09-30,0.9694489902944895,0.0304780858620772,7.292384343278091e-05
2025-10-01,0.9724212120005311,0.027518572475692008,6.0215523776871246e-05
2025-10-02,0.9752094598404849,0.02474152059564247,4.901956387220493e-05
2025-10-03,0.9762735413064774,0.023682927357548667,4.3531335974593626e-05
2025-10-06,0.9755732695322517,0.02438207293826441,4.46575294837437e-05
2025-10-07,0.9684967210991932,0.031443700442541585,5.957845826529058e-05
2025-10-08,0.9659088400495054,0.03401484192782012,7.63180226741661e-05
2025-10-09,0.9662636773916102,0.03366027523151064,7.604737687921643e-05
2025-10-10,0.0017083334320441602,0.9745109083866415,0.02378075818131473
2025-10-13,0.004653456470633844,0.9693851501578783,0.025961393371487822
2025-10-14,0.056197617007586145,0.9309377305342077,0.012864652458206043
2025-10-15,0.14091721388408215,0.8516207602071413,0.007462025908776511
2025-10-16,0.16397200143351942,0.829989281833022,0.006038716733458576
2025-10-17,0.27489850320690035,0.7206490551164754,0.004452441676624385
2025-10-20,0.2192354347384476,0.7750372643450111,0.005727300916541302
2025-10-21,0.38449249789042766,0.6119883231119133,0.0035191789976590677
2025-10-22,0.4384402667459028,0.5584365250473464,0.0031232082067505712
2025-10-23,0.5603675304162051,0.4372419524846884,0.00239051709910625
2025-10-24,0.6037793295729876,0.3939224338600432,0.002298236566968746
2025-10-27,0.409637256734917,0.5857593785359391,0.004603364729144096
2025-10-28,0.5929575924408403,0.40463420158110436,0.00240820597805521
2025-10-29,0.7448120495578868,0.25391134663192677,0.0012766038101863272
2025-10-30,0.5516605958379959,0.4455292733242633,0.0028101308377406434
2025-10-31,0.7128657244201124,0.2856261199028664,0.0015081556770212038
2025-11-03,0.830749633630948,0.16846218044069833,0.0007881859283538107
2025-11-04,0.5333825850436055,0.46352244081110383,0.00309497414529051
2025-11-05,0.6881915453770974,0.31009001614934534,0.0017184384735570383
2025-11-06,0.3957223174322464,0.5998932398350335,0.004384442732720026
2025-11-07,0.5828003936659705,0.4148431344354215,0.0023564718986079543
2025-11-10,0.1955897535951563,0.7962935355147757,0.00811671089006796
2025-11-11,0.3569859684370204,0.6385737433749721,0.004440288188007562
2025-11-12,0.5432790306174236,0.45420582223994327,0.002515147142633619
2025-11-13,0.04673858869752702,0.9417669023314964,0.011494508970976593
2025-11-14,0.13225283896529455,0.8610716021107349,0.006675558923970645
2025-11-17,0.08887149950268508,0.9039922181825568,0.007136282314758338
2025-11-18,0.07811225408755784,0.9149585303679789,0.006929215544463256
2025-11-19,0.17700533798751347,0.8180260559294487,0.004968606083037558
2025-11-20,0.015020901461528178,0.9735427543002259,0.011436344238245869
2025-11-21,0.034391051587602216,0.955971140182703,0.00963780822969474
2025-11-24,0.010680277228338732,0.9753532613099607,0.013966461461700594
2025-11-25,0.03580212843068666,0.9537280181727597,0.010469853396553768
2025-11-26,0.08267657978242415,0.9097598721595263,0.007563548058049837
2025-11-28,0.16525845543830003,0.8292129833044897,0.005528561257210459
2025-12-01,0.2145354192665893,0.7807345166067452,0.00473006412666546
2025-12-02,0.3786509102832829,0.6180805395038541,0.003268550212862962
2025-12-03,0.5569753838983169,0.44083270581527173,0.0021919102864113894
2025-12-04,0.7214028246416423,0.27730179759089596,0.001295377767461866
2025-12-05,0.8357339336943308,0.1635395598982812,0.0007265064073877927
2025-12-08,0.8776978485570912,0.12178095800382567,0.0005211934390831996
2025-12-09,0.923397934108876,0.07630671725923426,0.0002953486318892656
2025-12-10,0.9305720421492509,0.0691619609177192,0.00026599693302943925
2025-12-11,0.9543229802511153,0.04552622382807384,0.00015079592081115338
2025-12-12,0.8335421951232559,0.1657883574096036,0.000669447467140921
2025-12-15,0.8940238321836242,0.1055546585907384,0.0004215092256376983
2025-12-16,0.925356866134211,0.07436458520914442,0.0002785486566444643
2025-12-17,0.7217219436814625,0.27683267360433855,0.0014453827141987468
2025-12-18,0.7474658238486562,0.2511394002569818,0.001394775894361894
2025-12-19,0.7413036545372497,0.257173127957984,0.0015232175047662018
2025-12-22,0.8016817843515052,0.1972396218264632,0.0010785938220311698
2025-12-23,0.8708546801792332,0.1285250405818073,0.0006202792389595897
2025-12-24,0.9202279536959609,0.0794393428313573,0.00033270347268197603
2025-12-26,0.9479771108149487,0.05184096358054901,0.00018192560450289998
2025-12-29,0.9521936559754014,0.04766052057242572,0.00014582345217302114
2025-12-30,0.9624868130003232,0.03741063716078537,0.00010254983889125975
2025-12-31,0.9294923116399785,0.07030348968052473,0.00020419867949688752
2026-01-02,0.9539024808052329,0.045958369375730425,0.00013914981903670923
2026-01-05,0.9541888645511631,0.0456740188249392,0.00013711662389751192
2026-01-06,0.9552173138070902,0.04465007982104207,0.00013260637186755109
2026-01-07,0.9570534493782431,0.042828636458418654,0.00011791416333805972
2026-01-08,0.9673049575560398,0.03261239065260703,8.265179135295069e-05
2026-01-09,0.9624570579161214,0.037449085333922154,9.385674995636275e-05
2026-01-12,0.9704551768752308,0.02947535530487077,6.946781989815862e-05
2026-01-13,0.9710387844050723,0.028900004646955062,6.121094797287757e-05
2026-01-14,0.9574810057070312,0.04242443667837891,9.455761459010953e-05
2026-01-15,0.9673804494086283,0.032540607325883014,7.894326548912722e-05
2026-01-16,0.971688315144492,0.02824953614646181,6.21487090462416e-05
2026-01-20,0.09619650837963821,0.8964497915955325,0.007353700024829203
2026-01-21,0.06922642299681454,0.9223286298998052,0.008444947103380281
2026-01-22,0.1446726940149827,0.8493220254948245,0.006005280490192368
2026-01-23,0.28688251011539395,0.7091214491972553,0.003996040687350738
2026-01-26,0.4265102743046262,0.5704152841274692,0.003074441567904454
2026-01-27,0.5879489158493424,0.4099554686586318,0.0020956154920258236
2026-01-28,0.7407415752181961,0.2580451296734081,0.0012132951083957816
2026-01-29,0.8380171260464979,0.16126875204363436,0.0007141219098674938
2026-01-30,0.8677189813506174,0.13170641943839553,0.0005745992109869845
2026-02-02,0.9053958626752296,0.09420218747645794,0.0004019498483126151
2026-02-03,0.8366718998925919,0.16256690849277367,0.0007611916146343595
2026-02-04,0.8531337754679957,0.14619694966679694,0.0006692748652074667
2026-02-05,0.5284709961613171,0.4683624541094889,0.0031665497291942036
2026-02-06,0.033836235561241754,0.9491776870089925,0.016986077429765732
2026-02-09,0.10054432376151341,0.8899538748602001,0.00950180137828681
2026-02-10,0.1824732532927744,0.8115119395834127,0.006014807123812688
2026-02-11,0.33653217394788143,0.6596626193839694,0.0038052066681494284
2026-02-12,0.03113264368300774,0.9578533946307541,0.011013961686238086
2026-02-13,0.10897574144206607,0.8844331973701065,0.006591061187827337
2026-02-17,0.23650454285457786,0.759088751846593,0.00440670529882909
2026-02-18,0.35616048879613477,0.6402709121630805,0.0035685990407847952
2026-02-19,0.49225999892479966,0.5051412974659965,0.002598703609204057
2026-02-20,0.5762601352751842,0.4214313206330964,0.0023085440917191367
2026-02-23,0.34410078933368043,0.651333938067025,0.004565272599294467
2026-02-24,0.4065065015305881,0.5896003136385558,0.003893184830856117
2026-02-25,0.4485225410639469,0.5478959793534295,0.003581479582623681
2026-02-26,0.4994986273891744,0.4975553634442726,0.0029460091665528465
2026-02-27,0.5857955554140825,0.4119652579633094,0.002239186622607999
2026-03-02,0.741658203530472,0.25710056309883617,0.0012412333706916146
2026-03-03,0.578407498791,0.41906665349287286,0.002525847716127137
2026-03-04,0.6259816144247519,0.37177185354847464,0.002246532026773483
2026-03-05,0.6537568806572085,0.3442988943506816,0.0019442249921100682
2026-03-06,0.21956932146320093,0.7736292689797635,0.006801409557035435
2026-03-09,0.2570077539893333,0.7372862044023718,0.005706041608294955
2026-03-10,0.4004546329881181,0.5959716236625252,0.0035737433493567175
2026-03-11,0.5739721191144574,0.42384044094416257,0.002187439941380231
2026-03-12,0.08832253814511705,0.902410679113772,0.009266782741110834
2026-03-13,0.11745087191875399,0.8756207369201172,0.006928391161128771
2026-03-16,0.11182209916282361,0.8810117666362177,0.00716613420095878
2026-03-17,0.2375531219951139,0.7577764711024144,0.004670406902471882
2026-03-18,0.04378942684013827,0.9469449353006105,0.00926563785925138
2026-03-19,0.11057394985905297,0.8832762618957869,0.006149788245159768
2026-03-20,0.011265806759173009,0.9769606550683603,0.011773538172467006
2026-03-23,0.02170639844458642,0.9672555904915555,0.011038011063857708
2026-03-24,0.07000321524758125,0.9227771638295199,0.00721962092289879
2026-03-25,0.14660493646575254,0.8479110615357303,0.005484001998516862
2026-03-26,0.005568224990912645,0.9799544736759938,0.014477301333093617
2026-03-27,0.001249312922751265,0.9769540418200202,0.021796645257228554
2026-03-30,0.04026247814514892,0.9478295129268403,0.011908008928010801
2026-03-31,9.167153849955866e-06,0.8990475690623771,0.10094326378377275
2026-04-01,0.03362687368517956,0.9151136585597902,0.05125946775503035
2026-04-02,0.1145106932566466,0.8634400482677241,0.022049258475629316
2026-04-06,0.22392228099228298,0.7654851040844287,0.010592614923288144
2026-04-07,0.3947273023350285,0.6002584713274413,0.0050142263375299884
2026-04-08,0.0012422349160719085,0.9573410163715832,0.041416748712344936
2026-04-09,0.041314358246795135,0.9374168648023037,0.02126877695090127
2026-04-10,0.11990197724688607,0.8696001823493488,0.010497840403765042
2026-04-13,0.11293086312818124,0.8778937006938908,0.009175436177927897
2026-04-14,0.07559925310768664,0.9146432102736773,0.009757536618635885
2026-04-15,0.1148393612782484,0.8776413594764274,0.007519279245323989
2026-04-16,0.24140682547012196,0.7538054256918635,0.004787748838014473
2026-04-17,0.14532061086471956,0.8476779813831475,0.007001407752132404
2026-04-20,0.2577556491580106,0.7376256512047458,0.004618699637243687
2026-04-21,0.27447007510049454,0.7211327336607893,0.004397191238716085
2026-04-22,0.227332845385074,0.7671112623104618,0.005555892304464046
2026-04-23,0.316883290045883,0.6789999844982312,0.004116725455885982
2026-04-24,0.36677972555486654,0.629282691951449,0.0039375824936844495
2026-04-27,0.5542834361618916,0.4433811118767782,0.0023354519613300014
2026-04-28,0.616542836161553,0.38146649979216957,0.0019906640462773214
2026-04-29,0.7597341435434695,0.23913493969278185,0.0011309167637485844
2026-04-30,0.695054467716313,0.30313143355517325,0.0018140987285138615
2026-05-01,0.8145335491234194,0.18453445000571708,0.0009320008708632372
2026-05-04,0.8541400295878154,0.14518488301352458,0.0006750873986600089
2026-05-05,0.857045528761207,0.14224761915238424,0.0007068520864088547
2026-05-06,0.5501895026486096,0.4462232902914741,0.0035872070599163625
2026-05-07,0.6482533096751031,0.3495765688303899,0.0021701214945070227
2026-05-08,0.6640722406868294,0.33383618438097645,0.0020915749321940924
2026-05-11,0.7983251605382198,0.2006464403519713,0.0010283991098090995
2026-05-12,0.8723461472171039,0.1270827288028991,0.0005711239799967573
2026-05-13,0.9041810260124342,0.09540308877537063,0.00041588521219511603
2026-05-14,0.9062775902725839,0.09331174858618096,0.00041066114123502985
2026-05-15,0.6237826983703026,0.37389655351395007,0.002320748115747161
2026-05-18,0.7623555966660015,0.23643380568704073,0.0012105976469579346
2026-05-19,0.7416066687376488,0.257035234606595,0.0013580966557561048
2026-05-20,0.6475349026482032,0.3501733354070759,0.0022917619447207676
2026-05-21,0.7873745802132892,0.21151634171419287,0.0011090780725181962
2026-05-22,0.8684485513427181,0.1309387730426032,0.0006126756146784799
2026-05-26,0.8988888397074563,0.10065883569713797,0.0004523245954060628
2026-05-27,0.9375953258044438,0.06216891565782832,0.0002357585377283678
2026-05-28,0.9470328635998121,0.05278333156996049,0.00018380483022751172
2026-05-29,0.9625417032415001,0.037347724303855884,0.00011057245464374791
2026-06-01,0.9698730619523921,0.030051865924454458,7.507212315295545e-05
2026-06-02,0.9740997885979864,0.025844897901195124,5.53135008182015e-05
2026-06-03,0.9423400828228378,0.057526908846968705,0.00013300833019338102
2026-06-04,0.9567479775702986,0.04313176176668281,0.00012026066301869803
2026-06-05,0.0023028232002396207,0.9730213909965713,0.02467578580318939
2026-06-08,0.05533411324203048,0.9321923601123738,0.012473526645595721
2026-06-09,0.12942933088147157,0.8632878537346207,0.007282815383907747
2026-06-10,0.008408974121870597,0.9770710790328504,0.014519946845278832
2026-06-11,0.002807848167231542,0.9750412123728892,0.02215093945987897
2026-06-12,0.04936661464834106,0.9385359109178835,0.01209747443377563
2026-06-15,0.00914876451617702,0.9727949958213743,0.0180562396624484
2026-06-16,0.039926749756086184,0.9490702975393939,0.011002952704519967
2026-06-17,0.015308868616431952,0.9726927091688565,0.011998422214711209
2026-06-18,0.027724161339903804,0.961597396676073,0.010678441984022985
2026-06-22,0.0786280041201977,0.9143463965360519,0.007025599343750648
2026-06-23,0.011374196374728088,0.9771192676032078,0.011506536022063911
2026-06-24,0.07011576219802039,0.9228610533112916,0.007023184490688079
2026-06-25,0.17225900697676558,0.8229101607417774,0.004830832281456966
2026-06-26,0.31927012028071966,0.677238514672243,0.003491365047037263
2026-06-29,0.2079648274318968,0.7862758402833896,0.005759332284713515
2026-06-30,0.25739085607541023,0.7375319698363537,0.005077174088236283
2026-07-01,0.4004854821917766,0.5961484173831637,0.0033661004250598063
2026-07-02,0.5824207157804436,0.41550171961518695,0.0020775646043691295
2026-07-06,0.6477898712011129,0.3503085543667923,0.0019015744320952195
2026-07-07,0.7129419487233059,0.2855897090068432,0.0014683422698506593
2026-07-08,0.8004336868484083,0.19862377834315553,0.000942534808436196
2026-07-09,0.8101027148374251,0.18891097426651507,0.0009863108960596382
2026-07-10,0.8790278979508486,0.1204104421549168,0.0005616598942345579
2026-07-13,0.8200041830633642,0.179109226365144,0.0008865905714913897
2026-07-14,0.8881811078877262,0.11131977776487458,0.0004991143473994619
2026-07-15,0.9276073297218966,0.07210318955566354,0.00028948072244028354
2026-07-16,0.9251941479026422,0.07452990513255733,0.0002759469648004879
2026-07-17,0.8016843216572006,0.1973928865396827,0.0009227918031164592
2026-07-20,0.8716973654902875,0.12774866747555536,0.0005539670341568548
2026-07-21,0.8566745231734408,0.1426230310627563,0.0007024457638026141
2026-07-22,0.9092144603698619,0.09040421903290027,0.00038132059723709825
2026-07-23,0.6513147489286804,0.34662873366537095,0.002056517405948862
2026-07-24,0.7891646146563646,0.20979260425559068,0.0010427810880450895
2026-07-27,0.8762186279294383,0.12323856450979398,0.0005428075607681765
2026-07-28,0.9258963255918566,0.07381264544925294,0.000291028958891353
2026-07-29,0.41849201741260683,0.5773149323364041,0.004193050250989088
2026-07-30,0.07715017884661614,0.9108595537505539,0.011990267402829689
2026-07-31,0.13288802419322848,0.8590707773387508,0.008041198468020799
2026-08-03,0.0375992831989839,0.9502174830659081,0.012183233735107844
2026-08-04,0.004484411821055509,0.9746080098973495,0.020907578281594945
2026-08-05,0.055574075241633686,0.9335519332797874,0.010873991478578614
2026-08-06,0.13773695058814125,0.8557477791943426,0.006515270217516135
2026-08-07,0.2231270646089037,0.771829223169683,0.005043712221413061
2026-08-10,0.3837213900752968,0.612957941786563,0.003320668138140099
2026-08-11,0.5097899887136862,0.48771576003794737,0.0024942512483661803
2026-08-12,0.6788867501137936,0.31957168194627034,0.0015415679399357874
2026-08-13,0.7507228654403126,0.24801200220528918,0.001265132354398168
2026-08-14,0.8409092460777878,0.15836438887498594,0.0007263650472260877
2026-08-17,0.8535259310782242,0.14581081274110252,0.0006632561806734147
2026-08-18,0.8248794815433166,0.1742847539921684,0.0008357644645150505
2026-08-19,0.8975352079793942,0.10202705013116883,0.0004377418894365737
2026-08-20,0.817197569315238,0.1819217853671511,0.0008806453176105941
2026-08-21,0.8823523031736045,0.11711911863528633,0.0005285781911093517
2026-08-24,0.9152643915468395,0.0843953229636909,0.0003402854894697526
2026-08-25,0.944546758598413,0.055254495888330465,0.00019874551325642795
2026-08-26,0.9606888806178888,0.03919326515435663,0.00011785422775435863
2026-08-27,0.9538429738535429,0.0460223778583428,0.00013464828811410534
