,SPY,VIX
2024-09-03 09:00:00,557.1900024414062,18.5
2024-09-03 10:00:00,556.3800048828125,18.1200008392334
2024-09-03 11:00:00,555.6500244140625,18.5
2024-09-03 12:00:00,555.6699829101562,18.889999389648438
2024-09-03 13:00:00,553.0399780273438,20.049999237060547
2024-09-03 14:00:00,552.530029296875,20.860000610351562
2024-09-03 15:00:00,552.1599731445312,20.739999771118164
2024-09-04 02:00:00,552.1599731445312,22.440000534057617
2024-09-04 03:00:00,552.1599731445312,22.670000076293945
2024-09-04 04:00:00,552.1599731445312,22.309999465942383
2024-09-04 05:00:00,552.1599731445312,22.760000228881836
2024-09-04 06:00:00,552.1599731445312,22.920000076293945
2024-09-04 07:00:00,552.1599731445312,22.610000610351562
2024-09-04 08:00:00,552.1599731445312,20.8799991607666
2024-09-04 09:00:00,552.489990234375,19.6299991607666
2024-09-04 10:00:00,552.1400146484375,20.299999237060547
2024-09-04 11:00:00,552.1199951171875,20.200000762939453
2024-09-04 12:00:00,551.2150268554688,21.18000030517578
2024-09-04 13:00:00,551.3599853515625,21.799999237060547
2024-09-04 14:00:00,550.719970703125,20.959999084472656
2024-09-04 15:00:00,550.8400268554688,21.31999969482422
2024-09-05 02:00:00,550.8400268554688,20.469999313354492
2024-09-05 03:00:00,550.8400268554688,20.459999084472656
2024-09-05 04:00:00,550.8400268554688,20.65999984741211
2024-09-05 05:00:00,550.8400268554688,20.56999969482422
2024-09-05 06:00:00,550.8400268554688,20.809999465942383
2024-09-05 07:00:00,550.8400268554688,20.90999984741211
2024-09-05 08:00:00,550.8400268554688,20.200000762939453
2024-09-05 09:00:00,552.969970703125,20.059999465942383
2024-09-05 10:00:00,547.9185791015625,21.479999542236328
2024-09-05 11:00:00,548.5595092773438,20.760000228881836
2024-09-05 12:00:00,547.8198852539062,20.0
2024-09-05 13:00:00,550.0,19.729999542236328
2024-09-05 14:00:00,549.2800903320312,20.030000686645508
2024-09-05 15:00:00,549.5700073242188,19.90999984741211
2024-09-06 02:00:00,549.5700073242188,22.149999618530273
2024-09-06 03:00:00,549.5700073242188,22.5
2024-09-06 04:00:00,549.5700073242188,22.280000686645508
2024-09-06 05:00:00,549.5700073242188,22.389999389648438
2024-09-06 06:00:00,549.5700073242188,21.809999465942383
2024-09-06 07:00:00,549.5700073242188,19.75
2024-09-06 08:00:00,549.5700073242188,20.170000076293945
2024-09-06 09:00:00,544.7000122070312,22.68000030517578
2024-09-06 10:00:00,541.5,23.299999237060547
2024-09-06 11:00:00,539.9000244140625,23.3700008392334
2024-09-06 12:00:00,540.8300170898438,22.440000534057617
2024-09-06 13:00:00,539.989990234375,22.260000228881836
2024-09-06 14:00:00,541.3300170898438,22.1299991607666
2024-09-06 15:00:00,540.4199829101562,22.389999389648438
2024-09-09 02:00:00,540.4199829101562,21.059999465942383
2024-09-09 03:00:00,540.4199829101562,21.170000076293945
2024-09-09 04:00:00,540.4199829101562,20.989999771118164
2024-09-09 05:00:00,540.4199829101562,21.09000015258789
2024-09-09 06:00:00,540.4199829101562,21.1299991607666
2024-09-09 07:00:00,540.4199829101562,21.200000762939453
2024-09-09 08:00:00,540.4199829101562,20.440000534057617
2024-09-09 09:00:00,544.72998046875,20.889999389648438
2024-09-09 10:00:00,544.2000122070312,19.940000534057617
2024-09-09 11:00:00,546.8900146484375,19.389999389648438
2024-09-09 12:00:00,547.3300170898438,20.059999465942383
2024-09-09 13:00:00,544.9697875976562,19.90999984741211
2024-09-09 14:00:00,545.5900268554688,19.59000015258789
2024-09-09 15:00:00,546.4299926757812,19.450000762939453
2024-09-10 02:00:00,546.4299926757812,19.559999465942383
2024-09-10 03:00:00,546.4299926757812,19.860000610351562
2024-09-10 04:00:00,546.4299926757812,19.8700008392334
2024-09-10 05:00:00,546.4299926757812,19.860000610351562
2024-09-10 06:00:00,546.4299926757812,19.600000381469727
2024-09-10 07:00:00,546.4299926757812,19.1299991607666
2024-09-10 08:00:00,546.4299926757812,19.209999084472656
2024-09-10 09:00:00,547.0800170898438,19.739999771118164
2024-09-10 10:00:00,547.4500122070312,20.34000015258789
2024-09-10 11:00:00,544.2899780273438,20.010000228881836
2024-09-10 12:00:00,546.3599853515625,19.59000015258789
2024-09-10 13:00:00,547.880126953125,19.020000457763672
2024-09-10 14:00:00,548.760009765625,19.0
2024-09-10 15:00:00,548.8200073242188,19.09000015258789
2024-09-11 02:00:00,548.8200073242188,19.31999969482422
2024-09-11 03:00:00,548.8200073242188,19.56999969482422
2024-09-11 04:00:00,548.8200073242188,19.520000457763672
2024-09-11 05:00:00,548.8200073242188,19.399999618530273
2024-09-11 06:00:00,548.8200073242188,19.260000228881836
2024-09-11 07:00:00,548.8200073242188,18.5
2024-09-11 08:00:00,548.8200073242188,19.579999923706055
2024-09-11 09:00:00,541.2424926757812,20.899999618530273
2024-09-11 10:00:00,542.4299926757812,19.809999465942383
2024-09-11 11:00:00,546.780029296875,18.920000076293945
2024-09-11 12:00:00,548.8900146484375,18.610000610351562
2024-09-11 13:00:00,551.0075073242188,18.100000381469727
2024-09-11 14:00:00,553.3300170898438,17.549999237060547
2024-09-11 15:00:00,554.3599853515625,17.690000534057617
2024-09-12 02:00:00,554.3599853515625,17.719999313354492
2024-09-12 03:00:00,554.3599853515625,17.690000534057617
2024-09-12 04:00:00,554.3599853515625,17.790000915527344
2024-09-12 05:00:00,554.3599853515625,17.799999237060547
2024-09-12 06:00:00,554.3599853515625,17.75
2024-09-12 07:00:00,554.3599853515625,17.739999771118164
2024-09-12 08:00:00,554.3599853515625,18.3700008392334
2024-09-12 09:00:00,555.7999877929688,17.860000610351562
2024-09-12 10:00:00,554.9299926757812,17.950000762939453
2024-09-12 11:00:00,555.3800048828125,17.239999771118164
2024-09-12 12:00:00,557.8400268554688,17.100000381469727
2024-09-12 13:00:00,559.0900268554688,17.040000915527344
2024-09-12 14:00:00,558.760009765625,16.979999542236328
2024-09-12 15:00:00,559.010009765625,17.06999969482422
2024-09-13 02:00:00,559.010009765625,17.110000610351562
2024-09-13 03:00:00,559.010009765625,17.020000457763672
2024-09-13 04:00:00,559.010009765625,16.889999389648438
2024-09-13 05:00:00,559.010009765625,16.8700008392334
2024-09-13 06:00:00,559.010009765625,16.90999984741211
2024-09-13 07:00:00,559.010009765625,16.889999389648438
2024-09-13 08:00:00,559.010009765625,16.829999923706055
2024-09-13 09:00:00,561.1199951171875,16.440000534057617
2024-09-13 10:00:00,561.8499755859375,16.420000076293945
2024-09-13 11:00:00,561.5700073242188,16.34000015258789
2024-09-13 12:00:00,562.760009765625,16.34000015258789
2024-09-13 13:00:00,561.409912109375,16.59000015258789
2024-09-13 14:00:00,561.7999877929688,16.469999313354492
2024-09-13 15:00:00,561.9600219726562,16.559999465942383
2024-09-16 02:00:00,561.9600219726562,17.020000457763672
2024-09-16 03:00:00,561.9600219726562,16.969999313354492
2024-09-16 04:00:00,561.9600219726562,17.010000228881836
2024-09-16 05:00:00,561.9600219726562,17.040000915527344
2024-09-16 06:00:00,561.9600219726562,17.110000610351562
2024-09-16 07:00:00,561.9600219726562,17.1299991607666
2024-09-16 08:00:00,561.9600219726562,17.219999313354492
2024-09-16 09:00:00,561.4788208007812,17.540000915527344
2024-09-16 10:00:00,560.8300170898438,17.299999237060547
2024-09-16 11:00:00,561.389892578125,17.229999542236328
2024-09-16 12:00:00,561.7150268554688,17.059999465942383
2024-09-16 13:00:00,562.5499877929688,16.950000762939453
2024-09-16 14:00:00,562.260009765625,17.149999618530273
2024-09-16 15:00:00,562.8599853515625,17.139999389648438
2024-09-17 02:00:00,562.8599853515625,17.1200008392334
2024-09-17 03:00:00,562.8599853515625,17.110000610351562
2024-09-17 04:00:00,562.8599853515625,17.020000457763672
2024-09-17 05:00:00,562.8599853515625,17.049999237060547
2024-09-17 06:00:00,562.8599853515625,16.989999771118164
2024-09-17 07:00:00,562.8599853515625,17.06999969482422
2024-09-17 08:00:00,562.8599853515625,17.31999969482422
2024-09-17 09:00:00,565.9500122070312,17.059999465942383
2024-09-17 10:00:00,565.1400146484375,17.059999465942383
2024-09-17 11:00:00,563.739990234375,17.790000915527344
2024-09-17 12:00:00,562.719970703125,17.530000686645508
2024-09-17 13:00:00,562.6300048828125,17.6200008392334
2024-09-17 14:00:00,562.1820068359375,17.700000762939453
2024-09-17 15:00:00,563.1099853515625,17.6200008392334
2024-09-18 02:00:00,563.1099853515625,17.75
2024-09-18 03:00:00,563.1099853515625,17.760000228881836
2024-09-18 04:00:00,563.1099853515625,17.649999618530273
2024-09-18 05:00:00,563.1099853515625,17.639999389648438
2024-09-18 06:00:00,563.1099853515625,17.780000686645508
2024-09-18 07:00:00,563.1099853515625,17.739999771118164
2024-09-18 08:00:00,563.1099853515625,19.06999969482422
2024-09-18 09:00:00,563.1300048828125,18.90999984741211
2024-09-18 10:00:00,562.760009765625,19.110000610351562
2024-09-18 11:00:00,563.003173828125,18.459999084472656
2024-09-18 12:00:00,563.719970703125,18.440000534057617
2024-09-18 13:00:00,565.9000244140625,17.8700008392334
2024-09-18 14:00:00,564.9400024414062,18.389999389648438
2024-09-18 15:00:00,561.3400268554688,18.229999542236328
2024-09-19 02:00:00,561.3400268554688,16.920000076293945
2024-09-19 03:00:00,561.3400268554688,16.81999969482422
2024-09-19 04:00:00,561.3400268554688,16.6200008392334
2024-09-19 05:00:00,561.3400268554688,16.56999969482422
2024-09-19 06:00:00,561.3400268554688,16.75
2024-09-19 07:00:00,561.3400268554688,16.579999923706055
2024-09-19 08:00:00,561.3400268554688,16.5
2024-09-19 09:00:00,571.3499755859375,16.639999389648438
2024-09-19 10:00:00,570.8991088867188,16.739999771118164
2024-09-19 11:00:00,571.6799926757812,16.809999465942383
2024-09-19 12:00:00,571.8599243164062,16.989999771118164
2024-09-19 13:00:00,572.0,16.709999084472656
2024-09-19 14:00:00,571.1699829101562,16.350000381469727
2024-09-19 15:00:00,570.9199829101562,16.329999923706055
2024-09-20 02:00:00,570.9199829101562,16.31999969482422
2024-09-20 03:00:00,570.9199829101562,16.40999984741211
2024-09-20 04:00:00,570.9199829101562,16.420000076293945
2024-09-20 05:00:00,570.9199829101562,16.40999984741211
2024-09-20 06:00:00,570.9199829101562,16.309999465942383
2024-09-20 07:00:00,570.9199829101562,16.09000015258789
2024-09-20 08:00:00,570.9199829101562,16.31999969482422
2024-09-20 09:00:00,567.219970703125,16.149999618530273
2024-09-20 10:00:00,565.989990234375,16.260000228881836
2024-09-20 11:00:00,567.9500122070312,15.84000015258789
2024-09-20 12:00:00,568.219970703125,16.059999465942383
2024-09-20 13:00:00,566.6199951171875,16.3700008392334
2024-09-20 14:00:00,568.239990234375,16.09000015258789
2024-09-20 15:00:00,568.0999755859375,16.149999618530273
2024-09-23 02:00:00,568.0999755859375,16.59000015258789
2024-09-23 03:00:00,568.0999755859375,16.56999969482422
2024-09-23 04:00:00,568.0999755859375,16.459999084472656
2024-09-23 05:00:00,568.0999755859375,16.469999313354492
2024-09-23 06:00:00,568.0999755859375,16.440000534057617
2024-09-23 07:00:00,568.0999755859375,16.329999923706055
2024-09-23 08:00:00,568.0999755859375,16.139999389648438
2024-09-23 09:00:00,569.7899780273438,16.040000915527344
2024-09-23 10:00:00,569.7349853515625,15.970000267028809
2024-09-23 11:00:00,568.9400024414062,15.970000267028809
2024-09-23 12:00:00,568.7799072265625,15.930000305175781
2024-09-23 13:00:00,569.239990234375,15.880000114440918
2024-09-23 14:00:00,569.510009765625,15.819999694824219
2024-09-23 15:00:00,569.6199951171875,15.890000343322754
2024-09-24 02:00:00,569.6199951171875,15.8100004196167
2024-09-24 03:00:00,569.6199951171875,15.760000228881836
2024-09-24 04:00:00,569.6199951171875,15.880000114440918
2024-09-24 05:00:00,569.6199951171875,15.920000076293945
2024-09-24 06:00:00,569.6199951171875,15.970000267028809
2024-09-24 07:00:00,569.6199951171875,15.90999984741211
2024-09-24 08:00:00,569.6199951171875,15.869999885559082
2024-09-24 09:00:00,568.2783813476562,16.040000915527344
2024-09-24 10:00:00,569.8505249023438,15.680000305175781
2024-09-24 11:00:00,570.5050048828125,15.720000267028809
2024-09-24 12:00:00,570.6099853515625,15.65999984741211
2024-09-24 13:00:00,570.2324829101562,15.489999771118164
2024-09-24 14:00:00,570.639892578125,15.319999694824219
2024-09-24 15:00:00,571.239990234375,15.390000343322754
2024-09-25 02:00:00,571.239990234375,15.729999542236328
2024-09-25 03:00:00,571.239990234375,15.770000457763672
2024-09-25 04:00:00,571.239990234375,15.739999771118164
2024-09-25 05:00:00,571.239990234375,15.710000038146973
2024-09-25 06:00:00,571.239990234375,15.65999984741211
2024-09-25 07:00:00,571.239990234375,15.600000381469727
2024-09-25 08:00:00,571.239990234375,15.319999694824219
2024-09-25 09:00:00,571.0999145507812,15.260000228881836
2024-09-25 10:00:00,570.77001953125,15.170000076293945
2024-09-25 11:00:00,570.6400146484375,15.430000305175781
2024-09-25 12:00:00,569.75,15.350000381469727
2024-09-25 13:00:00,570.2000122070312,15.399999618530273
2024-09-25 14:00:00,569.864990234375,15.550000190734863
2024-09-25 15:00:00,570.0,15.420000076293945
2024-09-26 02:00:00,570.0,15.0600004196167
2024-09-26 03:00:00,570.0,15.0600004196167
2024-09-26 04:00:00,570.0,15.130000114440918
2024-09-26 05:00:00,570.0,15.1899995803833
2024-09-26 06:00:00,570.0,15.220000267028809
2024-09-26 07:00:00,570.0,15.170000076293945
2024-09-26 08:00:00,570.0,15.3100004196167
2024-09-26 09:00:00,572.6240234375,15.6899995803833
2024-09-26 10:00:00,571.3399047851562,15.359999656677246
2024-09-26 11:00:00,571.2498779296875,15.640000343322754
2024-09-26 12:00:00,571.0900268554688,15.539999961853027
2024-09-26 13:00:00,572.4199829101562,15.369999885559082
2024-09-26 14:00:00,572.1199951171875,15.430000305175781
2024-09-26 15:00:00,572.25,15.369999885559082
2024-09-27 02:00:00,572.25,15.760000228881836
2024-09-27 03:00:00,572.25,15.649999618530273
2024-09-27 04:00:00,572.25,15.59000015258789
2024-09-27 05:00:00,572.25,15.640000343322754
2024-09-27 06:00:00,572.25,15.520000457763672
2024-09-27 07:00:00,572.25,15.3100004196167
2024-09-27 08:00:00,572.25,15.479999542236328
2024-09-27 09:00:00,573.8499755859375,15.420000076293945
2024-09-27 10:00:00,573.28271484375,15.619999885559082
2024-09-27 11:00:00,572.22998046875,15.850000381469727
2024-09-27 12:00:00,571.7750244140625,15.899999618530273
2024-09-27 13:00:00,571.2050170898438,16.030000686645508
2024-09-27 14:00:00,571.9771118164062,16.81999969482422
2024-09-27 15:00:00,571.4099731445312,16.969999313354492
2024-09-30 02:00:00,571.4099731445312,17.040000915527344
2024-09-30 03:00:00,571.4099731445312,17.190000534057617
2024-09-30 04:00:00,571.4099731445312,17.1299991607666
2024-09-30 05:00:00,571.4099731445312,17.059999465942383
2024-09-30 06:00:00,571.4099731445312,17.34000015258789
2024-09-30 07:00:00,571.4099731445312,17.229999542236328
2024-09-30 08:00:00,571.4099731445312,17.110000610351562
2024-09-30 09:00:00,570.9199829101562,16.950000762939453
2024-09-30 10:00:00,571.5599975585938,16.719999313354492
2024-09-30 11:00:00,571.8800048828125,16.979999542236328
2024-09-30 12:00:00,571.0693969726562,16.709999084472656
2024-09-30 13:00:00,569.290771484375,17.06999969482422
2024-09-30 14:00:00,570.8900146484375,16.59000015258789
2024-09-30 15:00:00,574.02001953125,16.719999313354492
2024-10-01 02:00:00,574.02001953125,16.739999771118164
2024-10-01 03:00:00,574.02001953125,16.809999465942383
2024-10-01 04:00:00,574.02001953125,16.829999923706055
2024-10-01 05:00:00,574.02001953125,16.65999984741211
2024-10-01 06:00:00,574.02001953125,16.829999923706055
2024-10-01 07:00:00,574.02001953125,16.81999969482422
2024-10-01 08:00:00,574.02001953125,19.059999465942383
2024-10-01 09:00:00,567.4600219726562,19.440000534057617
2024-10-01 10:00:00,567.9199829101562,19.049999237060547
2024-10-01 11:00:00,568.77001953125,19.56999969482422
2024-10-01 12:00:00,566.4400024414062,18.860000610351562
2024-10-01 13:00:00,570.47998046875,18.469999313354492
2024-10-01 14:00:00,570.2600708007812,19.309999465942383
2024-10-01 15:00:00,568.6900024414062,19.260000228881836
2024-10-02 02:00:00,568.6900024414062,19.260000228881836
2024-10-02 03:00:00,568.6900024414062,19.43000030517578
2024-10-02 04:00:00,568.6900024414062,19.68000030517578
2024-10-02 05:00:00,568.6900024414062,19.350000381469727
2024-10-02 06:00:00,568.6900024414062,19.639999389648438
2024-10-02 07:00:00,568.6900024414062,19.309999465942383
2024-10-02 08:00:00,568.6900024414062,19.56999969482422
2024-10-02 09:00:00,568.3599853515625,19.0
2024-10-02 10:00:00,569.52001953125,18.809999465942383
2024-10-02 11:00:00,569.489990234375,19.139999389648438
2024-10-02 12:00:00,568.4299926757812,18.799999237060547
2024-10-02 13:00:00,568.4694213867188,18.920000076293945
2024-10-02 14:00:00,569.2100219726562,19.0
2024-10-02 15:00:00,568.8499755859375,18.899999618530273
2024-10-03 02:00:00,568.8499755859375,20.190000534057617
2024-10-03 03:00:00,568.8499755859375,20.020000457763672
2024-10-03 04:00:00,568.8499755859375,19.93000030517578
2024-10-03 05:00:00,568.8499755859375,19.829999923706055
2024-10-03 06:00:00,568.8499755859375,19.540000915527344
2024-10-03 07:00:00,568.8499755859375,19.899999618530273
2024-10-03 08:00:00,568.8499755859375,19.770000457763672
2024-10-03 09:00:00,567.169921875,20.18000030517578
2024-10-03 10:00:00,567.4749145507812,19.799999237060547
2024-10-03 11:00:00,568.7000122070312,20.440000534057617
2024-10-03 12:00:00,566.469970703125,20.299999237060547
2024-10-03 13:00:00,567.010009765625,20.459999084472656
2024-10-03 14:00:00,566.530029296875,20.459999084472656
2024-10-03 15:00:00,567.780029296875,20.479999542236328
2024-10-04 02:00:00,567.780029296875,20.229999542236328
2024-10-04 03:00:00,567.780029296875,20.3700008392334
2024-10-04 04:00:00,567.780029296875,20.18000030517578
2024-10-04 05:00:00,567.780029296875,20.1299991607666
2024-10-04 06:00:00,567.780029296875,20.010000228881836
2024-10-04 07:00:00,567.780029296875,18.8700008392334
2024-10-04 08:00:00,567.780029296875,19.690000534057617
2024-10-04 09:00:00,568.8300170898438,19.469999313354492
2024-10-04 10:00:00,568.780029296875,19.079999923706055
2024-10-04 11:00:00,569.8049926757812,19.1200008392334
2024-10-04 12:00:00,571.0499877929688,19.739999771118164
2024-10-04 13:00:00,570.7849731445312,18.90999984741211
2024-10-04 14:00:00,572.0399780273438,18.6299991607666
2024-10-04 15:00:00,572.9199829101562,19.190000534057617
2024-10-07 02:00:00,572.9199829101562,21.1200008392334
2024-10-07 03:00:00,572.9199829101562,21.15999984741211
2024-10-07 04:00:00,572.9199829101562,21.299999237060547
2024-10-07 05:00:00,572.9199829101562,21.170000076293945
2024-10-07 06:00:00,572.9199829101562,21.06999969482422
2024-10-07 07:00:00,572.9199829101562,20.989999771118164
2024-10-07 08:00:00,572.9199829101562,21.1299991607666
2024-10-07 09:00:00,571.5,20.690000534057617
2024-10-07 10:00:00,571.6500244140625,20.850000381469727
2024-10-07 11:00:00,570.9608764648438,21.15999984741211
2024-10-07 12:00:00,570.3699951171875,21.329999923706055
2024-10-07 13:00:00,569.5499877929688,22.93000030517578
2024-10-07 14:00:00,567.8800048828125,22.799999237060547
2024-10-07 15:00:00,567.8099975585938,22.639999389648438
2024-10-08 02:00:00,567.8099975585938,22.780000686645508
2024-10-08 03:00:00,567.8099975585938,22.530000686645508
2024-10-08 04:00:00,567.8099975585938,22.190000534057617
2024-10-08 05:00:00,567.8099975585938,22.0
2024-10-08 06:00:00,567.8099975585938,21.940000534057617
2024-10-08 07:00:00,567.8099975585938,22.010000228881836
2024-10-08 08:00:00,567.8099975585938,21.690000534057617
2024-10-08 09:00:00,570.8599853515625,21.3700008392334
2024-10-08 10:00:00,571.8400268554688,21.299999237060547
2024-10-08 11:00:00,572.030029296875,21.43000030517578
2024-10-08 12:00:00,571.219970703125,21.440000534057617
2024-10-08 13:00:00,571.9500732421875,21.34000015258789
2024-10-08 14:00:00,572.8599853515625,21.420000076293945
2024-10-08 15:00:00,573.1099853515625,21.420000076293945
2024-10-09 02:00:00,573.1099853515625,21.8799991607666
2024-10-09 03:00:00,573.1099853515625,21.809999465942383
2024-10-09 04:00:00,573.1099853515625,21.59000015258789
2024-10-09 05:00:00,573.1099853515625,21.479999542236328
2024-10-09 06:00:00,573.1099853515625,21.5
2024-10-09 07:00:00,573.1099853515625,21.469999313354492
2024-10-09 08:00:00,573.1099853515625,21.079999923706055
2024-10-09 09:00:00,574.1099853515625,20.8799991607666
2024-10-09 10:00:00,575.7100219726562,20.8700008392334
2024-10-09 11:00:00,576.2570190429688,20.889999389648438
2024-10-09 12:00:00,576.4801025390625,20.989999771118164
2024-10-09 13:00:00,576.4000244140625,20.81999969482422
2024-10-09 14:00:00,576.7133178710938,20.84000015258789
2024-10-09 15:00:00,577.1199951171875,20.860000610351562
2024-10-10 02:00:00,577.1199951171875,20.969999313354492
2024-10-10 03:00:00,577.1199951171875,21.0
2024-10-10 04:00:00,577.1199951171875,20.950000762939453
2024-10-10 05:00:00,577.1199951171875,21.049999237060547
2024-10-10 06:00:00,577.1199951171875,20.950000762939453
2024-10-10 07:00:00,577.1199951171875,21.170000076293945
2024-10-10 08:00:00,577.1199951171875,21.1200008392334
2024-10-10 09:00:00,575.9500122070312,21.09000015258789
2024-10-10 10:00:00,576.2940063476562,20.93000030517578
2024-10-10 11:00:00,577.1693725585938,21.139999389648438
2024-10-10 12:00:00,576.3699951171875,21.030000686645508
2024-10-10 13:00:00,575.3800048828125,21.1299991607666
2024-10-10 14:00:00,575.39501953125,20.829999923706055
2024-10-10 15:00:00,576.10498046875,20.93000030517578
2024-10-11 02:00:00,576.10498046875,20.989999771118164
2024-10-11 03:00:00,576.10498046875,21.149999618530273
2024-10-11 04:00:00,576.10498046875,21.100000381469727
2024-10-11 05:00:00,576.10498046875,20.889999389648438
2024-10-11 06:00:00,576.10498046875,20.809999465942383
2024-10-11 07:00:00,576.10498046875,20.8799991607666
2024-10-11 08:00:00,576.10498046875,20.600000381469727
2024-10-11 09:00:00,579.780029296875,20.610000610351562
2024-10-11 10:00:00,579.1799926757812,20.350000381469727
2024-10-11 11:00:00,578.75,20.479999542236328
2024-10-11 12:00:00,578.869873046875,20.360000610351562
2024-10-11 13:00:00,579.4600219726562,20.190000534057617
2024-10-11 14:00:00,580.0595092773438,20.520000457763672
2024-10-11 15:00:00,579.5499877929688,20.469999313354492
2024-10-14 02:00:00,579.5499877929688,20.639999389648438
2024-10-14 03:00:00,579.5499877929688,20.649999618530273
2024-10-14 04:00:00,579.5499877929688,20.549999237060547
2024-10-14 05:00:00,579.5499877929688,20.520000457763672
2024-10-14 06:00:00,579.5499877929688,20.479999542236328
2024-10-14 07:00:00,579.5499877929688,20.440000534057617
2024-10-14 08:00:00,579.5499877929688,20.3700008392334
2024-10-14 09:00:00,583.4299926757812,20.06999969482422
2024-10-14 10:00:00,582.7847900390625,19.850000381469727
2024-10-14 11:00:00,583.7299194335938,19.799999237060547
2024-10-14 12:00:00,583.7799072265625,19.81999969482422
2024-10-14 13:00:00,584.0399780273438,19.93000030517578
2024-10-14 14:00:00,584.5399780273438,19.780000686645508
2024-10-14 15:00:00,584.280029296875,19.690000534057617
2024-10-15 02:00:00,584.280029296875,19.649999618530273
2024-10-15 03:00:00,584.280029296875,19.719999313354492
2024-10-15 04:00:00,584.280029296875,19.780000686645508
2024-10-15 05:00:00,584.280029296875,19.709999084472656
2024-10-15 06:00:00,584.280029296875,19.729999542236328
2024-10-15 07:00:00,584.280029296875,19.639999389648438
2024-10-15 08:00:00,584.280029296875,19.520000457763672
2024-10-15 09:00:00,583.2576293945312,19.979999542236328
2024-10-15 10:00:00,582.3200073242188,20.149999618530273
2024-10-15 11:00:00,582.1199951171875,20.100000381469727
2024-10-15 12:00:00,581.0800170898438,20.229999542236328
2024-10-15 13:00:00,580.5399780273438,20.540000915527344
2024-10-15 14:00:00,579.3099975585938,20.520000457763672
2024-10-15 15:00:00,579.8099975585938,20.639999389648438
2024-10-16 02:00:00,579.8099975585938,20.649999618530273
2024-10-16 03:00:00,579.8099975585938,20.809999465942383
2024-10-16 04:00:00,579.8099975585938,20.770000457763672
2024-10-16 05:00:00,579.8099975585938,20.790000915527344
2024-10-16 06:00:00,579.8099975585938,20.719999313354492
2024-10-16 07:00:00,579.8099975585938,20.799999237060547
2024-10-16 08:00:00,579.8099975585938,20.84000015258789
2024-10-16 09:00:00,580.8099975585938,20.350000381469727
2024-10-16 10:00:00,580.5999755859375,20.239999771118164
2024-10-16 11:00:00,580.8298950195312,20.0
2024-10-16 12:00:00,581.1699829101562,19.959999084472656
2024-10-16 13:00:00,582.6192016601562,19.649999618530273
2024-10-16 14:00:00,582.3599853515625,19.559999465942383
2024-10-16 15:00:00,582.239990234375,19.579999923706055
2024-10-17 02:00:00,582.239990234375,19.43000030517578
2024-10-17 03:00:00,582.239990234375,19.290000915527344
2024-10-17 04:00:00,582.239990234375,19.350000381469727
2024-10-17 05:00:00,582.239990234375,19.309999465942383
2024-10-17 06:00:00,582.239990234375,19.3700008392334
2024-10-17 07:00:00,582.239990234375,19.280000686645508
2024-10-17 08:00:00,582.239990234375,19.459999084472656
2024-10-17 09:00:00,583.8699951171875,19.469999313354492
2024-10-17 10:00:00,584.02001953125,19.040000915527344
2024-10-17 11:00:00,584.2899780273438,19.020000457763672
2024-10-17 12:00:00,584.2150268554688,18.959999084472656
2024-10-17 13:00:00,582.640380859375,19.030000686645508
2024-10-17 14:00:00,582.5800170898438,19.0
2024-10-17 15:00:00,582.280029296875,19.100000381469727
2024-10-18 02:00:00,582.280029296875,19.170000076293945
2024-10-18 03:00:00,582.280029296875,19.15999984741211
2024-10-18 04:00:00,582.280029296875,19.200000762939453
2024-10-18 05:00:00,582.280029296875,19.18000030517578
2024-10-18 06:00:00,582.280029296875,19.110000610351562
2024-10-18 07:00:00,582.280029296875,19.06999969482422
2024-10-18 08:00:00,582.280029296875,18.850000381469727
2024-10-18 09:00:00,583.47119140625,18.389999389648438
2024-10-18 10:00:00,584.2501220703125,18.209999084472656
2024-10-18 11:00:00,584.1500244140625,18.149999618530273
2024-10-18 12:00:00,584.6199951171875,18.149999618530273
2024-10-18 13:00:00,585.1798706054688,18.110000610351562
2024-10-18 14:00:00,584.4600219726562,18.1299991607666
2024-10-18 15:00:00,584.5700073242188,18.030000686645508
2024-10-21 02:00:00,584.5700073242188,18.770000457763672
2024-10-21 03:00:00,584.5700073242188,18.770000457763672
2024-10-21 04:00:00,584.5700073242188,18.860000610351562
2024-10-21 05:00:00,584.5700073242188,19.06999969482422
2024-10-21 06:00:00,584.5700073242188,19.139999389648438
2024-10-21 07:00:00,584.5700073242188,19.049999237060547
2024-10-21 08:00:00,584.5700073242188,18.889999389648438
2024-10-21 09:00:00,583.9199829101562,18.90999984741211
2024-10-21 10:00:00,580.8300170898438,19.020000457763672
2024-10-21 11:00:00,582.1701049804688,18.690000534057617
2024-10-21 12:00:00,582.9099731445312,18.559999465942383
2024-10-21 13:00:00,582.6422729492188,18.670000076293945
2024-10-21 14:00:00,582.9299926757812,18.440000534057617
2024-10-21 15:00:00,583.6699829101562,18.3700008392334
2024-10-22 02:00:00,583.6699829101562,18.889999389648438
2024-10-22 03:00:00,583.6699829101562,19.040000915527344
2024-10-22 04:00:00,583.6699829101562,19.350000381469727
2024-10-22 05:00:00,583.6699829101562,19.3700008392334
2024-10-22 06:00:00,583.6699829101562,19.270000457763672
2024-10-22 07:00:00,583.6699829101562,19.309999465942383
2024-10-22 08:00:00,583.6699829101562,19.219999313354492
2024-10-22 09:00:00,581.4099731445312,18.8700008392334
2024-10-22 10:00:00,582.0780029296875,18.739999771118164
2024-10-22 11:00:00,581.760009765625,18.700000762939453
2024-10-22 12:00:00,582.6599731445312,18.389999389648438
2024-10-22 13:00:00,583.6799926757812,18.59000015258789
2024-10-22 14:00:00,583.6400146484375,18.149999618530273
2024-10-22 15:00:00,583.3200073242188,18.200000762939453
2024-10-23 02:00:00,583.3200073242188,18.270000457763672
2024-10-23 03:00:00,583.3200073242188,18.489999771118164
2024-10-23 04:00:00,583.3200073242188,18.5
2024-10-23 05:00:00,583.3200073242188,18.600000381469727
2024-10-23 06:00:00,583.3200073242188,18.530000686645508
2024-10-23 07:00:00,583.3200073242188,18.700000762939453
2024-10-23 08:00:00,583.3200073242188,18.530000686645508
2024-10-23 09:00:00,580.9921264648438,18.75
2024-10-23 10:00:00,578.89990234375,18.760000228881836
2024-10-23 11:00:00,578.1986083984375,19.270000457763672
2024-10-23 12:00:00,577.0,19.850000381469727
2024-10-23 13:00:00,575.510009765625,19.510000228881836
2024-10-23 14:00:00,577.280029296875,19.3700008392334
2024-10-23 15:00:00,577.9299926757812,19.239999771118164
2024-10-24 02:00:00,577.9299926757812,18.729999542236328
2024-10-24 03:00:00,577.9299926757812,18.760000228881836
2024-10-24 04:00:00,577.9299926757812,18.770000457763672
2024-10-24 05:00:00,577.9299926757812,18.780000686645508
2024-10-24 06:00:00,577.9299926757812,18.670000076293945
2024-10-24 07:00:00,577.9299926757812,18.75
2024-10-24 08:00:00,577.9299926757812,19.06999969482422
2024-10-24 09:00:00,578.9299926757812,19.31999969482422
2024-10-24 10:00:00,578.6500244140625,19.6299991607666
2024-10-24 11:00:00,578.010009765625,19.43000030517578
2024-10-24 12:00:00,579.0499877929688,19.479999542236328
2024-10-24 13:00:00,578.8800048828125,19.280000686645508
2024-10-24 14:00:00,579.4400024414062,19.239999771118164
2024-10-24 15:00:00,579.1799926757812,19.06999969482422
2024-10-25 02:00:00,579.1799926757812,18.959999084472656
2024-10-25 03:00:00,579.1799926757812,19.059999465942383
2024-10-25 04:00:00,579.1799926757812,18.90999984741211
2024-10-25 05:00:00,579.1799926757812,18.959999084472656
2024-10-25 06:00:00,579.1799926757812,18.8799991607666
2024-10-25 07:00:00,579.1799926757812,18.709999084472656
2024-10-25 08:00:00,579.1799926757812,18.360000610351562
2024-10-25 09:00:00,584.1749877929688,18.520000457763672
2024-10-25 10:00:00,582.5,18.920000076293945
2024-10-25 11:00:00,582.7000122070312,18.8700008392334
2024-10-25 12:00:00,580.4500122070312,20.079999923706055
2024-10-25 13:00:00,579.8300170898438,19.530000686645508
2024-10-25 14:00:00,579.510009765625,20.200000762939453
2024-10-25 15:00:00,579.0150146484375,20.34000015258789
2024-10-28 02:00:00,579.0150146484375,19.15999984741211
2024-10-28 03:00:00,579.0150146484375,18.979999542236328
2024-10-28 04:00:00,579.0150146484375,18.969999313354492
2024-10-28 05:00:00,579.0150146484375,19.100000381469727
2024-10-28 06:00:00,579.0150146484375,19.280000686645508
2024-10-28 07:00:00,579.0150146484375,19.139999389648438
2024-10-28 08:00:00,579.0150146484375,19.25
2024-10-28 09:00:00,582.4099731445312,19.229999542236328
2024-10-28 10:00:00,581.5900268554688,19.639999389648438
2024-10-28 11:00:00,581.5349731445312,19.3700008392334
2024-10-28 12:00:00,581.3300170898438,19.170000076293945
2024-10-28 13:00:00,581.3200073242188,19.3799991607666
2024-10-28 14:00:00,581.4525146484375,19.770000457763672
2024-10-28 15:00:00,580.77001953125,19.790000915527344
2024-10-29 02:00:00,580.77001953125,19.809999465942383
2024-10-29 03:00:00,580.77001953125,19.829999923706055
2024-10-29 04:00:00,580.77001953125,19.860000610351562
2024-10-29 05:00:00,580.77001953125,19.93000030517578
2024-10-29 06:00:00,580.77001953125,20.06999969482422
2024-10-29 07:00:00,580.77001953125,20.18000030517578
2024-10-29 08:00:00,580.77001953125,19.979999542236328
2024-10-29 09:00:00,580.4650268554688,19.43000030517578
2024-10-29 10:00:00,581.0,19.389999389648438
2024-10-29 11:00:00,581.3900146484375,19.260000228881836
2024-10-29 12:00:00,582.0098876953125,19.3700008392334
2024-10-29 13:00:00,582.3599853515625,19.25
2024-10-29 14:00:00,582.8400268554688,19.610000610351562
2024-10-29 15:00:00,581.7050170898438,19.420000076293945
2024-10-30 02:00:00,581.7050170898438,19.3700008392334
2024-10-30 03:00:00,581.7050170898438,19.440000534057617
2024-10-30 04:00:00,581.7050170898438,19.43000030517578
2024-10-30 05:00:00,581.7050170898438,19.68000030517578
2024-10-30 06:00:00,581.7050170898438,19.729999542236328
2024-10-30 07:00:00,581.7050170898438,19.809999465942383
2024-10-30 08:00:00,581.7050170898438,19.6200008392334
2024-10-30 09:00:00,582.7089233398438,19.65999984741211
2024-10-30 10:00:00,582.8499755859375,19.520000457763672
2024-10-30 11:00:00,582.489990234375,19.6299991607666
2024-10-30 12:00:00,581.52001953125,20.200000762939453
2024-10-30 13:00:00,581.1300048828125,19.959999084472656
2024-10-30 14:00:00,580.5701293945312,20.219999313354492
2024-10-30 15:00:00,579.9600219726562,20.389999389648438
2024-10-31 02:00:00,579.9600219726562,21.59000015258789
2024-10-31 03:00:00,579.9600219726562,21.649999618530273
2024-10-31 04:00:00,579.9600219726562,21.68000030517578
2024-10-31 05:00:00,579.9600219726562,21.489999771118164
2024-10-31 06:00:00,579.9600219726562,21.239999771118164
2024-10-31 07:00:00,579.9600219726562,21.260000228881836
2024-10-31 08:00:00,579.9600219726562,21.809999465942383
2024-10-31 09:00:00,571.989990234375,22.790000915527344
2024-10-31 10:00:00,571.0800170898438,23.0
2024-10-31 11:00:00,571.5,22.40999984741211
2024-10-31 12:00:00,571.176513671875,22.860000610351562
2024-10-31 13:00:00,570.4901123046875,22.81999969482422
2024-10-31 14:00:00,571.1749877929688,23.190000534057617
2024-10-31 15:00:00,568.5700073242188,23.18000030517578
2024-11-01 02:00:00,568.5700073242188,22.780000686645508
2024-11-01 03:00:00,568.5700073242188,22.579999923706055
2024-11-01 04:00:00,568.5700073242188,22.530000686645508
2024-11-01 05:00:00,568.5700073242188,22.399999618530273
2024-11-01 06:00:00,568.5700073242188,22.200000762939453
2024-11-01 07:00:00,568.5700073242188,21.90999984741211
2024-11-01 08:00:00,568.5700073242188,21.610000610351562
2024-11-01 09:00:00,575.4600219726562,21.450000762939453
2024-11-01 10:00:00,575.2000122070312,21.739999771118164
2024-11-01 11:00:00,573.3900146484375,21.84000015258789
2024-11-01 12:00:00,573.7000122070312,22.360000610351562
2024-11-01 13:00:00,571.9201049804688,21.950000762939453
2024-11-01 14:00:00,571.74951171875,22.049999237060547
2024-11-01 15:00:00,571.02001953125,21.850000381469727
2024-11-04 02:00:00,571.02001953125,22.559999465942383
2024-11-04 03:00:00,571.02001953125,22.479999542236328
2024-11-04 04:00:00,571.02001953125,22.31999969482422
2024-11-04 05:00:00,571.02001953125,22.420000076293945
2024-11-04 06:00:00,571.02001953125,22.440000534057617
2024-11-04 07:00:00,571.02001953125,22.43000030517578
2024-11-04 08:00:00,571.02001953125,22.350000381469727
2024-11-04 09:00:00,572.1099243164062,22.030000686645508
2024-11-04 10:00:00,571.1099853515625,22.549999237060547
2024-11-04 11:00:00,570.010009765625,22.110000610351562
2024-11-04 12:00:00,570.5499877929688,22.18000030517578
2024-11-04 13:00:00,570.3302001953125,21.81999969482422
2024-11-04 14:00:00,570.239990234375,22.09000015258789
2024-11-04 15:00:00,569.780029296875,21.989999771118164
2024-11-05 02:00:00,569.780029296875,21.809999465942383
2024-11-05 03:00:00,569.780029296875,21.899999618530273
2024-11-05 04:00:00,569.780029296875,21.950000762939453
2024-11-05 05:00:00,569.780029296875,21.93000030517578
2024-11-05 06:00:00,569.780029296875,21.969999313354492
2024-11-05 07:00:00,569.780029296875,21.899999618530273
2024-11-05 08:00:00,569.780029296875,20.860000610351562
2024-11-05 09:00:00,574.010009765625,20.450000762939453
2024-11-05 10:00:00,574.7100219726562,20.219999313354492
2024-11-05 11:00:00,575.6699829101562,20.299999237060547
2024-11-05 12:00:00,575.3800048828125,20.65999984741211
2024-11-05 13:00:00,575.4299926757812,20.989999771118164
2024-11-05 14:00:00,575.6898803710938,20.56999969482422
2024-11-05 15:00:00,576.6799926757812,20.489999771118164
2024-11-06 02:00:00,576.6799926757812,15.550000190734863
2024-11-06 03:00:00,576.6799926757812,15.670000076293945
2024-11-06 04:00:00,576.6799926757812,15.75
2024-11-06 05:00:00,576.6799926757812,15.930000305175781
2024-11-06 06:00:00,576.6799926757812,15.890000343322754
2024-11-06 07:00:00,576.6799926757812,15.819999694824219
2024-11-06 08:00:00,576.6799926757812,16.700000762939453
2024-11-06 09:00:00,588.8200073242188,16.5
2024-11-06 10:00:00,588.1500244140625,16.239999771118164
2024-11-06 11:00:00,588.760009765625,16.34000015258789
2024-11-06 12:00:00,590.1900024414062,16.260000228881836
2024-11-06 13:00:00,590.5499877929688,16.329999923706055
2024-11-06 14:00:00,591.114990234375,16.270000457763672
2024-11-06 15:00:00,591.0399780273438,16.3700008392334
2024-11-07 02:00:00,591.0399780273438,15.8100004196167
2024-11-07 03:00:00,591.0399780273438,15.779999732971191
2024-11-07 04:00:00,591.0399780273438,15.6899995803833
2024-11-07 05:00:00,591.0399780273438,15.649999618530273
2024-11-07 06:00:00,591.0399780273438,15.600000381469727
2024-11-07 07:00:00,591.0399780273438,15.649999618530273
2024-11-07 08:00:00,591.0399780273438,15.59000015258789
2024-11-07 09:00:00,594.27001953125,15.260000228881836
2024-11-07 10:00:00,594.6099853515625,15.239999771118164
2024-11-07 11:00:00,595.2349853515625,15.170000076293945
2024-11-07 12:00:00,594.8499755859375,15.239999771118164
2024-11-07 13:00:00,594.739990234375,15.34000015258789
2024-11-07 14:00:00,596.1500244140625,15.170000076293945
2024-11-07 15:00:00,595.5499877929688,15.210000038146973
2024-11-08 02:00:00,595.5499877929688,15.100000381469727
2024-11-08 03:00:00,595.5499877929688,15.149999618530273
2024-11-08 04:00:00,595.5499877929688,15.300000190734863
2024-11-08 05:00:00,595.5499877929688,15.199999809265137
2024-11-08 06:00:00,595.5499877929688,14.960000038146973
2024-11-08 07:00:00,595.5499877929688,14.930000305175781
2024-11-08 08:00:00,595.5499877929688,14.789999961853027
2024-11-08 09:00:00,597.3350219726562,14.779999732971191
2024-11-08 10:00:00,597.9899291992188,14.760000228881836
2024-11-08 11:00:00,597.6400146484375,14.949999809265137
2024-11-08 12:00:00,598.1749877929688,15.050000190734863
2024-11-08 13:00:00,599.22998046875,15.140000343322754
2024-11-08 14:00:00,598.25,14.960000038146973
2024-11-08 15:00:00,598.239990234375,14.949999809265137
2024-11-11 02:00:00,598.239990234375,15.300000190734863
2024-11-11 03:00:00,598.239990234375,15.3100004196167
2024-11-11 04:00:00,598.239990234375,15.319999694824219
2024-11-11 05:00:00,598.239990234375,15.34000015258789
2024-11-11 06:00:00,598.239990234375,15.3100004196167
2024-11-11 07:00:00,598.239990234375,15.319999694824219
2024-11-11 08:00:00,598.239990234375,15.420000076293945
2024-11-11 09:00:00,598.8699951171875,15.270000457763672
2024-11-11 10:00:00,599.1099853515625,15.010000228881836
2024-11-11 11:00:00,598.80908203125,15.0600004196167
2024-11-11 12:00:00,597.8499755859375,15.020000457763672
2024-11-11 13:00:00,598.1436767578125,14.920000076293945
2024-11-11 14:00:00,598.2799072265625,14.970000267028809
2024-11-11 15:00:00,598.719970703125,14.970000267028809
2024-11-12 02:00:00,598.719970703125,15.039999961853027
2024-11-12 03:00:00,598.719970703125,15.199999809265137
2024-11-12 04:00:00,598.719970703125,15.289999961853027
2024-11-12 05:00:00,598.719970703125,15.210000038146973
2024-11-12 06:00:00,598.719970703125,15.220000267028809
2024-11-12 07:00:00,598.719970703125,15.149999618530273
2024-11-12 08:00:00,598.719970703125,14.829999923706055
2024-11-12 09:00:00,597.9534301757812,14.9399995803833
2024-11-12 10:00:00,597.1749877929688,14.880000114440918
2024-11-12 11:00:00,596.4924926757812,15.210000038146973
2024-11-12 12:00:00,595.8234252929688,14.760000228881836
2024-11-12 13:00:00,597.97998046875,14.720000267028809
2024-11-12 14:00:00,597.3900146484375,14.729999542236328
2024-11-12 15:00:00,596.8900146484375,14.720000267028809
2024-11-13 02:00:00,596.8900146484375,14.970000267028809
2024-11-13 03:00:00,596.8900146484375,14.979999542236328
2024-11-13 04:00:00,596.8900146484375,15.15999984741211
2024-11-13 05:00:00,596.8900146484375,15.199999809265137
2024-11-13 06:00:00,596.8900146484375,15.220000267028809
2024-11-13 07:00:00,596.8900146484375,14.800000190734863
2024-11-13 08:00:00,596.8900146484375,14.5600004196167
2024-11-13 09:00:00,596.3200073242188,14.270000457763672
2024-11-13 10:00:00,597.97998046875,14.079999923706055
2024-11-13 11:00:00,598.4600219726562,13.9399995803833
2024-11-13 12:00:00,598.760009765625,13.869999885559082
2024-11-13 13:00:00,597.9425048828125,13.869999885559082
2024-11-13 14:00:00,597.5900268554688,14.0600004196167
2024-11-13 15:00:00,597.1699829101562,14.010000228881836
2024-11-14 02:00:00,597.1699829101562,14.140000343322754
2024-11-14 03:00:00,597.1699829101562,14.149999618530273
2024-11-14 04:00:00,597.1699829101562,14.170000076293945
2024-11-14 05:00:00,597.1699829101562,14.09000015258789
2024-11-14 06:00:00,597.1699829101562,14.140000343322754
2024-11-14 07:00:00,597.1699829101562,14.15999984741211
2024-11-14 08:00:00,597.1699829101562,14.039999961853027
2024-11-14 09:00:00,596.4199829101562,13.899999618530273
2024-11-14 10:00:00,596.4600219726562,13.920000076293945
2024-11-14 11:00:00,594.8298950195312,14.010000228881836
2024-11-14 12:00:00,595.139892578125,14.15999984741211
2024-11-14 13:00:00,595.1500244140625,13.65999984741211
2024-11-14 14:00:00,594.1400146484375,14.039999961853027
2024-11-14 15:00:00,593.3699951171875,14.319999694824219
2024-11-15 02:00:00,593.3699951171875,14.819999694824219
2024-11-15 03:00:00,593.3699951171875,14.850000381469727
2024-11-15 04:00:00,593.3699951171875,14.8100004196167
2024-11-15 05:00:00,593.3699951171875,14.729999542236328
2024-11-15 06:00:00,593.3699951171875,14.59000015258789
2024-11-15 07:00:00,593.3699951171875,14.65999984741211
2024-11-15 08:00:00,593.3699951171875,14.960000038146973
2024-11-15 09:00:00,586.8150024414062,15.800000190734863
2024-11-15 10:00:00,587.239990234375,16.190000534057617
2024-11-15 11:00:00,585.4671020507812,16.780000686645508
2024-11-15 12:00:00,585.4299926757812,17.389999389648438
2024-11-15 13:00:00,584.0900268554688,16.770000457763672
2024-11-15 14:00:00,585.3099975585938,16.149999618530273
2024-11-15 15:00:00,585.719970703125,16.149999618530273
2024-11-18 02:00:00,585.719970703125,16.459999084472656
2024-11-18 03:00:00,585.719970703125,16.719999313354492
2024-11-18 04:00:00,585.719970703125,16.510000228881836
2024-11-18 05:00:00,585.719970703125,16.600000381469727
2024-11-18 06:00:00,585.719970703125,16.59000015258789
2024-11-18 07:00:00,585.719970703125,16.600000381469727
2024-11-18 08:00:00,585.719970703125,16.440000534057617
2024-11-18 09:00:00,587.3599853515625,15.59000015258789
2024-11-18 10:00:00,588.6500244140625,15.720000267028809
2024-11-18 11:00:00,588.3699951171875,15.529999732971191
2024-11-18 12:00:00,588.1400146484375,15.420000076293945
2024-11-18 13:00:00,587.280029296875,15.420000076293945
2024-11-18 14:00:00,588.39501953125,15.529999732971191
2024-11-18 15:00:00,588.1500244140625,15.579999923706055
2024-11-19 02:00:00,588.1500244140625,15.75
2024-11-19 03:00:00,588.1500244140625,17.329999923706055
2024-11-19 04:00:00,588.1500244140625,16.84000015258789
2024-11-19 05:00:00,588.1500244140625,16.93000030517578
2024-11-19 06:00:00,588.1500244140625,16.479999542236328
2024-11-19 07:00:00,588.1500244140625,17.770000457763672
2024-11-19 08:00:00,588.1500244140625,16.809999465942383
2024-11-19 09:00:00,586.4600219726562,16.079999923706055
2024-11-19 10:00:00,588.89990234375,16.040000915527344
2024-11-19 11:00:00,588.97998046875,16.030000686645508
2024-11-19 12:00:00,589.5507202148438,15.789999961853027
2024-11-19 13:00:00,590.1300048828125,16.030000686645508
2024-11-19 14:00:00,589.8800048828125,16.290000915527344
2024-11-19 15:00:00,590.280029296875,16.350000381469727
2024-11-20 02:00:00,590.280029296875,16.18000030517578
2024-11-20 03:00:00,590.280029296875,16.170000076293945
2024-11-20 04:00:00,590.280029296875,16.299999237060547
2024-11-20 05:00:00,590.280029296875,16.229999542236328
2024-11-20 06:00:00,590.280029296875,16.110000610351562
2024-11-20 07:00:00,590.280029296875,16.170000076293945
2024-11-20 08:00:00,590.280029296875,17.530000686645508
2024-11-20 09:00:00,585.7139282226562,17.790000915527344
2024-11-20 10:00:00,585.8699951171875,17.420000076293945
2024-11-20 11:00:00,587.2050170898438,18.1200008392334
2024-11-20 12:00:00,587.5999755859375,18.219999313354492
2024-11-20 13:00:00,586.619873046875,17.670000076293945
2024-11-20 14:00:00,588.47998046875,17.350000381469727
2024-11-20 15:00:00,590.47998046875,17.170000076293945
2024-11-21 02:00:00,590.47998046875,17.3799991607666
2024-11-21 03:00:00,590.47998046875,17.510000228881836
2024-11-21 04:00:00,590.47998046875,17.229999542236328
2024-11-21 05:00:00,590.47998046875,16.75
2024-11-21 06:00:00,590.47998046875,16.729999542236328
2024-11-21 07:00:00,590.47998046875,16.25
2024-11-21 08:00:00,590.47998046875,16.93000030517578
2024-11-21 09:00:00,587.7391967773438,16.969999313354492
2024-11-21 10:00:00,592.7249755859375,17.0
2024-11-21 11:00:00,593.0,16.8799991607666
2024-11-21 12:00:00,594.4299926757812,16.940000534057617
2024-11-21 13:00:00,594.4199829101562,16.719999313354492
2024-11-21 14:00:00,594.9000244140625,16.809999465942383
2024-11-21 15:00:00,593.6099853515625,16.8799991607666
2024-11-22 02:00:00,593.6099853515625,16.739999771118164
2024-11-22 03:00:00,593.6099853515625,17.079999923706055
2024-11-22 04:00:00,593.6099853515625,17.1299991607666
2024-11-22 05:00:00,593.6099853515625,16.959999084472656
2024-11-22 06:00:00,593.6099853515625,16.729999542236328
2024-11-22 07:00:00,593.6099853515625,16.739999771118164
2024-11-22 08:00:00,593.6099853515625,16.100000381469727
2024-11-22 09:00:00,593.6699829101562,15.90999984741211
2024-11-22 10:00:00,594.5900268554688,16.100000381469727
2024-11-22 11:00:00,595.6099853515625,15.960000038146973
2024-11-22 12:00:00,595.52001953125,15.920000076293945
2024-11-22 13:00:00,594.989990234375,15.59000015258789
2024-11-22 14:00:00,594.77001953125,15.399999618530273
2024-11-22 15:00:00,595.489990234375,15.239999771118164
2024-11-25 02:00:00,595.489990234375,15.220000267028809
2024-11-25 03:00:00,595.489990234375,15.140000343322754
2024-11-25 04:00:00,595.489990234375,15.079999923706055
2024-11-25 05:00:00,595.489990234375,15.050000190734863
2024-11-25 06:00:00,595.489990234375,15.010000228881836
2024-11-25 07:00:00,595.489990234375,14.770000457763672
2024-11-25 08:00:00,595.489990234375,14.789999961853027
2024-11-25 09:00:00,599.1099853515625,15.029999732971191
2024-11-25 10:00:00,597.989990234375,15.069999694824219
2024-11-25 11:00:00,596.0399780273438,15.34000015258789
2024-11-25 12:00:00,597.1503295898438,14.979999542236328
2024-11-25 13:00:00,596.989990234375,14.84000015258789
2024-11-25 14:00:00,597.1400146484375,14.779999732971191
2024-11-25 15:00:00,597.4500122070312,14.600000381469727
2024-11-26 02:00:00,597.4500122070312,14.949999809265137
2024-11-26 03:00:00,597.4500122070312,14.779999732971191
2024-11-26 04:00:00,597.4500122070312,14.760000228881836
2024-11-26 05:00:00,597.4500122070312,14.59000015258789
2024-11-26 06:00:00,597.4500122070312,14.529999732971191
2024-11-26 07:00:00,597.4500122070312,14.489999771118164
2024-11-26 08:00:00,597.4500122070312,14.270000457763672
2024-11-26 09:00:00,598.8150024414062,14.140000343322754
2024-11-26 10:00:00,599.5599975585938,14.010000228881836
2024-11-26 11:00:00,599.3350219726562,13.890000343322754
2024-11-26 12:00:00,599.8701171875,13.970000267028809
2024-11-26 13:00:00,599.6801147460938,14.260000228881836
2024-11-26 14:00:00,600.3715209960938,14.109999656677246
2024-11-26 15:00:00,600.739990234375,14.100000381469727
2024-11-27 02:00:00,600.739990234375,14.34000015258789
2024-11-27 03:00:00,600.739990234375,14.399999618530273
2024-11-27 04:00:00,600.739990234375,14.270000457763672
2024-11-27 05:00:00,600.739990234375,14.329999923706055
2024-11-27 06:00:00,600.739990234375,14.1899995803833
2024-11-27 07:00:00,600.739990234375,14.020000457763672
2024-11-27 08:00:00,600.739990234375,14.069999694824219
2024-11-27 09:00:00,599.3499755859375,14.399999618530273
2024-11-27 10:00:00,598.4598999023438,14.850000381469727
2024-11-27 11:00:00,598.219970703125,14.789999961853027
2024-11-27 12:00:00,598.477783203125,14.430000305175781
2024-11-27 13:00:00,598.7100219726562,14.300000190734863
2024-11-27 14:00:00,598.5499877929688,14.119999885559082
2024-11-27 15:00:00,598.7899780273438,14.100000381469727
2024-11-28 02:00:00,598.7899780273438,14.039999961853027
2024-11-28 03:00:00,598.7899780273438,14.0
2024-11-28 04:00:00,598.7899780273438,14.039999961853027
2024-11-28 05:00:00,598.7899780273438,13.989999771118164
2024-11-28 06:00:00,598.7899780273438,13.979999542236328
2024-11-28 07:00:00,598.7899780273438,14.010000228881836
2024-11-28 08:00:00,598.7899780273438,13.9399995803833
2024-11-28 09:00:00,598.7899780273438,13.90999984741211
2024-11-28 10:00:00,598.7899780273438,13.899999618530273
2024-11-29 02:00:00,598.7899780273438,14.0
2024-11-29 03:00:00,598.7899780273438,14.010000228881836
2024-11-29 04:00:00,598.7899780273438,13.970000267028809
2024-11-29 05:00:00,598.7899780273438,13.9399995803833
2024-11-29 06:00:00,598.7899780273438,14.010000228881836
2024-11-29 07:00:00,598.7899780273438,14.079999923706055
2024-11-29 08:00:00,598.7899780273438,13.670000076293945
2024-11-29 09:00:00,601.41748046875,13.529999732971191
2024-11-29 10:00:00,602.3300170898438,13.630000114440918
2024-11-29 11:00:00,602.8250122070312,13.569999694824219
2024-11-29 12:00:00,602.8250122070312,13.510000228881836
2024-12-02 02:00:00,602.8250122070312,14.069999694824219
2024-12-02 03:00:00,602.8250122070312,14.069999694824219
2024-12-02 04:00:00,602.8250122070312,14.079999923706055
2024-12-02 05:00:00,602.8250122070312,14.020000457763672
2024-12-02 06:00:00,602.8250122070312,13.979999542236328
2024-12-02 07:00:00,602.8250122070312,13.9399995803833
2024-12-02 08:00:00,602.8250122070312,13.850000381469727
2024-12-02 09:00:00,603.2249755859375,13.6899995803833
2024-12-02 10:00:00,603.280029296875,13.470000267028809
2024-12-02 11:00:00,603.469970703125,13.5
2024-12-02 12:00:00,603.6699829101562,13.520000457763672
2024-12-02 13:00:00,603.4000244140625,13.489999771118164
2024-12-02 14:00:00,604.260009765625,13.420000076293945
2024-12-02 15:00:00,603.6699829101562,13.34000015258789
2024-12-03 02:00:00,603.6699829101562,13.350000381469727
2024-12-03 03:00:00,603.6699829101562,13.319999694824219
2024-12-03 04:00:00,603.6699829101562,13.359999656677246
2024-12-03 05:00:00,603.6699829101562,13.329999923706055
2024-12-03 06:00:00,603.6699829101562,13.329999923706055
2024-12-03 07:00:00,603.6699829101562,13.359999656677246
2024-12-03 08:00:00,603.6699829101562,13.630000114440918
2024-12-03 09:00:00,602.4600219726562,13.470000267028809
2024-12-03 10:00:00,603.4199829101562,13.430000305175781
2024-12-03 11:00:00,603.0050048828125,13.229999542236328
2024-12-03 12:00:00,603.5700073242188,13.3100004196167
2024-12-03 13:00:00,603.619873046875,13.220000267028809
2024-12-03 14:00:00,603.9450073242188,13.289999961853027
2024-12-03 15:00:00,603.8499755859375,13.300000190734863
2024-12-04 02:00:00,603.8499755859375,13.119999885559082
2024-12-04 03:00:00,603.8499755859375,13.100000381469727
2024-12-04 04:00:00,603.8499755859375,13.09000015258789
2024-12-04 05:00:00,603.8499755859375,13.09000015258789
2024-12-04 06:00:00,603.8499755859375,13.180000305175781
2024-12-04 07:00:00,603.8499755859375,13.09000015258789
2024-12-04 08:00:00,603.8499755859375,13.029999732971191
2024-12-04 09:00:00,605.6300048828125,13.050000190734863
2024-12-04 10:00:00,606.3300170898438,13.149999618530273
2024-12-04 11:00:00,606.3499755859375,13.279999732971191
2024-12-04 12:00:00,605.869873046875,13.3100004196167
2024-12-04 13:00:00,606.7800903320312,13.470000267028809
2024-12-04 14:00:00,607.3099975585938,13.430000305175781
2024-12-04 15:00:00,607.5800170898438,13.449999809265137
2024-12-05 02:00:00,607.5800170898438,13.470000267028809
2024-12-05 03:00:00,607.5800170898438,13.479999542236328
2024-12-05 04:00:00,607.5800170898438,13.529999732971191
2024-12-05 05:00:00,607.5800170898438,13.529999732971191
2024-12-05 06:00:00,607.5800170898438,13.470000267028809
2024-12-05 07:00:00,607.5800170898438,13.479999542236328
2024-12-05 08:00:00,607.5800170898438,13.4399995803833
2024-12-05 09:00:00,607.1099853515625,13.619999885559082
2024-12-05 10:00:00,607.6300048828125,13.539999961853027
2024-12-05 11:00:00,608.0499877929688,13.489999771118164
2024-12-05 12:00:00,607.2899780273438,13.40999984741211
2024-12-05 13:00:00,607.0999755859375,13.40999984741211
2024-12-05 14:00:00,606.7449951171875,13.4399995803833
2024-12-05 15:00:00,606.6099853515625,13.539999961853027
2024-12-06 02:00:00,606.6099853515625,13.569999694824219
2024-12-06 03:00:00,606.6099853515625,13.630000114440918
2024-12-06 04:00:00,606.6099853515625,13.680000305175781
2024-12-06 05:00:00,606.6099853515625,13.630000114440918
2024-12-06 06:00:00,606.6099853515625,13.619999885559082
2024-12-06 07:00:00,606.6099853515625,13.079999923706055
2024-12-06 08:00:00,606.6099853515625,13.069999694824219
2024-12-06 09:00:00,608.8800048828125,13.050000190734863
2024-12-06 10:00:00,608.0,13.0
2024-12-06 11:00:00,607.6998901367188,12.989999771118164
2024-12-06 12:00:00,608.0650024414062,12.920000076293945
2024-12-06 13:00:00,607.125,13.010000228881836
2024-12-06 14:00:00,607.614990234375,12.720000267028809
2024-12-06 15:00:00,607.8900146484375,12.779999732971191
2024-12-09 02:00:00,607.8900146484375,13.380000114440918
2024-12-09 03:00:00,607.8900146484375,13.5
2024-12-09 04:00:00,607.8900146484375,13.510000228881836
2024-12-09 05:00:00,607.8900146484375,13.479999542236328
2024-12-09 06:00:00,607.8900146484375,13.4399995803833
2024-12-09 07:00:00,607.8900146484375,13.420000076293945
2024-12-09 08:00:00,607.8900146484375,13.449999809265137
2024-12-09 09:00:00,606.3775024414062,13.869999885559082
2024-12-09 10:00:00,605.7849731445312,13.65999984741211
2024-12-09 11:00:00,605.6099853515625,13.84000015258789
2024-12-09 12:00:00,605.7249755859375,13.699999809265137
2024-12-09 13:00:00,605.3699951171875,13.899999618530273
2024-12-09 14:00:00,604.4600219726562,14.079999923706055
2024-12-09 15:00:00,604.6300048828125,14.180000305175781
2024-12-10 02:00:00,604.6300048828125,14.300000190734863
2024-12-10 03:00:00,604.6300048828125,14.319999694824219
2024-12-10 04:00:00,604.6300048828125,14.229999542236328
2024-12-10 05:00:00,604.6300048828125,14.170000076293945
2024-12-10 06:00:00,604.6300048828125,14.119999885559082
2024-12-10 07:00:00,604.6300048828125,14.15999984741211
2024-12-10 08:00:00,604.6300048828125,14.149999618530273
2024-12-10 09:00:00,605.119873046875,13.930000305175781
2024-12-10 10:00:00,604.6599731445312,14.109999656677246
2024-12-10 11:00:00,604.52001953125,14.09000015258789
2024-12-10 12:00:00,604.3499755859375,14.0600004196167
2024-12-10 13:00:00,604.02001953125,14.09000015258789
2024-12-10 14:00:00,602.7318725585938,14.329999923706055
2024-12-10 15:00:00,602.8699951171875,14.180000305175781
2024-12-11 02:00:00,602.8699951171875,14.399999618530273
2024-12-11 03:00:00,602.8699951171875,14.399999618530273
2024-12-11 04:00:00,602.8699951171875,14.359999656677246
2024-12-11 05:00:00,602.8699951171875,14.380000114440918
2024-12-11 06:00:00,602.8699951171875,14.359999656677246
2024-12-11 07:00:00,602.8699951171875,13.739999771118164
2024-12-11 08:00:00,602.8699951171875,13.640000343322754
2024-12-11 09:00:00,606.5349731445312,13.630000114440918
2024-12-11 10:00:00,607.47998046875,13.579999923706055
2024-12-11 11:00:00,607.719970703125,13.630000114440918
2024-12-11 12:00:00,608.3200073242188,13.729999542236328
2024-12-11 13:00:00,607.9299926757812,13.670000076293945
2024-12-11 14:00:00,608.0700073242188,13.569999694824219
2024-12-11 15:00:00,607.5,13.59000015258789
2024-12-12 02:00:00,607.5,13.760000228881836
2024-12-12 03:00:00,607.5,13.779999732971191
2024-12-12 04:00:00,607.5,13.760000228881836
2024-12-12 05:00:00,607.5,13.75
2024-12-12 06:00:00,607.5,13.710000038146973
2024-12-12 07:00:00,607.5,13.65999984741211
2024-12-12 08:00:00,607.5,13.789999961853027
2024-12-12 09:00:00,606.5626220703125,13.5
2024-12-12 10:00:00,606.864990234375,13.760000228881836
2024-12-12 11:00:00,606.4979248046875,13.579999923706055
2024-12-12 12:00:00,606.5167236328125,13.710000038146973
2024-12-12 13:00:00,604.9299926757812,13.890000343322754
2024-12-12 14:00:00,604.8800048828125,13.800000190734863
2024-12-12 15:00:00,604.3699951171875,13.920000076293945
2024-12-13 02:00:00,604.3699951171875,13.529999732971191
2024-12-13 03:00:00,604.3699951171875,13.4399995803833
2024-12-13 04:00:00,604.3699951171875,13.40999984741211
2024-12-13 05:00:00,604.3699951171875,13.430000305175781
2024-12-13 06:00:00,604.3699951171875,13.460000038146973
2024-12-13 07:00:00,604.3699951171875,13.390000343322754
2024-12-13 08:00:00,604.3699951171875,13.460000038146973
2024-12-13 09:00:00,605.010009765625,14.020000457763672
2024-12-13 10:00:00,603.6798706054688,13.949999809265137
2024-12-13 11:00:00,603.23681640625,14.199999809265137
2024-12-13 12:00:00,603.9788208007812,13.760000228881836
2024-12-13 13:00:00,604.3800048828125,13.710000038146973
2024-12-13 14:00:00,604.27001953125,13.739999771118164
2024-12-13 15:00:00,604.260009765625,13.770000457763672
2024-12-16 02:00:00,604.260009765625,14.359999656677246
2024-12-16 03:00:00,604.260009765625,14.260000228881836
2024-12-16 04:00:00,604.260009765625,14.279999732971191
2024-12-16 05:00:00,604.260009765625,14.279999732971191
2024-12-16 06:00:00,604.260009765625,14.260000228881836
2024-12-16 07:00:00,604.260009765625,14.149999618530273
2024-12-16 08:00:00,604.260009765625,14.289999961853027
2024-12-16 09:00:00,606.4600219726562,14.1899995803833
2024-12-16 10:00:00,606.719970703125,14.359999656677246
2024-12-16 11:00:00,606.9500122070312,14.350000381469727
2024-12-16 12:00:00,607.719970703125,14.350000381469727
2024-12-16 13:00:00,607.3499755859375,14.350000381469727
2024-12-16 14:00:00,607.5900268554688,14.520000457763672
2024-12-16 15:00:00,606.7750244140625,14.6899995803833
2024-12-17 02:00:00,606.7750244140625,14.979999542236328
2024-12-17 03:00:00,606.7750244140625,14.850000381469727
2024-12-17 04:00:00,606.7750244140625,14.859999656677246
2024-12-17 05:00:00,606.7750244140625,14.949999809265137
2024-12-17 06:00:00,606.7750244140625,15.0600004196167
2024-12-17 07:00:00,606.7750244140625,15.079999923706055
2024-12-17 08:00:00,606.7750244140625,15.15999984741211
2024-12-17 09:00:00,603.219970703125,15.359999656677246
2024-12-17 10:00:00,604.3900146484375,15.069999694824219
2024-12-17 11:00:00,604.5399780273438,15.079999923706055
2024-12-17 12:00:00,604.2150268554688,15.1899995803833
2024-12-17 13:00:00,603.6749877929688,15.5
2024-12-17 14:00:00,603.0900268554688,15.699999809265137
2024-12-17 15:00:00,604.239990234375,15.869999885559082
2024-12-18 02:00:00,604.239990234375,15.640000343322754
2024-12-18 03:00:00,604.239990234375,15.489999771118164
2024-12-18 04:00:00,604.239990234375,15.380000114440918
2024-12-18 05:00:00,604.239990234375,15.369999885559082
2024-12-18 06:00:00,604.239990234375,15.279999732971191
2024-12-18 07:00:00,604.239990234375,15.819999694824219
2024-12-18 08:00:00,604.239990234375,15.34000015258789
2024-12-18 09:00:00,605.4000244140625,15.140000343322754
2024-12-18 10:00:00,605.6300048828125,15.210000038146973
2024-12-18 11:00:00,605.6799926757812,15.130000114440918
2024-12-18 12:00:00,605.2125244140625,15.15999984741211
2024-12-18 13:00:00,600.0800170898438,18.479999542236328
2024-12-18 14:00:00,593.1400146484375,24.09000015258789
2024-12-18 15:00:00,586.2999877929688,27.649999618530273
2024-12-19 02:00:00,586.2999877929688,21.049999237060547
2024-12-19 03:00:00,586.2999877929688,20.920000076293945
2024-12-19 04:00:00,586.2999877929688,20.8799991607666
2024-12-19 05:00:00,586.2999877929688,21.049999237060547
2024-12-19 06:00:00,586.2999877929688,20.559999465942383
2024-12-19 07:00:00,586.2999877929688,21.260000228881836
2024-12-19 08:00:00,586.2999877929688,21.5
2024-12-19 09:00:00,588.7000122070312,22.479999542236328
2024-12-19 10:00:00,590.7899780273438,22.309999465942383
2024-12-19 11:00:00,588.010009765625,23.270000457763672
2024-12-19 12:00:00,589.6300048828125,22.68000030517578
2024-12-19 13:00:00,589.22998046875,23.510000228881836
2024-12-19 14:00:00,588.6099853515625,23.610000610351562
2024-12-19 15:00:00,586.1199951171875,24.100000381469727
2024-12-20 02:00:00,586.1199951171875,24.600000381469727
2024-12-20 03:00:00,586.1199951171875,25.719999313354492
2024-12-20 04:00:00,586.1199951171875,25.559999465942383
2024-12-20 05:00:00,586.1199951171875,25.6299991607666
2024-12-20 06:00:00,586.1199951171875,25.139999389648438
2024-12-20 07:00:00,586.1199951171875,23.860000610351562
2024-12-20 08:00:00,586.1199951171875,22.350000381469727
2024-12-20 09:00:00,586.9749755859375,19.59000015258789
2024-12-20 10:00:00,592.3386840820312,18.299999237060547
2024-12-20 11:00:00,595.6099853515625,18.459999084472656
2024-12-20 12:00:00,592.168701171875,19.530000686645508
2024-12-20 13:00:00,593.280029296875,18.690000534057617
2024-12-20 14:00:00,591.77001953125,18.219999313354492
2024-12-20 15:00:00,590.9099731445312,18.3700008392334
2024-12-23 02:00:00,590.9099731445312,18.18000030517578
2024-12-23 03:00:00,590.9099731445312,18.239999771118164
2024-12-23 04:00:00,590.9099731445312,18.600000381469727
2024-12-23 05:00:00,590.9099731445312,18.940000534057617
2024-12-23 06:00:00,590.9099731445312,18.43000030517578
2024-12-23 07:00:00,590.9099731445312,19.0
2024-12-23 08:00:00,590.9099731445312,18.829999923706055
2024-12-23 09:00:00,589.2999877929688,19.219999313354492
2024-12-23 10:00:00,590.6569213867188,17.940000534057617
2024-12-23 11:00:00,592.1300048828125,17.889999389648438
2024-12-23 12:00:00,593.2996826171875,17.450000762939453
2024-12-23 13:00:00,593.8599853515625,17.389999389648438
2024-12-23 14:00:00,593.3049926757812,16.860000610351562
2024-12-23 15:00:00,594.780029296875,16.799999237060547
2024-12-24 02:00:00,594.780029296875,16.93000030517578
2024-12-24 03:00:00,594.780029296875,16.68000030517578
2024-12-24 04:00:00,594.780029296875,16.6299991607666
2024-12-24 05:00:00,594.780029296875,16.829999923706055
2024-12-24 06:00:00,594.780029296875,16.780000686645508
2024-12-24 07:00:00,594.780029296875,16.850000381469727
2024-12-24 08:00:00,594.780029296875,16.559999465942383
2024-12-24 09:00:00,598.2000122070312,15.9399995803833
2024-12-24 10:00:00,599.25,15.720000267028809
2024-12-24 11:00:00,600.1600952148438,14.6899995803833
2024-12-24 12:00:00,600.1600952148438,14.270000457763672
2024-12-26 02:00:00,600.1600952148438,15.15999984741211
2024-12-26 03:00:00,600.1600952148438,15.180000305175781
2024-12-26 04:00:00,600.1600952148438,15.369999885559082
2024-12-26 05:00:00,600.1600952148438,15.25
2024-12-26 06:00:00,600.1600952148438,15.199999809265137
2024-12-26 07:00:00,600.1600952148438,15.359999656677246
2024-12-26 08:00:00,600.1600952148438,15.350000381469727
2024-12-26 09:00:00,600.2899780273438,15.140000343322754
2024-12-26 10:00:00,600.8300170898438,14.6899995803833
2024-12-26 11:00:00,601.510009765625,14.890000343322754
2024-12-26 12:00:00,601.6699829101562,14.779999732971191
2024-12-26 13:00:00,600.9000244140625,14.670000076293945
2024-12-26 14:00:00,601.7899780273438,14.710000038146973
2024-12-26 15:00:00,601.22998046875,14.729999542236328
2024-12-27 02:00:00,601.22998046875,15.510000228881836
2024-12-27 03:00:00,601.22998046875,15.470000267028809
2024-12-27 04:00:00,601.22998046875,15.430000305175781
2024-12-27 05:00:00,601.22998046875,15.420000076293945
2024-12-27 06:00:00,601.22998046875,15.430000305175781
2024-12-27 07:00:00,601.22998046875,15.65999984741211
2024-12-27 08:00:00,601.22998046875,16.469999313354492
2024-12-27 09:00:00,593.2100219726562,17.450000762939453
2024-12-27 10:00:00,594.5189819335938,17.700000762939453
2024-12-27 11:00:00,591.530029296875,17.549999237060547
2024-12-27 12:00:00,592.5399780273438,16.719999313354492
2024-12-27 13:00:00,593.969970703125,16.059999465942383
2024-12-27 14:00:00,593.6500244140625,16.209999084472656
2024-12-27 15:00:00,594.989990234375,15.920000076293945
2024-12-30 02:00:00,594.989990234375,17.209999084472656
2024-12-30 03:00:00,594.989990234375,17.239999771118164
2024-12-30 04:00:00,594.989990234375,17.100000381469727
2024-12-30 05:00:00,594.989990234375,16.90999984741211
2024-12-30 06:00:00,594.989990234375,18.110000610351562
2024-12-30 07:00:00,594.989990234375,18.530000686645508
2024-12-30 08:00:00,594.989990234375,19.079999923706055
2024-12-30 09:00:00,584.77001953125,17.8700008392334
2024-12-30 10:00:00,587.989990234375,16.950000762939453
2024-12-30 11:00:00,590.4400024414062,16.600000381469727
2024-12-30 12:00:00,590.5900268554688,16.65999984741211
2024-12-30 13:00:00,590.3400268554688,16.489999771118164
2024-12-30 14:00:00,589.5900268554688,17.15999984741211
2024-12-30 15:00:00,588.260009765625,17.399999618530273
2024-12-31 02:00:00,588.260009765625,17.329999923706055
2024-12-31 03:00:00,588.260009765625,16.799999237060547
2024-12-31 04:00:00,588.260009765625,16.799999237060547
2024-12-31 05:00:00,588.260009765625,16.799999237060547
2024-12-31 06:00:00,588.260009765625,16.899999618530273
2024-12-31 07:00:00,588.260009765625,16.8799991607666
2024-12-31 08:00:00,588.260009765625,16.979999542236328
2024-12-31 09:00:00,589.6099853515625,16.860000610351562
2024-12-31 10:00:00,586.9500122070312,17.290000915527344
2024-12-31 11:00:00,585.888671875,17.110000610351562
2024-12-31 12:00:00,585.010009765625,17.610000610351562
2024-12-31 13:00:00,584.9400024414062,17.459999084472656
2024-12-31 14:00:00,587.2301025390625,17.3700008392334
2024-12-31 15:00:00,586.0,17.34000015258789
2025-01-02 02:00:00,586.0,17.3799991607666
2025-01-02 03:00:00,586.0,17.280000686645508
2025-01-02 04:00:00,586.0,17.239999771118164
2025-01-02 05:00:00,586.0,17.100000381469727
2025-01-02 06:00:00,586.0,17.15999984741211
2025-01-02 07:00:00,586.0,17.170000076293945
2025-01-02 08:00:00,586.0,17.280000686645508
2025-01-02 09:00:00,587.8300170898438,17.299999237060547
2025-01-02 10:00:00,587.5300903320312,17.1299991607666
2025-01-02 11:00:00,584.489990234375,18.360000610351562
2025-01-02 12:00:00,582.3599853515625,18.969999313354492
2025-01-02 13:00:00,583.280029296875,18.530000686645508
2025-01-02 14:00:00,584.469970703125,18.06999969482422
2025-01-02 15:00:00,584.5700073242188,17.940000534057617
2025-01-03 02:00:00,584.5700073242188,17.81999969482422
2025-01-03 03:00:00,584.5700073242188,17.65999984741211
2025-01-03 04:00:00,584.5700073242188,17.850000381469727
2025-01-03 05:00:00,584.5700073242188,17.84000015258789
2025-01-03 06:00:00,584.5700073242188,17.760000228881836
2025-01-03 07:00:00,584.5700073242188,17.739999771118164
2025-01-03 08:00:00,584.5700073242188,17.440000534057617
2025-01-03 09:00:00,588.219970703125,16.969999313354492
2025-01-03 10:00:00,589.6300048828125,16.610000610351562
2025-01-03 11:00:00,590.14501953125,16.600000381469727
2025-01-03 12:00:00,591.4949951171875,16.5
2025-01-03 13:00:00,592.0999755859375,16.34000015258789
2025-01-03 14:00:00,591.9299926757812,16.110000610351562
2025-01-03 15:00:00,591.8599853515625,16.1299991607666
2025-01-06 02:00:00,591.8599853515625,16.75
2025-01-06 03:00:00,591.8599853515625,16.56999969482422
2025-01-06 04:00:00,591.8599853515625,16.579999923706055
2025-01-06 05:00:00,591.8599853515625,16.43000030517578
2025-01-06 06:00:00,591.8599853515625,16.450000762939453
2025-01-06 07:00:00,591.8599853515625,16.290000915527344
2025-01-06 08:00:00,591.8599853515625,16.09000015258789
2025-01-06 09:00:00,598.8900146484375,15.779999732971191
2025-01-06 10:00:00,599.5089721679688,15.819999694824219
2025-01-06 11:00:00,598.5700073242188,16.010000228881836
2025-01-06 12:00:00,597.3900146484375,16.43000030517578
2025-01-06 13:00:00,595.3499755859375,16.479999542236328
2025-01-06 14:00:00,595.0549926757812,16.18000030517578
2025-01-06 15:00:00,595.4000244140625,16.030000686645508
2025-01-07 02:00:00,595.4000244140625,16.309999465942383
2025-01-07 03:00:00,595.4000244140625,16.350000381469727
2025-01-07 04:00:00,595.4000244140625,16.190000534057617
2025-01-07 05:00:00,595.4000244140625,16.229999542236328
2025-01-07 06:00:00,595.4000244140625,16.149999618530273
2025-01-07 07:00:00,595.4000244140625,15.930000305175781
2025-01-07 08:00:00,595.4000244140625,16.1200008392334
2025-01-07 09:00:00,593.5999755859375,17.0
2025-01-07 10:00:00,593.1099853515625,17.690000534057617
2025-01-07 11:00:00,590.6199951171875,17.540000915527344
2025-01-07 12:00:00,592.280029296875,17.3799991607666
2025-01-07 13:00:00,591.1099853515625,17.600000381469727
2025-01-07 14:00:00,587.8300170898438,18.06999969482422
2025-01-07 15:00:00,588.719970703125,17.81999969482422
2025-01-08 02:00:00,588.719970703125,17.850000381469727
2025-01-08 03:00:00,588.719970703125,17.829999923706055
2025-01-08 04:00:00,588.719970703125,17.719999313354492
2025-01-08 05:00:00,588.719970703125,18.3799991607666
2025-01-08 06:00:00,588.719970703125,19.360000610351562
2025-01-08 07:00:00,588.719970703125,18.559999465942383
2025-01-08 08:00:00,588.719970703125,19.1200008392334
2025-01-08 09:00:00,586.4749755859375,18.469999313354492
2025-01-08 10:00:00,588.1099853515625,17.920000076293945
2025-01-08 11:00:00,585.6300048828125,18.459999084472656
2025-01-08 12:00:00,589.1099853515625,18.15999984741211
2025-01-08 13:00:00,590.2716064453125,17.579999923706055
2025-01-08 14:00:00,589.0900268554688,17.559999465942383
2025-01-08 15:00:00,589.4199829101562,17.709999084472656
2025-01-09 08:00:00,589.4199829101562,18.06999969482422
2025-01-10 02:00:00,589.4199829101562,18.3700008392334
2025-01-10 03:00:00,589.4199829101562,18.5
2025-01-10 04:00:00,589.4199829101562,18.260000228881836
2025-01-10 05:00:00,589.4199829101562,18.3700008392334
2025-01-10 06:00:00,589.4199829101562,18.25
2025-01-10 07:00:00,589.4199829101562,19.06999969482422
2025-01-10 08:00:00,589.4199829101562,19.219999313354492
2025-01-10 09:00:00,581.8900146484375,19.639999389648438
2025-01-10 10:00:00,579.8599853515625,19.799999237060547
2025-01-10 11:00:00,580.0,19.079999923706055
2025-01-10 12:00:00,583.239990234375,18.459999084472656
2025-01-10 13:00:00,582.5999755859375,18.829999923706055
2025-01-10 14:00:00,580.344970703125,19.559999465942383
2025-01-10 15:00:00,580.510009765625,19.559999465942383
2025-01-13 02:00:00,580.510009765625,21.649999618530273
2025-01-13 03:00:00,580.510009765625,21.940000534057617
2025-01-13 04:00:00,580.510009765625,21.729999542236328
2025-01-13 05:00:00,580.510009765625,21.549999237060547
2025-01-13 06:00:00,580.510009765625,21.219999313354492
2025-01-13 07:00:00,580.510009765625,21.270000457763672
2025-01-13 08:00:00,580.510009765625,20.479999542236328
2025-01-13 09:00:00,576.02001953125,20.40999984741211
2025-01-13 10:00:00,576.989990234375,20.649999618530273
2025-01-13 11:00:00,578.22998046875,19.450000762939453
2025-01-13 12:00:00,579.719970703125,19.280000686645508
2025-01-13 13:00:00,580.3099975585938,19.34000015258789
2025-01-13 14:00:00,580.0999755859375,19.229999542236328
2025-01-13 15:00:00,581.5399780273438,19.219999313354492
2025-01-14 02:00:00,581.5399780273438,18.6299991607666
2025-01-14 03:00:00,581.5399780273438,18.780000686645508
2025-01-14 04:00:00,581.5399780273438,18.799999237060547
2025-01-14 05:00:00,581.5399780273438,18.93000030517578
2025-01-14 06:00:00,581.5399780273438,19.040000915527344
2025-01-14 07:00:00,581.5399780273438,18.860000610351562
2025-01-14 08:00:00,581.5399780273438,18.8799991607666
2025-01-14 09:00:00,583.1500244140625,18.760000228881836
2025-01-14 10:00:00,580.8599853515625,19.540000915527344
2025-01-14 11:00:00,579.719970703125,19.229999542236328
2025-01-14 12:00:00,582.02001953125,18.459999084472656
2025-01-14 13:00:00,583.0399780273438,19.18000030517578
2025-01-14 14:00:00,580.489990234375,18.920000076293945
2025-01-14 15:00:00,582.1900024414062,18.729999542236328
2025-01-15 02:00:00,582.1900024414062,19.079999923706055
2025-01-15 03:00:00,582.1900024414062,18.90999984741211
2025-01-15 04:00:00,582.1900024414062,18.829999923706055
2025-01-15 05:00:00,582.1900024414062,18.65999984741211
2025-01-15 06:00:00,582.1900024414062,18.670000076293945
2025-01-15 07:00:00,582.1900024414062,17.200000762939453
2025-01-15 08:00:00,582.1900024414062,16.700000762939453
2025-01-15 09:00:00,592.3300170898438,16.56999969482422
2025-01-15 10:00:00,591.0200805664062,16.93000030517578
2025-01-15 11:00:00,591.1199951171875,16.739999771118164
2025-01-15 12:00:00,592.27001953125,16.389999389648438
2025-01-15 13:00:00,593.0999755859375,16.149999618530273
2025-01-15 14:00:00,593.6900024414062,16.1200008392334
2025-01-15 15:00:00,592.760009765625,16.110000610351562
2025-01-16 02:00:00,592.760009765625,15.989999771118164
2025-01-16 03:00:00,592.760009765625,16.020000457763672
2025-01-16 04:00:00,592.760009765625,15.989999771118164
2025-01-16 05:00:00,592.760009765625,16.020000457763672
2025-01-16 06:00:00,592.760009765625,16.350000381469727
2025-01-16 07:00:00,592.760009765625,16.15999984741211
2025-01-16 08:00:00,592.760009765625,16.15999984741211
2025-01-16 09:00:00,592.2827758789062,15.789999961853027
2025-01-16 10:00:00,593.360107421875,15.829999923706055
2025-01-16 11:00:00,593.780029296875,15.970000267028809
2025-01-16 12:00:00,592.260009765625,16.270000457763672
2025-01-16 13:00:00,592.4650268554688,16.010000228881836
2025-01-16 14:00:00,592.2899780273438,16.299999237060547
2025-01-16 15:00:00,591.7000122070312,16.59000015258789
2025-01-17 02:00:00,591.7000122070312,16.110000610351562
2025-01-17 03:00:00,591.7000122070312,16.09000015258789
2025-01-17 04:00:00,591.7000122070312,16.1299991607666
2025-01-17 05:00:00,591.7000122070312,16.18000030517578
2025-01-17 06:00:00,591.7000122070312,16.06999969482422
2025-01-17 07:00:00,591.7000122070312,15.850000381469727
2025-01-17 08:00:00,591.7000122070312,15.819999694824219
2025-01-17 09:00:00,596.969970703125,15.619999885559082
2025-01-17 10:00:00,598.77001953125,15.720000267028809
2025-01-17 11:00:00,598.981201171875,15.75
2025-01-17 12:00:00,599.030029296875,16.020000457763672
2025-01-17 13:00:00,598.447021484375,15.9399995803833
2025-01-17 14:00:00,598.0999755859375,15.970000267028809
2025-01-17 15:00:00,597.5499877929688,15.960000038146973
2025-01-20 02:00:00,597.5499877929688,16.520000457763672
2025-01-20 03:00:00,597.5499877929688,16.450000762939453
2025-01-20 04:00:00,597.5499877929688,16.420000076293945
2025-01-20 05:00:00,597.5499877929688,16.329999923706055
2025-01-20 06:00:00,597.5499877929688,16.399999618530273
2025-01-20 07:00:00,597.5499877929688,16.06999969482422
2025-01-20 08:00:00,597.5499877929688,15.859999656677246
2025-01-20 09:00:00,597.5499877929688,15.949999809265137
2025-01-20 10:00:00,597.5499877929688,15.8100004196167
2025-01-21 02:00:00,597.5499877929688,16.0
2025-01-21 03:00:00,597.5499877929688,15.720000267028809
2025-01-21 04:00:00,597.5499877929688,15.8100004196167
2025-01-21 05:00:00,597.5499877929688,15.899999618530273
2025-01-21 06:00:00,597.5499877929688,15.760000228881836
2025-01-21 07:00:00,597.5499877929688,15.670000076293945
2025-01-21 08:00:00,597.5499877929688,15.619999885559082
2025-01-21 09:00:00,600.35498046875,15.380000114440918
2025-01-21 10:00:00,600.780029296875,15.180000305175781
2025-01-21 11:00:00,601.5800170898438,15.170000076293945
2025-01-21 12:00:00,602.5900268554688,15.109999656677246
2025-01-21 13:00:00,602.3699951171875,15.100000381469727
2025-01-21 14:00:00,602.7100219726562,15.039999961853027
2025-01-21 15:00:00,602.9199829101562,15.0600004196167
2025-01-22 02:00:00,602.9199829101562,14.800000190734863
2025-01-22 03:00:00,602.9199829101562,14.859999656677246
2025-01-22 04:00:00,602.9199829101562,14.890000343322754
2025-01-22 05:00:00,602.9199829101562,14.920000076293945
2025-01-22 06:00:00,602.9199829101562,14.829999923706055
2025-01-22 07:00:00,602.9199829101562,14.600000381469727
2025-01-22 08:00:00,602.9199829101562,15.119999885559082
2025-01-22 09:00:00,606.7000122070312,14.859999656677246
2025-01-22 10:00:00,607.2374877929688,15.140000343322754
2025-01-22 11:00:00,607.5499877929688,15.220000267028809
2025-01-22 12:00:00,607.0662841796875,15.069999694824219
2025-01-22 13:00:00,606.905029296875,14.960000038146973
2025-01-22 14:00:00,607.1199951171875,15.100000381469727
2025-01-22 15:00:00,606.3400268554688,15.100000381469727
2025-01-23 02:00:00,606.3400268554688,15.329999923706055
2025-01-23 03:00:00,606.3400268554688,15.289999961853027
2025-01-23 04:00:00,606.3400268554688,15.34000015258789
2025-01-23 05:00:00,606.3400268554688,15.300000190734863
2025-01-23 06:00:00,606.3400268554688,15.210000038146973
2025-01-23 07:00:00,606.3400268554688,15.170000076293945
2025-01-23 08:00:00,606.3400268554688,14.859999656677246
2025-01-23 09:00:00,605.72998046875,14.75
2025-01-23 10:00:00,607.510009765625,14.710000038146973
2025-01-23 11:00:00,607.1699829101562,14.609999656677246
2025-01-23 12:00:00,607.9849853515625,14.739999771118164
2025-01-23 13:00:00,607.6599731445312,14.90999984741211
2025-01-23 14:00:00,608.094970703125,14.930000305175781
2025-01-23 15:00:00,609.7100219726562,15.020000457763672
2025-01-24 02:00:00,609.7100219726562,15.029999732971191
2025-01-24 03:00:00,609.7100219726562,15.0
2025-01-24 04:00:00,609.7100219726562,15.039999961853027
2025-01-24 05:00:00,609.7100219726562,15.039999961853027
2025-01-24 06:00:00,609.7100219726562,15.050000190734863
2025-01-24 07:00:00,609.7100219726562,14.989999771118164
2025-01-24 08:00:00,609.7100219726562,14.75
2025-01-24 09:00:00,609.3499755859375,14.760000228881836
2025-01-24 10:00:00,609.8897705078125,14.739999771118164
2025-01-24 11:00:00,609.4299926757812,14.890000343322754
2025-01-24 12:00:00,608.4450073242188,15.029999732971191
2025-01-24 13:00:00,607.4299926757812,14.890000343322754
2025-01-24 14:00:00,607.0700073242188,14.8100004196167
2025-01-24 15:00:00,607.9299926757812,14.859999656677246
2025-01-27 02:00:00,607.9299926757812,19.139999389648438
2025-01-27 03:00:00,607.9299926757812,19.059999465942383
2025-01-27 04:00:00,607.9299926757812,21.809999465942383
2025-01-27 05:00:00,607.9299926757812,21.6200008392334
2025-01-27 06:00:00,607.9299926757812,20.920000076293945
2025-01-27 07:00:00,607.9299926757812,21.149999618530273
2025-01-27 08:00:00,607.9299926757812,18.56999969482422
2025-01-27 09:00:00,599.0,18.1299991607666
2025-01-27 10:00:00,596.510009765625,18.780000686645508
2025-01-27 11:00:00,597.6500244140625,19.059999465942383
2025-01-27 12:00:00,596.125,18.59000015258789
2025-01-27 13:00:00,599.010009765625,18.260000228881836
2025-01-27 14:00:00,597.4400024414062,18.020000457763672
2025-01-27 15:00:00,599.4099731445312,17.920000076293945
2025-01-28 02:00:00,599.4099731445312,17.790000915527344
2025-01-28 03:00:00,599.4099731445312,17.610000610351562
2025-01-28 04:00:00,599.4099731445312,17.579999923706055
2025-01-28 05:00:00,599.4099731445312,17.81999969482422
2025-01-28 06:00:00,599.4099731445312,17.8799991607666
2025-01-28 07:00:00,599.4099731445312,17.770000457763672
2025-01-28 08:00:00,599.4099731445312,17.920000076293945
2025-01-28 09:00:00,602.4600219726562,16.940000534057617
2025-01-28 10:00:00,601.4199829101562,16.950000762939453
2025-01-28 11:00:00,603.7200927734375,16.600000381469727
2025-01-28 12:00:00,604.1798706054688,16.68000030517578
2025-01-28 13:00:00,604.0399780273438,16.510000228881836
2025-01-28 14:00:00,605.0900268554688,16.329999923706055
2025-01-28 15:00:00,604.489990234375,16.40999984741211
2025-01-29 02:00:00,604.489990234375,16.5
2025-01-29 03:00:00,604.489990234375,16.489999771118164
2025-01-29 04:00:00,604.489990234375,16.450000762939453
2025-01-29 05:00:00,604.489990234375,16.440000534057617
2025-01-29 06:00:00,604.489990234375,16.520000457763672
2025-01-29 07:00:00,604.489990234375,16.770000457763672
2025-01-29 08:00:00,604.489990234375,16.809999465942383
2025-01-29 09:00:00,602.97998046875,16.719999313354492
2025-01-29 10:00:00,602.4600219726562,16.93000030517578
2025-01-29 11:00:00,603.0549926757812,17.06999969482422
2025-01-29 12:00:00,602.3099975585938,17.25
2025-01-29 13:00:00,599.4000244140625,16.68000030517578
2025-01-29 14:00:00,603.3499755859375,16.520000457763672
2025-01-29 15:00:00,601.7999877929688,16.549999237060547
2025-01-30 02:00:00,601.7999877929688,15.829999923706055
2025-01-30 03:00:00,601.7999877929688,15.970000267028809
2025-01-30 04:00:00,601.7999877929688,16.030000686645508
2025-01-30 05:00:00,601.7999877929688,16.010000228881836
2025-01-30 06:00:00,601.7999877929688,16.049999237060547
2025-01-30 07:00:00,601.7999877929688,15.859999656677246
2025-01-30 08:00:00,601.7999877929688,15.600000381469727
2025-01-30 09:00:00,602.6300048828125,16.06999969482422
2025-01-30 10:00:00,602.52001953125,15.479999542236328
2025-01-30 11:00:00,602.3699951171875,15.550000190734863
2025-01-30 12:00:00,604.0,15.390000343322754
2025-01-30 13:00:00,604.9567260742188,15.350000381469727
2025-01-30 14:00:00,606.3099975585938,15.869999885559082
2025-01-30 15:00:00,604.969970703125,15.829999923706055
2025-01-31 02:00:00,604.969970703125,15.4399995803833
2025-01-31 03:00:00,604.969970703125,15.34000015258789
2025-01-31 04:00:00,604.969970703125,15.329999923706055
2025-01-31 05:00:00,604.969970703125,15.239999771118164
2025-01-31 06:00:00,604.969970703125,15.279999732971191
2025-01-31 07:00:00,604.969970703125,15.25
2025-01-31 08:00:00,604.969970703125,15.3100004196167
2025-01-31 09:00:00,608.9598999023438,15.319999694824219
2025-01-31 10:00:00,609.0900268554688,15.270000457763672
2025-01-31 11:00:00,609.5499877929688,15.069999694824219
2025-01-31 12:00:00,606.8483276367188,15.859999656677246
2025-01-31 13:00:00,604.530029296875,16.260000228881836
2025-01-31 14:00:00,601.6688842773438,16.600000381469727
2025-01-31 15:00:00,601.7999877929688,16.450000762939453
2025-02-03 02:00:00,601.7999877929688,19.950000762939453
2025-02-03 03:00:00,601.7999877929688,20.1200008392334
2025-02-03 04:00:00,601.7999877929688,19.84000015258789
2025-02-03 05:00:00,601.7999877929688,19.639999389648438
2025-02-03 06:00:00,601.7999877929688,19.979999542236328
2025-02-03 07:00:00,601.7999877929688,19.65999984741211
2025-02-03 08:00:00,601.7999877929688,19.270000457763672
2025-02-03 09:00:00,596.3800048828125,18.010000228881836
2025-02-03 10:00:00,597.8699951171875,18.43000030517578
2025-02-03 11:00:00,597.4000244140625,18.440000534057617
2025-02-03 12:00:00,597.7949829101562,17.93000030517578
2025-02-03 13:00:00,599.47998046875,17.940000534057617
2025-02-03 14:00:00,598.5499877929688,18.489999771118164
2025-02-03 15:00:00,597.6400146484375,18.600000381469727
2025-02-04 02:00:00,597.6400146484375,18.899999618530273
2025-02-04 03:00:00,597.6400146484375,18.799999237060547
2025-02-04 04:00:00,597.6400146484375,18.600000381469727
2025-02-04 05:00:00,597.6400146484375,18.5
2025-02-04 06:00:00,597.6400146484375,18.010000228881836
2025-02-04 07:00:00,597.6400146484375,18.06999969482422
2025-02-04 08:00:00,597.6400146484375,17.6299991607666
2025-02-04 09:00:00,600.52001953125,17.260000228881836
2025-02-04 10:00:00,601.97998046875,16.989999771118164
2025-02-04 11:00:00,599.760009765625,16.989999771118164
2025-02-04 12:00:00,601.1300048828125,16.989999771118164
2025-02-04 13:00:00,601.8599853515625,17.110000610351562
2025-02-04 14:00:00,601.0850219726562,16.84000015258789
2025-02-04 15:00:00,601.7550048828125,17.149999618530273
2025-02-05 02:00:00,601.7550048828125,17.600000381469727
2025-02-05 03:00:00,601.7550048828125,17.729999542236328
2025-02-05 04:00:00,601.7550048828125,17.56999969482422
2025-02-05 05:00:00,601.7550048828125,17.489999771118164
2025-02-05 06:00:00,601.7550048828125,17.3700008392334
2025-02-05 07:00:00,601.7550048828125,17.200000762939453
2025-02-05 08:00:00,601.7550048828125,17.030000686645508
2025-02-05 09:00:00,600.6300048828125,16.709999084472656
2025-02-05 10:00:00,601.27001953125,16.219999313354492
2025-02-05 11:00:00,602.489990234375,16.1299991607666
2025-02-05 12:00:00,602.5659790039062,16.079999923706055
2025-02-05 13:00:00,603.27001953125,16.040000915527344
2025-02-05 14:00:00,603.72998046875,15.880000114440918
2025-02-05 15:00:00,604.1500244140625,15.770000457763672
2025-02-06 02:00:00,604.1500244140625,15.789999961853027
2025-02-06 03:00:00,604.1500244140625,15.869999885559082
2025-02-06 04:00:00,604.1500244140625,15.960000038146973
2025-02-06 05:00:00,604.1500244140625,16.100000381469727
2025-02-06 06:00:00,604.1500244140625,15.84000015258789
2025-02-06 07:00:00,604.1500244140625,15.789999961853027
2025-02-06 08:00:00,604.1500244140625,15.680000305175781
2025-02-06 09:00:00,604.9400024414062,15.640000343322754
2025-02-06 10:00:00,605.530029296875,15.59000015258789
2025-02-06 11:00:00,605.1400146484375,15.449999809265137
2025-02-06 12:00:00,605.5900268554688,15.479999542236328
2025-02-06 13:00:00,604.5599975585938,15.8100004196167
2025-02-06 14:00:00,604.7650146484375,15.34000015258789
2025-02-06 15:00:00,606.3400268554688,15.489999771118164
2025-02-07 02:00:00,606.3400268554688,15.470000267028809
2025-02-07 03:00:00,606.3400268554688,15.319999694824219
2025-02-07 04:00:00,606.3400268554688,15.329999923706055
2025-02-07 05:00:00,606.3400268554688,15.279999732971191
2025-02-07 06:00:00,606.3400268554688,15.34000015258789
2025-02-07 07:00:00,606.3400268554688,15.020000457763672
2025-02-07 08:00:00,606.3400268554688,14.850000381469727
2025-02-07 09:00:00,604.5830078125,15.890000343322754
2025-02-07 10:00:00,602.0004272460938,16.290000915527344
2025-02-07 11:00:00,601.7000122070312,15.989999771118164
2025-02-07 12:00:00,603.3142700195312,16.350000381469727
2025-02-07 13:00:00,600.5892944335938,16.239999771118164
2025-02-07 14:00:00,600.4000244140625,16.639999389648438
2025-02-07 15:00:00,600.77001953125,16.540000915527344
2025-02-10 02:00:00,600.77001953125,16.530000686645508
2025-02-10 03:00:00,600.77001953125,16.40999984741211
2025-02-10 04:00:00,600.77001953125,16.260000228881836
2025-02-10 05:00:00,600.77001953125,16.270000457763672
2025-02-10 06:00:00,600.77001953125,16.25
2025-02-10 07:00:00,600.77001953125,16.059999465942383
2025-02-10 08:00:00,600.77001953125,16.260000228881836
2025-02-10 09:00:00,604.72998046875,16.0
2025-02-10 10:00:00,604.3099975585938,16.010000228881836
2025-02-10 11:00:00,603.6286010742188,15.800000190734863
2025-02-10 12:00:00,604.6799926757812,15.779999732971191
2025-02-10 13:00:00,605.1900024414062,15.8100004196167
2025-02-10 14:00:00,604.8900146484375,15.739999771118164
2025-02-10 15:00:00,604.7899780273438,15.819999694824219
2025-02-11 02:00:00,604.7899780273438,15.979999542236328
2025-02-11 03:00:00,604.7899780273438,16.06999969482422
2025-02-11 04:00:00,604.7899780273438,16.139999389648438
2025-02-11 05:00:00,604.7899780273438,15.960000038146973
2025-02-11 06:00:00,604.7899780273438,16.0
2025-02-11 07:00:00,604.7899780273438,16.360000610351562
2025-02-11 08:00:00,604.7899780273438,16.25
2025-02-11 09:00:00,604.1500244140625,15.920000076293945
2025-02-11 10:00:00,604.5800170898438,15.920000076293945
2025-02-11 11:00:00,604.3200073242188,16.030000686645508
2025-02-11 12:00:00,603.9691772460938,15.9399995803833
2025-02-11 13:00:00,604.7216186523438,15.859999656677246
2025-02-11 14:00:00,605.27001953125,15.949999809265137
2025-02-11 15:00:00,605.2100219726562,16.010000228881836
2025-02-12 02:00:00,605.2100219726562,15.930000305175781
2025-02-12 03:00:00,605.2100219726562,16.040000915527344
2025-02-12 04:00:00,605.2100219726562,15.970000267028809
2025-02-12 05:00:00,605.2100219726562,16.0
2025-02-12 06:00:00,605.2100219726562,15.84000015258789
2025-02-12 07:00:00,605.2100219726562,16.8700008392334
2025-02-12 08:00:00,605.2100219726562,16.3700008392334
2025-02-12 09:00:00,601.4349975585938,16.079999923706055
2025-02-12 10:00:00,600.659912109375,15.84000015258789
2025-02-12 11:00:00,603.7899780273438,15.670000076293945
2025-02-12 12:00:00,603.5700073242188,15.829999923706055
2025-02-12 13:00:00,603.0800170898438,15.859999656677246
2025-02-12 14:00:00,603.3200073242188,15.760000228881836
2025-02-12 15:00:00,603.3599853515625,15.899999618530273
2025-02-13 02:00:00,603.3599853515625,16.190000534057617
2025-02-13 03:00:00,603.3599853515625,15.989999771118164
2025-02-13 04:00:00,603.3599853515625,15.949999809265137
2025-02-13 05:00:00,603.3599853515625,16.059999465942383
2025-02-13 06:00:00,603.3599853515625,16.1200008392334
2025-02-13 07:00:00,603.3599853515625,15.710000038146973
2025-02-13 08:00:00,603.3599853515625,15.529999732971191
2025-02-13 09:00:00,606.0800170898438,15.4399995803833
2025-02-13 10:00:00,606.6900024414062,15.5600004196167
2025-02-13 11:00:00,606.5399780273438,15.710000038146973
2025-02-13 12:00:00,606.2000122070312,15.420000076293945
2025-02-13 13:00:00,608.280029296875,15.220000267028809
2025-02-13 14:00:00,609.5798950195312,15.0
2025-02-13 15:00:00,609.6900024414062,15.09000015258789
2025-02-14 02:00:00,609.6900024414062,15.149999618530273
2025-02-14 03:00:00,609.6900024414062,15.1899995803833
2025-02-14 04:00:00,609.6900024414062,15.279999732971191
2025-02-14 05:00:00,609.6900024414062,15.359999656677246
2025-02-14 06:00:00,609.6900024414062,15.239999771118164
2025-02-14 07:00:00,609.6900024414062,15.140000343322754
2025-02-14 08:00:00,609.6900024414062,14.989999771118164
2025-02-14 09:00:00,610.239990234375,14.970000267028809
2025-02-14 10:00:00,609.989990234375,14.930000305175781
2025-02-14 11:00:00,609.3201293945312,14.920000076293945
2025-02-14 12:00:00,609.9298706054688,14.890000343322754
2025-02-14 13:00:00,610.1300048828125,14.90999984741211
2025-02-14 14:00:00,609.6699829101562,14.850000381469727
2025-02-14 15:00:00,609.7000122070312,14.770000457763672
2025-02-17 02:00:00,609.7000122070312,15.430000305175781
2025-02-17 03:00:00,609.7000122070312,15.359999656677246
2025-02-17 04:00:00,609.7000122070312,15.40999984741211
2025-02-17 05:00:00,609.7000122070312,15.449999809265137
2025-02-17 06:00:00,609.7000122070312,15.4399995803833
2025-02-17 07:00:00,609.7000122070312,15.40999984741211
2025-02-17 08:00:00,609.7000122070312,15.520000457763672
2025-02-17 09:00:00,609.7000122070312,15.4399995803833
2025-02-17 10:00:00,609.7000122070312,15.369999885559082
2025-02-18 02:00:00,609.7000122070312,15.479999542236328
2025-02-18 03:00:00,609.7000122070312,15.59000015258789
2025-02-18 04:00:00,609.7000122070312,15.520000457763672
2025-02-18 05:00:00,609.7000122070312,15.569999694824219
2025-02-18 06:00:00,609.7000122070312,15.520000457763672
2025-02-18 07:00:00,609.7000122070312,15.5
2025-02-18 08:00:00,609.7000122070312,15.829999923706055
2025-02-18 09:00:00,609.6300048828125,15.609999656677246
2025-02-18 10:00:00,610.4099731445312,15.5
2025-02-18 11:00:00,610.0349731445312,15.479999542236328
2025-02-18 12:00:00,609.8900146484375,15.619999885559082
2025-02-18 13:00:00,609.218994140625,15.569999694824219
2025-02-18 14:00:00,609.780029296875,15.430000305175781
2025-02-18 15:00:00,611.3499755859375,15.350000381469727
2025-02-19 02:00:00,611.3499755859375,15.109999656677246
2025-02-19 03:00:00,611.3499755859375,15.229999542236328
2025-02-19 04:00:00,611.3499755859375,15.390000343322754
2025-02-19 05:00:00,611.3499755859375,15.520000457763672
2025-02-19 06:00:00,611.3499755859375,15.5
2025-02-19 07:00:00,611.3499755859375,15.680000305175781
2025-02-19 08:00:00,611.3499755859375,15.789999961853027
2025-02-19 09:00:00,610.0599975585938,15.760000228881836
2025-02-19 10:00:00,611.1799926757812,15.579999923706055
2025-02-19 11:00:00,611.0499877929688,15.619999885559082
2025-02-19 12:00:00,611.6599731445312,15.59000015258789
2025-02-19 13:00:00,612.8201293945312,15.180000305175781
2025-02-19 14:00:00,612.0999145507812,15.149999618530273
2025-02-19 15:00:00,612.9000244140625,15.260000228881836
2025-02-20 02:00:00,612.9000244140625,15.520000457763672
2025-02-20 03:00:00,612.9000244140625,15.479999542236328
2025-02-20 04:00:00,612.9000244140625,15.539999961853027
2025-02-20 05:00:00,612.9000244140625,15.6899995803833
2025-02-20 06:00:00,612.9000244140625,15.59000015258789
2025-02-20 07:00:00,612.9000244140625,15.59000015258789
2025-02-20 08:00:00,612.9000244140625,16.25
2025-02-20 09:00:00,609.1099853515625,16.469999313354492
2025-02-20 10:00:00,608.260009765625,16.399999618530273
2025-02-20 11:00:00,608.7899780273438,16.15999984741211
2025-02-20 12:00:00,607.9600219726562,16.0
2025-02-20 13:00:00,609.1699829101562,15.539999961853027
2025-02-20 14:00:00,609.8400268554688,15.420000076293945
2025-02-20 15:00:00,610.3900146484375,15.649999618530273
2025-02-21 02:00:00,610.3900146484375,15.640000343322754
2025-02-21 03:00:00,610.3900146484375,15.609999656677246
2025-02-21 04:00:00,610.3900146484375,15.520000457763672
2025-02-21 05:00:00,610.3900146484375,15.520000457763672
2025-02-21 06:00:00,610.3900146484375,15.390000343322754
2025-02-21 07:00:00,610.3900146484375,15.319999694824219
2025-02-21 08:00:00,610.3900146484375,15.699999809265137
2025-02-21 09:00:00,606.760009765625,16.110000610351562
2025-02-21 10:00:00,606.9400024414062,15.75
2025-02-21 11:00:00,605.7199096679688,16.90999984741211
2025-02-21 12:00:00,602.1599731445312,17.950000762939453
2025-02-21 13:00:00,599.9099731445312,18.600000381469727
2025-02-21 14:00:00,600.5599975585938,18.3799991607666
2025-02-21 15:00:00,600.0,18.209999084472656
2025-02-24 02:00:00,600.0,17.780000686645508
2025-02-24 03:00:00,600.0,17.6200008392334
2025-02-24 04:00:00,600.0,17.690000534057617
2025-02-24 05:00:00,600.0,17.6200008392334
2025-02-24 06:00:00,600.0,17.670000076293945
2025-02-24 07:00:00,600.0,17.56999969482422
2025-02-24 08:00:00,600.0,19.270000457763672
2025-02-24 09:00:00,597.9500122070312,19.030000686645508
2025-02-24 10:00:00,600.09619140625,17.950000762939453
2025-02-24 11:00:00,601.0399780273438,17.75
2025-02-24 12:00:00,601.4099731445312,17.790000915527344
2025-02-24 13:00:00,600.0700073242188,18.059999465942383
2025-02-24 14:00:00,599.0999755859375,19.170000076293945
2025-02-24 15:00:00,597.1900024414062,18.940000534057617
2025-02-25 02:00:00,597.1900024414062,19.739999771118164
2025-02-25 03:00:00,597.1900024414062,19.940000534057617
2025-02-25 04:00:00,597.1900024414062,19.950000762939453
2025-02-25 05:00:00,597.1900024414062,19.440000534057617
2025-02-25 06:00:00,597.1900024414062,19.139999389648438
2025-02-25 07:00:00,597.1900024414062,19.260000228881836
2025-02-25 08:00:00,597.1900024414062,19.809999465942383
2025-02-25 09:00:00,590.8499755859375,20.360000610351562
2025-02-25 10:00:00,590.8699951171875,20.030000686645508
2025-02-25 11:00:00,593.6799926757812,19.420000076293945
2025-02-25 12:00:00,593.7000122070312,19.450000762939453
2025-02-25 13:00:00,593.0700073242188,19.280000686645508
2025-02-25 14:00:00,595.8900146484375,19.670000076293945
2025-02-25 15:00:00,594.2100219726562,19.399999618530273
2025-02-26 02:00:00,594.2100219726562,18.90999984741211
2025-02-26 03:00:00,594.2100219726562,18.829999923706055
2025-02-26 04:00:00,594.2100219726562,18.799999237060547
2025-02-26 05:00:00,594.2100219726562,19.0
2025-02-26 06:00:00,594.2100219726562,18.959999084472656
2025-02-26 07:00:00,594.2100219726562,19.100000381469727
2025-02-26 08:00:00,594.2100219726562,18.790000915527344
2025-02-26 09:00:00,597.9400024414062,18.100000381469727
2025-02-26 10:00:00,598.6500244140625,18.34000015258789
2025-02-26 11:00:00,598.5999755859375,19.190000534057617
2025-02-26 12:00:00,593.9249877929688,19.850000381469727
2025-02-26 13:00:00,593.3889770507812,19.719999313354492
2025-02-26 14:00:00,593.5900268554688,19.25
2025-02-26 15:00:00,594.4299926757812,19.06999969482422
2025-02-27 02:00:00,594.4299926757812,18.059999465942383
2025-02-27 03:00:00,594.4299926757812,18.0
2025-02-27 04:00:00,594.4299926757812,17.959999084472656
2025-02-27 05:00:00,594.4299926757812,17.860000610351562
2025-02-27 06:00:00,594.4299926757812,17.8700008392334
2025-02-27 07:00:00,594.4299926757812,18.399999618530273
2025-02-27 08:00:00,594.4299926757812,19.690000534057617
2025-02-27 09:00:00,595.4500122070312,19.149999618530273
2025-02-27 10:00:00,594.1212768554688,19.31999969482422
2025-02-27 11:00:00,593.9500122070312,18.959999084472656
2025-02-27 12:00:00,594.5900268554688,18.649999618530273
2025-02-27 13:00:00,590.7697143554688,19.8700008392334
2025-02-27 14:00:00,586.3099975585938,21.190000534057617
2025-02-27 15:00:00,585.0399780273438,21.15999984741211
2025-02-28 02:00:00,585.0399780273438,20.969999313354492
2025-02-28 03:00:00,585.0399780273438,20.760000228881836
2025-02-28 04:00:00,585.0399780273438,20.760000228881836
2025-02-28 05:00:00,585.0399780273438,20.729999542236328
2025-02-28 06:00:00,585.0399780273438,21.049999237060547
2025-02-28 07:00:00,585.0399780273438,21.030000686645508
2025-02-28 08:00:00,585.0399780273438,20.950000762939453
2025-02-28 09:00:00,588.3599853515625,19.920000076293945
2025-02-28 10:00:00,586.0599975585938,20.6200008392334
2025-02-28 11:00:00,587.0250244140625,21.639999389648438
2025-02-28 12:00:00,584.719970703125,22.360000610351562
2025-02-28 13:00:00,585.6699829101562,20.8700008392334
2025-02-28 14:00:00,589.614990234375,19.219999313354492
2025-02-28 15:00:00,594.0700073242188,19.649999618530273
2025-03-03 02:00:00,594.0700073242188,20.100000381469727
2025-03-03 03:00:00,594.0700073242188,19.700000762939453
2025-03-03 04:00:00,594.0700073242188,19.700000762939453
2025-03-03 05:00:00,594.0700073242188,19.56999969482422
2025-03-03 06:00:00,594.0700073242188,19.489999771118164
2025-03-03 07:00:00,594.0700073242188,19.700000762939453
2025-03-03 08:00:00,594.0700073242188,20.530000686645508
2025-03-03 09:00:00,594.114990234375,20.479999542236328
2025-03-03 10:00:00,592.4000244140625,20.270000457763672
2025-03-03 11:00:00,593.8099975585938,20.579999923706055
2025-03-03 12:00:00,588.0902709960938,21.079999923706055
2025-03-03 13:00:00,588.4949951171875,21.729999542236328
2025-03-03 14:00:00,581.2100219726562,22.940000534057617
2025-03-03 15:00:00,583.969970703125,22.799999237060547
2025-03-04 02:00:00,583.969970703125,22.81999969482422
2025-03-04 03:00:00,583.969970703125,22.90999984741211
2025-03-04 04:00:00,583.969970703125,23.040000915527344
2025-03-04 05:00:00,583.969970703125,22.989999771118164
2025-03-04 06:00:00,583.969970703125,24.040000915527344
2025-03-04 07:00:00,583.969970703125,24.190000534057617
2025-03-04 08:00:00,583.969970703125,25.059999465942383
2025-03-04 09:00:00,574.510009765625,25.170000076293945
2025-03-04 10:00:00,572.9600830078125,24.440000534057617
2025-03-04 11:00:00,577.8599853515625,24.270000457763672
2025-03-04 12:00:00,577.5399780273438,23.190000534057617
2025-03-04 13:00:00,581.4000244140625,22.190000534057617
2025-03-04 14:00:00,583.8400268554688,23.829999923706055
2025-03-04 15:00:00,576.8800048828125,23.459999084472656
2025-03-05 02:00:00,576.8800048828125,22.950000762939453
2025-03-05 03:00:00,576.8800048828125,22.530000686645508
2025-03-05 04:00:00,576.8800048828125,22.90999984741211
2025-03-05 05:00:00,576.8800048828125,23.360000610351562
2025-03-05 06:00:00,576.8800048828125,23.65999984741211
2025-03-05 07:00:00,576.8800048828125,23.90999984741211
2025-03-05 08:00:00,576.8800048828125,24.510000228881836
2025-03-05 09:00:00,575.8914794921875,23.280000686645508
2025-03-05 10:00:00,574.8499755859375,23.6299991607666
2025-03-05 11:00:00,578.7000122070312,22.520000457763672
2025-03-05 12:00:00,579.22998046875,22.280000686645508
2025-03-05 13:00:00,582.7999877929688,21.700000762939453
2025-03-05 14:00:00,584.1300048828125,21.799999237060547
2025-03-05 15:00:00,583.030029296875,21.940000534057617
2025-03-06 02:00:00,583.030029296875,23.110000610351562
2025-03-06 03:00:00,583.030029296875,23.3799991607666
2025-03-06 04:00:00,583.030029296875,23.790000915527344
2025-03-06 05:00:00,583.030029296875,23.280000686645508
2025-03-06 06:00:00,583.030029296875,23.540000915527344
2025-03-06 07:00:00,583.030029296875,23.700000762939453
2025-03-06 08:00:00,583.030029296875,24.3799991607666
2025-03-06 09:00:00,578.4609985351562,23.5
2025-03-06 10:00:00,578.489990234375,23.950000762939453
2025-03-06 11:00:00,572.5499877929688,24.579999923706055
2025-03-06 12:00:00,572.530029296875,24.920000076293945
2025-03-06 13:00:00,570.6387939453125,25.6299991607666
2025-03-06 14:00:00,572.989990234375,25.219999313354492
2025-03-06 15:00:00,572.8200073242188,24.959999084472656
2025-03-07 02:00:00,572.8200073242188,24.93000030517578
2025-03-07 03:00:00,572.8200073242188,24.760000228881836
2025-03-07 04:00:00,572.8200073242188,24.809999465942383
2025-03-07 05:00:00,572.8200073242188,24.649999618530273
2025-03-07 06:00:00,572.8200073242188,25.020000457763672
2025-03-07 07:00:00,572.8200073242188,24.790000915527344
2025-03-07 08:00:00,572.8200073242188,24.110000610351562
2025-03-07 09:00:00,572.3599853515625,24.84000015258789
2025-03-07 10:00:00,567.6300048828125,25.989999771118164
2025-03-07 11:00:00,568.0800170898438,25.31999969482422
2025-03-07 12:00:00,572.6268920898438,24.18000030517578
2025-03-07 13:00:00,576.5750122070312,24.040000915527344
2025-03-07 14:00:00,575.9796142578125,23.31999969482422
2025-03-07 15:00:00,575.8599853515625,23.3700008392334
2025-03-10 02:00:00,575.8599853515625,24.81999969482422
2025-03-10 03:00:00,575.8599853515625,25.84000015258789
2025-03-10 04:00:00,575.8599853515625,25.59000015258789
2025-03-10 05:00:00,575.8599853515625,25.850000381469727
2025-03-10 06:00:00,575.8599853515625,26.020000457763672
2025-03-10 07:00:00,575.8599853515625,26.280000686645508
2025-03-10 08:00:00,575.8599853515625,26.280000686645508
2025-03-10 09:00:00,565.5150146484375,26.889999389648438
2025-03-10 10:00:00,565.1300048828125,26.559999465942383
2025-03-10 11:00:00,563.77001953125,26.639999389648438
2025-03-10 12:00:00,561.8400268554688,27.6200008392334
2025-03-10 13:00:00,559.8200073242188,28.6200008392334
2025-03-10 14:00:00,559.6699829101562,28.0
2025-03-10 15:00:00,560.75,27.84000015258789
2025-03-11 02:00:00,560.75,27.770000457763672
2025-03-11 03:00:00,560.75,27.25
2025-03-11 04:00:00,560.75,27.219999313354492
2025-03-11 05:00:00,560.75,27.270000457763672
2025-03-11 06:00:00,560.75,27.139999389648438
2025-03-11 07:00:00,560.75,27.969999313354492
2025-03-11 08:00:00,560.75,27.760000228881836
2025-03-11 09:00:00,555.9857788085938,28.84000015258789
2025-03-11 10:00:00,557.1699829101562,27.93000030517578
2025-03-11 11:00:00,555.8099975585938,28.520000457763672
2025-03-11 12:00:00,552.2000122070312,28.6200008392334
2025-03-11 13:00:00,558.4400024414062,26.540000915527344
2025-03-11 14:00:00,559.5700073242188,27.170000076293945
2025-03-11 15:00:00,556.1199951171875,26.899999618530273
2025-03-12 02:00:00,556.1199951171875,26.549999237060547
2025-03-12 03:00:00,556.1199951171875,26.15999984741211
2025-03-12 04:00:00,556.1199951171875,26.030000686645508
2025-03-12 05:00:00,556.1199951171875,26.020000457763672
2025-03-12 06:00:00,556.1199951171875,25.979999542236328
2025-03-12 07:00:00,556.1199951171875,25.329999923706055
2025-03-12 08:00:00,556.1199951171875,25.790000915527344
2025-03-12 09:00:00,559.010009765625,26.290000915527344
2025-03-12 10:00:00,556.9000244140625,25.3700008392334
2025-03-12 11:00:00,560.27001953125,25.0
2025-03-12 12:00:00,561.4199829101562,25.059999465942383
2025-03-12 13:00:00,560.2000122070312,24.06999969482422
2025-03-12 14:00:00,559.6400146484375,23.899999618530273
2025-03-12 15:00:00,558.9199829101562,24.219999313354492
2025-03-13 02:00:00,558.9199829101562,25.200000762939453
2025-03-13 03:00:00,558.9199829101562,24.780000686645508
2025-03-13 04:00:00,558.9199829101562,24.270000457763672
2025-03-13 05:00:00,558.9199829101562,24.299999237060547
2025-03-13 06:00:00,558.9199829101562,24.389999389648438
2025-03-13 07:00:00,558.9199829101562,24.290000915527344
2025-03-13 08:00:00,558.9199829101562,24.59000015258789
2025-03-13 09:00:00,557.114990234375,23.93000030517578
2025-03-13 10:00:00,554.28369140625,24.90999984741211
2025-03-13 11:00:00,552.5700073242188,25.170000076293945
2025-03-13 12:00:00,551.1599731445312,26.1299991607666
2025-03-13 13:00:00,553.0599975585938,24.780000686645508
2025-03-13 14:00:00,551.469970703125,24.920000076293945
2025-03-13 15:00:00,551.52001953125,24.649999618530273
2025-03-14 02:00:00,551.52001953125,24.25
2025-03-14 03:00:00,551.52001953125,24.100000381469727
2025-03-14 04:00:00,551.52001953125,24.190000534057617
2025-03-14 05:00:00,551.52001953125,24.06999969482422
2025-03-14 06:00:00,551.52001953125,23.950000762939453
2025-03-14 07:00:00,551.52001953125,23.850000381469727
2025-03-14 08:00:00,551.52001953125,23.3799991607666
2025-03-14 09:00:00,557.0050048828125,22.450000762939453
2025-03-14 10:00:00,561.0499877929688,22.219999313354492
2025-03-14 11:00:00,560.219970703125,22.209999084472656
2025-03-14 12:00:00,561.4500122070312,22.540000915527344
2025-03-14 13:00:00,560.6900024414062,21.8799991607666
2025-03-14 14:00:00,561.7999877929688,21.649999618530273
2025-03-14 15:00:00,562.7899780273438,21.770000457763672
2025-03-17 02:00:00,562.7899780273438,22.75
2025-03-17 03:00:00,562.7899780273438,22.549999237060547
2025-03-17 04:00:00,562.7899780273438,22.459999084472656
2025-03-17 05:00:00,562.7899780273438,22.149999618530273
2025-03-17 06:00:00,562.7899780273438,22.18000030517578
2025-03-17 07:00:00,562.7899780273438,21.860000610351562
2025-03-17 08:00:00,562.7899780273438,21.010000228881836
2025-03-17 09:00:00,564.6400146484375,21.209999084472656
2025-03-17 10:00:00,564.1500244140625,21.110000610351562
2025-03-17 11:00:00,563.8499145507812,20.780000686645508
2025-03-17 12:00:00,565.8099975585938,20.459999084472656
2025-03-17 13:00:00,568.6524047851562,20.420000076293945
2025-03-17 14:00:00,569.0449829101562,20.479999542236328
2025-03-17 15:00:00,567.02001953125,20.5
2025-03-18 02:00:00,567.02001953125,20.809999465942383
2025-03-18 03:00:00,567.02001953125,20.5
2025-03-18 04:00:00,567.02001953125,20.739999771118164
2025-03-18 05:00:00,567.02001953125,20.81999969482422
2025-03-18 06:00:00,567.02001953125,20.760000228881836
2025-03-18 07:00:00,567.02001953125,21.40999984741211
2025-03-18 08:00:00,567.02001953125,22.40999984741211
2025-03-18 09:00:00,561.3060302734375,21.93000030517578
2025-03-18 10:00:00,559.969970703125,22.309999465942383
2025-03-18 11:00:00,561.677978515625,21.799999237060547
2025-03-18 12:00:00,560.5599975585938,21.780000686645508
2025-03-18 13:00:00,560.47998046875,21.450000762939453
2025-03-18 14:00:00,561.1099853515625,21.8700008392334
2025-03-18 15:00:00,561.0599975585938,21.700000762939453
2025-03-19 02:00:00,561.0599975585938,21.969999313354492
2025-03-19 03:00:00,561.0599975585938,21.719999313354492
2025-03-19 04:00:00,561.0599975585938,21.520000457763672
2025-03-19 05:00:00,561.0599975585938,21.5
2025-03-19 06:00:00,561.0599975585938,21.540000915527344
2025-03-19 07:00:00,561.0599975585938,21.649999618530273
2025-03-19 08:00:00,561.0599975585938,21.059999465942383
2025-03-19 09:00:00,564.47998046875,20.850000381469727
2025-03-19 10:00:00,564.5700073242188,20.579999923706055
2025-03-19 11:00:00,565.559814453125,20.829999923706055
2025-03-19 12:00:00,563.3499755859375,20.899999618530273
2025-03-19 13:00:00,564.594970703125,19.780000686645508
2025-03-19 14:00:00,567.2301025390625,20.030000686645508
2025-03-19 15:00:00,567.02001953125,19.90999984741211
2025-03-20 02:00:00,567.02001953125,19.59000015258789
2025-03-20 03:00:00,567.02001953125,19.520000457763672
2025-03-20 04:00:00,567.02001953125,19.969999313354492
2025-03-20 05:00:00,567.02001953125,20.530000686645508
2025-03-20 06:00:00,567.02001953125,20.389999389648438
2025-03-20 07:00:00,567.02001953125,20.579999923706055
2025-03-20 08:00:00,567.02001953125,19.84000015258789
2025-03-20 09:00:00,569.47998046875,19.649999618530273
2025-03-20 10:00:00,568.9400024414062,19.809999465942383
2025-03-20 11:00:00,566.239990234375,20.360000610351562
2025-03-20 12:00:00,564.7493286132812,20.360000610351562
2025-03-20 13:00:00,564.1199951171875,20.09000015258789
2025-03-20 14:00:00,564.6699829101562,19.950000762939453
2025-03-20 15:00:00,565.6900024414062,19.84000015258789
2025-03-21 02:00:00,565.6900024414062,20.209999084472656
2025-03-21 03:00:00,565.6900024414062,20.520000457763672
2025-03-21 04:00:00,565.6900024414062,20.3700008392334
2025-03-21 05:00:00,565.6900024414062,20.229999542236328
2025-03-21 06:00:00,565.6900024414062,20.290000915527344
2025-03-21 07:00:00,565.6900024414062,20.799999237060547
2025-03-21 08:00:00,565.6900024414062,20.540000915527344
2025-03-21 09:00:00,559.8800048828125,20.010000228881836
2025-03-21 10:00:00,559.8300170898438,20.190000534057617
2025-03-21 11:00:00,562.3626098632812,19.440000534057617
2025-03-21 12:00:00,562.0700073242188,19.6299991607666
2025-03-21 13:00:00,562.1099853515625,19.549999237060547
2025-03-21 14:00:00,561.989990234375,19.190000534057617
2025-03-21 15:00:00,564.1900024414062,19.290000915527344
2025-03-24 02:00:00,564.1900024414062,19.1200008392334
2025-03-24 03:00:00,564.1900024414062,18.920000076293945
2025-03-24 04:00:00,564.1900024414062,19.010000228881836
2025-03-24 05:00:00,564.1900024414062,18.969999313354492
2025-03-24 06:00:00,564.1900024414062,18.940000534057617
2025-03-24 07:00:00,564.1900024414062,18.860000610351562
2025-03-24 08:00:00,564.1900024414062,18.610000610351562
2025-03-24 09:00:00,573.1300048828125,18.25
2025-03-24 10:00:00,573.7100219726562,18.1200008392334
2025-03-24 11:00:00,573.25,18.020000457763672
2025-03-24 12:00:00,573.0499877929688,17.920000076293945
2025-03-24 13:00:00,572.405029296875,17.690000534057617
2025-03-24 14:00:00,573.9500122070312,17.540000915527344
2025-03-24 15:00:00,574.02001953125,17.479999542236328
2025-03-25 02:00:00,574.02001953125,17.68000030517578
2025-03-25 03:00:00,574.02001953125,17.610000610351562
2025-03-25 04:00:00,574.02001953125,17.540000915527344
2025-03-25 05:00:00,574.02001953125,17.440000534057617
2025-03-25 06:00:00,574.02001953125,17.25
2025-03-25 07:00:00,574.02001953125,17.190000534057617
2025-03-25 08:00:00,574.02001953125,17.459999084472656
2025-03-25 09:00:00,575.7999877929688,17.360000610351562
2025-03-25 10:00:00,575.6900024414062,17.479999542236328
2025-03-25 11:00:00,574.5399169921875,17.31999969482422
2025-03-25 12:00:00,574.1799926757812,17.3700008392334
2025-03-25 13:00:00,574.4099731445312,17.3700008392334
2025-03-25 14:00:00,574.1099853515625,17.06999969482422
2025-03-25 15:00:00,575.3499755859375,17.149999618530273
2025-03-26 02:00:00,575.3499755859375,17.190000534057617
2025-03-26 03:00:00,575.3499755859375,17.399999618530273
2025-03-26 04:00:00,575.3499755859375,17.56999969482422
2025-03-26 05:00:00,575.3499755859375,17.3700008392334
2025-03-26 06:00:00,575.3499755859375,17.329999923706055
2025-03-26 07:00:00,575.3499755859375,17.290000915527344
2025-03-26 08:00:00,575.3499755859375,17.56999969482422
2025-03-26 09:00:00,573.375,17.510000228881836
2025-03-26 10:00:00,572.3400268554688,18.1299991607666
2025-03-26 11:00:00,571.0700073242188,18.649999618530273
2025-03-26 12:00:00,568.9500122070312,18.8799991607666
2025-03-26 13:00:00,569.2406005859375,18.799999237060547
2025-03-26 14:00:00,567.7000122070312,18.329999923706055
2025-03-26 15:00:00,568.75,18.34000015258789
2025-03-27 02:00:00,568.75,18.56999969482422
2025-03-27 03:00:00,568.75,18.450000762939453
2025-03-27 04:00:00,568.75,18.510000228881836
2025-03-27 05:00:00,568.75,18.65999984741211
2025-03-27 06:00:00,568.75,18.479999542236328
2025-03-27 07:00:00,568.75,18.530000686645508
2025-03-27 08:00:00,568.75,18.540000915527344
2025-03-27 09:00:00,569.52001953125,17.969999313354492
2025-03-27 10:00:00,569.8599853515625,18.489999771118164
2025-03-27 11:00:00,568.64501953125,18.889999389648438
2025-03-27 12:00:00,566.760009765625,18.739999771118164
2025-03-27 13:00:00,567.9600219726562,18.540000915527344
2025-03-27 14:00:00,569.780029296875,18.65999984741211
2025-03-27 15:00:00,567.02001953125,18.68000030517578
2025-03-28 02:00:00,567.02001953125,19.420000076293945
2025-03-28 03:00:00,567.02001953125,19.170000076293945
2025-03-28 04:00:00,567.02001953125,19.239999771118164
2025-03-28 05:00:00,567.02001953125,19.030000686645508
2025-03-28 06:00:00,567.02001953125,19.100000381469727
2025-03-28 07:00:00,567.02001953125,19.3799991607666
2025-03-28 08:00:00,567.02001953125,19.459999084472656
2025-03-28 09:00:00,559.5700073242188,20.56999969482422
2025-03-28 10:00:00,558.9400024414062,20.549999237060547
2025-03-28 11:00:00,556.8400268554688,21.510000228881836
2025-03-28 12:00:00,555.3900146484375,21.81999969482422
2025-03-28 13:00:00,555.989990234375,21.420000076293945
2025-03-28 14:00:00,555.77001953125,21.649999618530273
2025-03-28 15:00:00,555.8200073242188,21.649999618530273
2025-03-31 02:00:00,555.8200073242188,23.760000228881836
2025-03-31 03:00:00,555.8200073242188,24.0
2025-03-31 04:00:00,555.8200073242188,24.100000381469727
2025-03-31 05:00:00,555.8200073242188,24.0
2025-03-31 06:00:00,555.8200073242188,24.219999313354492
2025-03-31 07:00:00,555.8200073242188,23.950000762939453
2025-03-31 08:00:00,555.8200073242188,23.81999969482422
2025-03-31 09:00:00,549.510009765625,22.950000762939453
2025-03-31 10:00:00,552.530029296875,22.40999984741211
2025-03-31 11:00:00,554.5549926757812,22.440000534057617
2025-03-31 12:00:00,553.6400146484375,22.510000228881836
2025-03-31 13:00:00,556.9500122070312,22.139999389648438
2025-03-31 14:00:00,557.4099731445312,22.110000610351562
2025-03-31 15:00:00,559.217529296875,22.25
2025-04-01 02:00:00,559.217529296875,22.350000381469727
2025-04-01 03:00:00,559.217529296875,22.079999923706055
2025-04-01 04:00:00,559.217529296875,22.049999237060547
2025-04-01 05:00:00,559.217529296875,22.559999465942383
2025-04-01 06:00:00,559.217529296875,22.959999084472656
2025-04-01 07:00:00,559.217529296875,22.6299991607666
2025-04-01 08:00:00,559.217529296875,22.469999313354492
2025-04-01 09:00:00,555.1400146484375,22.010000228881836
2025-04-01 10:00:00,560.7990112304688,21.93000030517578
2025-04-01 11:00:00,560.75,21.959999084472656
2025-04-01 12:00:00,559.4199829101562,22.149999618530273
2025-04-01 13:00:00,556.6895141601562,22.549999237060547
2025-04-01 14:00:00,558.4293212890625,21.829999923706055
2025-04-01 15:00:00,561.0499877929688,21.770000457763672
2025-04-02 02:00:00,561.0499877929688,22.3700008392334
2025-04-02 03:00:00,561.0499877929688,22.3700008392334
2025-04-02 04:00:00,561.0499877929688,22.469999313354492
2025-04-02 05:00:00,561.0499877929688,22.889999389648438
2025-04-02 06:00:00,561.0499877929688,23.139999389648438
2025-04-02 07:00:00,561.0499877929688,23.34000015258789
2025-04-02 08:00:00,561.0499877929688,22.610000610351562
2025-04-02 09:00:00,560.8599853515625,21.850000381469727
2025-04-02 10:00:00,563.3099975585938,21.850000381469727
2025-04-02 11:00:00,564.280029296875,20.940000534057617
2025-04-02 12:00:00,566.076904296875,21.700000762939453
2025-04-02 13:00:00,561.0999755859375,22.190000534057617
2025-04-02 14:00:00,563.2000122070312,21.450000762939453
2025-04-02 15:00:00,564.6599731445312,21.510000228881836
2025-04-03 02:00:00,564.6599731445312,25.670000076293945
2025-04-03 03:00:00,564.6599731445312,25.09000015258789
2025-04-03 04:00:00,564.6599731445312,25.899999618530273
2025-04-03 05:00:00,564.6599731445312,26.219999313354492
2025-04-03 06:00:00,564.6599731445312,26.450000762939453
2025-04-03 07:00:00,564.6599731445312,27.170000076293945
2025-04-03 08:00:00,564.6599731445312,26.719999313354492
2025-04-03 09:00:00,543.0700073242188,28.719999313354492
2025-04-03 10:00:00,541.72998046875,27.59000015258789
2025-04-03 11:00:00,545.9199829101562,27.43000030517578
2025-04-03 12:00:00,542.260009765625,27.90999984741211
2025-04-03 13:00:00,540.7899780273438,27.489999771118164
2025-04-03 14:00:00,539.030029296875,29.709999084472656
2025-04-03 15:00:00,537.6400146484375,29.959999084472656
2025-04-04 02:00:00,537.6400146484375,30.610000610351562
2025-04-04 03:00:00,537.6400146484375,30.790000915527344
2025-04-04 04:00:00,537.6400146484375,31.079999923706055
2025-04-04 05:00:00,537.6400146484375,39.38999938964844
2025-04-04 06:00:00,537.6400146484375,39.380001068115234
2025-04-04 07:00:00,537.6400146484375,37.459999084472656
2025-04-04 08:00:00,537.6400146484375,35.84000015258789
2025-04-04 09:00:00,516.2899780273438,42.7400016784668
2025-04-04 10:00:00,516.3499755859375,40.09000015258789
2025-04-04 11:00:00,512.3900146484375,40.40999984741211
2025-04-04 12:00:00,511.1600036621094,40.380001068115234
2025-04-04 13:00:00,508.79998779296875,44.099998474121094
2025-04-04 14:00:00,510.5199890136719,43.849998474121094
2025-04-04 15:00:00,505.510009765625,45.31999969482422
2025-04-07 02:00:00,505.510009765625,56.72999954223633
2025-04-07 03:00:00,505.510009765625,53.58000183105469
2025-04-07 04:00:00,505.510009765625,52.84000015258789
2025-04-07 05:00:00,505.510009765625,48.66999816894531
2025-04-07 06:00:00,505.510009765625,48.279998779296875
2025-04-07 07:00:00,505.510009765625,47.529998779296875
2025-04-07 08:00:00,505.510009765625,48.65999984741211
2025-04-07 09:00:00,498.17999267578125,45.189998626708984
2025-04-07 10:00:00,493.7900085449219,49.099998474121094
2025-04-07 11:00:00,499.55999755859375,50.970001220703125
2025-04-07 12:00:00,505.6199951171875,44.630001068115234
2025-04-07 13:00:00,505.19000244140625,47.7400016784668
2025-04-07 14:00:00,500.6050109863281,48.2599983215332
2025-04-07 15:00:00,504.5400085449219,46.91999816894531
2025-04-08 02:00:00,504.5400085449219,43.189998626708984
2025-04-08 03:00:00,504.5400085449219,43.029998779296875
2025-04-08 04:00:00,504.5400085449219,43.45000076293945
2025-04-08 05:00:00,504.5400085449219,42.380001068115234
2025-04-08 06:00:00,504.5400085449219,40.31999969482422
2025-04-08 07:00:00,504.5400085449219,40.63999938964844
2025-04-08 08:00:00,504.5400085449219,37.06999969482422
2025-04-08 09:00:00,523.3699951171875,39.650001525878906
2025-04-08 10:00:00,514.1599731445312,40.380001068115234
2025-04-08 11:00:00,513.9600219726562,46.08000183105469
2025-04-08 12:00:00,502.45001220703125,47.75
2025-04-08 13:00:00,502.4100036621094,50.16999816894531
2025-04-08 14:00:00,497.510009765625,52.66999816894531
2025-04-08 15:00:00,496.739990234375,52.2400016784668
2025-04-09 02:00:00,496.739990234375,48.97999954223633
2025-04-09 03:00:00,496.739990234375,48.5099983215332
2025-04-09 04:00:00,496.739990234375,49.61000061035156
2025-04-09 05:00:00,496.739990234375,49.20000076293945
2025-04-09 06:00:00,496.739990234375,56.02000045776367
2025-04-09 07:00:00,496.739990234375,53.869998931884766
2025-04-09 08:00:00,496.739990234375,49.75
2025-04-09 09:00:00,498.9700012207031,52.470001220703125
2025-04-09 10:00:00,498.2799987792969,51.209999084472656
2025-04-09 11:00:00,499.260009765625,49.16999816894531
2025-04-09 12:00:00,523.9600219726562,36.13999938964844
2025-04-09 13:00:00,538.1500244140625,36.09000015258789
2025-04-09 14:00:00,540.489990234375,33.40999984741211
2025-04-09 15:00:00,542.8400268554688,33.619998931884766
2025-04-10 02:00:00,542.8400268554688,36.72999954223633
2025-04-10 03:00:00,542.8400268554688,38.65999984741211
2025-04-10 04:00:00,542.8400268554688,37.04999923706055
2025-04-10 05:00:00,542.8400268554688,36.630001068115234
2025-04-10 06:00:00,542.8400268554688,36.470001220703125
2025-04-10 07:00:00,542.8400268554688,36.90999984741211
2025-04-10 08:00:00,542.8400268554688,36.849998474121094
2025-04-10 09:00:00,528.1099853515625,39.47999954223633
2025-04-10 10:00:00,523.710205078125,45.7400016784668
2025-04-10 11:00:00,511.8599853515625,48.0
2025-04-10 12:00:00,519.3200073242188,44.29999923706055
2025-04-10 13:00:00,528.3900146484375,42.150001525878906
2025-04-10 14:00:00,522.4299926757812,41.18000030517578
2025-04-10 15:00:00,524.7100219726562,40.86000061035156
2025-04-11 02:00:00,524.7100219726562,41.459999084472656
2025-04-11 03:00:00,524.7100219726562,44.2599983215332
2025-04-11 04:00:00,524.7100219726562,41.36000061035156
2025-04-11 05:00:00,524.7100219726562,41.58000183105469
2025-04-11 06:00:00,524.7100219726562,43.27000045776367
2025-04-11 07:00:00,524.7100219726562,43.11000061035156
2025-04-11 08:00:00,524.7100219726562,42.41999816894531
2025-04-11 09:00:00,520.6900024414062,45.09000015258789
2025-04-11 10:00:00,523.0800170898438,43.0099983215332
2025-04-11 11:00:00,527.3900146484375,39.400001525878906
2025-04-11 12:00:00,529.8300170898438,39.61000061035156
2025-04-11 13:00:00,533.1500244140625,39.279998779296875
2025-04-11 14:00:00,534.739990234375,37.939998626708984
2025-04-11 15:00:00,533.969970703125,37.54999923706055
2025-04-14 02:00:00,533.969970703125,34.09000015258789
2025-04-14 03:00:00,533.969970703125,33.459999084472656
2025-04-14 04:00:00,533.969970703125,33.630001068115234
2025-04-14 05:00:00,533.969970703125,33.08000183105469
2025-04-14 06:00:00,533.969970703125,33.65999984741211
2025-04-14 07:00:00,533.969970703125,32.400001525878906
2025-04-14 08:00:00,533.969970703125,32.790000915527344
2025-04-14 09:00:00,542.1199951171875,30.690000534057617
2025-04-14 10:00:00,538.52001953125,34.310001373291016
2025-04-14 11:00:00,535.8499755859375,33.849998474121094
2025-04-14 12:00:00,537.2999877929688,31.959999084472656
2025-04-14 13:00:00,540.3800048828125,30.940000534057617
2025-04-14 14:00:00,541.3300170898438,30.75
2025-04-14 15:00:00,538.97998046875,30.8799991607666
2025-04-15 02:00:00,538.97998046875,29.690000534057617
2025-04-15 03:00:00,538.97998046875,30.149999618530273
2025-04-15 04:00:00,538.97998046875,30.280000686645508
2025-04-15 05:00:00,538.97998046875,30.149999618530273
2025-04-15 06:00:00,538.97998046875,31.149999618530273
2025-04-15 07:00:00,538.97998046875,30.610000610351562
2025-04-15 08:00:00,538.97998046875,29.18000030517578
2025-04-15 09:00:00,539.4000244140625,29.229999542236328
2025-04-15 10:00:00,540.1701049804688,29.049999237060547
2025-04-15 11:00:00,540.97998046875,29.729999542236328
2025-04-15 12:00:00,537.760009765625,29.799999237060547
2025-04-15 13:00:00,537.5,29.0
2025-04-15 14:00:00,538.8300170898438,30.100000381469727
2025-04-15 15:00:00,537.72998046875,30.110000610351562
2025-04-16 02:00:00,537.72998046875,33.5
2025-04-16 03:00:00,537.72998046875,32.040000915527344
2025-04-16 04:00:00,537.72998046875,31.780000686645508
2025-04-16 05:00:00,537.72998046875,31.520000457763672
2025-04-16 06:00:00,537.72998046875,31.559999465942383
2025-04-16 07:00:00,537.72998046875,31.600000381469727
2025-04-16 08:00:00,537.72998046875,31.799999237060547
2025-04-16 09:00:00,531.77001953125,30.25
2025-04-16 10:00:00,534.6400146484375,30.8799991607666
2025-04-16 11:00:00,531.5050048828125,31.290000915527344
2025-04-16 12:00:00,531.5294799804688,33.790000915527344
2025-04-16 13:00:00,526.0,33.540000915527344
2025-04-16 14:00:00,520.6649780273438,32.72999954223633
2025-04-16 15:00:00,525.719970703125,32.689998626708984
2025-04-17 02:00:00,525.719970703125,30.600000381469727
2025-04-17 03:00:00,525.719970703125,30.989999771118164
2025-04-17 04:00:00,525.719970703125,30.8799991607666
2025-04-17 05:00:00,525.719970703125,31.530000686645508
2025-04-17 06:00:00,525.719970703125,31.450000762939453
2025-04-17 07:00:00,525.719970703125,30.989999771118164
2025-04-17 08:00:00,525.719970703125,31.079999923706055
2025-04-17 09:00:00,525.280029296875,32.369998931884766
2025-04-17 10:00:00,526.7100219726562,31.549999237060547
2025-04-17 11:00:00,529.4500122070312,30.729999542236328
2025-04-17 12:00:00,527.6799926757812,30.389999389648438
2025-04-17 13:00:00,530.02001953125,30.15999984741211
2025-04-17 14:00:00,527.3099975585938,30.030000686645508
2025-04-17 15:00:00,526.3900146484375,29.649999618530273
2025-04-21 02:00:00,526.3900146484375,32.880001068115234
2025-04-21 03:00:00,526.3900146484375,32.61000061035156
2025-04-21 04:00:00,526.3900146484375,32.61000061035156
2025-04-21 05:00:00,526.3900146484375,32.15999984741211
2025-04-21 06:00:00,526.3900146484375,32.41999816894531
2025-04-21 07:00:00,526.3900146484375,32.04999923706055
2025-04-21 08:00:00,526.3900146484375,33.0099983215332
2025-04-21 09:00:00,515.6300048828125,33.810001373291016
2025-04-21 10:00:00,513.1099853515625,35.060001373291016
2025-04-21 11:00:00,511.6600036621094,34.529998779296875
2025-04-21 12:00:00,509.9612121582031,35.63999938964844
2025-04-21 13:00:00,509.9100036621094,35.36000061035156
2025-04-21 14:00:00,510.364990234375,33.689998626708984
2025-04-21 15:00:00,513.969970703125,33.84000015258789
2025-04-22 02:00:00,513.969970703125,32.4900016784668
2025-04-22 03:00:00,513.969970703125,32.15999984741211
2025-04-22 04:00:00,513.969970703125,32.150001525878906
2025-04-22 05:00:00,513.969970703125,32.16999816894531
2025-04-22 06:00:00,513.969970703125,32.459999084472656
2025-04-22 07:00:00,513.969970703125,31.809999465942383
2025-04-22 08:00:00,513.969970703125,31.06999969482422
2025-04-22 09:00:00,523.0599975585938,30.3799991607666
2025-04-22 10:00:00,524.9400024414062,30.479999542236328
2025-04-22 11:00:00,528.7999877929688,30.799999237060547
2025-04-22 12:00:00,522.6500244140625,32.0
2025-04-22 13:00:00,525.3900146484375,30.520000457763672
2025-04-22 14:00:00,524.6900024414062,30.549999237060547
2025-04-22 15:00:00,526.969970703125,30.559999465942383
2025-04-23 02:00:00,526.969970703125,28.43000030517578
2025-04-23 03:00:00,526.969970703125,28.40999984741211
2025-04-23 04:00:00,526.969970703125,28.360000610351562
2025-04-23 05:00:00,526.969970703125,28.059999465942383
2025-04-23 06:00:00,526.969970703125,28.229999542236328
2025-04-23 07:00:00,526.969970703125,27.860000610351562
2025-04-23 08:00:00,526.969970703125,27.979999542236328
2025-04-23 09:00:00,543.8800048828125,27.889999389648438
2025-04-23 10:00:00,538.5900268554688,29.100000381469727
2025-04-23 11:00:00,536.2999877929688,28.729999542236328
2025-04-23 12:00:00,538.2000122070312,28.40999984741211
2025-04-23 13:00:00,536.5700073242188,28.59000015258789
2025-04-23 14:00:00,534.6300048828125,28.239999771118164
2025-04-23 15:00:00,535.3800048828125,28.420000076293945
2025-04-24 02:00:00,535.3800048828125,29.15999984741211
2025-04-24 03:00:00,535.3800048828125,29.399999618530273
2025-04-24 04:00:00,535.3800048828125,28.84000015258789
2025-04-24 05:00:00,535.3800048828125,28.149999618530273
2025-04-24 06:00:00,535.3800048828125,28.56999969482422
2025-04-24 07:00:00,535.3800048828125,27.81999969482422
2025-04-24 08:00:00,535.3800048828125,27.3700008392334
2025-04-24 09:00:00,542.2341918945312,27.34000015258789
2025-04-24 10:00:00,542.47998046875,27.399999618530273
2025-04-24 11:00:00,544.4400024414062,27.43000030517578
2025-04-24 12:00:00,544.97998046875,27.450000762939453
2025-04-24 13:00:00,545.510009765625,26.979999542236328
2025-04-24 14:00:00,544.8699951171875,26.639999389648438
2025-04-24 15:00:00,546.530029296875,26.479999542236328
2025-04-25 02:00:00,546.530029296875,26.06999969482422
2025-04-25 03:00:00,546.530029296875,26.170000076293945
2025-04-25 04:00:00,546.530029296875,26.170000076293945
2025-04-25 05:00:00,546.530029296875,27.15999984741211
2025-04-25 06:00:00,546.530029296875,26.90999984741211
2025-04-25 07:00:00,546.530029296875,26.889999389648438
2025-04-25 08:00:00,546.530029296875,27.100000381469727
2025-04-25 09:00:00,544.5599975585938,26.239999771118164
2025-04-25 10:00:00,546.4600219726562,25.31999969482422
2025-04-25 11:00:00,548.3300170898438,25.200000762939453
2025-04-25 12:00:00,550.9744262695312,26.15999984741211
2025-04-25 13:00:00,549.739990234375,25.1299991607666
2025-04-25 14:00:00,549.64501953125,25.049999237060547
2025-04-25 15:00:00,550.530029296875,24.8700008392334
2025-04-28 02:00:00,550.530029296875,25.940000534057617
2025-04-28 03:00:00,550.530029296875,25.600000381469727
2025-04-28 04:00:00,550.530029296875,25.389999389648438
2025-04-28 05:00:00,550.530029296875,25.649999618530273
2025-04-28 06:00:00,550.530029296875,25.43000030517578
2025-04-28 07:00:00,550.530029296875,25.280000686645508
2025-04-28 08:00:00,550.530029296875,25.420000076293945
2025-04-28 09:00:00,550.9400024414062,25.219999313354492
2025-04-28 10:00:00,547.2100219726562,25.969999313354492
2025-04-28 11:00:00,546.02001953125,26.280000686645508
2025-04-28 12:00:00,545.3699951171875,26.170000076293945
2025-04-28 13:00:00,548.5900268554688,25.43000030517578
2025-04-28 14:00:00,550.5924072265625,24.940000534057617
2025-04-28 15:00:00,550.9400024414062,25.149999618530273
2025-04-29 02:00:00,550.9400024414062,24.639999389648438
2025-04-29 03:00:00,550.9400024414062,24.719999313354492
2025-04-29 04:00:00,550.9400024414062,24.739999771118164
2025-04-29 05:00:00,550.9400024414062,25.209999084472656
2025-04-29 06:00:00,550.9400024414062,25.25
2025-04-29 07:00:00,550.9400024414062,25.579999923706055
2025-04-29 08:00:00,550.9400024414062,25.219999313354492
2025-04-29 09:00:00,549.9199829101562,24.829999923706055
2025-04-29 10:00:00,552.2398071289062,24.8700008392334
2025-04-29 11:00:00,552.8900146484375,24.770000457763672
2025-04-29 12:00:00,552.6300048828125,23.90999984741211
2025-04-29 13:00:00,554.9099731445312,24.06999969482422
2025-04-29 14:00:00,554.5999755859375,24.270000457763672
2025-04-29 15:00:00,554.1400146484375,24.18000030517578
2025-04-30 02:00:00,554.1400146484375,24.350000381469727
2025-04-30 03:00:00,554.1400146484375,24.510000228881836
2025-04-30 04:00:00,554.1400146484375,24.56999969482422
2025-04-30 05:00:00,554.1400146484375,24.760000228881836
2025-04-30 06:00:00,554.1400146484375,24.84000015258789
2025-04-30 07:00:00,554.1400146484375,26.229999542236328
2025-04-30 08:00:00,554.1400146484375,28.09000015258789
2025-04-30 09:00:00,546.3099975585938,26.030000686645508
2025-04-30 10:00:00,549.010009765625,25.440000534057617
2025-04-30 11:00:00,548.0900268554688,25.530000686645508
2025-04-30 12:00:00,550.030029296875,25.290000915527344
2025-04-30 13:00:00,550.47998046875,25.670000076293945
2025-04-30 14:00:00,549.7899780273438,24.770000457763672
2025-04-30 15:00:00,554.3499755859375,24.799999237060547
2025-05-01 02:00:00,554.3499755859375,23.959999084472656
2025-05-01 03:00:00,554.3499755859375,23.81999969482422
2025-05-01 04:00:00,554.3499755859375,23.690000534057617
2025-05-01 05:00:00,554.3499755859375,23.860000610351562
2025-05-01 06:00:00,554.3499755859375,23.940000534057617
2025-05-01 07:00:00,554.3499755859375,24.280000686645508
2025-05-01 08:00:00,554.3499755859375,24.690000534057617
2025-05-01 09:00:00,562.0317993164062,23.90999984741211
2025-05-01 10:00:00,563.260009765625,24.760000228881836
2025-05-01 11:00:00,560.3099975585938,24.860000610351562
2025-05-01 12:00:00,561.3400268554688,24.290000915527344
2025-05-01 13:00:00,561.8900146484375,23.579999923706055
2025-05-01 14:00:00,562.030029296875,24.239999771118164
2025-05-01 15:00:00,558.4600219726562,24.600000381469727
2025-05-02 02:00:00,558.4600219726562,23.84000015258789
2025-05-02 03:00:00,558.4600219726562,24.190000534057617
2025-05-02 04:00:00,558.4600219726562,24.030000686645508
2025-05-02 05:00:00,558.4600219726562,24.09000015258789
2025-05-02 06:00:00,558.4600219726562,24.15999984741211
2025-05-02 07:00:00,558.4600219726562,22.600000381469727
2025-05-02 08:00:00,558.4600219726562,23.040000915527344
2025-05-02 09:00:00,566.2999877929688,22.979999542236328
2025-05-02 10:00:00,564.6500244140625,22.729999542236328
2025-05-02 11:00:00,567.1799926757812,22.729999542236328
2025-05-02 12:00:00,566.780029296875,22.75
2025-05-02 13:00:00,567.6500244140625,22.579999923706055
2025-05-02 14:00:00,567.6699829101562,22.530000686645508
2025-05-02 15:00:00,566.6199951171875,22.709999084472656
2025-05-05 02:00:00,566.6199951171875,24.219999313354492
2025-05-05 03:00:00,566.6199951171875,24.510000228881836
2025-05-05 04:00:00,566.6199951171875,24.360000610351562
2025-05-05 05:00:00,566.6199951171875,24.360000610351562
2025-05-05 06:00:00,566.6199951171875,24.520000457763672
2025-05-05 07:00:00,566.6199951171875,24.190000534057617
2025-05-05 08:00:00,566.6199951171875,24.030000686645508
2025-05-05 09:00:00,563.6900024414062,23.030000686645508
2025-05-05 10:00:00,564.8048706054688,23.1299991607666
2025-05-05 11:00:00,565.7100219726562,22.920000076293945
2025-05-05 12:00:00,565.1599731445312,23.139999389648438
2025-05-05 13:00:00,566.1500244140625,22.950000762939453
2025-05-05 14:00:00,564.77001953125,23.59000015258789
2025-05-05 15:00:00,563.530029296875,23.639999389648438
2025-05-06 02:00:00,563.530029296875,24.260000228881836
2025-05-06 03:00:00,563.530029296875,24.579999923706055
2025-05-06 04:00:00,563.530029296875,24.709999084472656
2025-05-06 05:00:00,563.530029296875,24.520000457763672
2025-05-06 06:00:00,563.530029296875,24.850000381469727
2025-05-06 07:00:00,563.530029296875,24.639999389648438
2025-05-06 08:00:00,563.530029296875,24.969999313354492
2025-05-06 09:00:00,560.6199951171875,24.149999618530273
2025-05-06 10:00:00,561.6500244140625,24.360000610351562
2025-05-06 11:00:00,560.589599609375,24.610000610351562
2025-05-06 12:00:00,559.719970703125,24.93000030517578
2025-05-06 13:00:00,560.489990234375,24.3799991607666
2025-05-06 14:00:00,560.7849731445312,24.709999084472656
2025-05-06 15:00:00,558.7999877929688,24.760000228881836
2025-05-07 02:00:00,558.7999877929688,24.280000686645508
2025-05-07 03:00:00,558.7999877929688,24.190000534057617
2025-05-07 04:00:00,558.7999877929688,24.350000381469727
2025-05-07 05:00:00,558.7999877929688,24.309999465942383
2025-05-07 06:00:00,558.7999877929688,24.389999389648438
2025-05-07 07:00:00,558.7999877929688,24.68000030517578
2025-05-07 08:00:00,558.7999877929688,24.65999984741211
2025-05-07 09:00:00,561.8200073242188,24.760000228881836
2025-05-07 10:00:00,559.1608276367188,24.530000686645508
2025-05-07 11:00:00,559.1799926757812,24.229999542236328
2025-05-07 12:00:00,561.243408203125,24.8700008392334
2025-05-07 13:00:00,557.97998046875,23.940000534057617
2025-05-07 14:00:00,557.8699951171875,23.639999389648438
2025-05-07 15:00:00,561.219970703125,23.56999969482422
2025-05-08 02:00:00,561.219970703125,22.899999618530273
2025-05-08 03:00:00,561.219970703125,22.600000381469727
2025-05-08 04:00:00,561.219970703125,22.440000534057617
2025-05-08 05:00:00,561.219970703125,22.3799991607666
2025-05-08 06:00:00,561.219970703125,22.700000762939453
2025-05-08 07:00:00,561.219970703125,22.84000015258789
2025-05-08 08:00:00,561.219970703125,23.1299991607666
2025-05-08 09:00:00,564.4299926757812,23.399999618530273
2025-05-08 10:00:00,566.2000122070312,22.280000686645508
2025-05-08 11:00:00,568.79931640625,22.190000534057617
2025-05-08 12:00:00,569.2000122070312,22.56999969482422
2025-05-08 13:00:00,568.030029296875,22.139999389648438
2025-05-08 14:00:00,569.02001953125,22.6200008392334
2025-05-08 15:00:00,564.9099731445312,22.450000762939453
2025-05-09 02:00:00,564.9099731445312,22.309999465942383
2025-05-09 03:00:00,564.9099731445312,22.420000076293945
2025-05-09 04:00:00,564.9099731445312,22.290000915527344
2025-05-09 05:00:00,564.9099731445312,22.149999618530273
2025-05-09 06:00:00,564.9099731445312,22.270000457763672
2025-05-09 07:00:00,564.9099731445312,22.200000762939453
2025-05-09 08:00:00,564.9099731445312,21.950000762939453
2025-05-09 09:00:00,564.469970703125,22.329999923706055
2025-05-09 10:00:00,564.5499877929688,22.020000457763672
2025-05-09 11:00:00,563.8800048828125,22.639999389648438
2025-05-09 12:00:00,563.9600219726562,22.229999542236328
2025-05-09 13:00:00,564.2999877929688,21.969999313354492
2025-05-09 14:00:00,564.9500122070312,21.989999771118164
2025-05-09 15:00:00,564.280029296875,21.8700008392334
2025-05-12 02:00:00,564.280029296875,20.260000228881836
2025-05-12 03:00:00,564.280029296875,20.15999984741211
2025-05-12 04:00:00,564.280029296875,20.0
2025-05-12 05:00:00,564.280029296875,19.84000015258789
2025-05-12 06:00:00,564.280029296875,20.079999923706055
2025-05-12 07:00:00,564.280029296875,19.850000381469727
2025-05-12 08:00:00,564.280029296875,19.309999465942383
2025-05-12 09:00:00,578.260009765625,19.34000015258789
2025-05-12 10:00:00,578.8499755859375,19.200000762939453
2025-05-12 11:00:00,579.2999877929688,18.850000381469727
2025-05-12 12:00:00,581.3198852539062,18.959999084472656
2025-05-12 13:00:00,581.9500122070312,18.709999084472656
2025-05-12 14:00:00,581.52001953125,18.25
2025-05-12 15:00:00,582.8300170898438,18.399999618530273
2025-05-13 02:00:00,582.8300170898438,18.770000457763672
2025-05-13 03:00:00,582.8300170898438,18.729999542236328
2025-05-13 04:00:00,582.8300170898438,18.600000381469727
2025-05-13 05:00:00,582.8300170898438,18.610000610351562
2025-05-13 06:00:00,582.8300170898438,18.31999969482422
2025-05-13 07:00:00,582.8300170898438,18.010000228881836
2025-05-13 08:00:00,582.8300170898438,17.739999771118164
2025-05-13 09:00:00,586.8200073242188,17.84000015258789
2025-05-13 10:00:00,587.7000122070312,17.950000762939453
2025-05-13 11:00:00,587.6917114257812,17.889999389648438
2025-05-13 12:00:00,588.3300170898438,18.06999969482422
2025-05-13 13:00:00,587.8900146484375,17.649999618530273
2025-05-13 14:00:00,588.4500122070312,18.239999771118164
2025-05-13 15:00:00,586.8300170898438,18.219999313354492
2025-05-14 02:00:00,586.8300170898438,18.200000762939453
2025-05-14 03:00:00,586.8300170898438,18.280000686645508
2025-05-14 04:00:00,586.8300170898438,18.479999542236328
2025-05-14 05:00:00,586.8300170898438,18.450000762939453
2025-05-14 06:00:00,586.8300170898438,18.280000686645508
2025-05-14 07:00:00,586.8300170898438,18.25
2025-05-14 08:00:00,586.8300170898438,18.520000457763672
2025-05-14 09:00:00,587.52001953125,18.360000610351562
2025-05-14 10:00:00,587.8599853515625,18.350000381469727
2025-05-14 11:00:00,587.9149780273438,18.389999389648438
2025-05-14 12:00:00,586.3300170898438,18.18000030517578
2025-05-14 13:00:00,586.8599853515625,18.15999984741211
2025-05-14 14:00:00,587.0050048828125,18.65999984741211
2025-05-14 15:00:00,587.5499877929688,18.6299991607666
2025-05-15 02:00:00,587.5499877929688,19.139999389648438
2025-05-15 03:00:00,587.5499877929688,19.299999237060547
2025-05-15 04:00:00,587.5499877929688,19.020000457763672
2025-05-15 05:00:00,587.5499877929688,19.020000457763672
2025-05-15 06:00:00,587.5499877929688,18.920000076293945
2025-05-15 07:00:00,587.5499877929688,18.809999465942383
2025-05-15 08:00:00,587.5499877929688,18.760000228881836
2025-05-15 09:00:00,585.8900146484375,18.579999923706055
2025-05-15 10:00:00,588.3499755859375,18.459999084472656
2025-05-15 11:00:00,589.1699829101562,18.260000228881836
2025-05-15 12:00:00,590.6849975585938,18.25
2025-05-15 13:00:00,589.5098876953125,18.06999969482422
2025-05-15 14:00:00,588.77001953125,17.969999313354492
2025-05-15 15:00:00,590.4000244140625,17.81999969482422
2025-05-16 02:00:00,590.4000244140625,17.739999771118164
2025-05-16 03:00:00,590.4000244140625,17.639999389648438
2025-05-16 04:00:00,590.4000244140625,17.709999084472656
2025-05-16 05:00:00,590.4000244140625,17.59000015258789
2025-05-16 06:00:00,590.4000244140625,17.420000076293945
2025-05-16 07:00:00,590.4000244140625,17.489999771118164
2025-05-16 08:00:00,590.4000244140625,17.479999542236328
2025-05-16 09:00:00,590.8900146484375,17.649999618530273
2025-05-16 10:00:00,590.9000244140625,17.440000534057617
2025-05-16 11:00:00,592.0599975585938,17.219999313354492
2025-05-16 12:00:00,593.0900268554688,17.479999542236328
2025-05-16 13:00:00,593.260009765625,17.350000381469727
2025-05-16 14:00:00,593.85498046875,17.229999542236328
2025-05-16 15:00:00,594.2999877929688,17.239999771118164
2025-05-19 02:00:00,594.2999877929688,19.510000228881836
2025-05-19 03:00:00,594.2999877929688,19.729999542236328
2025-05-19 04:00:00,594.2999877929688,19.799999237060547
2025-05-19 05:00:00,594.2999877929688,19.59000015258789
2025-05-19 06:00:00,594.2999877929688,19.3700008392334
2025-05-19 07:00:00,594.2999877929688,19.34000015258789
2025-05-19 08:00:00,594.2999877929688,18.700000762939453
2025-05-19 09:00:00,592.25,18.579999923706055
2025-05-19 10:00:00,592.3565063476562,18.34000015258789
2025-05-19 11:00:00,593.9622192382812,18.06999969482422
2025-05-19 12:00:00,595.1099853515625,18.09000015258789
2025-05-19 13:00:00,593.75,18.020000457763672
2025-05-19 14:00:00,593.5449829101562,17.979999542236328
2025-05-19 15:00:00,594.9400024414062,18.149999618530273
2025-05-20 02:00:00,594.9400024414062,18.389999389648438
2025-05-20 03:00:00,594.9400024414062,18.40999984741211
2025-05-20 04:00:00,594.9400024414062,18.399999618530273
2025-05-20 05:00:00,594.9400024414062,18.190000534057617
2025-05-20 06:00:00,594.9400024414062,18.170000076293945
2025-05-20 07:00:00,594.9400024414062,18.139999389648438
2025-05-20 08:00:00,594.9400024414062,18.260000228881836
2025-05-20 09:00:00,592.9000244140625,18.31999969482422
2025-05-20 10:00:00,593.4400024414062,17.959999084472656
2025-05-20 11:00:00,592.6799926757812,17.799999237060547
2025-05-20 12:00:00,593.4600219726562,17.969999313354492
2025-05-20 13:00:00,590.8099975585938,18.31999969482422
2025-05-20 14:00:00,591.3200073242188,17.889999389648438
2025-05-20 15:00:00,592.8300170898438,18.100000381469727
2025-05-21 02:00:00,592.8300170898438,18.649999618530273
2025-05-21 03:00:00,592.8300170898438,18.719999313354492
2025-05-21 04:00:00,592.8300170898438,19.06999969482422
2025-05-21 05:00:00,592.8300170898438,18.850000381469727
2025-05-21 06:00:00,592.8300170898438,18.520000457763672
2025-05-21 07:00:00,592.8300170898438,18.860000610351562
2025-05-21 08:00:00,592.8300170898438,18.719999313354492
2025-05-21 09:00:00,589.6199951171875,18.350000381469727
2025-05-21 10:00:00,591.7899780273438,18.219999313354492
2025-05-21 11:00:00,591.7896728515625,18.219999313354492
2025-05-21 12:00:00,584.6900024414062,19.75
2025-05-21 13:00:00,585.260009765625,20.3700008392334
2025-05-21 14:00:00,582.25,20.469999313354492
2025-05-21 15:00:00,582.969970703125,20.8799991607666
2025-05-22 02:00:00,582.969970703125,20.600000381469727
2025-05-22 03:00:00,582.969970703125,20.440000534057617
2025-05-22 04:00:00,582.969970703125,20.459999084472656
2025-05-22 05:00:00,582.969970703125,20.56999969482422
2025-05-22 06:00:00,582.969970703125,21.729999542236328
2025-05-22 07:00:00,582.969970703125,21.010000228881836
2025-05-22 08:00:00,582.969970703125,20.510000228881836
2025-05-22 09:00:00,582.8400268554688,20.790000915527344
2025-05-22 10:00:00,582.5499877929688,20.3799991607666
2025-05-22 11:00:00,584.3250122070312,20.6200008392334
2025-05-22 12:00:00,584.6699829101562,19.979999542236328
2025-05-22 13:00:00,585.5700073242188,19.829999923706055
2025-05-22 14:00:00,586.510009765625,20.309999465942383
2025-05-22 15:00:00,583.030029296875,20.270000457763672
2025-05-23 02:00:00,583.030029296875,19.950000762939453
2025-05-23 03:00:00,583.030029296875,20.040000915527344
2025-05-23 04:00:00,583.030029296875,20.1299991607666
2025-05-23 05:00:00,583.030029296875,20.1299991607666
2025-05-23 06:00:00,583.030029296875,24.020000457763672
2025-05-23 07:00:00,583.030029296875,24.770000457763672
2025-05-23 08:00:00,583.030029296875,23.200000762939453
2025-05-23 09:00:00,577.719970703125,22.520000457763672
2025-05-23 10:00:00,578.47998046875,22.209999084472656
2025-05-23 11:00:00,578.6599731445312,21.829999923706055
2025-05-23 12:00:00,581.0900268554688,21.579999923706055
2025-05-23 13:00:00,580.7650146484375,21.920000076293945
2025-05-23 14:00:00,579.9000244140625,22.34000015258789
2025-05-23 15:00:00,579.1699829101562,22.31999969482422
2025-05-26 02:00:00,579.1699829101562,20.530000686645508
2025-05-26 03:00:00,579.1699829101562,20.540000915527344
2025-05-26 04:00:00,579.1699829101562,20.56999969482422
2025-05-26 05:00:00,579.1699829101562,20.459999084472656
2025-05-26 06:00:00,579.1699829101562,20.360000610351562
2025-05-26 07:00:00,579.1699829101562,20.450000762939453
2025-05-26 08:00:00,579.1699829101562,20.450000762939453
2025-05-26 09:00:00,579.1699829101562,20.739999771118164
2025-05-26 10:00:00,579.1699829101562,20.56999969482422
2025-05-27 02:00:00,579.1699829101562,20.219999313354492
2025-05-27 03:00:00,579.1699829101562,20.360000610351562
2025-05-27 04:00:00,579.1699829101562,20.25
2025-05-27 05:00:00,579.1699829101562,20.350000381469727
2025-05-27 06:00:00,579.1699829101562,20.3799991607666
2025-05-27 07:00:00,579.1699829101562,20.59000015258789
2025-05-27 08:00:00,579.1699829101562,20.219999313354492
2025-05-27 09:00:00,587.8699951171875,19.5
2025-05-27 10:00:00,588.8099975585938,19.389999389648438
2025-05-27 11:00:00,589.3699951171875,19.309999465942383
2025-05-27 12:00:00,590.1701049804688,19.1299991607666
2025-05-27 13:00:00,590.6699829101562,19.1299991607666
2025-05-27 14:00:00,590.2949829101562,19.030000686645508
2025-05-27 15:00:00,591.0599975585938,18.969999313354492
2025-05-28 02:00:00,591.0599975585938,19.260000228881836
2025-05-28 03:00:00,591.0599975585938,19.260000228881836
2025-05-28 04:00:00,591.0599975585938,19.280000686645508
2025-05-28 05:00:00,591.0599975585938,19.0
2025-05-28 06:00:00,591.0599975585938,19.06999969482422
2025-05-28 07:00:00,591.0599975585938,19.100000381469727
2025-05-28 08:00:00,591.0599975585938,19.06999969482422
2025-05-28 09:00:00,590.219970703125,19.309999465942383
2025-05-28 10:00:00,589.4000244140625,19.43000030517578
2025-05-28 11:00:00,589.875,19.059999465942383
2025-05-28 12:00:00,590.2899169921875,19.0
2025-05-28 13:00:00,590.114990234375,18.950000762939453
2025-05-28 14:00:00,589.5150146484375,19.190000534057617
2025-05-28 15:00:00,587.7100219726562,19.299999237060547
2025-05-29 02:00:00,587.7100219726562,18.170000076293945
2025-05-29 03:00:00,587.7100219726562,18.559999465942383
2025-05-29 04:00:00,587.7100219726562,18.610000610351562
2025-05-29 05:00:00,587.7100219726562,18.950000762939453
2025-05-29 06:00:00,587.7100219726562,19.299999237060547
2025-05-29 07:00:00,587.7100219726562,19.18000030517578
2025-05-29 08:00:00,587.7100219726562,19.139999389648438
2025-05-29 09:00:00,590.0900268554688,18.979999542236328
2025-05-29 10:00:00,590.719970703125,19.940000534057617
2025-05-29 11:00:00,588.989990234375,19.1299991607666
2025-05-29 12:00:00,589.3200073242188,19.270000457763672
2025-05-29 13:00:00,588.030029296875,19.06999969482422
2025-05-29 14:00:00,588.8900146484375,19.049999237060547
2025-05-29 15:00:00,589.989990234375,19.18000030517578
2025-05-30 02:00:00,589.989990234375,19.34000015258789
2025-05-30 03:00:00,589.989990234375,19.350000381469727
2025-05-30 04:00:00,589.989990234375,19.329999923706055
2025-05-30 05:00:00,589.989990234375,19.229999542236328
2025-05-30 06:00:00,589.989990234375,19.079999923706055
2025-05-30 07:00:00,589.989990234375,19.739999771118164
2025-05-30 08:00:00,589.989990234375,19.700000762939453
2025-05-30 09:00:00,589.5999755859375,19.260000228881836
2025-05-30 10:00:00,589.1254272460938,19.260000228881836
2025-05-30 11:00:00,585.0999755859375,20.239999771118164
2025-05-30 12:00:00,585.89501953125,19.920000076293945
2025-05-30 13:00:00,588.260009765625,19.059999465942383
2025-05-30 14:00:00,590.6400146484375,18.75
2025-05-30 15:00:00,589.4600219726562,18.579999923706055
2025-06-02 02:00:00,589.4600219726562,20.100000381469727
2025-06-02 03:00:00,589.4600219726562,19.770000457763672
2025-06-02 04:00:00,589.4600219726562,19.969999313354492
2025-06-02 05:00:00,589.4600219726562,19.81999969482422
2025-06-02 06:00:00,589.4600219726562,19.719999313354492
2025-06-02 07:00:00,589.4600219726562,19.549999237060547
2025-06-02 08:00:00,589.4600219726562,19.530000686645508
2025-06-02 09:00:00,588.5900268554688,18.8799991607666
2025-06-02 10:00:00,588.5399780273438,18.8799991607666
2025-06-02 11:00:00,589.4099731445312,18.93000030517578
2025-06-02 12:00:00,589.8599853515625,18.899999618530273
2025-06-02 13:00:00,591.5050048828125,18.530000686645508
2025-06-02 14:00:00,592.4000244140625,18.479999542236328
2025-06-02 15:00:00,592.6199951171875,18.3700008392334
2025-06-03 02:00:00,592.6199951171875,19.06999969482422
2025-06-03 03:00:00,592.6199951171875,19.049999237060547
2025-06-03 04:00:00,592.6199951171875,19.0
2025-06-03 05:00:00,592.6199951171875,18.739999771118164
2025-06-03 06:00:00,592.6199951171875,18.510000228881836
2025-06-03 07:00:00,592.6199951171875,18.469999313354492
2025-06-03 08:00:00,592.6199951171875,18.440000534057617
2025-06-03 09:00:00,593.89501953125,18.010000228881836
2025-06-03 10:00:00,594.969970703125,17.989999771118164
2025-06-03 11:00:00,596.0750122070312,17.920000076293945
2025-06-03 12:00:00,596.75,17.8700008392334
2025-06-03 13:00:00,596.1500244140625,17.739999771118164
2025-06-03 14:00:00,596.260009765625,17.649999618530273
2025-06-03 15:00:00,596.1099853515625,17.690000534057617
2025-06-04 02:00:00,596.1099853515625,17.540000915527344
2025-06-04 03:00:00,596.1099853515625,17.559999465942383
2025-06-04 04:00:00,596.1099853515625,17.5
2025-06-04 05:00:00,596.1099853515625,17.450000762939453
2025-06-04 06:00:00,596.1099853515625,17.459999084472656
2025-06-04 07:00:00,596.1099853515625,17.649999618530273
2025-06-04 08:00:00,596.1099853515625,17.670000076293945
2025-06-04 09:00:00,597.5850219726562,17.65999984741211
2025-06-04 10:00:00,596.989990234375,17.68000030517578
2025-06-04 11:00:00,595.9249877929688,17.6299991607666
2025-06-04 12:00:00,597.3150024414062,17.579999923706055
2025-06-04 13:00:00,597.5900268554688,17.56999969482422
2025-06-04 14:00:00,597.030029296875,17.489999771118164
2025-06-04 15:00:00,595.8900146484375,17.600000381469727
2025-06-05 02:00:00,595.8900146484375,17.510000228881836
2025-06-05 03:00:00,595.8900146484375,17.559999465942383
2025-06-05 04:00:00,595.8900146484375,17.6200008392334
2025-06-05 05:00:00,595.8900146484375,17.610000610351562
2025-06-05 06:00:00,595.8900146484375,17.65999984741211
2025-06-05 07:00:00,595.8900146484375,17.59000015258789
2025-06-05 08:00:00,595.8900146484375,18.09000015258789
2025-06-05 09:00:00,596.1649780273438,17.270000457763672
2025-06-05 10:00:00,598.6600952148438,17.149999618530273
2025-06-05 11:00:00,597.8900146484375,17.65999984741211
2025-06-05 12:00:00,596.469970703125,17.329999923706055
2025-06-05 13:00:00,595.3388061523438,17.799999237060547
2025-06-05 14:00:00,592.4600219726562,18.6299991607666
2025-06-05 15:00:00,593.0,18.510000228881836
2025-06-06 02:00:00,593.0,18.149999618530273
2025-06-06 03:00:00,593.0,18.200000762939453
2025-06-06 04:00:00,593.0,18.18000030517578
2025-06-06 05:00:00,593.0,18.290000915527344
2025-06-06 06:00:00,593.0,18.06999969482422
2025-06-06 07:00:00,593.0,17.200000762939453
2025-06-06 08:00:00,593.0,17.200000762939453
2025-06-06 09:00:00,599.1799926757812,17.18000030517578
2025-06-06 10:00:00,598.219970703125,16.899999618530273
2025-06-06 11:00:00,598.5900268554688,17.059999465942383
2025-06-06 12:00:00,598.1900024414062,16.719999313354492
2025-06-06 13:00:00,599.5800170898438,16.860000610351562
2025-06-06 14:00:00,599.3499755859375,16.809999465942383
2025-06-06 15:00:00,599.0399780273438,16.770000457763672
2025-06-09 02:00:00,599.0399780273438,17.600000381469727
2025-06-09 03:00:00,599.0399780273438,17.579999923706055
2025-06-09 04:00:00,599.0399780273438,17.610000610351562
2025-06-09 05:00:00,599.0399780273438,17.610000610351562
2025-06-09 06:00:00,599.0399780273438,17.469999313354492
2025-06-09 07:00:00,599.0399780273438,17.5
2025-06-09 08:00:00,599.0399780273438,17.389999389648438
2025-06-09 09:00:00,599.7100219726562,17.270000457763672
2025-06-09 10:00:00,599.2150268554688,17.059999465942383
2025-06-09 11:00:00,599.7899780273438,17.020000457763672
2025-06-09 12:00:00,600.8300170898438,16.8700008392334
2025-06-09 13:00:00,601.0499877929688,16.84000015258789
2025-06-09 14:00:00,600.5399780273438,17.110000610351562
2025-06-09 15:00:00,599.5499877929688,17.170000076293945
2025-06-10 02:00:00,599.5499877929688,17.489999771118164
2025-06-10 03:00:00,599.5499877929688,17.459999084472656
2025-06-10 04:00:00,599.5499877929688,17.360000610351562
2025-06-10 05:00:00,599.5499877929688,17.280000686645508
2025-06-10 06:00:00,599.5499877929688,17.229999542236328
2025-06-10 07:00:00,599.5499877929688,17.219999313354492
2025-06-10 08:00:00,599.5499877929688,17.139999389648438
2025-06-10 09:00:00,601.1900024414062,17.06999969482422
2025-06-10 10:00:00,601.1749877929688,16.989999771118164
2025-06-10 11:00:00,601.8790893554688,16.8799991607666
2025-06-10 12:00:00,601.9099731445312,17.030000686645508
2025-06-10 13:00:00,600.9249877929688,16.719999313354492
2025-06-10 14:00:00,602.6320190429688,16.760000228881836
2025-06-10 15:00:00,603.030029296875,16.950000762939453
2025-06-11 02:00:00,603.030029296875,16.979999542236328
2025-06-11 03:00:00,603.030029296875,16.950000762939453
2025-06-11 04:00:00,603.030029296875,17.110000610351562
2025-06-11 05:00:00,603.030029296875,16.979999542236328
2025-06-11 06:00:00,603.030029296875,16.989999771118164
2025-06-11 07:00:00,603.030029296875,16.420000076293945
2025-06-11 08:00:00,603.030029296875,16.579999923706055
2025-06-11 09:00:00,604.7349853515625,16.399999618530273
2025-06-11 10:00:00,604.219970703125,16.5
2025-06-11 11:00:00,603.219970703125,16.469999313354492
2025-06-11 12:00:00,604.3499755859375,16.65999984741211
2025-06-11 13:00:00,600.7100219726562,17.479999542236328
2025-06-11 14:00:00,600.47998046875,17.360000610351562
2025-06-11 15:00:00,601.4099731445312,17.260000228881836
2025-06-12 02:00:00,601.4099731445312,18.43000030517578
2025-06-12 03:00:00,601.4099731445312,18.31999969482422
2025-06-12 04:00:00,601.4099731445312,18.31999969482422
2025-06-12 05:00:00,601.4099731445312,18.520000457763672
2025-06-12 06:00:00,601.4099731445312,18.790000915527344
2025-06-12 07:00:00,601.4099731445312,18.06999969482422
2025-06-12 08:00:00,601.4099731445312,17.969999313354492
2025-06-12 09:00:00,602.47998046875,17.56999969482422
2025-06-12 10:00:00,602.4500122070312,18.059999465942383
2025-06-12 11:00:00,603.0045776367188,17.969999313354492
2025-06-12 12:00:00,602.97998046875,17.600000381469727
2025-06-12 13:00:00,602.8099975585938,17.770000457763672
2025-06-12 14:00:00,603.2946166992188,17.940000534057617
2025-06-12 15:00:00,603.6799926757812,18.020000457763672
2025-06-13 02:00:00,603.6799926757812,21.020000457763672
2025-06-13 03:00:00,603.6799926757812,21.149999618530273
2025-06-13 04:00:00,603.6799926757812,20.969999313354492
2025-06-13 05:00:00,603.6799926757812,20.459999084472656
2025-06-13 06:00:00,603.6799926757812,19.959999084472656
2025-06-13 07:00:00,603.6799926757812,20.110000610351562
2025-06-13 08:00:00,603.6799926757812,20.479999542236328
2025-06-13 09:00:00,596.77001953125,19.940000534057617
2025-06-13 10:00:00,600.5800170898438,19.059999465942383
2025-06-13 11:00:00,600.8800048828125,19.110000610351562
2025-06-13 12:00:00,599.530029296875,19.850000381469727
2025-06-13 13:00:00,597.1099853515625,21.1299991607666
2025-06-13 14:00:00,596.2692260742188,21.139999389648438
2025-06-13 15:00:00,596.9400024414062,20.84000015258789
2025-06-16 02:00:00,596.9400024414062,19.850000381469727
2025-06-16 03:00:00,596.9400024414062,19.940000534057617
2025-06-16 04:00:00,596.9400024414062,20.139999389648438
2025-06-16 05:00:00,596.9400024414062,19.969999313354492
2025-06-16 06:00:00,596.9400024414062,19.790000915527344
2025-06-16 07:00:00,596.9400024414062,19.719999313354492
2025-06-16 08:00:00,596.9400024414062,18.90999984741211
2025-06-16 09:00:00,604.0700073242188,18.950000762939453
2025-06-16 10:00:00,603.3779907226562,18.989999771118164
2025-06-16 11:00:00,603.02001953125,19.280000686645508
2025-06-16 12:00:00,603.3800048828125,19.290000915527344
2025-06-16 13:00:00,602.5599975585938,19.200000762939453
2025-06-16 14:00:00,602.0499877929688,19.170000076293945
2025-06-16 15:00:00,602.7000122070312,19.110000610351562
2025-06-17 02:00:00,602.7000122070312,20.649999618530273
2025-06-17 03:00:00,602.7000122070312,20.469999313354492
2025-06-17 04:00:00,602.7000122070312,20.610000610351562
2025-06-17 05:00:00,602.7000122070312,20.510000228881836
2025-06-17 06:00:00,602.7000122070312,20.149999618530273
2025-06-17 07:00:00,602.7000122070312,20.229999542236328
2025-06-17 08:00:00,602.7000122070312,19.850000381469727
2025-06-17 09:00:00,601.1699829101562,20.079999923706055
2025-06-17 10:00:00,600.469970703125,20.020000457763672
2025-06-17 11:00:00,601.1500244140625,20.56999969482422
2025-06-17 12:00:00,599.0,21.350000381469727
2025-06-17 13:00:00,597.3900146484375,21.170000076293945
2025-06-17 14:00:00,598.25,21.43000030517578
2025-06-17 15:00:00,597.5700073242188,21.6200008392334
2025-06-18 02:00:00,597.5700073242188,20.799999237060547
2025-06-18 03:00:00,597.5700073242188,20.719999313354492
2025-06-18 04:00:00,597.5700073242188,20.649999618530273
2025-06-18 05:00:00,597.5700073242188,21.56999969482422
2025-06-18 06:00:00,597.5700073242188,21.139999389648438
2025-06-18 07:00:00,597.5700073242188,21.389999389648438
2025-06-18 08:00:00,597.5700073242188,20.25
2025-06-18 09:00:00,600.7708129882812,19.799999237060547
2025-06-18 10:00:00,600.0999755859375,20.149999618530273
2025-06-18 11:00:00,599.4949951171875,20.31999969482422
2025-06-18 12:00:00,598.875,20.399999618530273
2025-06-18 13:00:00,599.3400268554688,20.850000381469727
2025-06-18 14:00:00,596.9199829101562,20.3799991607666
2025-06-18 15:00:00,597.4600219726562,20.149999618530273
2025-06-19 02:00:00,597.4600219726562,22.079999923706055
2025-06-19 03:00:00,597.4600219726562,21.600000381469727
2025-06-19 04:00:00,597.4600219726562,21.3700008392334
2025-06-19 05:00:00,597.4600219726562,21.219999313354492
2025-06-19 06:00:00,597.4600219726562,21.540000915527344
2025-06-19 07:00:00,597.4600219726562,21.899999618530273
2025-06-19 08:00:00,597.4600219726562,22.360000610351562
2025-06-19 09:00:00,597.4600219726562,22.209999084472656
2025-06-19 10:00:00,597.4600219726562,22.170000076293945
2025-06-20 02:00:00,597.4600219726562,20.389999389648438
2025-06-20 03:00:00,597.4600219726562,20.829999923706055
2025-06-20 04:00:00,597.4600219726562,20.450000762939453
2025-06-20 05:00:00,597.4600219726562,20.239999771118164
2025-06-20 06:00:00,597.4600219726562,19.68000030517578
2025-06-20 07:00:00,597.4600219726562,19.309999465942383
2025-06-20 08:00:00,597.4600219726562,19.639999389648438
2025-06-20 09:00:00,596.1500244140625,20.520000457763672
2025-06-20 10:00:00,595.280029296875,20.290000915527344
2025-06-20 11:00:00,594.9299926757812,20.389999389648438
2025-06-20 12:00:00,593.5549926757812,20.690000534057617
2025-06-20 13:00:00,594.8800048828125,20.760000228881836
2025-06-20 14:00:00,593.469970703125,20.59000015258789
2025-06-20 15:00:00,594.219970703125,20.6299991607666
2025-06-23 02:00:00,594.219970703125,20.950000762939453
2025-06-23 03:00:00,594.219970703125,20.809999465942383
2025-06-23 04:00:00,594.219970703125,20.920000076293945
2025-06-23 05:00:00,594.219970703125,21.209999084472656
2025-06-23 06:00:00,594.219970703125,21.510000228881836
2025-06-23 07:00:00,594.219970703125,20.65999984741211
2025-06-23 08:00:00,594.219970703125,20.200000762939453
2025-06-23 09:00:00,597.5399780273438,20.43000030517578
2025-06-23 10:00:00,596.5800170898438,20.889999389648438
2025-06-23 11:00:00,594.3099975585938,21.6200008392334
2025-06-23 12:00:00,597.7100219726562,20.25
2025-06-23 13:00:00,598.3599853515625,20.25
2025-06-23 14:00:00,599.239990234375,19.899999618530273
2025-06-23 15:00:00,600.1199951171875,19.850000381469727
2025-06-24 02:00:00,600.1199951171875,18.459999084472656
2025-06-24 03:00:00,600.1199951171875,18.350000381469727
2025-06-24 04:00:00,600.1199951171875,18.149999618530273
2025-06-24 05:00:00,600.1199951171875,18.190000534057617
2025-06-24 06:00:00,600.1199951171875,18.100000381469727
2025-06-24 07:00:00,600.1199951171875,18.110000610351562
2025-06-24 08:00:00,600.1199951171875,18.200000762939453
2025-06-24 09:00:00,604.5999145507812,18.010000228881836
2025-06-24 10:00:00,605.7550048828125,17.75
2025-06-24 11:00:00,606.4920043945312,17.6299991607666
2025-06-24 12:00:00,606.3300170898438,17.559999465942383
2025-06-24 13:00:00,607.0,17.43000030517578
2025-06-24 14:00:00,607.5050048828125,17.510000228881836
2025-06-24 15:00:00,606.760009765625,17.479999542236328
2025-06-25 02:00:00,606.760009765625,17.31999969482422
2025-06-25 03:00:00,606.760009765625,17.239999771118164
2025-06-25 04:00:00,606.760009765625,17.290000915527344
2025-06-25 05:00:00,606.760009765625,17.239999771118164
2025-06-25 06:00:00,606.760009765625,17.06999969482422
2025-06-25 07:00:00,606.760009765625,17.049999237060547
2025-06-25 08:00:00,606.760009765625,17.15999984741211
2025-06-25 09:00:00,607.6900024414062,17.239999771118164
2025-06-25 10:00:00,607.1799926757812,17.350000381469727
2025-06-25 11:00:00,606.9749755859375,17.309999465942383
2025-06-25 12:00:00,607.02001953125,17.25
2025-06-25 13:00:00,606.3798828125,17.0
2025-06-25 14:00:00,606.9948120117188,16.68000030517578
2025-06-25 15:00:00,607.0800170898438,16.75
2025-06-26 02:00:00,607.0800170898438,16.719999313354492
2025-06-26 03:00:00,607.0800170898438,16.670000076293945
2025-06-26 04:00:00,607.0800170898438,16.709999084472656
2025-06-26 05:00:00,607.0800170898438,16.700000762939453
2025-06-26 06:00:00,607.0800170898438,16.670000076293945
2025-06-26 07:00:00,607.0800170898438,16.670000076293945
2025-06-26 08:00:00,607.0800170898438,16.559999465942383
2025-06-26 09:00:00,609.9450073242188,16.34000015258789
2025-06-26 10:00:00,610.0900268554688,16.3700008392334
2025-06-26 11:00:00,610.8800048828125,16.360000610351562
2025-06-26 12:00:00,611.1900024414062,16.420000076293945
2025-06-26 13:00:00,611.719970703125,16.3700008392334
2025-06-26 14:00:00,611.6400146484375,16.440000534057617
2025-06-26 15:00:00,611.8800048828125,16.59000015258789
2025-06-27 02:00:00,611.8800048828125,16.31999969482422
2025-06-27 03:00:00,611.8800048828125,16.200000762939453
2025-06-27 04:00:00,611.8800048828125,16.200000762939453
2025-06-27 05:00:00,611.8800048828125,16.209999084472656
2025-06-27 06:00:00,611.8800048828125,16.149999618530273
2025-06-27 07:00:00,611.8800048828125,16.209999084472656
2025-06-27 08:00:00,611.8800048828125,16.280000686645508
2025-06-27 09:00:00,614.905029296875,16.540000915527344
2025-06-27 10:00:00,615.3400268554688,16.420000076293945
2025-06-27 11:00:00,616.3150024414062,16.440000534057617
2025-06-27 12:00:00,615.3900146484375,16.989999771118164
2025-06-27 13:00:00,612.3300170898438,17.040000915527344
2025-06-27 14:00:00,612.385009765625,16.25
2025-06-27 15:00:00,614.8499755859375,16.31999969482422
2025-06-30 02:00:00,614.8499755859375,17.170000076293945
2025-06-30 03:00:00,614.8499755859375,17.09000015258789
2025-06-30 04:00:00,614.8499755859375,17.059999465942383
2025-06-30 05:00:00,614.8499755859375,17.040000915527344
2025-06-30 06:00:00,614.8499755859375,17.079999923706055
2025-06-30 07:00:00,614.8499755859375,17.139999389648438
2025-06-30 08:00:00,614.8499755859375,17.290000915527344
2025-06-30 09:00:00,616.7000122070312,17.360000610351562
2025-06-30 10:00:00,616.2050170898438,17.139999389648438
2025-06-30 11:00:00,616.255126953125,17.100000381469727
2025-06-30 12:00:00,616.5150146484375,17.110000610351562
2025-06-30 13:00:00,616.0449829101562,16.75
2025-06-30 14:00:00,617.9000244140625,16.600000381469727
2025-06-30 15:00:00,617.9000244140625,16.729999542236328
2025-07-01 02:00:00,617.9000244140625,17.049999237060547
2025-07-01 03:00:00,617.9000244140625,17.030000686645508
2025-07-01 04:00:00,617.9000244140625,17.09000015258789
2025-07-01 05:00:00,617.9000244140625,17.25
2025-07-01 06:00:00,617.9000244140625,17.18000030517578
2025-07-01 07:00:00,617.9000244140625,17.31999969482422
2025-07-01 08:00:00,617.9000244140625,16.979999542236328
2025-07-01 09:00:00,617.1199951171875,17.020000457763672
2025-07-01 10:00:00,617.280029296875,16.940000534057617
2025-07-01 11:00:00,617.3200073242188,16.920000076293945
2025-07-01 12:00:00,618.0750122070312,16.65999984741211
2025-07-01 13:00:00,618.010009765625,16.56999969482422
2025-07-01 14:00:00,618.364990234375,16.719999313354492
2025-07-01 15:00:00,617.5599975585938,16.829999923706055
2025-07-02 02:00:00,617.5599975585938,16.829999923706055
2025-07-02 03:00:00,617.5599975585938,16.850000381469727
2025-07-02 04:00:00,617.5599975585938,16.809999465942383
2025-07-02 05:00:00,617.5599975585938,16.81999969482422
2025-07-02 06:00:00,617.5599975585938,16.940000534057617
2025-07-02 07:00:00,617.5599975585938,17.34000015258789
2025-07-02 08:00:00,617.5599975585938,17.139999389648438
2025-07-02 09:00:00,618.5999755859375,16.780000686645508
2025-07-02 10:00:00,618.7899780273438,16.729999542236328
2025-07-02 11:00:00,619.155029296875,16.729999542236328
2025-07-02 12:00:00,619.47998046875,16.670000076293945
2025-07-02 13:00:00,619.5900268554688,16.600000381469727
2025-07-02 14:00:00,619.760009765625,16.6200008392334
2025-07-02 15:00:00,620.3699951171875,16.6299991607666
2025-07-03 02:00:00,620.3699951171875,16.649999618530273
2025-07-03 03:00:00,620.3699951171875,16.75
2025-07-03 04:00:00,620.3699951171875,16.729999542236328
2025-07-03 05:00:00,620.3699951171875,16.790000915527344
2025-07-03 06:00:00,620.3699951171875,16.760000228881836
2025-07-03 07:00:00,620.3699951171875,16.360000610351562
2025-07-03 08:00:00,620.3699951171875,16.43000030517578
2025-07-03 09:00:00,625.0,16.469999313354492
2025-07-03 10:00:00,625.4199829101562,16.40999984741211
2025-07-03 11:00:00,625.7349853515625,16.420000076293945
2025-07-03 12:00:00,625.7349853515625,16.3799991607666
2025-07-04 02:00:00,625.7349853515625,17.190000534057617
2025-07-04 03:00:00,625.7349853515625,17.489999771118164
2025-07-04 04:00:00,625.7349853515625,17.420000076293945
2025-07-04 05:00:00,625.7349853515625,17.6200008392334
2025-07-04 06:00:00,625.7349853515625,17.520000457763672
2025-07-04 07:00:00,625.7349853515625,17.579999923706055
2025-07-04 08:00:00,625.7349853515625,17.489999771118164
2025-07-04 09:00:00,625.7349853515625,17.440000534057617
2025-07-04 10:00:00,625.7349853515625,17.479999542236328
2025-07-07 02:00:00,625.7349853515625,17.850000381469727
2025-07-07 03:00:00,625.7349853515625,17.850000381469727
2025-07-07 04:00:00,625.7349853515625,17.610000610351562
2025-07-07 05:00:00,625.7349853515625,17.6299991607666
2025-07-07 06:00:00,625.7349853515625,17.540000915527344
2025-07-07 07:00:00,625.7349853515625,17.709999084472656
2025-07-07 08:00:00,625.7349853515625,17.579999923706055
2025-07-07 09:00:00,623.0399780273438,17.760000228881836
2025-07-07 10:00:00,622.0700073242188,17.709999084472656
2025-07-07 11:00:00,620.5750122070312,18.219999313354492
2025-07-07 12:00:00,620.1900024414062,18.010000228881836
2025-07-07 13:00:00,617.989990234375,17.829999923706055
2025-07-07 14:00:00,619.4600219726562,17.729999542236328
2025-07-07 15:00:00,620.780029296875,17.790000915527344
2025-07-08 02:00:00,620.780029296875,17.25
2025-07-08 03:00:00,620.780029296875,17.280000686645508
2025-07-08 04:00:00,620.780029296875,17.309999465942383
2025-07-08 05:00:00,620.780029296875,17.190000534057617
2025-07-08 06:00:00,620.780029296875,17.020000457763672
2025-07-08 07:00:00,620.780029296875,17.020000457763672
2025-07-08 08:00:00,620.780029296875,16.93000030517578
2025-07-08 09:00:00,620.010009765625,16.889999389648438
2025-07-08 10:00:00,619.9639892578125,16.719999313354492
2025-07-08 11:00:00,621.875,16.809999465942383
2025-07-08 12:00:00,620.8350219726562,16.700000762939453
2025-07-08 13:00:00,620.6500244140625,16.719999313354492
2025-07-08 14:00:00,620.510009765625,16.81999969482422
2025-07-08 15:00:00,620.3099975585938,16.809999465942383
2025-07-09 02:00:00,620.3099975585938,16.649999618530273
2025-07-09 03:00:00,620.3099975585938,16.510000228881836
2025-07-09 04:00:00,620.3099975585938,16.350000381469727
2025-07-09 05:00:00,620.3099975585938,16.360000610351562
2025-07-09 06:00:00,620.3099975585938,16.260000228881836
2025-07-09 07:00:00,620.3099975585938,16.139999389648438
2025-07-09 08:00:00,620.3099975585938,16.049999237060547
2025-07-09 09:00:00,623.3699951171875,16.5
2025-07-09 10:00:00,622.10498046875,16.149999618530273
2025-07-09 11:00:00,621.7899780273438,16.06999969482422
2025-07-09 12:00:00,622.322021484375,15.920000076293945
2025-07-09 13:00:00,622.8499755859375,15.789999961853027
2025-07-09 14:00:00,623.5999755859375,15.890000343322754
2025-07-09 15:00:00,623.989990234375,15.9399995803833
2025-07-10 02:00:00,623.989990234375,16.100000381469727
2025-07-10 03:00:00,623.989990234375,15.979999542236328
2025-07-10 04:00:00,623.989990234375,16.020000457763672
2025-07-10 05:00:00,623.989990234375,15.989999771118164
2025-07-10 06:00:00,623.989990234375,15.880000114440918
2025-07-10 07:00:00,623.989990234375,15.979999542236328
2025-07-10 08:00:00,623.989990234375,16.030000686645508
2025-07-10 09:00:00,623.7348022460938,15.869999885559082
2025-07-10 10:00:00,625.52001953125,15.850000381469727
2025-07-10 11:00:00,625.5700073242188,15.800000190734863
2025-07-10 12:00:00,626.0999755859375,15.789999961853027
2025-07-10 13:00:00,626.5900268554688,15.819999694824219
2025-07-10 14:00:00,626.2050170898438,15.729999542236328
2025-07-10 15:00:00,625.8300170898438,15.789999961853027
2025-07-11 02:00:00,625.8300170898438,16.75
2025-07-11 03:00:00,625.8300170898438,16.809999465942383
2025-07-11 04:00:00,625.8300170898438,17.149999618530273
2025-07-11 05:00:00,625.8300170898438,17.170000076293945
2025-07-11 06:00:00,625.8300170898438,16.760000228881836
2025-07-11 07:00:00,625.8300170898438,16.780000686645508
2025-07-11 08:00:00,625.8300170898438,16.6200008392334
2025-07-11 09:00:00,624.0050048828125,16.440000534057617
2025-07-11 10:00:00,623.3900146484375,16.459999084472656
2025-07-11 11:00:00,623.9450073242188,16.219999313354492
2025-07-11 12:00:00,624.4500122070312,16.139999389648438
2025-07-11 13:00:00,624.2650146484375,16.030000686645508
2025-07-11 14:00:00,624.4450073242188,16.299999237060547
2025-07-11 15:00:00,623.6099853515625,16.399999618530273
2025-07-14 02:00:00,623.6099853515625,17.530000686645508
2025-07-14 03:00:00,623.6099853515625,17.479999542236328
2025-07-14 04:00:00,623.6099853515625,17.360000610351562
2025-07-14 05:00:00,623.6099853515625,17.5
2025-07-14 06:00:00,623.6099853515625,17.440000534057617
2025-07-14 07:00:00,623.6099853515625,17.3799991607666
2025-07-14 08:00:00,623.6099853515625,17.290000915527344
2025-07-14 09:00:00,622.6915283203125,17.170000076293945
2025-07-14 10:00:00,624.1300048828125,17.1200008392334
2025-07-14 11:00:00,623.885009765625,17.030000686645508
2025-07-14 12:00:00,624.7000122070312,16.989999771118164
2025-07-14 13:00:00,624.9500122070312,17.030000686645508
2025-07-14 14:00:00,624.72998046875,17.18000030517578
2025-07-14 15:00:00,624.719970703125,17.200000762939453
2025-07-15 02:00:00,624.719970703125,16.8700008392334
2025-07-15 03:00:00,624.719970703125,16.860000610351562
2025-07-15 04:00:00,624.719970703125,16.799999237060547
2025-07-15 05:00:00,624.719970703125,16.8700008392334
2025-07-15 06:00:00,624.719970703125,16.809999465942383
2025-07-15 07:00:00,624.719970703125,16.6299991607666
2025-07-15 08:00:00,624.719970703125,16.920000076293945
2025-07-15 09:00:00,625.47998046875,17.299999237060547
2025-07-15 10:00:00,625.1007080078125,17.020000457763672
2025-07-15 11:00:00,624.2747802734375,17.09000015258789
2025-07-15 12:00:00,623.8599853515625,16.829999923706055
2025-07-15 13:00:00,624.5999755859375,17.079999923706055
2025-07-15 14:00:00,623.2899780273438,17.260000228881836
2025-07-15 15:00:00,622.1099853515625,17.3799991607666
2025-07-16 02:00:00,622.1099853515625,17.5
2025-07-16 03:00:00,622.1099853515625,17.329999923706055
2025-07-16 04:00:00,622.1099853515625,17.350000381469727
2025-07-16 05:00:00,622.1099853515625,17.280000686645508
2025-07-16 06:00:00,622.1099853515625,17.200000762939453
2025-07-16 07:00:00,622.1099853515625,16.8700008392334
2025-07-16 08:00:00,622.1099853515625,17.200000762939453
2025-07-16 09:00:00,622.489990234375,17.399999618530273
2025-07-16 10:00:00,621.3150024414062,17.81999969482422
2025-07-16 11:00:00,621.6699829101562,17.6200008392334
2025-07-16 12:00:00,623.0999755859375,17.469999313354492
2025-07-16 13:00:00,623.3499755859375,16.899999618530273
2025-07-16 14:00:00,624.1400756835938,17.09000015258789
2025-07-16 15:00:00,624.1799926757812,17.15999984741211
2025-07-17 02:00:00,624.1799926757812,17.209999084472656
2025-07-17 03:00:00,624.1799926757812,17.190000534057617
2025-07-17 04:00:00,624.1799926757812,17.190000534057617
2025-07-17 05:00:00,624.1799926757812,17.290000915527344
2025-07-17 06:00:00,624.1799926757812,17.34000015258789
2025-07-17 07:00:00,624.1799926757812,17.079999923706055
2025-07-17 08:00:00,624.1799926757812,16.969999313354492
2025-07-17 09:00:00,625.4600219726562,16.889999389648438
2025-07-17 10:00:00,626.6699829101562,16.809999465942383
2025-07-17 11:00:00,626.8499755859375,16.75
2025-07-17 12:00:00,627.0250244140625,16.68000030517578
2025-07-17 13:00:00,627.8322143554688,16.530000686645508
2025-07-17 14:00:00,627.97998046875,16.6299991607666
2025-07-17 15:00:00,627.97998046875,16.510000228881836
2025-07-18 02:00:00,627.97998046875,16.489999771118164
2025-07-18 03:00:00,627.97998046875,16.479999542236328
2025-07-18 04:00:00,627.97998046875,16.469999313354492
2025-07-18 05:00:00,627.97998046875,16.59000015258789
2025-07-18 06:00:00,627.97998046875,16.559999465942383
2025-07-18 07:00:00,627.97998046875,16.440000534057617
2025-07-18 08:00:00,627.97998046875,16.3799991607666
2025-07-18 09:00:00,627.3699951171875,16.450000762939453
2025-07-18 10:00:00,627.60498046875,16.31999969482422
2025-07-18 11:00:00,626.9600219726562,16.75
2025-07-18 12:00:00,626.9400024414062,16.68000030517578
2025-07-18 13:00:00,627.114990234375,16.6200008392334
2025-07-18 14:00:00,627.3900146484375,16.450000762939453
2025-07-18 15:00:00,627.5900268554688,16.40999984741211
2025-07-21 02:00:00,627.5900268554688,16.8700008392334
2025-07-21 03:00:00,627.5900268554688,16.850000381469727
2025-07-21 04:00:00,627.5900268554688,16.899999618530273
2025-07-21 05:00:00,627.5900268554688,16.940000534057617
2025-07-21 06:00:00,627.5900268554688,16.8799991607666
2025-07-21 07:00:00,627.5900268554688,16.93000030517578
2025-07-21 08:00:00,627.5900268554688,16.690000534057617
2025-07-21 09:00:00,631.25,16.479999542236328
2025-07-21 10:00:00,631.268798828125,16.399999618530273
2025-07-21 11:00:00,630.77001953125,16.350000381469727
2025-07-21 12:00:00,631.39501953125,16.3700008392334
2025-07-21 13:00:00,631.1917724609375,16.450000762939453
2025-07-21 14:00:00,629.4500122070312,16.75
2025-07-21 15:00:00,628.72998046875,16.639999389648438
2025-07-22 02:00:00,628.72998046875,16.850000381469727
2025-07-22 03:00:00,628.72998046875,16.93000030517578
2025-07-22 04:00:00,628.72998046875,16.979999542236328
2025-07-22 05:00:00,628.72998046875,16.950000762939453
2025-07-22 06:00:00,628.72998046875,16.850000381469727
2025-07-22 07:00:00,628.72998046875,16.75
2025-07-22 08:00:00,628.72998046875,17.350000381469727
2025-07-22 09:00:00,627.0900268554688,16.850000381469727
2025-07-22 10:00:00,627.6400146484375,16.889999389648438
2025-07-22 11:00:00,627.239990234375,16.719999313354492
2025-07-22 12:00:00,629.0499877929688,16.6299991607666
2025-07-22 13:00:00,628.4249877929688,16.459999084472656
2025-07-22 14:00:00,629.2000122070312,16.520000457763672
2025-07-22 15:00:00,628.8300170898438,16.5
2025-07-23 02:00:00,628.8300170898438,16.309999465942383
2025-07-23 03:00:00,628.8300170898438,16.170000076293945
2025-07-23 04:00:00,628.8300170898438,16.149999618530273
2025-07-23 05:00:00,628.8300170898438,16.09000015258789
2025-07-23 06:00:00,628.8300170898438,16.0
2025-07-23 07:00:00,628.8300170898438,16.040000915527344
2025-07-23 08:00:00,628.8300170898438,16.1299991607666
2025-07-23 09:00:00,630.73876953125,15.960000038146973
2025-07-23 10:00:00,630.8250122070312,15.65999984741211
2025-07-23 11:00:00,631.6900024414062,15.470000267028809
2025-07-23 12:00:00,632.0999755859375,15.40999984741211
2025-07-23 13:00:00,633.2349853515625,15.399999618530273
2025-07-23 14:00:00,633.3599853515625,15.4399995803833
2025-07-23 15:00:00,634.1599731445312,15.380000114440918
2025-07-24 02:00:00,634.1599731445312,15.40999984741211
2025-07-24 03:00:00,634.1599731445312,15.3100004196167
2025-07-24 04:00:00,634.1599731445312,15.289999961853027
2025-07-24 05:00:00,634.1599731445312,15.380000114440918
2025-07-24 06:00:00,634.1599731445312,15.220000267028809
2025-07-24 07:00:00,634.1599731445312,15.130000114440918
2025-07-24 08:00:00,634.1599731445312,15.0600004196167
2025-07-24 09:00:00,634.8200073242188,14.989999771118164
2025-07-24 10:00:00,635.5250244140625,15.020000457763672
2025-07-24 11:00:00,634.5650024414062,15.170000076293945
2025-07-24 12:00:00,635.3800048828125,15.170000076293945
2025-07-24 13:00:00,635.780029296875,15.069999694824219
2025-07-24 14:00:00,635.4718017578125,15.510000228881836
2025-07-24 15:00:00,634.4500122070312,15.399999618530273
2025-07-25 02:00:00,634.4500122070312,15.350000381469727
2025-07-25 03:00:00,634.4500122070312,15.34000015258789
2025-07-25 04:00:00,634.4500122070312,15.3100004196167
2025-07-25 05:00:00,634.4500122070312,15.260000228881836
2025-07-25 06:00:00,634.4500122070312,15.279999732971191
2025-07-25 07:00:00,634.4500122070312,15.180000305175781
2025-07-25 08:00:00,634.4500122070312,15.25
2025-07-25 09:00:00,635.469970703125,15.050000190734863
2025-07-25 10:00:00,636.02001953125,15.020000457763672
2025-07-25 11:00:00,636.760009765625,15.050000190734863
2025-07-25 12:00:00,637.0452270507812,15.15999984741211
2025-07-25 13:00:00,637.3300170898438,15.100000381469727
2025-07-25 14:00:00,637.3400268554688,14.960000038146973
2025-07-25 15:00:00,637.030029296875,14.930000305175781
2025-07-28 02:00:00,637.030029296875,15.220000267028809
2025-07-28 03:00:00,637.030029296875,15.15999984741211
2025-07-28 04:00:00,637.030029296875,15.199999809265137
2025-07-28 05:00:00,637.030029296875,15.270000457763672
2025-07-28 06:00:00,637.030029296875,15.210000038146973
2025-07-28 07:00:00,637.030029296875,15.109999656677246
2025-07-28 08:00:00,637.030029296875,15.430000305175781
2025-07-28 09:00:00,637.7349853515625,15.229999542236328
2025-07-28 10:00:00,637.0700073242188,15.109999656677246
2025-07-28 11:00:00,637.4000244140625,15.260000228881836
2025-07-28 12:00:00,636.3200073242188,15.399999618530273
2025-07-28 13:00:00,636.030029296875,15.239999771118164
2025-07-28 14:00:00,636.0399780273438,15.109999656677246
2025-07-28 15:00:00,636.8900146484375,15.029999732971191
2025-07-29 02:00:00,636.8900146484375,14.8100004196167
2025-07-29 03:00:00,636.8900146484375,14.739999771118164
2025-07-29 04:00:00,636.8900146484375,14.710000038146973
2025-07-29 05:00:00,636.8900146484375,14.729999542236328
2025-07-29 06:00:00,636.8900146484375,14.710000038146973
2025-07-29 07:00:00,636.8900146484375,14.880000114440918
2025-07-29 08:00:00,636.8900146484375,14.75
2025-07-29 09:00:00,637.760009765625,14.949999809265137
2025-07-29 10:00:00,635.2899780273438,15.119999885559082
2025-07-29 11:00:00,635.6599731445312,15.140000343322754
2025-07-29 12:00:00,636.1799926757812,15.350000381469727
2025-07-29 13:00:00,635.3200073242188,15.699999809265137
2025-07-29 14:00:00,635.0599975585938,15.960000038146973
2025-07-29 15:00:00,635.219970703125,15.979999542236328
2025-07-30 02:00:00,635.219970703125,15.829999923706055
2025-07-30 03:00:00,635.219970703125,15.90999984741211
2025-07-30 04:00:00,635.219970703125,15.829999923706055
2025-07-30 05:00:00,635.219970703125,15.699999809265137
2025-07-30 06:00:00,635.219970703125,15.720000267028809
2025-07-30 07:00:00,635.219970703125,15.819999694824219
2025-07-30 08:00:00,635.219970703125,16.010000228881836
2025-07-30 09:00:00,636.3300170898438,15.890000343322754
2025-07-30 10:00:00,635.3150024414062,16.010000228881836
2025-07-30 11:00:00,636.5700073242188,16.059999465942383
2025-07-30 12:00:00,636.2100219726562,15.970000267028809
2025-07-30 13:00:00,636.77001953125,17.020000457763672
2025-07-30 14:00:00,632.0892944335938,16.110000610351562
2025-07-30 15:00:00,634.5,15.449999809265137
2025-07-31 02:00:00,634.5,14.829999923706055
2025-07-31 03:00:00,634.5,14.850000381469727
2025-07-31 04:00:00,634.5,14.949999809265137
2025-07-31 05:00:00,634.5,15.100000381469727
2025-07-31 06:00:00,634.5,15.149999618530273
2025-07-31 07:00:00,634.5,15.0600004196167
2025-07-31 08:00:00,634.5,15.130000114440918
2025-07-31 09:00:00,638.8200073242188,15.779999732971191
2025-07-31 10:00:00,636.1900024414062,15.550000190734863
2025-07-31 11:00:00,638.0800170898438,15.449999809265137
2025-07-31 12:00:00,634.8400268554688,16.65999984741211
2025-07-31 13:00:00,634.2100219726562,16.31999969482422
2025-07-31 14:00:00,632.780029296875,16.610000610351562
2025-07-31 15:00:00,631.969970703125,16.75
2025-08-01 02:00:00,631.969970703125,18.209999084472656
2025-08-01 03:00:00,631.969970703125,18.6299991607666
2025-08-01 04:00:00,631.969970703125,18.43000030517578
2025-08-01 05:00:00,631.969970703125,19.280000686645508
2025-08-01 06:00:00,631.969970703125,18.65999984741211
2025-08-01 07:00:00,631.969970703125,18.790000915527344
2025-08-01 08:00:00,631.969970703125,20.889999389648438
2025-08-01 09:00:00,623.3699951171875,20.40999984741211
2025-08-01 10:00:00,621.510009765625,19.59000015258789
2025-08-01 11:00:00,624.2100219726562,21.170000076293945
2025-08-01 12:00:00,620.5700073242188,21.43000030517578
2025-08-01 13:00:00,621.6248168945312,20.809999465942383
2025-08-01 14:00:00,621.7899780273438,20.600000381469727
2025-08-01 15:00:00,621.7100219726562,20.40999984741211
2025-08-04 02:00:00,621.7100219726562,19.34000015258789
2025-08-04 03:00:00,621.7100219726562,19.020000457763672
2025-08-04 04:00:00,621.7100219726562,18.989999771118164
2025-08-04 05:00:00,621.7100219726562,19.020000457763672
2025-08-04 06:00:00,621.7100219726562,19.270000457763672
2025-08-04 07:00:00,621.7100219726562,19.049999237060547
2025-08-04 08:00:00,621.7100219726562,17.950000762939453
2025-08-04 09:00:00,629.4000244140625,18.239999771118164
2025-08-04 10:00:00,629.0,18.059999465942383
2025-08-04 11:00:00,629.719970703125,17.950000762939453
2025-08-04 12:00:00,630.2899780273438,17.979999542236328
2025-08-04 13:00:00,629.989990234375,17.719999313354492
2025-08-04 14:00:00,630.2650146484375,17.6200008392334
2025-08-04 15:00:00,631.0599975585938,17.520000457763672
2025-08-05 02:00:00,631.0599975585938,17.510000228881836
2025-08-05 03:00:00,631.0599975585938,17.540000915527344
2025-08-05 04:00:00,631.0599975585938,17.40999984741211
2025-08-05 05:00:00,631.0599975585938,17.209999084472656
2025-08-05 06:00:00,631.0599975585938,17.229999542236328
2025-08-05 07:00:00,631.0599975585938,17.459999084472656
2025-08-05 08:00:00,631.0599975585938,17.479999542236328
2025-08-05 09:00:00,629.8590087890625,18.6299991607666
2025-08-05 10:00:00,628.010009765625,18.280000686645508
2025-08-05 11:00:00,629.0499877929688,17.81999969482422
2025-08-05 12:00:00,629.6950073242188,17.389999389648438
2025-08-05 13:00:00,628.7100219726562,17.81999969482422
2025-08-05 14:00:00,628.9799194335938,17.889999389648438
2025-08-05 15:00:00,628.02001953125,17.860000610351562
2025-08-06 02:00:00,628.02001953125,17.229999542236328
2025-08-06 03:00:00,628.02001953125,17.479999542236328
2025-08-06 04:00:00,628.02001953125,17.6200008392334
2025-08-06 05:00:00,628.02001953125,17.670000076293945
2025-08-06 06:00:00,628.02001953125,17.68000030517578
2025-08-06 07:00:00,628.02001953125,17.68000030517578
2025-08-06 08:00:00,628.02001953125,17.59000015258789
2025-08-06 09:00:00,628.7949829101562,16.989999771118164
2025-08-06 10:00:00,631.927001953125,16.829999923706055
2025-08-06 11:00:00,632.3699951171875,16.969999313354492
2025-08-06 12:00:00,632.2899780273438,16.84000015258789
2025-08-06 13:00:00,632.9199829101562,16.739999771118164
2025-08-06 14:00:00,633.02001953125,16.690000534057617
2025-08-06 15:00:00,632.6699829101562,16.739999771118164
2025-08-07 02:00:00,632.6699829101562,16.31999969482422
2025-08-07 03:00:00,632.6699829101562,16.200000762939453
2025-08-07 04:00:00,632.6699829101562,16.06999969482422
2025-08-07 05:00:00,632.6699829101562,16.170000076293945
2025-08-07 06:00:00,632.6699829101562,16.219999313354492
2025-08-07 07:00:00,632.6699829101562,16.229999542236328
2025-08-07 08:00:00,632.6699829101562,16.239999771118164
2025-08-07 09:00:00,633.8200073242188,16.979999542236328
2025-08-07 10:00:00,631.9699096679688,17.010000228881836
2025-08-07 11:00:00,632.2449951171875,17.09000015258789
2025-08-07 12:00:00,630.030029296875,17.18000030517578
2025-08-07 13:00:00,629.9199829101562,17.290000915527344
2025-08-07 14:00:00,630.27001953125,16.780000686645508
2025-08-07 15:00:00,632.2899780273438,16.56999969482422
2025-08-08 02:00:00,632.2899780273438,16.510000228881836
2025-08-08 03:00:00,632.2899780273438,16.40999984741211
2025-08-08 04:00:00,632.2899780273438,16.290000915527344
2025-08-08 05:00:00,632.2899780273438,16.31999969482422
2025-08-08 06:00:00,632.2899780273438,16.190000534057617
2025-08-08 07:00:00,632.2899780273438,16.329999923706055
2025-08-08 08:00:00,632.2899780273438,15.890000343322754
2025-08-08 09:00:00,636.4400024414062,15.930000305175781
2025-08-08 10:00:00,636.010009765625,15.720000267028809
2025-08-08 11:00:00,636.875,15.779999732971191
2025-08-08 12:00:00,636.39501953125,15.4399995803833
2025-08-08 13:00:00,637.219970703125,15.350000381469727
2025-08-08 14:00:00,637.260009765625,15.430000305175781
2025-08-08 15:00:00,637.1199951171875,15.180000305175781
2025-08-11 02:00:00,637.1199951171875,15.989999771118164
2025-08-11 03:00:00,637.1199951171875,16.040000915527344
2025-08-11 04:00:00,637.1199951171875,15.90999984741211
2025-08-11 05:00:00,637.1199951171875,15.819999694824219
2025-08-11 06:00:00,637.1199951171875,15.779999732971191
2025-08-11 07:00:00,637.1199951171875,15.84000015258789
2025-08-11 08:00:00,637.1199951171875,15.859999656677246
2025-08-11 09:00:00,637.2501220703125,15.880000114440918
2025-08-11 10:00:00,637.0900268554688,15.670000076293945
2025-08-11 11:00:00,638.5499877929688,15.760000228881836
2025-08-11 12:00:00,637.1849975585938,15.850000381469727
2025-08-11 13:00:00,636.489990234375,15.8100004196167
2025-08-11 14:00:00,636.2620239257812,16.059999465942383
2025-08-11 15:00:00,635.8200073242188,16.239999771118164
2025-08-12 02:00:00,635.8200073242188,16.06999969482422
2025-08-12 03:00:00,635.8200073242188,16.209999084472656
2025-08-12 04:00:00,635.8200073242188,16.209999084472656
2025-08-12 05:00:00,635.8200073242188,16.329999923706055
2025-08-12 06:00:00,635.8200073242188,16.3700008392334
2025-08-12 07:00:00,635.8200073242188,15.270000457763672
2025-08-12 08:00:00,635.8200073242188,15.520000457763672
2025-08-12 09:00:00,639.2899780273438,14.979999542236328
2025-08-12 10:00:00,640.47998046875,14.880000114440918
2025-08-12 11:00:00,641.3792724609375,14.90999984741211
2025-08-12 12:00:00,641.5399780273438,14.739999771118164
2025-08-12 13:00:00,642.219970703125,14.890000343322754
2025-08-12 14:00:00,642.3200073242188,14.779999732971191
2025-08-12 15:00:00,642.6300048828125,14.729999542236328
2025-08-13 02:00:00,642.6300048828125,14.59000015258789
2025-08-13 03:00:00,642.6300048828125,14.5600004196167
2025-08-13 04:00:00,642.6300048828125,14.470000267028809
2025-08-13 05:00:00,642.6300048828125,14.5
2025-08-13 06:00:00,642.6300048828125,14.539999961853027
2025-08-13 07:00:00,642.6300048828125,14.380000114440918
2025-08-13 08:00:00,642.6300048828125,14.479999542236328
2025-08-13 09:00:00,644.239990234375,14.670000076293945
2025-08-13 10:00:00,643.6699829101562,14.609999656677246
2025-08-13 11:00:00,643.27001953125,14.680000305175781
2025-08-13 12:00:00,643.6408081054688,14.5600004196167
2025-08-13 13:00:00,643.8900146484375,14.4399995803833
2025-08-13 14:00:00,644.2899780273438,14.4399995803833
2025-08-13 15:00:00,644.8800048828125,14.479999542236328
2025-08-14 02:00:00,644.8800048828125,14.619999885559082
2025-08-14 03:00:00,644.8800048828125,14.65999984741211
2025-08-14 04:00:00,644.8800048828125,14.649999618530273
2025-08-14 05:00:00,644.8800048828125,14.680000305175781
2025-08-14 06:00:00,644.8800048828125,14.600000381469727
2025-08-14 07:00:00,644.8800048828125,15.109999656677246
2025-08-14 08:00:00,644.8800048828125,14.869999885559082
2025-08-14 09:00:00,644.239990234375,14.800000190734863
2025-08-14 10:00:00,643.3350219726562,15.010000228881836
2025-08-14 11:00:00,643.0900268554688,14.90999984741211
2025-08-14 12:00:00,645.0006713867188,14.880000114440918
2025-08-14 13:00:00,644.0850219726562,14.770000457763672
2025-08-14 14:00:00,645.030029296875,14.680000305175781
2025-08-14 15:00:00,644.9400024414062,14.84000015258789
2025-08-15 02:00:00,644.9400024414062,14.430000305175781
2025-08-15 03:00:00,644.9400024414062,14.609999656677246
2025-08-15 04:00:00,644.9400024414062,14.630000114440918
2025-08-15 05:00:00,644.9400024414062,14.539999961853027
2025-08-15 06:00:00,644.9400024414062,14.5600004196167
2025-08-15 07:00:00,644.9400024414062,14.550000190734863
2025-08-15 08:00:00,644.9400024414062,14.930000305175781
2025-08-15 09:00:00,644.2100219726562,14.84000015258789
2025-08-15 10:00:00,643.47802734375,14.869999885559082
2025-08-15 11:00:00,643.2899780273438,14.800000190734863
2025-08-15 12:00:00,644.1654052734375,14.789999961853027
2025-08-15 13:00:00,644.530029296875,14.789999961853027
2025-08-15 14:00:00,643.7999877929688,15.029999732971191
2025-08-15 15:00:00,643.4600219726562,15.079999923706055
2025-08-18 02:00:00,643.4600219726562,15.739999771118164
2025-08-18 03:00:00,643.4600219726562,15.720000267028809
2025-08-18 04:00:00,643.4600219726562,15.770000457763672
2025-08-18 05:00:00,643.4600219726562,15.609999656677246
2025-08-18 06:00:00,643.4600219726562,15.579999923706055
2025-08-18 07:00:00,643.4600219726562,15.479999542236328
2025-08-18 08:00:00,643.4600219726562,15.59000015258789
2025-08-18 09:00:00,643.0,15.279999732971191
2025-08-18 10:00:00,642.72998046875,15.260000228881836
2025-08-18 11:00:00,643.1199951171875,15.319999694824219
2025-08-18 12:00:00,643.1690063476562,15.239999771118164
2025-08-18 13:00:00,642.7600708007812,15.0
2025-08-18 14:00:00,643.2550048828125,15.029999732971191
2025-08-18 15:00:00,643.280029296875,14.989999771118164
2025-08-19 02:00:00,643.280029296875,15.180000305175781
2025-08-19 03:00:00,643.280029296875,15.050000190734863
2025-08-19 04:00:00,643.280029296875,15.010000228881836
2025-08-19 05:00:00,643.280029296875,15.069999694824219
2025-08-19 06:00:00,643.280029296875,14.949999809265137
2025-08-19 07:00:00,643.280029296875,14.979999542236328
2025-08-19 08:00:00,643.280029296875,14.979999542236328
2025-08-19 09:00:00,643.030029296875,15.25
2025-08-19 10:00:00,641.6099853515625,15.34000015258789
2025-08-19 11:00:00,640.3499755859375,15.680000305175781
2025-08-19 12:00:00,639.719970703125,15.5
2025-08-19 13:00:00,639.094970703125,15.670000076293945
2025-08-19 14:00:00,639.2050170898438,15.579999923706055
2025-08-19 15:00:00,639.75,15.569999694824219
2025-08-20 02:00:00,639.75,15.970000267028809
2025-08-20 03:00:00,639.75,16.0
2025-08-20 04:00:00,639.75,15.890000343322754
2025-08-20 05:00:00,639.75,15.829999923706055
2025-08-20 06:00:00,639.75,15.829999923706055
2025-08-20 07:00:00,639.75,15.770000457763672
2025-08-20 08:00:00,639.75,16.790000915527344
2025-08-20 09:00:00,633.9199829101562,17.1299991607666
2025-08-20 10:00:00,636.375,16.68000030517578
2025-08-20 11:00:00,637.4207153320312,16.40999984741211
2025-08-20 12:00:00,636.5599975585938,15.970000267028809
2025-08-20 13:00:00,635.8300170898438,15.979999542236328
2025-08-20 14:00:00,638.3300170898438,15.75
2025-08-20 15:00:00,638.0399780273438,15.699999809265137
2025-08-21 02:00:00,638.0399780273438,15.710000038146973
2025-08-21 03:00:00,638.0399780273438,15.9399995803833
2025-08-21 04:00:00,638.0399780273438,15.979999542236328
2025-08-21 05:00:00,638.0399780273438,16.049999237060547
2025-08-21 06:00:00,638.0399780273438,16.18000030517578
2025-08-21 07:00:00,638.0399780273438,16.520000457763672
2025-08-21 08:00:00,638.0399780273438,16.75
2025-08-21 09:00:00,637.8900146484375,16.09000015258789
2025-08-21 10:00:00,636.6900024414062,16.59000015258789
2025-08-21 11:00:00,635.25,16.959999084472656
2025-08-21 12:00:00,634.4349975585938,16.690000534057617
2025-08-21 13:00:00,635.5,16.520000457763672
2025-08-21 14:00:00,635.9400024414062,16.700000762939453
2025-08-21 15:00:00,635.5900268554688,16.610000610351562
2025-08-22 02:00:00,635.5900268554688,16.65999984741211
2025-08-22 03:00:00,635.5900268554688,16.56999969482422
2025-08-22 04:00:00,635.5900268554688,16.520000457763672
2025-08-22 05:00:00,635.5900268554688,16.549999237060547
2025-08-22 06:00:00,635.5900268554688,16.520000457763672
2025-08-22 07:00:00,635.5900268554688,16.5
2025-08-22 08:00:00,635.5900268554688,16.450000762939453
2025-08-22 09:00:00,644.1099853515625,14.579999923706055
2025-08-22 10:00:00,646.0,14.569999694824219
2025-08-22 11:00:00,644.780029296875,14.579999923706055
2025-08-22 12:00:00,646.1500244140625,14.380000114440918
2025-08-22 13:00:00,645.385009765625,14.399999618530273
2025-08-22 14:00:00,645.0800170898438,14.229999542236328
2025-08-22 15:00:00,645.239990234375,14.229999542236328
2025-08-25 02:00:00,645.239990234375,15.020000457763672
2025-08-25 03:00:00,645.239990234375,15.050000190734863
2025-08-25 04:00:00,645.239990234375,15.0600004196167
2025-08-25 05:00:00,645.239990234375,15.1899995803833
2025-08-25 06:00:00,645.239990234375,15.050000190734863
2025-08-25 07:00:00,645.239990234375,15.100000381469727
2025-08-25 08:00:00,645.239990234375,14.729999542236328
2025-08-25 09:00:00,644.1500244140625,14.4399995803833
2025-08-25 10:00:00,644.9099731445312,14.319999694824219
2025-08-25 11:00:00,644.9400024414062,14.270000457763672
2025-08-25 12:00:00,644.6699829101562,14.369999885559082
2025-08-25 13:00:00,644.1699829101562,14.4399995803833
2025-08-25 14:00:00,643.6900024414062,14.84000015258789
2025-08-25 15:00:00,642.489990234375,14.789999961853027
2025-08-26 02:00:00,642.489990234375,15.640000343322754
2025-08-26 03:00:00,642.489990234375,15.479999542236328
2025-08-26 04:00:00,642.489990234375,15.350000381469727
2025-08-26 05:00:00,642.489990234375,15.359999656677246
2025-08-26 06:00:00,642.489990234375,15.4399995803833
2025-08-26 07:00:00,642.489990234375,15.34000015258789
2025-08-26 08:00:00,642.489990234375,15.15999984741211
2025-08-26 09:00:00,643.0800170898438,14.960000038146973
2025-08-26 10:00:00,642.4400024414062,14.899999618530273
2025-08-26 11:00:00,643.3300170898438,14.84000015258789
2025-08-26 12:00:00,643.510009765625,15.069999694824219
2025-08-26 13:00:00,643.510009765625,14.920000076293945
2025-08-26 14:00:00,644.5599975585938,14.789999961853027
2025-08-26 15:00:00,645.1300048828125,14.65999984741211
2025-08-27 02:00:00,645.1300048828125,14.760000228881836
2025-08-27 03:00:00,645.1300048828125,14.789999961853027
2025-08-27 04:00:00,645.1300048828125,14.729999542236328
2025-08-27 05:00:00,645.1300048828125,14.819999694824219
2025-08-27 06:00:00,645.1300048828125,14.8100004196167
2025-08-27 07:00:00,645.1300048828125,14.90999984741211
2025-08-27 08:00:00,645.1300048828125,14.930000305175781
2025-08-27 09:00:00,646.1171264648438,14.880000114440918
2025-08-27 10:00:00,646.2999877929688,14.90999984741211
2025-08-27 11:00:00,645.9600219726562,15.039999961853027
2025-08-27 12:00:00,646.4450073242188,14.9399995803833
2025-08-27 13:00:00,647.260009765625,14.899999618530273
2025-08-27 14:00:00,646.655029296875,14.920000076293945
2025-08-27 15:00:00,646.5999755859375,14.84000015258789
2025-08-28 02:00:00,646.5999755859375,14.34000015258789
2025-08-28 03:00:00,646.5999755859375,14.430000305175781
2025-08-28 04:00:00,646.5999755859375,14.470000267028809
2025-08-28 05:00:00,646.5999755859375,14.489999771118164
2025-08-28 06:00:00,646.5999755859375,14.430000305175781
2025-08-28 07:00:00,646.5999755859375,14.229999542236328
2025-08-28 08:00:00,646.5999755859375,14.619999885559082
2025-08-28 09:00:00,645.9550170898438,14.25
2025-08-28 10:00:00,646.25,14.220000267028809
2025-08-28 11:00:00,648.1500244140625,14.300000190734863
2025-08-28 12:00:00,648.125,14.170000076293945
2025-08-28 13:00:00,648.64501953125,14.279999732971191
2025-08-28 14:00:00,648.9600219726562,14.319999694824219
2025-08-28 15:00:00,648.8599853515625,14.430000305175781
2025-08-29 02:00:00,648.8599853515625,14.380000114440918
2025-08-29 03:00:00,648.8599853515625,14.640000343322754
2025-08-29 04:00:00,648.8599853515625,14.600000381469727
2025-08-29 05:00:00,648.8599853515625,14.619999885559082
2025-08-29 06:00:00,648.8599853515625,14.619999885559082
2025-08-29 07:00:00,648.8599853515625,14.520000457763672
2025-08-29 08:00:00,648.8599853515625,15.289999961853027
2025-08-29 09:00:00,644.6688232421875,15.640000343322754
2025-08-29 10:00:00,644.4099731445312,15.579999923706055
2025-08-29 11:00:00,644.1699829101562,15.40999984741211
2025-08-29 12:00:00,644.0,15.579999923706055
2025-08-29 13:00:00,644.2650146484375,15.649999618530273
2025-08-29 14:00:00,644.5800170898438,15.40999984741211
2025-08-29 15:00:00,644.989990234375,15.380000114440918
2025-09-01 02:00:00,644.989990234375,16.010000228881836
2025-09-01 03:00:00,644.989990234375,15.90999984741211
2025-09-01 04:00:00,644.989990234375,16.280000686645508
2025-09-01 05:00:00,644.989990234375,16.190000534057617
2025-09-01 06:00:00,644.989990234375,16.280000686645508
2025-09-01 07:00:00,644.989990234375,16.200000762939453
2025-09-01 08:00:00,644.989990234375,16.170000076293945
2025-09-01 09:00:00,644.989990234375,16.1299991607666
2025-09-01 10:00:00,644.989990234375,16.1200008392334
2025-09-02 02:00:00,644.989990234375,17.709999084472656
2025-09-02 03:00:00,644.989990234375,17.18000030517578
2025-09-02 04:00:00,644.989990234375,17.34000015258789
2025-09-02 05:00:00,644.989990234375,17.989999771118164
2025-09-02 06:00:00,644.989990234375,18.030000686645508
2025-09-02 07:00:00,644.989990234375,19.079999923706055
2025-09-02 08:00:00,644.989990234375,17.979999542236328
2025-09-02 09:00:00,639.469970703125,18.43000030517578
2025-09-02 10:00:00,636.5599975585938,19.309999465942383
2025-09-02 11:00:00,635.6099853515625,18.56999969482422
2025-09-02 12:00:00,637.6400146484375,18.149999618530273
2025-09-02 13:00:00,637.7265014648438,18.209999084472656
2025-09-02 14:00:00,639.1400146484375,17.540000915527344
2025-09-02 15:00:00,640.3300170898438,17.209999084472656
2025-09-03 02:00:00,640.3300170898438,17.31999969482422
2025-09-03 03:00:00,640.3300170898438,17.09000015258789
2025-09-03 04:00:00,640.3300170898438,16.959999084472656
2025-09-03 05:00:00,640.3300170898438,17.06999969482422
2025-09-03 06:00:00,640.3300170898438,17.299999237060547
2025-09-03 07:00:00,640.3300170898438,17.3700008392334
2025-09-03 08:00:00,640.3300170898438,17.280000686645508
2025-09-03 09:00:00,642.3612060546875,16.5
2025-09-03 10:00:00,642.4299926757812,16.93000030517578
2025-09-03 11:00:00,642.4299926757812,16.920000076293945
2025-09-03 12:00:00,642.27001953125,17.049999237060547
2025-09-03 13:00:00,641.1300048828125,16.969999313354492
2025-09-03 14:00:00,641.02001953125,16.420000076293945
2025-09-03 15:00:00,643.6400146484375,16.34000015258789
2025-09-04 02:00:00,643.6400146484375,16.270000457763672
2025-09-04 03:00:00,643.6400146484375,16.299999237060547
2025-09-04 04:00:00,643.6400146484375,16.25
2025-09-04 05:00:00,643.6400146484375,16.229999542236328
2025-09-04 06:00:00,643.6400146484375,16.239999771118164
2025-09-04 07:00:00,643.6400146484375,16.18000030517578
2025-09-04 08:00:00,643.6400146484375,16.049999237060547
2025-09-04 09:00:00,644.8800048828125,15.699999809265137
2025-09-04 10:00:00,646.2108154296875,15.739999771118164
2025-09-04 11:00:00,645.9500122070312,15.789999961853027
2025-09-04 12:00:00,646.8593139648438,15.65999984741211
2025-09-04 13:00:00,647.22998046875,15.569999694824219
2025-09-04 14:00:00,647.9149780273438,15.420000076293945
2025-09-04 15:00:00,648.989990234375,15.279999732971191
2025-09-05 02:00:00,648.989990234375,15.229999542236328
2025-09-05 03:00:00,648.989990234375,15.199999809265137
2025-09-05 04:00:00,648.989990234375,15.260000228881836
2025-09-05 05:00:00,648.989990234375,15.199999809265137
2025-09-05 06:00:00,648.989990234375,15.25
2025-09-05 07:00:00,648.989990234375,14.9399995803833
2025-09-05 08:00:00,648.989990234375,14.989999771118164
2025-09-05 09:00:00,646.5599975585938,16.56999969482422
2025-09-05 10:00:00,646.2050170898438,16.040000915527344
2025-09-05 11:00:00,645.7249755859375,15.779999732971191
2025-09-05 12:00:00,645.8499755859375,16.110000610351562
2025-09-05 13:00:00,645.7098999023438,15.479999542236328
2025-09-05 14:00:00,647.1099853515625,15.229999542236328
2025-09-05 15:00:00,647.219970703125,15.180000305175781
2025-09-08 02:00:00,647.219970703125,15.569999694824219
2025-09-08 03:00:00,647.219970703125,15.520000457763672
2025-09-08 04:00:00,647.219970703125,15.460000038146973
2025-09-08 05:00:00,647.219970703125,15.470000267028809
2025-09-08 06:00:00,647.219970703125,15.510000228881836
2025-09-08 07:00:00,647.219970703125,15.4399995803833
2025-09-08 08:00:00,647.219970703125,15.3100004196167
2025-09-08 09:00:00,648.77001953125,15.109999656677246
2025-09-08 10:00:00,649.7999877929688,15.079999923706055
2025-09-08 11:00:00,648.6300048828125,15.260000228881836
2025-09-08 12:00:00,648.47998046875,15.430000305175781
2025-09-08 13:00:00,648.39501953125,15.25
2025-09-08 14:00:00,647.5800170898438,15.210000038146973
2025-09-08 15:00:00,648.7999877929688,15.130000114440918
2025-09-09 02:00:00,648.7999877929688,15.140000343322754
2025-09-09 03:00:00,648.7999877929688,15.199999809265137
2025-09-09 04:00:00,648.7999877929688,15.25
2025-09-09 05:00:00,648.7999877929688,15.289999961853027
2025-09-09 06:00:00,648.7999877929688,15.1899995803833
2025-09-09 07:00:00,648.7999877929688,15.149999618530273
2025-09-09 08:00:00,648.7999877929688,15.520000457763672
2025-09-09 09:00:00,648.7550048828125,15.510000228881836
2025-09-09 10:00:00,648.77001953125,15.40999984741211
2025-09-09 11:00:00,648.8599853515625,15.210000038146973
2025-09-09 12:00:00,649.5650024414062,15.119999885559082
2025-09-09 13:00:00,649.8300170898438,15.119999885559082
2025-09-09 14:00:00,650.0650024414062,15.079999923706055
2025-09-09 15:00:00,650.3200073242188,15.050000190734863
2025-09-10 02:00:00,650.3200073242188,15.0
2025-09-10 03:00:00,650.3200073242188,15.149999618530273
2025-09-10 04:00:00,650.3200073242188,15.100000381469727
2025-09-10 05:00:00,650.3200073242188,14.949999809265137
2025-09-10 06:00:00,650.3200073242188,14.899999618530273
2025-09-10 07:00:00,650.3200073242188,14.729999542236328
2025-09-10 08:00:00,650.3200073242188,14.770000457763672
2025-09-10 09:00:00,653.9400024414062,14.8100004196167
2025-09-10 10:00:00,652.8200073242188,14.8100004196167
2025-09-10 11:00:00,652.635009765625,14.9399995803833
2025-09-10 12:00:00,652.2899780273438,14.979999542236328
2025-09-10 13:00:00,651.6900024414062,15.069999694824219
2025-09-10 14:00:00,650.8400268554688,15.359999656677246
2025-09-10 15:00:00,652.2249755859375,15.369999885559082
2025-09-11 02:00:00,652.2249755859375,15.180000305175781
2025-09-11 03:00:00,652.2249755859375,15.220000267028809
2025-09-11 04:00:00,652.2249755859375,15.210000038146973
2025-09-11 05:00:00,652.2249755859375,15.119999885559082
2025-09-11 06:00:00,652.2249755859375,15.050000190734863
2025-09-11 07:00:00,652.2249755859375,14.770000457763672
2025-09-11 08:00:00,652.2249755859375,14.859999656677246
2025-09-11 09:00:00,655.9600219726562,14.899999618530273
2025-09-11 10:00:00,657.4199829101562,14.9399995803833
2025-09-11 11:00:00,657.3499755859375,14.9399995803833
2025-09-11 12:00:00,657.1199951171875,14.859999656677246
2025-09-11 13:00:00,657.3300170898438,14.729999542236328
2025-09-11 14:00:00,657.760009765625,14.670000076293945
2025-09-11 15:00:00,657.5900268554688,14.710000038146973
2025-09-12 02:00:00,657.5900268554688,14.680000305175781
2025-09-12 03:00:00,657.5900268554688,14.720000267028809
2025-09-12 04:00:00,657.5900268554688,14.670000076293945
2025-09-12 05:00:00,657.5900268554688,14.65999984741211
2025-09-12 06:00:00,657.5900268554688,14.649999618530273
2025-09-12 07:00:00,657.5900268554688,14.720000267028809
2025-09-12 08:00:00,657.5900268554688,14.649999618530273
2025-09-12 09:00:00,657.969970703125,14.600000381469727
2025-09-12 10:00:00,657.6400146484375,14.539999961853027
2025-09-12 11:00:00,658.0499877929688,14.479999542236328
2025-09-12 12:00:00,658.0999755859375,14.550000190734863
2025-09-12 13:00:00,658.5050048828125,14.569999694824219
2025-09-12 14:00:00,658.1699829101562,14.720000267028809
2025-09-12 15:00:00,657.4000244140625,14.75
2025-09-15 02:00:00,657.4000244140625,15.09000015258789
2025-09-15 03:00:00,657.4000244140625,15.180000305175781
2025-09-15 04:00:00,657.4000244140625,15.119999885559082
2025-09-15 05:00:00,657.4000244140625,15.09000015258789
2025-09-15 06:00:00,657.4000244140625,14.989999771118164
2025-09-15 07:00:00,657.4000244140625,14.930000305175781
2025-09-15 08:00:00,657.4000244140625,15.130000114440918
2025-09-15 09:00:00,660.6799926757812,15.25
2025-09-15 10:00:00,660.3594970703125,15.4399995803833
2025-09-15 11:00:00,660.6019897460938,15.670000076293945
2025-09-15 12:00:00,659.75,15.550000190734863
2025-09-15 13:00:00,659.9000244140625,15.729999542236328
2025-09-15 14:00:00,660.0700073242188,15.579999923706055
2025-09-15 15:00:00,660.8499755859375,15.6899995803833
2025-09-16 02:00:00,660.8499755859375,15.569999694824219
2025-09-16 03:00:00,660.8499755859375,15.460000038146973
2025-09-16 04:00:00,660.8499755859375,15.479999542236328
2025-09-16 05:00:00,660.8499755859375,15.510000228881836
2025-09-16 06:00:00,660.8499755859375,15.510000228881836
2025-09-16 07:00:00,660.8499755859375,15.680000305175781
2025-09-16 08:00:00,660.8499755859375,16.020000457763672
2025-09-16 09:00:00,659.9450073242188,16.1299991607666
2025-09-16 10:00:00,659.6300048828125,16.200000762939453
2025-09-16 11:00:00,659.905029296875,16.1200008392334
2025-09-16 12:00:00,660.260009765625,15.989999771118164
2025-09-16 13:00:00,660.1900024414062,16.0
2025-09-16 14:00:00,660.14501953125,16.3799991607666
2025-09-16 15:00:00,659.9299926757812,16.360000610351562
2025-09-17 02:00:00,659.9299926757812,16.3700008392334
2025-09-17 03:00:00,659.9299926757812,16.6200008392334
2025-09-17 04:00:00,659.9299926757812,16.540000915527344
2025-09-17 05:00:00,659.9299926757812,16.670000076293945
2025-09-17 06:00:00,659.9299926757812,16.549999237060547
2025-09-17 07:00:00,659.9299926757812,16.389999389648438
2025-09-17 08:00:00,659.9299926757812,16.25
2025-09-17 09:00:00,659.1599731445312,16.3799991607666
2025-09-17 10:00:00,658.9400024414062,16.469999313354492
2025-09-17 11:00:00,658.9299926757812,16.700000762939453
2025-09-17 12:00:00,658.64501953125,16.5
2025-09-17 13:00:00,660.3499755859375,15.949999809265137
2025-09-17 14:00:00,660.1849975585938,15.800000190734863
2025-09-17 15:00:00,659.1900024414062,15.720000267028809
2025-09-18 02:00:00,659.1900024414062,14.850000381469727
2025-09-18 03:00:00,659.1900024414062,14.829999923706055
2025-09-18 04:00:00,659.1900024414062,14.880000114440918
2025-09-18 05:00:00,659.1900024414062,14.75
2025-09-18 06:00:00,659.1900024414062,14.869999885559082
2025-09-18 07:00:00,659.1900024414062,14.989999771118164
2025-09-18 08:00:00,659.1900024414062,15.279999732971191
2025-09-18 09:00:00,664.4000244140625,15.680000305175781
2025-09-18 10:00:00,663.3250122070312,15.699999809265137
2025-09-18 11:00:00,663.4600219726562,15.420000076293945
2025-09-18 12:00:00,663.3200073242188,15.59000015258789
2025-09-18 13:00:00,662.7750244140625,15.430000305175781
2025-09-18 14:00:00,662.7100219726562,15.75
2025-09-18 15:00:00,662.2899780273438,15.699999809265137
2025-09-19 02:00:00,662.2899780273438,15.579999923706055
2025-09-19 03:00:00,662.2899780273438,15.510000228881836
2025-09-19 04:00:00,662.2899780273438,15.539999961853027
2025-09-19 05:00:00,662.2899780273438,15.5600004196167
2025-09-19 06:00:00,662.2899780273438,15.510000228881836
2025-09-19 07:00:00,662.2899780273438,15.420000076293945
2025-09-19 08:00:00,662.2899780273438,15.680000305175781
2025-09-19 09:00:00,661.9199829101562,15.84000015258789
2025-09-19 10:00:00,660.760009765625,15.869999885559082
2025-09-19 11:00:00,662.489990234375,15.800000190734863
2025-09-19 12:00:00,662.47998046875,15.720000267028809
2025-09-19 13:00:00,662.530029296875,15.600000381469727
2025-09-19 14:00:00,663.7999877929688,15.489999771118164
2025-09-19 15:00:00,663.6199951171875,15.449999809265137
2025-09-22 02:00:00,663.6199951171875,16.25
2025-09-22 03:00:00,663.6199951171875,16.209999084472656
2025-09-22 04:00:00,663.6199951171875,16.209999084472656
2025-09-22 05:00:00,663.6199951171875,16.149999618530273
2025-09-22 06:00:00,663.6199951171875,16.110000610351562
2025-09-22 07:00:00,663.6199951171875,16.110000610351562
2025-09-22 08:00:00,663.6199951171875,15.90999984741211
2025-09-22 09:00:00,664.0800170898438,15.8100004196167
2025-09-22 10:00:00,664.9400024414062,15.880000114440918
2025-09-22 11:00:00,665.844970703125,15.850000381469727
2025-09-22 12:00:00,666.510009765625,15.9399995803833
2025-09-22 13:00:00,666.5650024414062,15.880000114440918
2025-09-22 14:00:00,667.1420288085938,16.030000686645508
2025-09-22 15:00:00,666.780029296875,16.110000610351562
2025-09-23 02:00:00,666.780029296875,16.149999618530273
2025-09-23 03:00:00,666.780029296875,16.079999923706055
2025-09-23 04:00:00,666.780029296875,16.040000915527344
2025-09-23 05:00:00,666.780029296875,16.030000686645508
2025-09-23 06:00:00,666.780029296875,16.010000228881836
2025-09-23 07:00:00,666.780029296875,15.960000038146973
2025-09-23 08:00:00,666.780029296875,16.15999984741211
2025-09-23 09:00:00,666.6199951171875,16.1200008392334
2025-09-23 10:00:00,666.1500244140625,16.309999465942383
2025-09-23 11:00:00,665.239990234375,16.329999923706055
2025-09-23 12:00:00,663.7080078125,16.790000915527344
2025-09-23 13:00:00,662.6749877929688,17.049999237060547
2025-09-23 14:00:00,662.369873046875,16.719999313354492
2025-09-23 15:00:00,663.25,16.649999618530273
2025-09-24 02:00:00,663.25,16.440000534057617
2025-09-24 03:00:00,663.25,16.5
2025-09-24 04:00:00,663.25,16.40999984741211
2025-09-24 05:00:00,663.25,16.350000381469727
2025-09-24 06:00:00,663.25,16.309999465942383
2025-09-24 07:00:00,663.25,16.31999969482422
2025-09-24 08:00:00,663.25,16.760000228881836
2025-09-24 09:00:00,663.2100219726562,16.600000381469727
2025-09-24 10:00:00,662.6599731445312,17.18000030517578
2025-09-24 11:00:00,660.9099731445312,17.020000457763672
2025-09-24 12:00:00,661.3699951171875,16.860000610351562
2025-09-24 13:00:00,660.385009765625,16.459999084472656
2025-09-24 14:00:00,660.7949829101562,16.329999923706055
2025-09-24 15:00:00,661.030029296875,16.18000030517578
2025-09-25 02:00:00,661.030029296875,16.420000076293945
2025-09-25 03:00:00,661.030029296875,16.43000030517578
2025-09-25 04:00:00,661.030029296875,16.510000228881836
2025-09-25 05:00:00,661.030029296875,16.649999618530273
2025-09-25 06:00:00,661.030029296875,17.1299991607666
2025-09-25 07:00:00,661.030029296875,17.309999465942383
2025-09-25 08:00:00,661.030029296875,17.450000762939453
2025-09-25 09:00:00,658.47998046875,16.690000534057617
2025-09-25 10:00:00,657.4600219726562,16.549999237060547
2025-09-25 11:00:00,658.010009765625,16.670000076293945
2025-09-25 12:00:00,657.2949829101562,17.299999237060547
2025-09-25 13:00:00,656.989990234375,16.8700008392334
2025-09-25 14:00:00,657.4500122070312,16.739999771118164
2025-09-25 15:00:00,657.9500122070312,16.739999771118164
2025-09-26 02:00:00,657.9500122070312,16.81999969482422
2025-09-26 03:00:00,657.9500122070312,16.950000762939453
2025-09-26 04:00:00,657.9500122070312,16.899999618530273
2025-09-26 05:00:00,657.9500122070312,16.969999313354492
2025-09-26 06:00:00,657.9500122070312,16.90999984741211
2025-09-26 07:00:00,657.9500122070312,16.450000762939453
2025-09-26 08:00:00,657.9500122070312,16.170000076293945
2025-09-26 09:00:00,658.781005859375,16.600000381469727
2025-09-26 10:00:00,659.9299926757812,16.40999984741211
2025-09-26 11:00:00,660.4534301757812,15.670000076293945
2025-09-26 12:00:00,661.625,15.680000305175781
2025-09-26 13:00:00,661.7249755859375,15.5600004196167
2025-09-26 14:00:00,661.5999755859375,15.319999694824219
2025-09-26 15:00:00,661.72998046875,15.289999961853027
2025-09-29 02:00:00,661.72998046875,15.789999961853027
2025-09-29 03:00:00,661.72998046875,15.760000228881836
2025-09-29 04:00:00,661.72998046875,15.890000343322754
2025-09-29 05:00:00,661.72998046875,15.850000381469727
2025-09-29 06:00:00,661.72998046875,15.9399995803833
2025-09-29 07:00:00,661.72998046875,15.850000381469727
2025-09-29 08:00:00,661.72998046875,15.949999809265137
2025-09-29 09:00:00,664.760009765625,15.859999656677246
2025-09-29 10:00:00,663.530029296875,16.0
2025-09-29 11:00:00,663.469970703125,16.030000686645508
2025-09-29 12:00:00,662.5599975585938,16.1200008392334
2025-09-29 13:00:00,663.4600219726562,15.979999542236328
2025-09-29 14:00:00,662.64501953125,16.059999465942383
2025-09-29 15:00:00,663.5999755859375,16.1299991607666
2025-09-30 02:00:00,663.5999755859375,16.559999465942383
2025-09-30 03:00:00,663.5999755859375,16.520000457763672
2025-09-30 04:00:00,663.5999755859375,16.56999969482422
2025-09-30 05:00:00,663.5999755859375,16.520000457763672
2025-09-30 06:00:00,663.5999755859375,16.59000015258789
2025-09-30 07:00:00,663.5999755859375,16.440000534057617
2025-09-30 08:00:00,663.5999755859375,16.290000915527344
2025-09-30 09:00:00,662.8571166992188,16.190000534057617
2025-09-30 10:00:00,662.22998046875,16.299999237060547
2025-09-30 11:00:00,663.405029296875,16.3700008392334
2025-09-30 12:00:00,662.1300048828125,16.389999389648438
2025-09-30 13:00:00,663.8800048828125,16.110000610351562
2025-09-30 14:00:00,665.3699951171875,16.079999923706055
2025-09-30 15:00:00,666.0900268554688,16.280000686645508
2025-10-01 02:00:00,666.0900268554688,17.149999618530273
2025-10-01 03:00:00,666.0900268554688,16.959999084472656
2025-10-01 04:00:00,666.0900268554688,16.81999969482422
2025-10-01 05:00:00,666.0900268554688,16.850000381469727
2025-10-01 06:00:00,666.0900268554688,16.6299991607666
2025-10-01 07:00:00,666.0900268554688,16.690000534057617
2025-10-01 08:00:00,666.0900268554688,16.780000686645508
2025-10-01 09:00:00,665.530029296875,16.3799991607666
2025-10-01 10:00:00,666.3099975585938,16.190000534057617
2025-10-01 11:00:00,666.9199829101562,16.190000534057617
2025-10-01 12:00:00,667.969970703125,16.170000076293945
2025-10-01 13:00:00,668.77001953125,16.079999923706055
2025-10-01 14:00:00,669.125,16.149999618530273
2025-10-01 15:00:00,668.510009765625,16.280000686645508
2025-10-02 02:00:00,668.510009765625,16.139999389648438
2025-10-02 03:00:00,668.510009765625,15.989999771118164
2025-10-02 04:00:00,668.510009765625,16.100000381469727
2025-10-02 05:00:00,668.510009765625,16.079999923706055
2025-10-02 06:00:00,668.510009765625,15.989999771118164
2025-10-02 07:00:00,668.510009765625,16.010000228881836
2025-10-02 08:00:00,668.510009765625,16.190000534057617
2025-10-02 09:00:00,668.7113037109375,16.68000030517578
2025-10-02 10:00:00,667.6699829101562,16.610000610351562
2025-10-02 11:00:00,668.138916015625,16.559999465942383
2025-10-02 12:00:00,668.5098876953125,16.540000915527344
2025-10-02 13:00:00,669.5800170898438,16.489999771118164
2025-10-02 14:00:00,669.4749755859375,16.600000381469727
2025-10-02 15:00:00,669.1500244140625,16.6299991607666
2025-10-03 02:00:00,669.1500244140625,16.31999969482422
2025-10-03 03:00:00,669.1500244140625,16.25
2025-10-03 04:00:00,669.1500244140625,16.200000762939453
2025-10-03 05:00:00,669.1500244140625,16.309999465942383
2025-10-03 06:00:00,669.1500244140625,16.40999984741211
2025-10-03 07:00:00,669.1500244140625,16.469999313354492
2025-10-03 08:00:00,669.1500244140625,16.489999771118164
2025-10-03 09:00:00,671.3831787109375,16.389999389648438
2025-10-03 10:00:00,671.7713012695312,16.239999771118164
2025-10-03 11:00:00,672.4600219726562,16.34000015258789
2025-10-03 12:00:00,670.3300170898438,16.81999969482422
2025-10-03 13:00:00,670.52001953125,16.540000915527344
2025-10-03 14:00:00,669.6199951171875,16.56999969482422
2025-10-03 15:00:00,669.2000122070312,16.65999984741211
2025-10-06 02:00:00,669.2000122070312,16.8799991607666
2025-10-06 03:00:00,669.2000122070312,16.850000381469727
2025-10-06 04:00:00,669.2000122070312,16.729999542236328
2025-10-06 05:00:00,669.2000122070312,16.81999969482422
2025-10-06 06:00:00,669.2000122070312,16.84000015258789
2025-10-06 07:00:00,669.2000122070312,16.8799991607666
2025-10-06 08:00:00,669.2000122070312,16.979999542236328
2025-10-06 09:00:00,670.5150146484375,16.75
2025-10-06 10:00:00,671.1500244140625,16.59000015258789
2025-10-06 11:00:00,671.8206787109375,16.610000610351562
2025-10-06 12:00:00,672.0599975585938,16.520000457763672
2025-10-06 13:00:00,672.239990234375,16.479999542236328
2025-10-06 14:00:00,671.7550048828125,16.360000610351562
2025-10-06 15:00:00,671.5800170898438,16.3700008392334
2025-10-07 02:00:00,671.5800170898438,16.6299991607666
2025-10-07 03:00:00,671.5800170898438,16.59000015258789
2025-10-07 04:00:00,671.5800170898438,16.540000915527344
2025-10-07 05:00:00,671.5800170898438,16.510000228881836
2025-10-07 06:00:00,671.5800170898438,16.40999984741211
2025-10-07 07:00:00,671.5800170898438,16.260000228881836
2025-10-07 08:00:00,671.5800170898438,16.309999465942383
2025-10-07 09:00:00,671.27001953125,16.34000015258789
2025-10-07 10:00:00,669.2899780273438,17.299999237060547
2025-10-07 11:00:00,668.4000244140625,17.280000686645508
2025-10-07 12:00:00,668.989990234375,17.440000534057617
2025-10-07 13:00:00,668.6295776367188,17.280000686645508
2025-10-07 14:00:00,668.5700073242188,17.219999313354492
2025-10-07 15:00:00,669.1300048828125,17.25
2025-10-08 02:00:00,669.1300048828125,16.940000534057617
2025-10-08 03:00:00,669.1300048828125,16.989999771118164
2025-10-08 04:00:00,669.1300048828125,16.969999313354492
2025-10-08 05:00:00,669.1300048828125,16.8700008392334
2025-10-08 06:00:00,669.1300048828125,16.989999771118164
2025-10-08 07:00:00,669.1300048828125,17.100000381469727
2025-10-08 08:00:00,669.1300048828125,17.049999237060547
2025-10-08 09:00:00,671.8900146484375,16.6200008392334
2025-10-08 10:00:00,672.5449829101562,16.520000457763672
2025-10-08 11:00:00,672.6400146484375,16.510000228881836
2025-10-08 12:00:00,672.89501953125,16.450000762939453
2025-10-08 13:00:00,672.7999877929688,16.5
2025-10-08 14:00:00,672.89501953125,16.25
2025-10-08 15:00:00,673.0399780273438,16.299999237060547
2025-10-09 02:00:00,673.0399780273438,16.329999923706055
2025-10-09 03:00:00,673.0399780273438,16.420000076293945
2025-10-09 04:00:00,673.0399780273438,16.43000030517578
2025-10-09 05:00:00,673.0399780273438,16.5
2025-10-09 06:00:00,673.0399780273438,16.520000457763672
2025-10-09 07:00:00,673.0399780273438,16.350000381469727
2025-10-09 08:00:00,673.0399780273438,16.719999313354492
2025-10-09 09:00:00,671.2249755859375,16.770000457763672
2025-10-09 10:00:00,670.75,16.709999084472656
2025-10-09 11:00:00,670.9650268554688,16.959999084472656
2025-10-09 12:00:00,669.4688110351562,16.920000076293945
2025-10-09 13:00:00,669.8200073242188,16.670000076293945
2025-10-09 14:00:00,670.510009765625,16.450000762939453
2025-10-09 15:00:00,671.1799926757812,16.43000030517578
2025-10-10 02:00:00,671.1799926757812,16.3700008392334
2025-10-10 03:00:00,671.1799926757812,16.350000381469727
2025-10-10 04:00:00,671.1799926757812,16.790000915527344
2025-10-10 05:00:00,671.1799926757812,16.540000915527344
2025-10-10 06:00:00,671.1799926757812,16.459999084472656
2025-10-10 07:00:00,671.1799926757812,16.549999237060547
2025-10-10 08:00:00,671.1799926757812,16.31999969482422
2025-10-10 09:00:00,672.5700073242188,16.8799991607666
2025-10-10 10:00:00,662.4400024414062,20.3700008392334
2025-10-10 11:00:00,661.5700073242188,21.139999389648438
2025-10-10 12:00:00,659.780029296875,20.969999313354492
2025-10-10 13:00:00,659.0999755859375,21.3799991607666
2025-10-10 14:00:00,655.989990234375,22.049999237060547
2025-10-10 15:00:00,653.1099853515625,21.6299991607666
2025-10-13 02:00:00,653.1099853515625,19.3700008392334
2025-10-13 03:00:00,653.1099853515625,19.450000762939453
2025-10-13 04:00:00,653.1099853515625,19.649999618530273
2025-10-13 05:00:00,653.1099853515625,19.809999465942383
2025-10-13 06:00:00,653.1099853515625,20.579999923706055
2025-10-13 07:00:00,653.1099853515625,20.5
2025-10-13 08:00:00,653.1099853515625,19.56999969482422
2025-10-13 09:00:00,660.8499755859375,20.360000610351562
2025-10-13 10:00:00,662.719970703125,19.559999465942383
2025-10-13 11:00:00,663.489990234375,19.1200008392334
2025-10-13 12:00:00,663.1199951171875,19.190000534057617
2025-10-13 13:00:00,663.9400024414062,19.079999923706055
2025-10-13 14:00:00,662.8192749023438,18.93000030517578
2025-10-13 15:00:00,663.0499877929688,19.040000915527344
2025-10-14 02:00:00,663.0499877929688,22.170000076293945
2025-10-14 03:00:00,663.0499877929688,21.43000030517578
2025-10-14 04:00:00,663.0499877929688,21.649999618530273
2025-10-14 05:00:00,663.0499877929688,22.25
2025-10-14 06:00:00,663.0499877929688,21.440000534057617
2025-10-14 07:00:00,663.0499877929688,21.780000686645508
2025-10-14 08:00:00,663.0499877929688,21.700000762939453
2025-10-14 09:00:00,659.7899780273438,20.969999313354492
2025-10-14 10:00:00,659.6749877929688,19.979999542236328
2025-10-14 11:00:00,663.635009765625,19.690000534057617
2025-10-14 12:00:00,665.3499755859375,19.360000610351562
2025-10-14 13:00:00,665.1199951171875,19.559999465942383
2025-10-14 14:00:00,664.7899780273438,20.420000076293945
2025-10-14 15:00:00,662.2000122070312,20.799999237060547
2025-10-15 02:00:00,662.2000122070312,19.93000030517578
2025-10-15 03:00:00,662.2000122070312,19.770000457763672
2025-10-15 04:00:00,662.2000122070312,19.579999923706055
2025-10-15 05:00:00,662.2000122070312,19.489999771118164
2025-10-15 06:00:00,662.2000122070312,19.459999084472656
2025-10-15 07:00:00,662.2000122070312,19.3799991607666
2025-10-15 08:00:00,662.2000122070312,19.479999542236328
2025-10-15 09:00:00,669.6099853515625,19.239999771118164
2025-10-15 10:00:00,667.7100219726562,20.1299991607666
2025-10-15 11:00:00,665.5900268554688,20.350000381469727
2025-10-15 12:00:00,660.8599853515625,20.670000076293945
2025-10-15 13:00:00,664.3109741210938,20.270000457763672
2025-10-15 14:00:00,665.3599853515625,20.479999542236328
2025-10-15 15:00:00,665.0800170898438,20.639999389648438
2025-10-16 02:00:00,665.0800170898438,20.34000015258789
2025-10-16 03:00:00,665.0800170898438,20.40999984741211
2025-10-16 04:00:00,665.0800170898438,20.110000610351562
2025-10-16 05:00:00,665.0800170898438,20.010000228881836
2025-10-16 06:00:00,665.0800170898438,19.979999542236328
2025-10-16 07:00:00,665.0800170898438,20.010000228881836
2025-10-16 08:00:00,665.0800170898438,20.559999465942383
2025-10-16 09:00:00,666.9299926757812,20.760000228881836
2025-10-16 10:00:00,665.8150024414062,21.739999771118164
2025-10-16 11:00:00,662.469970703125,22.440000534057617
2025-10-16 12:00:00,663.5040283203125,23.360000610351562
2025-10-16 13:00:00,658.385009765625,23.84000015258789
2025-10-16 14:00:00,658.9099731445312,24.59000015258789
2025-10-16 15:00:00,660.6699829101562,25.299999237060547
2025-10-17 02:00:00,660.6699829101562,28.020000457763672
2025-10-17 03:00:00,660.6699829101562,27.559999465942383
2025-10-17 04:00:00,660.6699829101562,27.229999542236328
2025-10-17 05:00:00,660.6699829101562,26.43000030517578
2025-10-17 06:00:00,660.6699829101562,24.59000015258789
2025-10-17 07:00:00,660.6699829101562,23.950000762939453
2025-10-17 08:00:00,660.6699829101562,24.229999542236328
2025-10-17 09:00:00,662.3099975585938,24.43000030517578
2025-10-17 10:00:00,659.4199829101562,23.649999618530273
2025-10-17 11:00:00,663.1099853515625,23.649999618530273
2025-10-17 12:00:00,661.1900024414062,23.43000030517578
2025-10-17 13:00:00,664.6300048828125,22.1200008392334
2025-10-17 14:00:00,665.1300048828125,21.059999465942383
2025-10-17 15:00:00,664.3099975585938,20.760000228881836
2025-10-20 02:00:00,664.3099975585938,20.479999542236328
2025-10-20 03:00:00,664.3099975585938,20.770000457763672
2025-10-20 04:00:00,664.3099975585938,20.809999465942383
2025-10-20 05:00:00,664.3099975585938,21.010000228881836
2025-10-20 06:00:00,664.3099975585938,20.530000686645508
2025-10-20 07:00:00,664.3099975585938,20.270000457763672
2025-10-20 08:00:00,664.3099975585938,19.530000686645508
2025-10-20 09:00:00,670.2650146484375,18.68000030517578
2025-10-20 10:00:00,670.9199829101562,19.030000686645508
2025-10-20 11:00:00,670.8099975585938,18.760000228881836
2025-10-20 12:00:00,671.6099243164062,18.56999969482422
2025-10-20 13:00:00,671.8413696289062,18.479999542236328
2025-10-20 14:00:00,671.7100219726562,18.309999465942383
2025-10-20 15:00:00,671.260009765625,18.229999542236328
2025-10-21 02:00:00,671.260009765625,18.639999389648438
2025-10-21 03:00:00,671.260009765625,18.739999771118164
2025-10-21 04:00:00,671.260009765625,18.68000030517578
2025-10-21 05:00:00,671.260009765625,18.600000381469727
2025-10-21 06:00:00,671.260009765625,18.520000457763672
2025-10-21 07:00:00,671.260009765625,18.600000381469727
2025-10-21 08:00:00,671.260009765625,18.81999969482422
2025-10-21 09:00:00,670.5999755859375,17.770000457763672
2025-10-21 10:00:00,671.9000244140625,17.760000228881836
2025-10-21 11:00:00,672.6300048828125,18.1299991607666
2025-10-21 12:00:00,671.6099853515625,17.700000762939453
2025-10-21 13:00:00,672.280029296875,17.459999084472656
2025-10-21 14:00:00,671.905029296875,17.670000076293945
2025-10-21 15:00:00,671.239990234375,17.8700008392334
2025-10-22 02:00:00,671.239990234375,17.770000457763672
2025-10-22 03:00:00,671.239990234375,17.90999984741211
2025-10-22 04:00:00,671.239990234375,17.8700008392334
2025-10-22 05:00:00,671.239990234375,17.860000610351562
2025-10-22 06:00:00,671.239990234375,18.139999389648438
2025-10-22 07:00:00,671.239990234375,18.010000228881836
2025-10-22 08:00:00,671.239990234375,18.489999771118164
2025-10-22 09:00:00,669.4299926757812,18.6200008392334
2025-10-22 10:00:00,667.8499755859375,18.56999969482422
2025-10-22 11:00:00,667.6199951171875,19.1200008392334
2025-10-22 12:00:00,665.4199829101562,20.770000457763672
2025-10-22 13:00:00,665.673095703125,19.290000915527344
2025-10-22 14:00:00,667.4299926757812,18.6200008392334
2025-10-22 15:00:00,667.8099975585938,18.59000015258789
2025-10-23 02:00:00,667.8099975585938,18.489999771118164
2025-10-23 03:00:00,667.8099975585938,18.559999465942383
2025-10-23 04:00:00,667.8099975585938,18.799999237060547
2025-10-23 05:00:00,667.8099975585938,18.75
2025-10-23 06:00:00,667.8099975585938,19.260000228881836
2025-10-23 07:00:00,667.8099975585938,18.899999618530273
2025-10-23 08:00:00,667.8099975585938,18.350000381469727
2025-10-23 09:00:00,669.4000244140625,18.049999237060547
2025-10-23 10:00:00,670.0399780273438,17.8700008392334
2025-10-23 11:00:00,670.5399780273438,17.440000534057617
2025-10-23 12:00:00,671.010009765625,17.18000030517578
2025-10-23 13:00:00,672.489990234375,17.1200008392334
2025-10-23 14:00:00,672.4509887695312,17.299999237060547
2025-10-23 15:00:00,671.6099853515625,17.280000686645508
2025-10-24 02:00:00,671.6099853515625,17.100000381469727
2025-10-24 03:00:00,671.6099853515625,17.170000076293945
2025-10-24 04:00:00,671.6099853515625,17.139999389648438
2025-10-24 05:00:00,671.6099853515625,17.200000762939453
2025-10-24 06:00:00,671.6099853515625,17.110000610351562
2025-10-24 07:00:00,671.6099853515625,16.700000762939453
2025-10-24 08:00:00,671.6099853515625,16.469999313354492
2025-10-24 09:00:00,676.780029296875,16.559999465942383
2025-10-24 10:00:00,678.1500244140625,16.610000610351562
2025-10-24 11:00:00,677.885009765625,16.549999237060547
2025-10-24 12:00:00,678.0599975585938,16.399999618530273
2025-10-24 13:00:00,678.1699829101562,16.329999923706055
2025-10-24 14:00:00,678.2420043945312,16.40999984741211
2025-10-24 15:00:00,677.1099853515625,16.360000610351562
2025-10-27 02:00:00,677.1099853515625,15.779999732971191
2025-10-27 03:00:00,677.1099853515625,15.720000267028809
2025-10-27 04:00:00,677.1099853515625,15.680000305175781
2025-10-27 05:00:00,677.1099853515625,15.720000267028809
2025-10-27 06:00:00,677.1099853515625,15.670000076293945
2025-10-27 07:00:00,677.1099853515625,15.680000305175781
2025-10-27 08:00:00,677.1099853515625,15.720000267028809
2025-10-27 09:00:00,683.030029296875,16.030000686645508
2025-10-27 10:00:00,683.3599853515625,15.979999542236328
2025-10-27 11:00:00,683.5,15.989999771118164
2025-10-27 12:00:00,683.4398803710938,15.989999771118164
2025-10-27 13:00:00,683.8499755859375,15.970000267028809
2025-10-27 14:00:00,684.22998046875,15.800000190734863
2025-10-27 15:00:00,685.1799926757812,15.789999961853027
2025-10-28 02:00:00,685.1799926757812,15.949999809265137
2025-10-28 03:00:00,685.1799926757812,15.850000381469727
2025-10-28 04:00:00,685.1799926757812,15.869999885559082
2025-10-28 05:00:00,685.1799926757812,15.880000114440918
2025-10-28 06:00:00,685.1799926757812,15.829999923706055
2025-10-28 07:00:00,685.1799926757812,15.84000015258789
2025-10-28 08:00:00,685.1799926757812,16.209999084472656
2025-10-28 09:00:00,686.1300048828125,16.1200008392334
2025-10-28 10:00:00,685.530029296875,16.25
2025-10-28 11:00:00,686.1820068359375,16.06999969482422
2025-10-28 12:00:00,687.010009765625,16.219999313354492
2025-10-28 13:00:00,688.051025390625,16.280000686645508
2025-10-28 14:00:00,688.6900024414062,16.420000076293945
2025-10-28 15:00:00,686.97998046875,16.43000030517578
2025-10-29 02:00:00,686.97998046875,16.299999237060547
2025-10-29 03:00:00,686.97998046875,16.329999923706055
2025-10-29 04:00:00,686.97998046875,16.360000610351562
2025-10-29 05:00:00,686.97998046875,16.389999389648438
2025-10-29 06:00:00,686.97998046875,16.329999923706055
2025-10-29 07:00:00,686.97998046875,16.450000762939453
2025-10-29 08:00:00,686.97998046875,16.8799991607666
2025-10-29 09:00:00,688.97998046875,16.829999923706055
2025-10-29 10:00:00,688.3099975585938,16.649999618530273
2025-10-29 11:00:00,688.469970703125,16.700000762939453
2025-10-29 12:00:00,687.9299926757812,16.790000915527344
2025-10-29 13:00:00,688.010009765625,16.670000076293945
2025-10-29 14:00:00,685.4299926757812,17.110000610351562
2025-10-29 15:00:00,687.3099975585938,16.93000030517578
2025-10-30 02:00:00,687.3099975585938,16.020000457763672
2025-10-30 03:00:00,687.3099975585938,15.920000076293945
2025-10-30 04:00:00,687.3099975585938,16.309999465942383
2025-10-30 05:00:00,687.3099975585938,16.059999465942383
2025-10-30 06:00:00,687.3099975585938,15.850000381469727
2025-10-30 07:00:00,687.3099975585938,16.670000076293945
2025-10-30 08:00:00,687.3099975585938,16.719999313354492
2025-10-30 09:00:00,683.469970703125,16.829999923706055
2025-10-30 10:00:00,684.7999877929688,16.889999389648438
2025-10-30 11:00:00,684.9299926757812,16.3799991607666
2025-10-30 12:00:00,684.4000244140625,16.219999313354492
2025-10-30 13:00:00,682.9400024414062,16.690000534057617
2025-10-30 14:00:00,681.280029296875,17.350000381469727
2025-10-30 15:00:00,679.969970703125,16.920000076293945
2025-10-31 02:00:00,679.969970703125,16.139999389648438
2025-10-31 03:00:00,679.969970703125,16.149999618530273
2025-10-31 04:00:00,679.969970703125,16.170000076293945
2025-10-31 05:00:00,679.969970703125,16.200000762939453
2025-10-31 06:00:00,679.969970703125,16.100000381469727
2025-10-31 07:00:00,679.969970703125,16.239999771118164
2025-10-31 08:00:00,679.969970703125,16.75
2025-10-31 09:00:00,683.25,16.93000030517578
2025-10-31 10:00:00,683.739990234375,17.6299991607666
2025-10-31 11:00:00,681.77001953125,18.1200008392334
2025-10-31 12:00:00,679.7899780273438,18.030000686645508
2025-10-31 13:00:00,682.3099975585938,17.479999542236328
2025-10-31 14:00:00,684.1099853515625,17.299999237060547
2025-10-31 15:00:00,681.9749755859375,17.440000534057617
2025-11-03 02:00:00,681.9749755859375,17.989999771118164
2025-11-03 03:00:00,681.9749755859375,17.790000915527344
2025-11-03 04:00:00,681.9749755859375,17.690000534057617
2025-11-03 05:00:00,681.9749755859375,17.479999542236328
2025-11-03 06:00:00,681.9749755859375,17.469999313354492
2025-11-03 07:00:00,681.9749755859375,17.489999771118164
2025-11-03 08:00:00,681.9749755859375,18.1200008392334
2025-11-03 09:00:00,680.4600219726562,18.190000534057617
2025-11-03 10:00:00,682.0501098632812,17.59000015258789
2025-11-03 11:00:00,682.7479858398438,17.290000915527344
2025-11-03 12:00:00,683.6300048828125,17.149999618530273
2025-11-03 13:00:00,683.260009765625,17.15999984741211
2025-11-03 14:00:00,683.1300048828125,17.290000915527344
2025-11-03 15:00:00,683.3699951171875,17.18000030517578
2025-11-04 02:00:00,683.3699951171875,19.489999771118164
2025-11-04 03:00:00,683.3699951171875,20.200000762939453
2025-11-04 04:00:00,683.3699951171875,19.540000915527344
2025-11-04 05:00:00,683.3699951171875,19.209999084472656
2025-11-04 06:00:00,683.3699951171875,19.170000076293945
2025-11-04 07:00:00,683.3699951171875,19.219999313354492
2025-11-04 08:00:00,683.3699951171875,18.229999542236328
2025-11-04 09:00:00,679.3200073242188,18.260000228881836
2025-11-04 10:00:00,678.2000122070312,18.049999237060547
2025-11-04 11:00:00,676.9299926757812,18.8700008392334
2025-11-04 12:00:00,675.25,18.829999923706055
2025-11-04 13:00:00,676.2949829101562,18.8799991607666
2025-11-04 14:00:00,675.9600219726562,18.940000534057617
2025-11-04 15:00:00,675.3400268554688,19.030000686645508
2025-11-05 02:00:00,675.3400268554688,19.3700008392334
2025-11-05 03:00:00,675.3400268554688,19.440000534057617
2025-11-05 04:00:00,675.3400268554688,19.969999313354492
2025-11-05 05:00:00,675.3400268554688,19.56999969482422
2025-11-05 06:00:00,675.3400268554688,19.389999389648438
2025-11-05 07:00:00,675.3400268554688,18.93000030517578
2025-11-05 08:00:00,675.3400268554688,18.190000534057617
2025-11-05 09:00:00,677.4400024414062,17.84000015258789
2025-11-05 10:00:00,678.2899780273438,17.399999618530273
2025-11-05 11:00:00,680.0458984375,17.489999771118164
2025-11-05 12:00:00,680.4099731445312,17.440000534057617
2025-11-05 13:00:00,680.2100219726562,17.34000015258789
2025-11-05 14:00:00,679.760009765625,17.860000610351562
2025-11-05 15:00:00,677.5,18.0
2025-11-06 02:00:00,677.5,18.31999969482422
2025-11-06 03:00:00,677.5,18.1200008392334
2025-11-06 04:00:00,677.5,17.979999542236328
2025-11-06 05:00:00,677.5,17.950000762939453
2025-11-06 06:00:00,677.5,17.81999969482422
2025-11-06 07:00:00,677.5,17.850000381469727
2025-11-06 08:00:00,677.5,18.8799991607666
2025-11-06 09:00:00,674.5399169921875,20.040000915527344
2025-11-06 10:00:00,671.4099731445312,20.239999771118164
2025-11-06 11:00:00,669.5850219726562,19.489999771118164
2025-11-06 12:00:00,670.9600219726562,19.440000534057617
2025-11-06 13:00:00,673.4000244140625,19.040000915527344
2025-11-06 14:00:00,672.3200073242188,19.799999237060547
2025-11-06 15:00:00,670.239990234375,19.520000457763672
2025-11-07 02:00:00,670.239990234375,19.700000762939453
2025-11-07 03:00:00,670.239990234375,19.950000762939453
2025-11-07 04:00:00,670.239990234375,20.1299991607666
2025-11-07 05:00:00,670.239990234375,20.229999542236328
2025-11-07 06:00:00,670.239990234375,20.700000762939453
2025-11-07 07:00:00,670.239990234375,20.420000076293945
2025-11-07 08:00:00,670.239990234375,20.84000015258789
2025-11-07 09:00:00,665.9299926757812,21.559999465942383
2025-11-07 10:00:00,662.8250122070312,22.399999618530273
2025-11-07 11:00:00,663.5750122070312,21.850000381469727
2025-11-07 12:00:00,665.3099975585938,20.829999923706055
2025-11-07 13:00:00,666.4500122070312,19.920000076293945
2025-11-07 14:00:00,668.6649780273438,19.25
2025-11-07 15:00:00,670.9199829101562,19.100000381469727
2025-11-10 02:00:00,670.9199829101562,18.639999389648438
2025-11-10 03:00:00,670.9199829101562,18.639999389648438
2025-11-10 04:00:00,670.9199829101562,18.770000457763672
2025-11-10 05:00:00,670.9199829101562,18.639999389648438
2025-11-10 06:00:00,670.9199829101562,18.469999313354492
2025-11-10 07:00:00,670.9199829101562,18.329999923706055
2025-11-10 08:00:00,670.9199829101562,18.030000686645508
2025-11-10 09:00:00,678.8599853515625,18.520000457763672
2025-11-10 10:00:00,675.5549926757812,18.190000534057617
2025-11-10 11:00:00,677.4650268554688,17.770000457763672
2025-11-10 12:00:00,679.4749755859375,17.809999465942383
2025-11-10 13:00:00,680.781494140625,17.760000228881836
2025-11-10 14:00:00,681.3099975585938,17.729999542236328
2025-11-10 15:00:00,681.3200073242188,17.600000381469727
2025-11-11 02:00:00,681.3200073242188,17.950000762939453
2025-11-11 03:00:00,681.3200073242188,17.979999542236328
2025-11-11 04:00:00,681.3200073242188,17.959999084472656
2025-11-11 05:00:00,681.3200073242188,17.899999618530273
2025-11-11 06:00:00,681.3200073242188,17.969999313354492
2025-11-11 07:00:00,681.3200073242188,17.889999389648438
2025-11-11 08:00:00,681.3200073242188,17.520000457763672
2025-11-11 09:00:00,679.4550170898438,17.899999618530273
2025-11-11 10:00:00,679.3200073242188,17.709999084472656
2025-11-11 11:00:00,681.0305786132812,17.6200008392334
2025-11-11 12:00:00,682.9099731445312,17.389999389648438
2025-11-11 13:00:00,683.1300048828125,17.280000686645508
2025-11-11 14:00:00,682.9000244140625,17.299999237060547
2025-11-11 15:00:00,682.8699951171875,17.280000686645508
2025-11-12 02:00:00,682.8699951171875,17.170000076293945
2025-11-12 03:00:00,682.8699951171875,17.170000076293945
2025-11-12 04:00:00,682.8699951171875,17.219999313354492
2025-11-12 05:00:00,682.8699951171875,17.25
2025-11-12 06:00:00,682.8699951171875,17.149999618530273
2025-11-12 07:00:00,682.8699951171875,17.110000610351562
2025-11-12 08:00:00,682.8699951171875,17.489999771118164
2025-11-12 09:00:00,683.1950073242188,17.770000457763672
2025-11-12 10:00:00,682.4099731445312,17.940000534057617
2025-11-12 11:00:00,682.469970703125,17.579999923706055
2025-11-12 12:00:00,683.4949951171875,17.469999313354492
2025-11-12 13:00:00,682.72998046875,17.479999542236328
2025-11-12 14:00:00,683.3400268554688,17.530000686645508
2025-11-12 15:00:00,683.2849731445312,17.520000457763672
2025-11-13 02:00:00,683.2849731445312,17.520000457763672
2025-11-13 03:00:00,683.2849731445312,17.8799991607666
2025-11-13 04:00:00,683.2849731445312,17.709999084472656
2025-11-13 05:00:00,683.2849731445312,17.790000915527344
2025-11-13 06:00:00,683.2849731445312,17.799999237060547
2025-11-13 07:00:00,683.2849731445312,18.06999969482422
2025-11-13 08:00:00,683.2849731445312,18.329999923706055
2025-11-13 09:00:00,678.9400024414062,18.920000076293945
2025-11-13 10:00:00,675.72998046875,19.34000015258789
2025-11-13 11:00:00,675.9199829101562,19.68000030517578
2025-11-13 12:00:00,672.8300170898438,20.670000076293945
2025-11-13 13:00:00,673.5399780273438,21.020000457763672
2025-11-13 14:00:00,671.6300048828125,20.540000915527344
2025-11-13 15:00:00,672.0499877929688,20.020000457763672
2025-11-14 02:00:00,672.0499877929688,21.110000610351562
2025-11-14 03:00:00,672.0499877929688,21.34000015258789
2025-11-14 04:00:00,672.0499877929688,21.15999984741211
2025-11-14 05:00:00,672.0499877929688,21.790000915527344
2025-11-14 06:00:00,672.0499877929688,22.329999923706055
2025-11-14 07:00:00,672.0499877929688,22.420000076293945
2025-11-14 08:00:00,672.0499877929688,21.559999465942383
2025-11-14 09:00:00,669.7899780273438,20.530000686645508
2025-11-14 10:00:00,674.39501953125,19.860000610351562
2025-11-14 11:00:00,675.0499877929688,20.139999389648438
2025-11-14 12:00:00,673.1300048828125,20.5
2025-11-14 13:00:00,674.0198974609375,19.6299991607666
2025-11-14 14:00:00,672.64501953125,20.15999984741211
2025-11-14 15:00:00,671.9500122070312,19.829999923706055
2025-11-17 02:00:00,671.9500122070312,19.59000015258789
2025-11-17 03:00:00,671.9500122070312,19.899999618530273
2025-11-17 04:00:00,671.9500122070312,20.479999542236328
2025-11-17 05:00:00,671.9500122070312,20.399999618530273
2025-11-17 06:00:00,671.9500122070312,20.690000534057617
2025-11-17 07:00:00,671.9500122070312,20.860000610351562
2025-11-17 08:00:00,671.9500122070312,20.389999389648438
2025-11-17 09:00:00,672.0599975585938,20.920000076293945
2025-11-17 10:00:00,670.4749755859375,20.43000030517578
2025-11-17 11:00:00,672.3101196289062,21.510000228881836
2025-11-17 12:00:00,668.7100219726562,22.239999771118164
2025-11-17 13:00:00,665.8394775390625,23.170000076293945
2025-11-17 14:00:00,663.739990234375,22.5
2025-11-17 15:00:00,665.6900024414062,22.3799991607666
2025-11-18 02:00:00,665.6900024414062,23.229999542236328
2025-11-18 03:00:00,665.6900024414062,23.030000686645508
2025-11-18 04:00:00,665.6900024414062,23.030000686645508
2025-11-18 05:00:00,665.6900024414062,23.09000015258789
2025-11-18 06:00:00,665.6900024414062,23.760000228881836
2025-11-18 07:00:00,665.6900024414062,23.719999313354492
2025-11-18 08:00:00,665.6900024414062,25.09000015258789
2025-11-18 09:00:00,659.0850219726562,25.350000381469727
2025-11-18 10:00:00,661.5750122070312,23.81999969482422
2025-11-18 11:00:00,658.6199951171875,23.34000015258789
2025-11-18 12:00:00,663.3300170898438,23.459999084472656
2025-11-18 13:00:00,662.9299926757812,23.049999237060547
2025-11-18 14:00:00,662.4199829101562,24.239999771118164
2025-11-18 15:00:00,660.1400146484375,24.670000076293945
2025-11-19 02:00:00,660.1400146484375,24.559999465942383
2025-11-19 03:00:00,660.1400146484375,23.959999084472656
2025-11-19 04:00:00,660.1400146484375,23.809999465942383
2025-11-19 05:00:00,660.1400146484375,23.920000076293945
2025-11-19 06:00:00,660.1400146484375,23.829999923706055
2025-11-19 07:00:00,660.1400146484375,23.950000762939453
2025-11-19 08:00:00,660.1400146484375,22.43000030517578
2025-11-19 09:00:00,666.25,23.809999465942383
2025-11-19 10:00:00,662.010009765625,23.729999542236328
2025-11-19 11:00:00,661.1699829101562,23.8799991607666
2025-11-19 12:00:00,661.0200805664062,23.399999618530273
2025-11-19 13:00:00,659.7999877929688,23.81999969482422
2025-11-19 14:00:00,663.5,23.510000228881836
2025-11-19 15:00:00,662.6500244140625,23.690000534057617
2025-11-20 02:00:00,662.6500244140625,20.760000228881836
2025-11-20 03:00:00,662.6500244140625,21.110000610351562
2025-11-20 04:00:00,662.6500244140625,20.690000534057617
2025-11-20 05:00:00,662.6500244140625,20.8700008392334
2025-11-20 06:00:00,662.6500244140625,20.600000381469727
2025-11-20 07:00:00,662.6500244140625,19.729999542236328
2025-11-20 08:00:00,662.6500244140625,19.540000915527344
2025-11-20 09:00:00,674.8300170898438,20.459999084472656
2025-11-20 10:00:00,667.9000244140625,25.709999084472656
2025-11-20 11:00:00,658.5700073242188,26.09000015258789
2025-11-20 12:00:00,659.5800170898438,26.920000076293945
2025-11-20 13:00:00,657.010009765625,24.850000381469727
2025-11-20 14:00:00,656.2000122070312,26.360000610351562
2025-11-20 15:00:00,652.530029296875,26.389999389648438
2025-11-21 02:00:00,652.530029296875,25.489999771118164
2025-11-21 03:00:00,652.530029296875,26.520000457763672
2025-11-21 04:00:00,652.530029296875,26.68000030517578
2025-11-21 05:00:00,652.530029296875,26.959999084472656
2025-11-21 06:00:00,652.530029296875,25.780000686645508
2025-11-21 07:00:00,652.530029296875,25.200000762939453
2025-11-21 08:00:00,652.530029296875,25.90999984741211
2025-11-21 09:00:00,653.0800170898438,26.579999923706055
2025-11-21 10:00:00,655.9299926757812,24.270000457763672
2025-11-21 11:00:00,660.3800048828125,23.979999542236328
2025-11-21 12:00:00,658.3599853515625,23.09000015258789
2025-11-21 13:00:00,664.22998046875,23.270000457763672
2025-11-21 14:00:00,659.6300048828125,23.739999771118164
2025-11-21 15:00:00,659.0800170898438,23.469999313354492
2025-11-24 02:00:00,659.0800170898438,22.579999923706055
2025-11-24 03:00:00,659.0800170898438,23.34000015258789
2025-11-24 04:00:00,659.0800170898438,23.43000030517578
2025-11-24 05:00:00,659.0800170898438,23.149999618530273
2025-11-24 06:00:00,659.0800170898438,22.75
2025-11-24 07:00:00,659.0800170898438,22.790000915527344
2025-11-24 08:00:00,659.0800170898438,22.200000762939453
2025-11-24 09:00:00,665.5449829101562,21.329999923706055
2025-11-24 10:00:00,667.969970703125,21.239999771118164
2025-11-24 11:00:00,668.1856079101562,20.8799991607666
2025-11-24 12:00:00,669.1900024414062,20.760000228881836
2025-11-24 13:00:00,668.89990234375,20.889999389648438
2025-11-24 14:00:00,668.9400024414062,20.59000015258789
2025-11-24 15:00:00,668.8099975585938,20.510000228881836
2025-11-25 02:00:00,668.8099975585938,20.6299991607666
2025-11-25 03:00:00,668.8099975585938,20.690000534057617
2025-11-25 04:00:00,668.8099975585938,20.540000915527344
2025-11-25 05:00:00,668.8099975585938,20.549999237060547
2025-11-25 06:00:00,668.8099975585938,20.260000228881836
2025-11-25 07:00:00,668.8099975585938,20.100000381469727
2025-11-25 08:00:00,668.8099975585938,20.43000030517578
2025-11-25 09:00:00,668.5800170898438,19.989999771118164
2025-11-25 10:00:00,670.4199829101562,19.309999465942383
2025-11-25 11:00:00,673.3200073242188,19.25
2025-11-25 12:00:00,674.0250244140625,18.940000534057617
2025-11-25 13:00:00,673.3200073242188,18.760000228881836
2025-11-25 14:00:00,674.5,18.56999969482422
2025-11-25 15:00:00,675.0,18.549999237060547
2025-11-26 02:00:00,675.0,18.25
2025-11-26 03:00:00,675.0,18.3799991607666
2025-11-26 04:00:00,675.0,18.34000015258789
2025-11-26 05:00:00,675.0,18.459999084472656
2025-11-26 06:00:00,675.0,18.229999542236328
2025-11-26 07:00:00,675.0,18.059999465942383
2025-11-26 08:00:00,675.0,18.030000686645508
2025-11-26 09:00:00,678.1300048828125,17.56999969482422
2025-11-26 10:00:00,680.530029296875,17.440000534057617
2025-11-26 11:00:00,680.9400024414062,17.389999389648438
2025-11-26 12:00:00,681.1099853515625,17.290000915527344
2025-11-26 13:00:00,681.239990234375,17.09000015258789
2025-11-26 14:00:00,681.2000122070312,17.25
2025-11-26 15:00:00,679.6300048828125,17.200000762939453
2025-11-27 02:00:00,679.6300048828125,17.15999984741211
2025-11-27 03:00:00,679.6300048828125,17.110000610351562
2025-11-27 04:00:00,679.6300048828125,17.100000381469727
2025-11-27 05:00:00,679.6300048828125,17.100000381469727
2025-11-27 06:00:00,679.6300048828125,17.1299991607666
2025-11-27 07:00:00,679.6300048828125,17.18000030517578
2025-11-27 08:00:00,679.6300048828125,17.34000015258789
2025-11-27 09:00:00,679.6300048828125,17.309999465942383
2025-11-27 10:00:00,679.6300048828125,17.209999084472656
2025-11-28 02:00:00,679.6300048828125,17.420000076293945
2025-11-28 03:00:00,679.6300048828125,17.440000534057617
2025-11-28 04:00:00,679.6300048828125,17.450000762939453
2025-11-28 05:00:00,679.6300048828125,17.459999084472656
2025-11-28 06:00:00,679.6300048828125,17.469999313354492
2025-11-28 07:00:00,679.6300048828125,17.489999771118164
2025-11-28 08:00:00,679.6300048828125,16.90999984741211
2025-11-28 09:00:00,681.6900024414062,16.979999542236328
2025-11-28 10:00:00,682.1500244140625,16.709999084472656
2025-11-28 11:00:00,682.3150024414062,16.219999313354492
2025-11-28 12:00:00,682.3150024414062,16.350000381469727
2025-12-01 02:00:00,682.3150024414062,18.06999969482422
2025-12-01 03:00:00,682.3150024414062,18.110000610351562
2025-12-01 04:00:00,682.3150024414062,18.020000457763672
2025-12-01 05:00:00,682.3150024414062,18.079999923706055
2025-12-01 06:00:00,682.3150024414062,18.270000457763672
2025-12-01 07:00:00,682.3150024414062,18.100000381469727
2025-12-01 08:00:00,682.3150024414062,17.260000228881836
2025-12-01 09:00:00,679.8300170898438,17.010000228881836
2025-12-01 10:00:00,681.0798950195312,16.899999618530273
2025-12-01 11:00:00,682.010009765625,16.790000915527344
2025-12-01 12:00:00,682.47998046875,16.600000381469727
2025-12-01 13:00:00,680.5999755859375,17.209999084472656
2025-12-01 14:00:00,680.72998046875,17.309999465942383
2025-12-01 15:00:00,680.27001953125,17.229999542236328
2025-12-02 02:00:00,680.27001953125,17.020000457763672
2025-12-02 03:00:00,680.27001953125,16.899999618530273
2025-12-02 04:00:00,680.27001953125,16.709999084472656
2025-12-02 05:00:00,680.27001953125,16.780000686645508
2025-12-02 06:00:00,680.27001953125,16.729999542236328
2025-12-02 07:00:00,680.27001953125,16.670000076293945
2025-12-02 08:00:00,680.27001953125,16.68000030517578
2025-12-02 09:00:00,681.5800170898438,16.489999771118164
2025-12-02 10:00:00,680.010009765625,17.079999923706055
2025-12-02 11:00:00,682.4400024414062,17.110000610351562
2025-12-02 12:00:00,681.0399780273438,16.790000915527344
2025-12-02 13:00:00,681.3900146484375,16.579999923706055
2025-12-02 14:00:00,682.5050048828125,16.5
2025-12-02 15:00:00,681.47998046875,16.59000015258789
2025-12-03 02:00:00,681.47998046875,16.43000030517578
2025-12-03 03:00:00,681.47998046875,16.540000915527344
2025-12-03 04:00:00,681.47998046875,16.56999969482422
2025-12-03 05:00:00,681.47998046875,16.510000228881836
2025-12-03 06:00:00,681.47998046875,16.299999237060547
2025-12-03 07:00:00,681.47998046875,16.350000381469727
2025-12-03 08:00:00,681.47998046875,16.81999969482422
2025-12-03 09:00:00,681.6799926757812,16.399999618530273
2025-12-03 10:00:00,682.385009765625,16.3799991607666
2025-12-03 11:00:00,683.5599975585938,16.15999984741211
2025-12-03 12:00:00,683.9099731445312,16.06999969482422
2025-12-03 13:00:00,684.3300170898438,15.949999809265137
2025-12-03 14:00:00,684.522705078125,16.1299991607666
2025-12-03 15:00:00,683.8099975585938,16.079999923706055
2025-12-04 02:00:00,683.8099975585938,16.270000457763672
2025-12-04 03:00:00,683.8099975585938,16.139999389648438
2025-12-04 04:00:00,683.8099975585938,16.260000228881836
2025-12-04 05:00:00,683.8099975585938,16.25
2025-12-04 06:00:00,683.8099975585938,16.079999923706055
2025-12-04 07:00:00,683.8099975585938,16.1299991607666
2025-12-04 08:00:00,683.8099975585938,16.479999542236328
2025-12-04 09:00:00,683.594970703125,16.309999465942383
2025-12-04 10:00:00,683.351318359375,15.979999542236328
2025-12-04 11:00:00,684.02001953125,16.030000686645508
2025-12-04 12:00:00,684.6774291992188,15.90999984741211
2025-12-04 13:00:00,682.1799926757812,16.0
2025-12-04 14:00:00,682.7501220703125,15.75
2025-12-04 15:00:00,684.4000244140625,15.779999732971191
2025-12-05 02:00:00,684.4000244140625,15.6899995803833
2025-12-05 03:00:00,684.4000244140625,15.75
2025-12-05 04:00:00,684.4000244140625,15.8100004196167
2025-12-05 05:00:00,684.4000244140625,15.8100004196167
2025-12-05 06:00:00,684.4000244140625,15.739999771118164
2025-12-05 07:00:00,684.4000244140625,16.040000915527344
2025-12-05 08:00:00,684.4000244140625,15.850000381469727
2025-12-05 09:00:00,687.885009765625,15.789999961853027
2025-12-05 10:00:00,685.9561767578125,15.819999694824219
2025-12-05 11:00:00,685.3900146484375,15.609999656677246
2025-12-05 12:00:00,686.5499877929688,15.479999542236328
2025-12-05 13:00:00,685.9299926757812,15.390000343322754
2025-12-05 14:00:00,686.0050048828125,15.279999732971191
2025-12-05 15:00:00,685.6500244140625,15.399999618530273
2025-12-08 02:00:00,685.6500244140625,16.219999313354492
2025-12-08 03:00:00,685.6500244140625,16.229999542236328
2025-12-08 04:00:00,685.6500244140625,16.239999771118164
2025-12-08 05:00:00,685.6500244140625,16.3799991607666
2025-12-08 06:00:00,685.6500244140625,16.239999771118164
2025-12-08 07:00:00,685.6500244140625,16.280000686645508
2025-12-08 08:00:00,685.6500244140625,16.540000915527344
2025-12-08 09:00:00,684.5549926757812,16.690000534057617
2025-12-08 10:00:00,684.0900268554688,16.8700008392334
2025-12-08 11:00:00,682.6900024414062,16.579999923706055
2025-12-08 12:00:00,682.8300170898438,16.989999771118164
2025-12-08 13:00:00,682.2449951171875,16.8799991607666
2025-12-08 14:00:00,682.6400146484375,16.649999618530273
2025-12-08 15:00:00,683.6500244140625,16.65999984741211
2025-12-09 02:00:00,683.6500244140625,16.68000030517578
2025-12-09 03:00:00,683.6500244140625,16.829999923706055
2025-12-09 04:00:00,683.6500244140625,16.770000457763672
2025-12-09 05:00:00,683.6500244140625,16.790000915527344
2025-12-09 06:00:00,683.6500244140625,16.84000015258789
2025-12-09 07:00:00,683.6500244140625,17.06999969482422
2025-12-09 08:00:00,683.6500244140625,16.84000015258789
2025-12-09 09:00:00,684.2150268554688,16.700000762939453
2025-12-09 10:00:00,684.8099975585938,16.56999969482422
2025-12-09 11:00:00,684.6500244140625,16.6200008392334
2025-12-09 12:00:00,684.239990234375,16.579999923706055
2025-12-09 13:00:00,683.72998046875,16.649999618530273
2025-12-09 14:00:00,683.3250122070312,16.8799991607666
2025-12-09 15:00:00,683.0499877929688,16.93000030517578
2025-12-10 02:00:00,683.0499877929688,17.059999465942383
2025-12-10 03:00:00,683.0499877929688,17.139999389648438
2025-12-10 04:00:00,683.0499877929688,17.360000610351562
2025-12-10 05:00:00,683.0499877929688,17.280000686645508
2025-12-10 06:00:00,683.0499877929688,17.399999618530273
2025-12-10 07:00:00,683.0499877929688,17.3799991607666
2025-12-10 08:00:00,683.0499877929688,17.110000610351562
2025-12-10 09:00:00,682.989990234375,17.149999618530273
2025-12-10 10:00:00,683.719970703125,16.93000030517578
2025-12-10 11:00:00,683.1400146484375,16.979999542236328
2025-12-10 12:00:00,682.8900146484375,17.100000381469727
2025-12-10 13:00:00,684.2100219726562,15.729999542236328
2025-12-10 14:00:00,688.1199951171875,15.859999656677246
2025-12-10 15:00:00,687.4600219726562,15.770000457763672
2025-12-11 02:00:00,687.4600219726562,16.40999984741211
2025-12-11 03:00:00,687.4600219726562,16.1200008392334
2025-12-11 04:00:00,687.4600219726562,16.139999389648438
2025-12-11 05:00:00,687.4600219726562,15.970000267028809
2025-12-11 06:00:00,687.4600219726562,15.819999694824219
2025-12-11 07:00:00,687.4600219726562,15.979999542236328
2025-12-11 08:00:00,687.4600219726562,16.6200008392334
2025-12-11 09:00:00,686.260009765625,15.869999885559082
2025-12-11 10:00:00,684.60498046875,15.819999694824219
2025-12-11 11:00:00,687.35498046875,15.359999656677246
2025-12-11 12:00:00,687.625,15.40999984741211
2025-12-11 13:00:00,688.6799926757812,15.149999618530273
2025-12-11 14:00:00,688.4349975585938,15.0
2025-12-11 15:00:00,689.1500244140625,14.949999809265137
2025-12-12 02:00:00,689.1500244140625,14.970000267028809
2025-12-12 03:00:00,689.1500244140625,15.1899995803833
2025-12-12 04:00:00,689.1500244140625,15.149999618530273
2025-12-12 05:00:00,689.1500244140625,15.229999542236328
2025-12-12 06:00:00,689.1500244140625,15.130000114440918
2025-12-12 07:00:00,689.1500244140625,14.890000343322754
2025-12-12 08:00:00,689.1500244140625,15.0600004196167
2025-12-12 09:00:00,683.75,16.450000762939453
2025-12-12 10:00:00,681.27001953125,17.139999389648438
2025-12-12 11:00:00,681.4600219726562,16.239999771118164
2025-12-12 12:00:00,683.8800048828125,16.059999465942383
2025-12-12 13:00:00,681.4749755859375,15.989999771118164
2025-12-12 14:00:00,681.3599853515625,15.880000114440918
2025-12-12 15:00:00,681.72998046875,15.75
2025-12-15 02:00:00,681.72998046875,16.420000076293945
2025-12-15 03:00:00,681.72998046875,16.3799991607666
2025-12-15 04:00:00,681.72998046875,16.420000076293945
2025-12-15 05:00:00,681.72998046875,16.43000030517578
2025-12-15 06:00:00,681.72998046875,16.219999313354492
2025-12-15 07:00:00,681.72998046875,16.049999237060547
2025-12-15 08:00:00,681.72998046875,16.510000228881836
2025-12-15 09:00:00,679.8200073242188,16.84000015258789
2025-12-15 10:00:00,682.7899780273438,16.65999984741211
2025-12-15 11:00:00,680.6500244140625,16.68000030517578
2025-12-15 12:00:00,679.97998046875,16.479999542236328
2025-12-15 13:00:00,680.8355102539062,16.389999389648438
2025-12-15 14:00:00,681.0700073242188,16.479999542236328
2025-12-15 15:00:00,680.7100219726562,16.510000228881836
2025-12-16 02:00:00,680.7100219726562,17.149999618530273
2025-12-16 03:00:00,680.7100219726562,17.290000915527344
2025-12-16 04:00:00,680.7100219726562,17.049999237060547
2025-12-16 05:00:00,680.7100219726562,16.850000381469727
2025-12-16 06:00:00,680.7100219726562,16.790000915527344
2025-12-16 07:00:00,680.7100219726562,16.760000228881836
2025-12-16 08:00:00,680.7100219726562,16.59000015258789
2025-12-16 09:00:00,677.6900024414062,16.65999984741211
2025-12-16 10:00:00,677.135009765625,16.610000610351562
2025-12-16 11:00:00,677.3800048828125,17.31999969482422
2025-12-16 12:00:00,675.5900268554688,16.790000915527344
2025-12-16 13:00:00,677.0499877929688,16.649999618530273
2025-12-16 14:00:00,679.2000122070312,16.420000076293945
2025-12-16 15:00:00,678.8599853515625,16.5
2025-12-17 02:00:00,678.8599853515625,16.3799991607666
2025-12-17 03:00:00,678.8599853515625,16.229999542236328
2025-12-17 04:00:00,678.8599853515625,16.149999618530273
2025-12-17 05:00:00,678.8599853515625,16.15999984741211
2025-12-17 06:00:00,678.8599853515625,16.190000534057617
2025-12-17 07:00:00,678.8599853515625,16.270000457763672
2025-12-17 08:00:00,678.8599853515625,16.219999313354492
2025-12-17 09:00:00,678.9299926757812,17.3700008392334
2025-12-17 10:00:00,674.635009765625,17.329999923706055
2025-12-17 11:00:00,674.1500244140625,17.280000686645508
2025-12-17 12:00:00,673.3699951171875,17.549999237060547
2025-12-17 13:00:00,672.469970703125,17.260000228881836
2025-12-17 14:00:00,672.52001953125,17.920000076293945
2025-12-17 15:00:00,671.2999877929688,17.6200008392334
2025-12-18 02:00:00,671.2999877929688,17.59000015258789
2025-12-18 03:00:00,671.2999877929688,17.350000381469727
2025-12-18 04:00:00,671.2999877929688,17.389999389648438
2025-12-18 05:00:00,671.2999877929688,17.25
2025-12-18 06:00:00,671.2999877929688,17.3799991607666
2025-12-18 07:00:00,671.2999877929688,16.729999542236328
2025-12-18 08:00:00,671.2999877929688,16.559999465942383
2025-12-18 09:00:00,679.010009765625,16.139999389648438
2025-12-18 10:00:00,679.7449951171875,16.239999771118164
2025-12-18 11:00:00,675.780029296875,16.549999237060547
2025-12-18 12:00:00,678.8250122070312,16.5
2025-12-18 13:00:00,677.1500244140625,17.079999923706055
2025-12-18 14:00:00,677.6300048828125,16.760000228881836
2025-12-18 15:00:00,676.47998046875,16.850000381469727
2025-12-19 02:00:00,676.47998046875,16.190000534057617
2025-12-19 03:00:00,676.47998046875,16.149999618530273
2025-12-19 04:00:00,676.47998046875,16.280000686645508
2025-12-19 05:00:00,676.47998046875,16.360000610351562
2025-12-19 06:00:00,676.47998046875,16.510000228881836
2025-12-19 07:00:00,676.47998046875,16.360000610351562
2025-12-19 08:00:00,676.47998046875,15.479999542236328
2025-12-19 09:00:00,679.1900024414062,15.539999961853027
2025-12-19 10:00:00,680.1699829101562,15.420000076293945
2025-12-19 11:00:00,680.6799926757812,15.3100004196167
2025-12-19 12:00:00,680.75,15.359999656677246
2025-12-19 13:00:00,680.6400146484375,15.149999618530273
2025-12-19 14:00:00,680.4849853515625,15.050000190734863
2025-12-19 15:00:00,680.5900268554688,14.90999984741211
2025-12-22 02:00:00,680.5900268554688,15.239999771118164
2025-12-22 03:00:00,680.5900268554688,15.069999694824219
2025-12-22 04:00:00,680.5900268554688,15.050000190734863
2025-12-22 05:00:00,680.5900268554688,15.020000457763672
2025-12-22 06:00:00,680.5900268554688,14.970000267028809
2025-12-22 07:00:00,680.5900268554688,14.880000114440918
2025-12-22 08:00:00,680.5900268554688,14.5600004196167
2025-12-22 09:00:00,683.77001953125,14.569999694824219
2025-12-22 10:00:00,684.6699829101562,14.40999984741211
2025-12-22 11:00:00,684.6500244140625,14.350000381469727
2025-12-22 12:00:00,684.7150268554688,14.420000076293945
2025-12-22 13:00:00,684.719970703125,14.199999809265137
2025-12-22 14:00:00,684.9249877929688,14.0600004196167
2025-12-22 15:00:00,684.7899780273438,14.079999923706055
2025-12-23 02:00:00,684.7899780273438,14.130000114440918
2025-12-23 03:00:00,684.7899780273438,14.010000228881836
2025-12-23 04:00:00,684.7899780273438,14.069999694824219
2025-12-23 05:00:00,684.7899780273438,14.119999885559082
2025-12-23 06:00:00,684.7899780273438,14.130000114440918
2025-12-23 07:00:00,684.7899780273438,14.399999618530273
2025-12-23 08:00:00,684.7899780273438,14.069999694824219
2025-12-23 09:00:00,685.239990234375,13.710000038146973
2025-12-23 10:00:00,686.4920043945312,13.789999961853027
2025-12-23 11:00:00,687.0700073242188,13.850000381469727
2025-12-23 12:00:00,687.5449829101562,13.800000190734863
2025-12-23 13:00:00,687.875,13.869999885559082
2025-12-23 14:00:00,687.8499755859375,13.84000015258789
2025-12-23 15:00:00,687.9099731445312,14.0
2025-12-24 02:00:00,687.9099731445312,14.109999656677246
2025-12-24 03:00:00,687.9099731445312,14.119999885559082
2025-12-24 04:00:00,687.9099731445312,14.140000343322754
2025-12-24 05:00:00,687.9099731445312,14.149999618530273
2025-12-24 06:00:00,687.9099731445312,14.039999961853027
2025-12-24 07:00:00,687.9099731445312,13.949999809265137
2025-12-24 08:00:00,687.9099731445312,13.819999694824219
2025-12-24 09:00:00,689.1649780273438,13.600000381469727
2025-12-24 10:00:00,689.9650268554688,13.489999771118164
2025-12-24 11:00:00,690.5349731445312,13.430000305175781
2025-12-24 12:00:00,690.5349731445312,13.470000267028809
2025-12-26 02:00:00,690.5349731445312,14.130000114440918
2025-12-26 03:00:00,690.5349731445312,14.130000114440918
2025-12-26 04:00:00,690.5349731445312,14.149999618530273
2025-12-26 05:00:00,690.5349731445312,14.210000038146973
2025-12-26 06:00:00,690.5349731445312,14.170000076293945
2025-12-26 07:00:00,690.5349731445312,14.109999656677246
2025-12-26 08:00:00,690.5349731445312,14.170000076293945
2025-12-26 09:00:00,690.7349853515625,13.869999885559082
2025-12-26 10:00:00,690.2640991210938,13.90999984741211
2025-12-26 11:00:00,690.1400146484375,13.829999923706055
2025-12-26 12:00:00,689.6970825195312,13.770000457763672
2025-12-26 13:00:00,690.0418090820312,13.720000267028809
2025-12-26 14:00:00,690.2000122070312,13.609999656677246
2025-12-26 15:00:00,690.2449951171875,13.600000381469727
2025-12-29 02:00:00,690.2449951171875,14.850000381469727
2025-12-29 03:00:00,690.2449951171875,14.84000015258789
2025-12-29 04:00:00,690.2449951171875,14.859999656677246
2025-12-29 05:00:00,690.2449951171875,14.770000457763672
2025-12-29 06:00:00,690.2449951171875,14.829999923706055
2025-12-29 07:00:00,690.2449951171875,14.920000076293945
2025-12-29 08:00:00,690.2449951171875,14.770000457763672
2025-12-29 09:00:00,687.9500122070312,14.670000076293945
2025-12-29 10:00:00,687.169921875,14.529999732971191
2025-12-29 11:00:00,686.27001953125,14.430000305175781
2025-12-29 12:00:00,687.3300170898438,14.260000228881836
2025-12-29 13:00:00,687.4600219726562,14.079999923706055
2025-12-29 14:00:00,688.1799926757812,14.149999618530273
2025-12-29 15:00:00,687.8400268554688,14.1899995803833
2025-12-30 02:00:00,687.8400268554688,14.420000076293945
2025-12-30 03:00:00,687.8400268554688,14.460000038146973
2025-12-30 04:00:00,687.8400268554688,14.5600004196167
2025-12-30 05:00:00,687.8400268554688,14.520000457763672
2025-12-30 06:00:00,687.8400268554688,14.5
2025-12-30 07:00:00,687.8400268554688,14.460000038146973
2025-12-30 08:00:00,687.8400268554688,14.180000305175781
2025-12-30 09:00:00,686.9400024414062,14.170000076293945
2025-12-30 10:00:00,688.2471923828125,14.229999542236328
2025-12-30 11:00:00,687.3800048828125,14.210000038146973
2025-12-30 12:00:00,687.7692260742188,14.350000381469727
2025-12-30 13:00:00,687.8099975585938,14.25
2025-12-30 14:00:00,687.510009765625,14.319999694824219
2025-12-30 15:00:00,686.9400024414062,14.329999923706055
2025-12-31 02:00:00,686.9400024414062,14.899999618530273
2025-12-31 03:00:00,686.9400024414062,14.899999618530273
2025-12-31 04:00:00,686.9400024414062,14.829999923706055
2025-12-31 05:00:00,686.9400024414062,14.779999732971191
2025-12-31 06:00:00,686.9400024414062,14.699999809265137
2025-12-31 07:00:00,686.9400024414062,14.579999923706055
2025-12-31 08:00:00,686.9400024414062,14.670000076293945
2025-12-31 09:00:00,685.5499877929688,14.829999923706055
2025-12-31 10:00:00,685.1199951171875,14.510000228881836
2025-12-31 11:00:00,685.0,14.6899995803833
2025-12-31 12:00:00,685.3698120117188,14.460000038146973
2025-12-31 13:00:00,685.0349731445312,14.720000267028809
2025-12-31 14:00:00,682.719970703125,15.010000228881836
2025-12-31 15:00:00,681.8400268554688,14.9399995803833
2026-01-02 02:00:00,681.8400268554688,14.8100004196167
2026-01-02 03:00:00,681.8400268554688,14.779999732971191
2026-01-02 04:00:00,681.8400268554688,14.779999732971191
2026-01-02 05:00:00,681.8400268554688,14.819999694824219
2026-01-02 06:00:00,681.8400268554688,14.8100004196167
2026-01-02 07:00:00,681.8400268554688,14.779999732971191
2026-01-02 08:00:00,681.8400268554688,14.680000305175781
2026-01-02 09:00:00,682.4500122070312,15.329999923706055
2026-01-02 10:00:00,681.8099975585938,14.979999542236328
2026-01-02 11:00:00,682.4500122070312,14.880000114440918
2026-01-02 12:00:00,680.97998046875,15.09000015258789
2026-01-02 13:00:00,682.9500122070312,14.670000076293945
2026-01-02 14:00:00,683.239990234375,14.550000190734863
2026-01-02 15:00:00,683.1699829101562,14.510000228881836
2026-01-05 02:00:00,683.1699829101562,15.149999618530273
2026-01-05 03:00:00,683.1699829101562,15.229999542236328
2026-01-05 04:00:00,683.1699829101562,15.15999984741211
2026-01-05 05:00:00,683.1699829101562,15.15999984741211
2026-01-05 06:00:00,683.1699829101562,15.15999984741211
2026-01-05 07:00:00,683.1699829101562,15.109999656677246
2026-01-05 08:00:00,683.1699829101562,14.949999809265137
2026-01-05 09:00:00,688.5255737304688,14.850000381469727
2026-01-05 10:00:00,688.6400146484375,14.710000038146973
2026-01-05 11:00:00,688.3499755859375,14.8100004196167
2026-01-05 12:00:00,688.3800048828125,14.779999732971191
2026-01-05 13:00:00,688.1849975585938,14.949999809265137
2026-01-05 14:00:00,687.9660034179688,14.9399995803833
2026-01-05 15:00:00,687.72998046875,14.899999618530273
2026-01-06 02:00:00,687.72998046875,15.119999885559082
2026-01-06 03:00:00,687.72998046875,15.130000114440918
2026-01-06 04:00:00,687.72998046875,15.149999618530273
2026-01-06 05:00:00,687.72998046875,15.140000343322754
2026-01-06 06:00:00,687.72998046875,15.010000228881836
2026-01-06 07:00:00,687.72998046875,14.989999771118164
2026-01-06 08:00:00,687.72998046875,14.649999618530273
2026-01-06 09:00:00,690.5349731445312,15.0
2026-01-06 10:00:00,689.0449829101562,14.899999618530273
2026-01-06 11:00:00,690.469970703125,14.829999923706055
2026-01-06 12:00:00,690.8701782226562,14.770000457763672
2026-01-06 13:00:00,691.9400024414062,14.75
2026-01-06 14:00:00,692.02001953125,14.6899995803833
2026-01-06 15:00:00,692.0499877929688,14.739999771118164
2026-01-07 02:00:00,692.0499877929688,15.020000457763672
2026-01-07 03:00:00,692.0499877929688,15.100000381469727
2026-01-07 04:00:00,692.0499877929688,15.15999984741211
2026-01-07 05:00:00,692.0499877929688,15.130000114440918
2026-01-07 06:00:00,692.0499877929688,15.079999923706055
2026-01-07 07:00:00,692.0499877929688,14.979999542236328
2026-01-07 08:00:00,692.0499877929688,15.069999694824219
2026-01-07 09:00:00,691.6719970703125,15.0
2026-01-07 10:00:00,692.25,14.84000015258789
2026-01-07 11:00:00,693.6596069335938,14.979999542236328
2026-01-07 12:00:00,692.1300048828125,14.890000343322754
2026-01-07 13:00:00,691.6799926757812,14.989999771118164
2026-01-07 14:00:00,690.3599853515625,15.329999923706055
2026-01-07 15:00:00,689.5900268554688,15.380000114440918
2026-01-08 02:00:00,689.5900268554688,15.680000305175781
2026-01-08 03:00:00,689.5900268554688,15.720000267028809
2026-01-08 04:00:00,689.5900268554688,15.720000267028809
2026-01-08 05:00:00,689.5900268554688,15.779999732971191
2026-01-08 06:00:00,689.5900268554688,15.789999961853027
2026-01-08 07:00:00,689.5900268554688,15.680000305175781
2026-01-08 08:00:00,689.5900268554688,15.619999885559082
2026-01-08 09:00:00,689.6300048828125,15.270000457763672
2026-01-08 10:00:00,689.0800170898438,15.270000457763672
2026-01-08 11:00:00,689.3499755859375,15.210000038146973
2026-01-08 12:00:00,689.5,15.579999923706055
2026-01-08 13:00:00,688.9199829101562,15.600000381469727
2026-01-08 14:00:00,689.5750122070312,15.470000267028809
2026-01-08 15:00:00,689.4400024414062,15.449999809265137
2026-01-09 02:00:00,689.4400024414062,15.779999732971191
2026-01-09 03:00:00,689.4400024414062,15.649999618530273
2026-01-09 04:00:00,689.4400024414062,15.670000076293945
2026-01-09 05:00:00,689.4400024414062,15.699999809265137
2026-01-09 06:00:00,689.4400024414062,15.5600004196167
2026-01-09 07:00:00,689.4400024414062,15.100000381469727
2026-01-09 08:00:00,689.4400024414062,15.470000267028809
2026-01-09 09:00:00,693.125,14.930000305175781
2026-01-09 10:00:00,692.8599243164062,14.6899995803833
2026-01-09 11:00:00,694.219970703125,14.59000015258789
2026-01-09 12:00:00,693.8699951171875,14.5600004196167
2026-01-09 13:00:00,694.8099975585938,14.600000381469727
2026-01-09 14:00:00,695.0250244140625,14.5
2026-01-09 15:00:00,693.989990234375,14.5
2026-01-12 02:00:00,693.989990234375,16.600000381469727
2026-01-12 03:00:00,693.989990234375,16.479999542236328
2026-01-12 04:00:00,693.989990234375,16.399999618530273
2026-01-12 05:00:00,693.989990234375,16.299999237060547
2026-01-12 06:00:00,693.989990234375,15.930000305175781
2026-01-12 07:00:00,693.989990234375,15.880000114440918
2026-01-12 08:00:00,693.989990234375,15.420000076293945
2026-01-12 09:00:00,693.5700073242188,15.289999961853027
2026-01-12 10:00:00,694.22998046875,15.199999809265137
2026-01-12 11:00:00,694.5349731445312,15.140000343322754
2026-01-12 12:00:00,695.125,15.069999694824219
2026-01-12 13:00:00,695.3200073242188,15.0600004196167
2026-01-12 14:00:00,695.3200073242188,15.069999694824219
2026-01-12 15:00:00,695.1599731445312,15.119999885559082
2026-01-13 02:00:00,695.1599731445312,15.350000381469727
2026-01-13 03:00:00,695.1599731445312,15.369999885559082
2026-01-13 04:00:00,695.1599731445312,15.390000343322754
2026-01-13 05:00:00,695.1599731445312,15.279999732971191
2026-01-13 06:00:00,695.1599731445312,15.270000457763672
2026-01-13 07:00:00,695.1599731445312,14.989999771118164
2026-01-13 08:00:00,695.1599731445312,15.449999809265137
2026-01-13 09:00:00,692.72998046875,15.510000228881836
2026-01-13 10:00:00,693.5,15.319999694824219
2026-01-13 11:00:00,694.5599975585938,15.899999618530273
2026-01-13 12:00:00,692.9199829101562,16.1200008392334
2026-01-13 13:00:00,693.010009765625,16.049999237060547
2026-01-13 14:00:00,692.0,15.960000038146973
2026-01-13 15:00:00,693.75,15.979999542236328
2026-01-14 02:00:00,693.75,16.3799991607666
2026-01-14 03:00:00,693.75,16.260000228881836
2026-01-14 04:00:00,693.75,17.139999389648438
2026-01-14 05:00:00,693.75,17.059999465942383
2026-01-14 06:00:00,693.75,17.059999465942383
2026-01-14 07:00:00,693.75,17.219999313354492
2026-01-14 08:00:00,693.75,17.790000915527344
2026-01-14 09:00:00,688.760009765625,17.860000610351562
2026-01-14 10:00:00,689.1500244140625,17.90999984741211
2026-01-14 11:00:00,687.0999145507812,17.75
2026-01-14 12:00:00,687.5999755859375,17.329999923706055
2026-01-14 13:00:00,688.125,17.299999237060547
2026-01-14 14:00:00,689.1500244140625,16.670000076293945
2026-01-14 15:00:00,690.4400024414062,16.760000228881836
2026-01-15 02:00:00,690.4400024414062,16.40999984741211
2026-01-15 03:00:00,690.4400024414062,16.190000534057617
2026-01-15 04:00:00,690.4400024414062,16.18000030517578
2026-01-15 05:00:00,690.4400024414062,16.18000030517578
2026-01-15 06:00:00,690.4400024414062,16.079999923706055
2026-01-15 07:00:00,690.4400024414062,15.930000305175781
2026-01-15 08:00:00,690.4400024414062,15.6899995803833
2026-01-15 09:00:00,693.9400024414062,15.520000457763672
2026-01-15 10:00:00,694.8150024414062,15.390000343322754
2026-01-15 11:00:00,694.4500122070312,15.489999771118164
2026-01-15 12:00:00,694.885009765625,15.40999984741211
2026-01-15 13:00:00,693.6099853515625,15.609999656677246
2026-01-15 14:00:00,691.8300170898438,15.84000015258789
2026-01-15 15:00:00,692.1699829101562,15.829999923706055
2026-01-16 02:00:00,692.1699829101562,15.5
2026-01-16 03:00:00,692.1699829101562,15.550000190734863
2026-01-16 04:00:00,692.1699829101562,15.510000228881836
2026-01-16 05:00:00,692.1699829101562,15.729999542236328
2026-01-16 06:00:00,692.1699829101562,15.75
2026-01-16 07:00:00,692.1699829101562,15.729999542236328
2026-01-16 08:00:00,692.1699829101562,15.899999618530273
2026-01-16 09:00:00,691.6500244140625,15.819999694824219
2026-01-16 10:00:00,692.7150268554688,15.640000343322754
2026-01-16 11:00:00,692.52001953125,15.720000267028809
2026-01-16 12:00:00,693.0,15.520000457763672
2026-01-16 13:00:00,692.0399780273438,15.529999732971191
2026-01-16 14:00:00,692.155029296875,15.859999656677246
2026-01-16 15:00:00,691.5800170898438,15.859999656677246
2026-01-19 02:00:00,691.5800170898438,18.31999969482422
2026-01-19 03:00:00,691.5800170898438,19.06999969482422
2026-01-19 04:00:00,691.5800170898438,19.190000534057617
2026-01-19 05:00:00,691.5800170898438,19.139999389648438
2026-01-19 06:00:00,691.5800170898438,18.889999389648438
2026-01-19 07:00:00,691.5800170898438,18.950000762939453
2026-01-19 08:00:00,691.5800170898438,19.020000457763672
2026-01-19 09:00:00,691.5800170898438,18.850000381469727
2026-01-19 10:00:00,691.5800170898438,18.84000015258789
2026-01-20 02:00:00,691.5800170898438,20.139999389648438
2026-01-20 03:00:00,691.5800170898438,20.600000381469727
2026-01-20 04:00:00,691.5800170898438,20.190000534057617
2026-01-20 05:00:00,691.5800170898438,19.959999084472656
2026-01-20 06:00:00,691.5800170898438,19.639999389648438
2026-01-20 07:00:00,691.5800170898438,20.299999237060547
2026-01-20 08:00:00,691.5800170898438,19.68000030517578
2026-01-20 09:00:00,683.8787841796875,19.0
2026-01-20 10:00:00,683.8400268554688,18.780000686645508
2026-01-20 11:00:00,682.39501953125,19.700000762939453
2026-01-20 12:00:00,680.2899780273438,20.389999389648438
2026-01-20 13:00:00,678.0399780273438,20.700000762939453
2026-01-20 14:00:00,677.3900146484375,20.459999084472656
2026-01-20 15:00:00,677.6099853515625,20.100000381469727
2026-01-21 02:00:00,677.6099853515625,19.190000534057617
2026-01-21 03:00:00,677.6099853515625,19.850000381469727
2026-01-21 04:00:00,677.6099853515625,19.790000915527344
2026-01-21 05:00:00,677.6099853515625,20.540000915527344
2026-01-21 06:00:00,677.6099853515625,20.520000457763672
2026-01-21 07:00:00,677.6099853515625,19.969999313354492
2026-01-21 08:00:00,677.6099853515625,18.020000457763672
2026-01-21 09:00:00,683.02001953125,17.389999389648438
2026-01-21 10:00:00,684.22998046875,18.829999923706055
2026-01-21 11:00:00,679.8499755859375,18.790000915527344
2026-01-21 12:00:00,680.5700073242188,18.420000076293945
2026-01-21 13:00:00,684.4041137695312,16.709999084472656
2026-01-21 14:00:00,685.35498046875,17.040000915527344
2026-01-21 15:00:00,685.3300170898438,16.920000076293945
2026-01-22 02:00:00,685.3300170898438,16.260000228881836
2026-01-22 03:00:00,685.3300170898438,16.09000015258789
2026-01-22 04:00:00,685.3300170898438,16.030000686645508
2026-01-22 05:00:00,685.3300170898438,16.149999618530273
2026-01-22 06:00:00,685.3300170898438,16.110000610351562
2026-01-22 07:00:00,685.3300170898438,15.859999656677246
2026-01-22 08:00:00,685.3300170898438,16.190000534057617
2026-01-22 09:00:00,688.4400024414062,15.850000381469727
2026-01-22 10:00:00,689.7999877929688,15.609999656677246
2026-01-22 11:00:00,690.22998046875,15.369999885559082
2026-01-22 12:00:00,690.4500122070312,15.510000228881836
2026-01-22 13:00:00,690.6599731445312,15.609999656677246
2026-01-22 14:00:00,688.1644897460938,15.619999885559082
2026-01-22 15:00:00,688.9299926757812,15.649999618530273
2026-01-23 02:00:00,688.9299926757812,15.859999656677246
2026-01-23 03:00:00,688.9299926757812,16.170000076293945
2026-01-23 04:00:00,688.9299926757812,16.079999923706055
2026-01-23 05:00:00,688.9299926757812,16.010000228881836
2026-01-23 06:00:00,688.9299926757812,15.739999771118164
2026-01-23 07:00:00,688.9299926757812,16.06999969482422
2026-01-23 08:00:00,688.9299926757812,15.850000381469727
2026-01-23 09:00:00,689.3250122070312,15.40999984741211
2026-01-23 10:00:00,690.0700073242188,15.460000038146973
2026-01-23 11:00:00,690.1900024414062,15.960000038146973
2026-01-23 12:00:00,688.9199829101562,15.640000343322754
2026-01-23 13:00:00,689.5479125976562,15.5
2026-01-23 14:00:00,688.844970703125,15.770000457763672
2026-01-23 15:00:00,689.1799926757812,16.09000015258789
2026-01-26 02:00:00,689.1799926757812,16.700000762939453
2026-01-26 03:00:00,689.1799926757812,17.280000686645508
2026-01-26 04:00:00,689.1799926757812,17.030000686645508
2026-01-26 05:00:00,689.1799926757812,16.889999389648438
2026-01-26 06:00:00,689.1799926757812,16.75
2026-01-26 07:00:00,689.1799926757812,16.510000228881836
2026-01-26 08:00:00,689.1799926757812,16.149999618530273
2026-01-26 09:00:00,692.5499877929688,16.049999237060547
2026-01-26 10:00:00,693.1099853515625,16.0
2026-01-26 11:00:00,693.5068359375,15.970000267028809
2026-01-26 12:00:00,693.7899780273438,15.9399995803833
2026-01-26 13:00:00,693.8200073242188,15.84000015258789
2026-01-26 14:00:00,693.5700073242188,16.049999237060547
2026-01-26 15:00:00,692.7100219726562,16.149999618530273
2026-01-27 02:00:00,692.7100219726562,16.020000457763672
2026-01-27 03:00:00,692.7100219726562,16.079999923706055
2026-01-27 04:00:00,692.7100219726562,16.0
2026-01-27 05:00:00,692.7100219726562,16.030000686645508
2026-01-27 06:00:00,692.7100219726562,16.09000015258789
2026-01-27 07:00:00,692.7100219726562,16.110000610351562
2026-01-27 08:00:00,692.7100219726562,15.9399995803833
2026-01-27 09:00:00,694.780029296875,15.760000228881836
2026-01-27 10:00:00,696.1900024414062,15.90999984741211
2026-01-27 11:00:00,695.9732055664062,16.170000076293945
2026-01-27 12:00:00,695.7949829101562,15.979999542236328
2026-01-27 13:00:00,696.1699829101562,16.059999465942383
2026-01-27 14:00:00,695.9998779296875,16.209999084472656
2026-01-27 15:00:00,695.5399780273438,16.350000381469727
2026-01-28 02:00:00,695.5399780273438,16.209999084472656
2026-01-28 03:00:00,695.5399780273438,16.270000457763672
2026-01-28 04:00:00,695.5399780273438,16.200000762939453
2026-01-28 05:00:00,695.5399780273438,16.239999771118164
2026-01-28 06:00:00,695.5399780273438,16.440000534057617
2026-01-28 07:00:00,695.5399780273438,16.420000076293945
2026-01-28 08:00:00,695.5399780273438,16.6200008392334
2026-01-28 09:00:00,696.513916015625,16.899999618530273
2026-01-28 10:00:00,696.1242065429688,17.15999984741211
2026-01-28 11:00:00,694.85498046875,16.950000762939453
2026-01-28 12:00:00,695.1500244140625,16.639999389648438
2026-01-28 13:00:00,694.1799926757812,16.309999465942383
2026-01-28 14:00:00,695.4500122070312,16.479999542236328
2026-01-28 15:00:00,695.4299926757812,16.3799991607666
2026-01-29 02:00:00,695.4299926757812,16.110000610351562
2026-01-29 03:00:00,695.4299926757812,16.309999465942383
2026-01-29 04:00:00,695.4299926757812,16.719999313354492
2026-01-29 05:00:00,695.4299926757812,16.739999771118164
2026-01-29 06:00:00,695.4299926757812,16.68000030517578
2026-01-29 07:00:00,695.4299926757812,16.790000915527344
2026-01-29 08:00:00,695.4299926757812,18.5
2026-01-29 09:00:00,688.969970703125,19.280000686645508
2026-01-29 10:00:00,687.9099731445312,18.239999771118164
2026-01-29 11:00:00,691.0300903320312,18.229999542236328
2026-01-29 12:00:00,690.969970703125,17.530000686645508
2026-01-29 13:00:00,692.0700073242188,17.309999465942383
2026-01-29 14:00:00,691.5700073242188,16.790000915527344
2026-01-29 15:00:00,693.969970703125,16.8799991607666
2026-01-30 02:00:00,693.969970703125,18.579999923706055
2026-01-30 03:00:00,693.969970703125,19.1200008392334
2026-01-30 04:00:00,693.969970703125,18.899999618530273
2026-01-30 05:00:00,693.969970703125,17.920000076293945
2026-01-30 06:00:00,693.969970703125,17.899999618530273
2026-01-30 07:00:00,693.969970703125,17.950000762939453
2026-01-30 08:00:00,693.969970703125,17.489999771118164
2026-01-30 09:00:00,691.385009765625,17.06999969482422
2026-01-30 10:00:00,691.0599975585938,17.65999984741211
2026-01-30 11:00:00,691.0700073242188,17.850000381469727
2026-01-30 12:00:00,689.469970703125,17.40999984741211
2026-01-30 13:00:00,691.3400268554688,17.850000381469727
2026-01-30 14:00:00,690.0399780273438,17.549999237060547
2026-01-30 15:00:00,691.9000244140625,17.43000030517578
2026-02-02 02:00:00,691.9000244140625,19.350000381469727
2026-02-02 03:00:00,691.9000244140625,19.059999465942383
2026-02-02 04:00:00,691.9000244140625,19.270000457763672
2026-02-02 05:00:00,691.9000244140625,18.700000762939453
2026-02-02 06:00:00,691.9000244140625,18.559999465942383
2026-02-02 07:00:00,691.9000244140625,18.469999313354492
2026-02-02 08:00:00,691.9000244140625,17.540000915527344
2026-02-02 09:00:00,694.6849975585938,16.790000915527344
2026-02-02 10:00:00,695.5499877929688,16.290000915527344
2026-02-02 11:00:00,696.2249755859375,16.239999771118164
2026-02-02 12:00:00,696.0601196289062,16.170000076293945
2026-02-02 13:00:00,696.7899780273438,16.329999923706055
2026-02-02 14:00:00,695.80859375,16.459999084472656
2026-02-02 15:00:00,695.4600219726562,16.34000015258789
2026-02-03 02:00:00,695.4600219726562,16.229999542236328
2026-02-03 03:00:00,695.4600219726562,16.25
2026-02-03 04:00:00,695.4600219726562,16.229999542236328
2026-02-03 05:00:00,695.4600219726562,16.309999465942383
2026-02-03 06:00:00,695.4600219726562,16.100000381469727
2026-02-03 07:00:00,695.4600219726562,16.190000534057617
2026-02-03 08:00:00,695.4600219726562,16.969999313354492
2026-02-03 09:00:00,692.2050170898438,16.84000015258789
2026-02-03 10:00:00,690.7999877929688,17.540000915527344
2026-02-03 11:00:00,688.8300170898438,18.729999542236328
2026-02-03 12:00:00,686.3599853515625,19.739999771118164
2026-02-03 13:00:00,686.2135009765625,19.079999923706055
2026-02-03 14:00:00,687.530029296875,17.969999313354492
2026-02-03 15:00:00,689.4600219726562,18.0
2026-02-04 02:00:00,689.4600219726562,17.889999389648438
2026-02-04 03:00:00,689.4600219726562,18.09000015258789
2026-02-04 04:00:00,689.4600219726562,17.809999465942383
2026-02-04 05:00:00,689.4600219726562,17.56999969482422
2026-02-04 06:00:00,689.4600219726562,17.739999771118164
2026-02-04 07:00:00,689.4600219726562,17.959999084472656
2026-02-04 08:00:00,689.4600219726562,18.709999084472656
2026-02-04 09:00:00,689.9000244140625,18.75
2026-02-04 10:00:00,688.3499145507812,19.079999923706055
2026-02-04 11:00:00,683.7000122070312,20.690000534057617
2026-02-04 12:00:00,684.7999877929688,19.969999313354492
2026-02-04 13:00:00,685.3400268554688,18.649999618530273
2026-02-04 14:00:00,687.5399780273438,19.290000915527344
2026-02-04 15:00:00,686.1199951171875,18.6299991607666
2026-02-05 02:00:00,686.1199951171875,19.6200008392334
2026-02-05 03:00:00,686.1199951171875,19.579999923706055
2026-02-05 04:00:00,686.1199951171875,19.450000762939453
2026-02-05 05:00:00,686.1199951171875,19.360000610351562
2026-02-05 06:00:00,686.1199951171875,20.6299991607666
2026-02-05 07:00:00,686.1199951171875,21.229999542236328
2026-02-05 08:00:00,686.1199951171875,21.34000015258789
2026-02-05 09:00:00,676.6400146484375,22.479999542236328
2026-02-05 10:00:00,679.6599731445312,20.049999237060547
2026-02-05 11:00:00,681.5,20.479999542236328
2026-02-05 12:00:00,679.1500244140625,21.1200008392334
2026-02-05 13:00:00,680.2449951171875,20.760000228881836
2026-02-05 14:00:00,677.77001953125,21.56999969482422
2026-02-05 15:00:00,677.4400024414062,21.770000457763672
2026-02-06 02:00:00,677.4400024414062,21.270000457763672
2026-02-06 03:00:00,677.4400024414062,20.389999389648438
2026-02-06 04:00:00,677.4400024414062,20.389999389648438
2026-02-06 05:00:00,677.4400024414062,20.1200008392334
2026-02-06 06:00:00,677.4400024414062,20.3700008392334
2026-02-06 07:00:00,677.4400024414062,20.190000534057617
2026-02-06 08:00:00,677.4400024414062,19.139999389648438
2026-02-06 09:00:00,685.6500244140625,18.899999618530273
2026-02-06 10:00:00,687.10498046875,18.100000381469727
2026-02-06 11:00:00,688.47998046875,17.81999969482422
2026-02-06 12:00:00,688.9450073242188,18.010000228881836
2026-02-06 13:00:00,689.47802734375,17.860000610351562
2026-02-06 14:00:00,689.7750244140625,17.6200008392334
2026-02-06 15:00:00,690.5999755859375,17.760000228881836
2026-02-09 02:00:00,690.5999755859375,18.110000610351562
2026-02-09 03:00:00,690.5999755859375,18.530000686645508
2026-02-09 04:00:00,690.5999755859375,18.84000015258789
2026-02-09 05:00:00,690.5999755859375,18.729999542236328
2026-02-09 06:00:00,690.5999755859375,18.479999542236328
2026-02-09 07:00:00,690.5999755859375,18.56999969482422
2026-02-09 08:00:00,690.5999755859375,18.170000076293945
2026-02-09 09:00:00,691.9400024414062,17.280000686645508
2026-02-09 10:00:00,694.689697265625,17.09000015258789
2026-02-09 11:00:00,695.1400146484375,17.1299991607666
2026-02-09 12:00:00,694.22998046875,17.100000381469727
2026-02-09 13:00:00,695.739990234375,17.06999969482422
2026-02-09 14:00:00,694.5750122070312,17.3700008392334
2026-02-09 15:00:00,693.9099731445312,17.3700008392334
2026-02-10 02:00:00,693.9099731445312,17.459999084472656
2026-02-10 03:00:00,693.9099731445312,17.420000076293945
2026-02-10 04:00:00,693.9099731445312,17.43000030517578
2026-02-10 05:00:00,693.9099731445312,17.3799991607666
2026-02-10 06:00:00,693.9099731445312,17.709999084472656
2026-02-10 07:00:00,693.9099731445312,17.479999542236328
2026-02-10 08:00:00,693.9099731445312,17.280000686645508
2026-02-10 09:00:00,695.9199829101562,17.350000381469727
2026-02-10 10:00:00,694.780029296875,17.469999313354492
2026-02-10 11:00:00,695.25,17.209999084472656
2026-02-10 12:00:00,693.4400024414062,17.68000030517578
2026-02-10 13:00:00,693.8699951171875,17.549999237060547
2026-02-10 14:00:00,693.2974853515625,17.809999465942383
2026-02-10 15:00:00,692.1099853515625,17.790000915527344
2026-02-11 02:00:00,692.1099853515625,17.799999237060547
2026-02-11 03:00:00,692.1099853515625,17.979999542236328
2026-02-11 04:00:00,692.1099853515625,18.18000030517578
2026-02-11 05:00:00,692.1099853515625,18.149999618530273
2026-02-11 06:00:00,692.1099853515625,17.940000534057617
2026-02-11 07:00:00,692.1099853515625,16.90999984741211
2026-02-11 08:00:00,692.1099853515625,17.389999389648438
2026-02-11 09:00:00,689.719970703125,17.860000610351562
2026-02-11 10:00:00,691.8400268554688,17.829999923706055
2026-02-11 11:00:00,693.5969848632812,17.56999969482422
2026-02-11 12:00:00,692.7899780273438,17.559999465942383
2026-02-11 13:00:00,693.739990234375,17.40999984741211
2026-02-11 14:00:00,692.2550048828125,17.649999618530273
2026-02-11 15:00:00,691.9199829101562,17.649999618530273
2026-02-12 02:00:00,691.9199829101562,17.3700008392334
2026-02-12 03:00:00,691.9199829101562,17.280000686645508
2026-02-12 04:00:00,691.9199829101562,17.40999984741211
2026-02-12 05:00:00,691.9199829101562,17.3799991607666
2026-02-12 06:00:00,691.9199829101562,17.440000534057617
2026-02-12 07:00:00,691.9199829101562,17.239999771118164
2026-02-12 08:00:00,691.9199829101562,17.739999771118164
2026-02-12 09:00:00,693.0650024414062,18.829999923706055
2026-02-12 10:00:00,683.5999755859375,20.030000686645508
2026-02-12 11:00:00,684.1199951171875,20.479999542236328
2026-02-12 12:00:00,683.1699829101562,19.899999618530273
2026-02-12 13:00:00,684.1500244140625,19.670000076293945
2026-02-12 14:00:00,683.219970703125,20.739999771118164
2026-02-12 15:00:00,681.219970703125,20.829999923706055
2026-02-13 02:00:00,681.219970703125,21.190000534057617
2026-02-13 03:00:00,681.219970703125,20.68000030517578
2026-02-13 04:00:00,681.219970703125,21.010000228881836
2026-02-13 05:00:00,681.219970703125,21.190000534057617
2026-02-13 06:00:00,681.219970703125,21.3700008392334
2026-02-13 07:00:00,681.219970703125,20.700000762939453
2026-02-13 08:00:00,681.219970703125,21.950000762939453
2026-02-13 09:00:00,682.9400024414062,20.329999923706055
2026-02-13 10:00:00,683.8200073242188,19.459999084472656
2026-02-13 11:00:00,685.364990234375,19.350000381469727
2026-02-13 12:00:00,685.3900146484375,19.469999313354492
2026-02-13 13:00:00,684.3400268554688,20.25
2026-02-13 14:00:00,680.6300048828125,20.6200008392334
2026-02-13 15:00:00,681.5999755859375,20.6200008392334
2026-02-16 02:00:00,681.5999755859375,20.6200008392334
2026-02-16 03:00:00,681.5999755859375,20.389999389648438
2026-02-16 04:00:00,681.5999755859375,20.459999084472656
2026-02-16 05:00:00,681.5999755859375,20.540000915527344
2026-02-16 06:00:00,681.5999755859375,20.56999969482422
2026-02-16 07:00:00,681.5999755859375,20.6299991607666
2026-02-16 08:00:00,681.5999755859375,21.049999237060547
2026-02-16 09:00:00,681.5999755859375,21.530000686645508
2026-02-16 10:00:00,681.5999755859375,21.200000762939453
2026-02-17 02:00:00,681.5999755859375,22.049999237060547
2026-02-17 03:00:00,681.5999755859375,21.739999771118164
2026-02-17 04:00:00,681.5999755859375,22.1200008392334
2026-02-17 05:00:00,681.5999755859375,21.829999923706055
2026-02-17 06:00:00,681.5999755859375,22.25
2026-02-17 07:00:00,681.5999755859375,22.149999618530273
2026-02-17 08:00:00,681.5999755859375,22.68000030517578
2026-02-17 09:00:00,677.3400268554688,22.030000686645508
2026-02-17 10:00:00,681.5999755859375,20.649999618530273
2026-02-17 11:00:00,682.2000122070312,20.8799991607666
2026-02-17 12:00:00,682.3900146484375,20.049999237060547
2026-02-17 13:00:00,683.989990234375,19.969999313354492
2026-02-17 14:00:00,682.8699951171875,20.3700008392334
2026-02-17 15:00:00,682.75,20.290000915527344
2026-02-18 02:00:00,682.75,19.579999923706055
2026-02-18 03:00:00,682.75,19.489999771118164
2026-02-18 04:00:00,682.75,19.469999313354492
2026-02-18 05:00:00,682.75,19.93000030517578
2026-02-18 06:00:00,682.75,19.979999542236328
2026-02-18 07:00:00,682.75,20.010000228881836
2026-02-18 08:00:00,682.75,19.3799991607666
2026-02-18 09:00:00,687.8400268554688,18.65999984741211
2026-02-18 10:00:00,688.219970703125,19.030000686645508
2026-02-18 11:00:00,688.2000122070312,18.639999389648438
2026-02-18 12:00:00,687.8049926757812,19.31999969482422
2026-02-18 13:00:00,686.4199829101562,20.100000381469727
2026-02-18 14:00:00,684.2100219726562,19.559999465942383
2026-02-18 15:00:00,686.1900024414062,19.6200008392334
2026-02-19 02:00:00,686.1900024414062,20.049999237060547
2026-02-19 03:00:00,686.1900024414062,20.3799991607666
2026-02-19 04:00:00,686.1900024414062,20.540000915527344
2026-02-19 05:00:00,686.1900024414062,20.18000030517578
2026-02-19 06:00:00,686.1900024414062,20.149999618530273
2026-02-19 07:00:00,686.1900024414062,20.420000076293945
2026-02-19 08:00:00,686.1900024414062,20.43000030517578
2026-02-19 09:00:00,683.9000244140625,20.09000015258789
2026-02-19 10:00:00,684.14501953125,20.43000030517578
2026-02-19 11:00:00,683.9299926757812,20.799999237060547
2026-02-19 12:00:00,682.4000244140625,20.440000534057617
2026-02-19 13:00:00,683.2750244140625,20.829999923706055
2026-02-19 14:00:00,682.9000244140625,20.280000686645508
2026-02-19 15:00:00,684.510009765625,20.219999313354492
2026-02-20 02:00:00,684.510009765625,19.920000076293945
2026-02-20 03:00:00,684.510009765625,20.0
2026-02-20 04:00:00,684.510009765625,20.280000686645508
2026-02-20 05:00:00,684.510009765625,20.68000030517578
2026-02-20 06:00:00,684.510009765625,20.530000686645508
2026-02-20 07:00:00,684.510009765625,20.84000015258789
2026-02-20 08:00:00,684.510009765625,20.200000762939453
2026-02-20 09:00:00,686.7999877929688,18.8700008392334
2026-02-20 10:00:00,686.1495971679688,19.110000610351562
2026-02-20 11:00:00,685.2291870117188,19.559999465942383
2026-02-20 12:00:00,686.5599975585938,18.950000762939453
2026-02-20 13:00:00,688.5800170898438,19.1299991607666
2026-02-20 14:00:00,688.3599853515625,19.209999084472656
2026-02-20 15:00:00,689.3499755859375,19.079999923706055
2026-02-23 02:00:00,689.3499755859375,20.40999984741211
2026-02-23 03:00:00,689.3499755859375,19.90999984741211
2026-02-23 04:00:00,689.3499755859375,19.920000076293945
2026-02-23 05:00:00,689.3499755859375,20.219999313354492
2026-02-23 06:00:00,689.3499755859375,20.579999923706055
2026-02-23 07:00:00,689.3499755859375,20.270000457763672
2026-02-23 08:00:00,689.3499755859375,20.329999923706055
2026-02-23 09:00:00,684.510009765625,21.469999313354492
2026-02-23 10:00:00,682.8699951171875,21.270000457763672
2026-02-23 11:00:00,681.6900024414062,21.219999313354492
2026-02-23 12:00:00,683.8098754882812,21.15999984741211
2026-02-23 13:00:00,681.27001953125,21.530000686645508
2026-02-23 14:00:00,681.3499755859375,21.350000381469727
2026-02-23 15:00:00,682.4099731445312,21.010000228881836
2026-02-24 02:00:00,682.4099731445312,21.31999969482422
2026-02-24 03:00:00,682.4099731445312,20.940000534057617
2026-02-24 04:00:00,682.4099731445312,21.059999465942383
2026-02-24 05:00:00,682.4099731445312,20.979999542236328
2026-02-24 06:00:00,682.4099731445312,21.43000030517578
2026-02-24 07:00:00,682.4099731445312,21.040000915527344
2026-02-24 08:00:00,682.4099731445312,20.989999771118164
2026-02-24 09:00:00,686.3350219726562,20.1200008392334
2026-02-24 10:00:00,686.0900268554688,19.75
2026-02-24 11:00:00,687.5300903320312,19.459999084472656
2026-02-24 12:00:00,687.030029296875,19.43000030517578
2026-02-24 13:00:00,686.8900146484375,19.549999237060547
2026-02-24 14:00:00,686.5399780273438,19.489999771118164
2026-02-24 15:00:00,687.375,19.549999237060547
2026-02-25 02:00:00,687.375,19.510000228881836
2026-02-25 03:00:00,687.375,19.450000762939453
2026-02-25 04:00:00,687.375,19.56999969482422
2026-02-25 05:00:00,687.375,19.270000457763672
2026-02-25 06:00:00,687.375,19.010000228881836
2026-02-25 07:00:00,687.375,18.940000534057617
2026-02-25 08:00:00,687.375,18.649999618530273
2026-02-25 09:00:00,691.1500244140625,18.65999984741211
2026-02-25 10:00:00,691.469970703125,18.420000076293945
2026-02-25 11:00:00,691.969970703125,18.389999389648438
2026-02-25 12:00:00,692.3099975585938,18.34000015258789
2026-02-25 13:00:00,692.8699951171875,18.1200008392334
2026-02-25 14:00:00,692.9199829101562,17.940000534057617
2026-02-25 15:00:00,693.0999755859375,17.93000030517578
2026-02-26 02:00:00,693.0999755859375,18.09000015258789
2026-02-26 03:00:00,693.0999755859375,17.950000762939453
2026-02-26 04:00:00,693.0999755859375,18.030000686645508
2026-02-26 05:00:00,693.0999755859375,17.93000030517578
2026-02-26 06:00:00,693.0999755859375,17.790000915527344
2026-02-26 07:00:00,693.0999755859375,17.520000457763672
2026-02-26 08:00:00,693.0999755859375,18.510000228881836
2026-02-26 09:00:00,685.6900024414062,19.43000030517578
2026-02-26 10:00:00,688.739990234375,19.889999389648438
2026-02-26 11:00:00,686.2849731445312,20.059999465942383
2026-02-26 12:00:00,685.6699829101562,19.280000686645508
2026-02-26 13:00:00,688.6099853515625,18.729999542236328
2026-02-26 14:00:00,688.6649780273438,18.6299991607666
2026-02-26 15:00:00,689.3200073242188,18.639999389648438
2026-02-27 02:00:00,689.3200073242188,19.079999923706055
2026-02-27 03:00:00,689.3200073242188,19.479999542236328
2026-02-27 04:00:00,689.3200073242188,19.940000534057617
2026-02-27 05:00:00,689.3200073242188,20.200000762939453
2026-02-27 06:00:00,689.3200073242188,20.579999923706055
2026-02-27 07:00:00,689.3200073242188,21.06999969482422
2026-02-27 08:00:00,689.3200073242188,21.3700008392334
2026-02-27 09:00:00,684.5294189453125,20.219999313354492
2026-02-27 10:00:00,685.385009765625,20.15999984741211
2026-02-27 11:00:00,684.1400146484375,20.450000762939453
2026-02-27 12:00:00,683.7999877929688,20.719999313354492
2026-02-27 13:00:00,683.5999755859375,20.809999465942383
2026-02-27 14:00:00,685.590087890625,19.799999237060547
2026-02-27 15:00:00,686.280029296875,19.850000381469727
2026-03-02 02:00:00,686.280029296875,24.3700008392334
2026-03-02 03:00:00,686.280029296875,23.549999237060547
2026-03-02 04:00:00,686.280029296875,23.190000534057617
2026-03-02 05:00:00,686.280029296875,23.06999969482422
2026-03-02 06:00:00,686.280029296875,23.600000381469727
2026-03-02 07:00:00,686.280029296875,23.549999237060547
2026-03-02 08:00:00,686.280029296875,21.84000015258789
2026-03-02 09:00:00,683.4299926757812,21.520000457763672
2026-03-02 10:00:00,683.219970703125,21.020000457763672
2026-03-02 11:00:00,686.4837036132812,20.799999237060547
2026-03-02 12:00:00,686.719970703125,21.450000762939453
2026-03-02 13:00:00,688.2000122070312,20.43000030517578
2026-03-02 14:00:00,685.3499755859375,21.31999969482422
2026-03-02 15:00:00,686.3699951171875,21.450000762939453
2026-03-03 02:00:00,686.3699951171875,25.559999465942383
2026-03-03 03:00:00,686.3699951171875,26.030000686645508
2026-03-03 04:00:00,686.3699951171875,26.649999618530273
2026-03-03 05:00:00,686.3699951171875,25.989999771118164
2026-03-03 06:00:00,686.3699951171875,24.950000762939453
2026-03-03 07:00:00,686.3699951171875,25.979999542236328
2026-03-03 08:00:00,686.3699951171875,26.520000457763672
2026-03-03 09:00:00,669.8499755859375,26.899999618530273
2026-03-03 10:00:00,676.02001953125,24.280000686645508
2026-03-03 11:00:00,678.3200073242188,24.209999084472656
2026-03-03 12:00:00,679.8200073242188,22.799999237060547
2026-03-03 13:00:00,680.5,22.530000686645508
2026-03-03 14:00:00,681.0499877929688,23.530000686645508
2026-03-03 15:00:00,680.0399780273438,23.579999923706055
2026-03-04 02:00:00,680.0399780273438,24.670000076293945
2026-03-04 03:00:00,680.0399780273438,23.649999618530273
2026-03-04 04:00:00,680.0399780273438,22.90999984741211
2026-03-04 05:00:00,680.0399780273438,23.100000381469727
2026-03-04 06:00:00,680.0399780273438,23.079999923706055
2026-03-04 07:00:00,680.0399780273438,22.280000686645508
2026-03-04 08:00:00,680.0399780273438,22.56999969482422
2026-03-04 09:00:00,686.1400146484375,20.610000610351562
2026-03-04 10:00:00,685.1900024414062,20.860000610351562
2026-03-04 11:00:00,685.3250122070312,20.799999237060547
2026-03-04 12:00:00,686.10498046875,20.6200008392334
2026-03-04 13:00:00,686.5999755859375,20.56999969482422
2026-03-04 14:00:00,686.22998046875,21.229999542236328
2026-03-04 15:00:00,685.1649780273438,21.18000030517578
2026-03-05 02:00:00,685.1649780273438,21.809999465942383
2026-03-05 03:00:00,685.1649780273438,21.440000534057617
2026-03-05 04:00:00,685.1649780273438,21.389999389648438
2026-03-05 05:00:00,685.1649780273438,21.420000076293945
2026-03-05 06:00:00,685.1649780273438,21.68000030517578
2026-03-05 07:00:00,685.1649780273438,22.34000015258789
2026-03-05 08:00:00,685.1649780273438,21.399999618530273
2026-03-05 09:00:00,680.8200073242188,22.469999313354492
2026-03-05 10:00:00,679.5349731445312,22.940000534057617
2026-03-05 11:00:00,678.510009765625,24.969999313354492
2026-03-05 12:00:00,676.2999877929688,25.0
2026-03-05 13:00:00,676.6699829101562,25.200000762939453
2026-03-05 14:00:00,679.4600219726562,23.3700008392334
2026-03-05 15:00:00,681.4400024414062,23.75
2026-03-06 02:00:00,681.4400024414062,23.209999084472656
2026-03-06 03:00:00,681.4400024414062,24.690000534057617
2026-03-06 04:00:00,681.4400024414062,24.219999313354492
2026-03-06 05:00:00,681.4400024414062,25.600000381469727
2026-03-06 06:00:00,681.4400024414062,25.989999771118164
2026-03-06 07:00:00,681.4400024414062,27.639999389648438
2026-03-06 08:00:00,681.4400024414062,27.899999618530273
2026-03-06 09:00:00,674.1699829101562,25.829999923706055
2026-03-06 10:00:00,674.4199829101562,25.899999618530273
2026-03-06 11:00:00,673.8099975585938,27.049999237060547
2026-03-06 12:00:00,674.6400146484375,27.010000228881836
2026-03-06 13:00:00,674.9199829101562,26.729999542236328
2026-03-06 14:00:00,672.22998046875,29.65999984741211
2026-03-06 15:00:00,672.489990234375,29.510000228881836
2026-03-09 02:00:00,672.489990234375,34.72999954223633
2026-03-09 03:00:00,672.489990234375,33.36000061035156
2026-03-09 04:00:00,672.489990234375,31.530000686645508
2026-03-09 05:00:00,672.489990234375,32.18000030517578
2026-03-09 06:00:00,672.489990234375,31.829999923706055
2026-03-09 07:00:00,672.489990234375,31.579999923706055
2026-03-09 08:00:00,672.489990234375,30.829999923706055
2026-03-09 09:00:00,664.0599975585938,28.739999771118164
2026-03-09 10:00:00,669.77001953125,27.56999969482422
2026-03-09 11:00:00,670.8699951171875,26.639999389648438
2026-03-09 12:00:00,668.844970703125,27.760000228881836
2026-03-09 13:00:00,670.0599975585938,27.219999313354492
2026-03-09 14:00:00,677.3900146484375,25.079999923706055
2026-03-09 15:00:00,678.2999877929688,25.5
2026-03-10 02:00:00,678.2999877929688,23.420000076293945
2026-03-10 03:00:00,678.2999877929688,23.739999771118164
2026-03-10 04:00:00,678.2999877929688,23.780000686645508
2026-03-10 05:00:00,678.2999877929688,24.139999389648438
2026-03-10 06:00:00,678.2999877929688,25.06999969482422
2026-03-10 07:00:00,678.2999877929688,25.09000015258789
2026-03-10 08:00:00,678.2999877929688,24.8700008392334
2026-03-10 09:00:00,677.6199951171875,22.739999771118164
2026-03-10 10:00:00,681.1099853515625,22.799999237060547
2026-03-10 11:00:00,680.5999755859375,22.760000228881836
2026-03-10 12:00:00,683.2650146484375,22.68000030517578
2026-03-10 13:00:00,679.3499755859375,24.200000762939453
2026-03-10 14:00:00,677.4099731445312,25.549999237060547
2026-03-10 15:00:00,677.0499877929688,24.90999984741211
2026-03-11 02:00:00,677.0499877929688,25.209999084472656
2026-03-11 03:00:00,677.0499877929688,25.6299991607666
2026-03-11 04:00:00,677.0499877929688,26.190000534057617
2026-03-11 05:00:00,677.0499877929688,24.84000015258789
2026-03-11 06:00:00,677.0499877929688,25.6200008392334
2026-03-11 07:00:00,677.0499877929688,25.68000030517578
2026-03-11 08:00:00,677.0499877929688,24.649999618530273
2026-03-11 09:00:00,676.1500244140625,24.170000076293945
2026-03-11 10:00:00,674.6699829101562,25.43000030517578
2026-03-11 11:00:00,674.7050170898438,24.850000381469727
2026-03-11 12:00:00,676.4600219726562,25.25
2026-03-11 13:00:00,675.27001953125,24.770000457763672
2026-03-11 14:00:00,674.9749755859375,24.31999969482422
2026-03-11 15:00:00,676.3300170898438,24.219999313354492
2026-03-12 02:00:00,676.3300170898438,25.049999237060547
2026-03-12 03:00:00,676.3300170898438,25.18000030517578
2026-03-12 04:00:00,676.3300170898438,24.959999084472656
2026-03-12 05:00:00,676.3300170898438,25.209999084472656
2026-03-12 06:00:00,676.3300170898438,25.450000762939453
2026-03-12 07:00:00,676.3300170898438,25.709999084472656
2026-03-12 08:00:00,676.3300170898438,26.65999984741211
2026-03-12 09:00:00,668.0599975585938,26.479999542236328
2026-03-12 10:00:00,668.1699829101562,26.100000381469727
2026-03-12 11:00:00,668.8400268554688,26.030000686645508
2026-03-12 12:00:00,668.5599975585938,26.200000762939453
2026-03-12 13:00:00,668.1900024414062,26.780000686645508
2026-03-12 14:00:00,667.97998046875,27.1299991607666
2026-03-12 15:00:00,666.0399780273438,27.270000457763672
2026-03-13 02:00:00,666.0399780273438,27.8799991607666
2026-03-13 03:00:00,666.0399780273438,27.43000030517578
2026-03-13 04:00:00,666.0399780273438,26.979999542236328
2026-03-13 05:00:00,666.0399780273438,26.190000534057617
2026-03-13 06:00:00,666.0399780273438,25.75
2026-03-13 07:00:00,666.0399780273438,25.540000915527344
2026-03-13 08:00:00,666.0399780273438,25.280000686645508
2026-03-13 09:00:00,668.840087890625,26.8700008392334
2026-03-13 10:00:00,664.5900268554688,27.450000762939453
2026-03-13 11:00:00,664.3300170898438,27.389999389648438
2026-03-13 12:00:00,664.3699951171875,27.6200008392334
2026-03-13 13:00:00,663.3400268554688,26.959999084472656
2026-03-13 14:00:00,662.3699951171875,27.239999771118164
2026-03-13 15:00:00,662.2999877929688,27.209999084472656
2026-03-16 02:00:00,662.2999877929688,26.139999389648438
2026-03-16 03:00:00,662.2999877929688,26.020000457763672
2026-03-16 04:00:00,662.2999877929688,26.389999389648438
2026-03-16 05:00:00,662.2999877929688,25.440000534057617
2026-03-16 06:00:00,662.2999877929688,25.18000030517578
2026-03-16 07:00:00,662.2999877929688,25.190000534057617
2026-03-16 08:00:00,662.2999877929688,24.040000915527344
2026-03-16 09:00:00,670.27001953125,24.049999237060547
2026-03-16 10:00:00,670.0599975585938,24.260000228881836
2026-03-16 11:00:00,667.4500122070312,24.420000076293945
2026-03-16 12:00:00,669.2000122070312,24.079999923706055
2026-03-16 13:00:00,669.7999877929688,23.770000457763672
2026-03-16 14:00:00,669.27001953125,23.690000534057617
2026-03-16 15:00:00,668.9600219726562,23.510000228881836
2026-03-17 02:00:00,668.9600219726562,24.360000610351562
2026-03-17 03:00:00,668.9600219726562,24.280000686645508
2026-03-17 04:00:00,668.9600219726562,23.540000915527344
2026-03-17 05:00:00,668.9600219726562,23.600000381469727
2026-03-17 06:00:00,668.9600219726562,23.559999465942383
2026-03-17 07:00:00,668.9600219726562,22.709999084472656
2026-03-17 08:00:00,668.9600219726562,22.190000534057617
2026-03-17 09:00:00,672.5599975585938,22.010000228881836
2026-03-17 10:00:00,671.635009765625,22.809999465942383
2026-03-17 11:00:00,671.2100219726562,22.639999389648438
2026-03-17 12:00:00,671.530029296875,22.239999771118164
2026-03-17 13:00:00,670.9000244140625,22.34000015258789
2026-03-17 14:00:00,671.0399780273438,22.450000762939453
2026-03-17 15:00:00,670.72998046875,22.3700008392334
2026-03-18 02:00:00,670.72998046875,21.690000534057617
2026-03-18 03:00:00,670.72998046875,21.68000030517578
2026-03-18 04:00:00,670.72998046875,21.639999389648438
2026-03-18 05:00:00,670.72998046875,21.75
2026-03-18 06:00:00,670.72998046875,22.06999969482422
2026-03-18 07:00:00,670.72998046875,23.790000915527344
2026-03-18 08:00:00,670.72998046875,22.739999771118164
2026-03-18 09:00:00,665.9600219726562,23.260000228881836
2026-03-18 10:00:00,666.9342041015625,23.260000228881836
2026-03-18 11:00:00,667.0700073242188,23.440000534057617
2026-03-18 12:00:00,665.8400268554688,23.270000457763672
2026-03-18 13:00:00,666.1199951171875,24.059999465942383
2026-03-18 14:00:00,662.9099731445312,24.59000015258789
2026-03-18 15:00:00,661.5700073242188,25.09000015258789
2026-03-19 02:00:00,661.5700073242188,25.790000915527344
2026-03-19 03:00:00,661.5700073242188,25.959999084472656
2026-03-19 04:00:00,661.5700073242188,25.40999984741211
2026-03-19 05:00:00,661.5700073242188,25.530000686645508
2026-03-19 06:00:00,661.5700073242188,25.8700008392334
2026-03-19 07:00:00,661.5700073242188,27.110000610351562
2026-03-19 08:00:00,661.5700073242188,25.8700008392334
2026-03-19 09:00:00,656.3300170898438,25.459999084472656
2026-03-19 10:00:00,657.719970703125,25.5
2026-03-19 11:00:00,657.9500122070312,25.229999542236328
2026-03-19 12:00:00,657.1199951171875,24.979999542236328
2026-03-19 13:00:00,657.1749877929688,24.489999771118164
2026-03-19 14:00:00,660.25,24.290000915527344
2026-03-19 15:00:00,659.719970703125,24.06999969482422
2026-03-20 02:00:00,659.719970703125,23.809999465942383
2026-03-20 03:00:00,659.719970703125,24.030000686645508
2026-03-20 04:00:00,659.719970703125,25.110000610351562
2026-03-20 05:00:00,659.719970703125,25.219999313354492
2026-03-20 06:00:00,659.719970703125,24.790000915527344
2026-03-20 07:00:00,659.719970703125,24.649999618530273
2026-03-20 08:00:00,659.719970703125,25.809999465942383
2026-03-20 09:00:00,651.8599853515625,26.1200008392334
2026-03-20 10:00:00,651.9199829101562,25.350000381469727
2026-03-20 11:00:00,653.0999755859375,25.469999313354492
2026-03-20 12:00:00,652.1599731445312,26.15999984741211
2026-03-20 13:00:00,649.4299926757812,27.799999237060547
2026-03-20 14:00:00,647.1199951171875,27.459999084472656
2026-03-20 15:00:00,648.510009765625,26.760000228881836
2026-03-23 02:00:00,648.510009765625,30.770000457763672
2026-03-23 03:00:00,648.510009765625,29.739999771118164
2026-03-23 04:00:00,648.510009765625,30.190000534057617
2026-03-23 05:00:00,648.510009765625,30.059999465942383
2026-03-23 06:00:00,648.510009765625,27.200000762939453
2026-03-23 07:00:00,648.510009765625,23.81999969482422
2026-03-23 08:00:00,648.510009765625,24.260000228881836
2026-03-23 09:00:00,660.989990234375,24.459999084472656
2026-03-23 10:00:00,660.8900146484375,26.329999923706055
2026-03-23 11:00:00,654.0900268554688,25.979999542236328
2026-03-23 12:00:00,655.280029296875,25.020000457763672
2026-03-23 13:00:00,657.3900146484375,25.270000457763672
2026-03-23 14:00:00,657.3300170898438,26.170000076293945
2026-03-23 15:00:00,655.3699951171875,26.149999618530273
2026-03-24 02:00:00,655.3699951171875,25.93000030517578
2026-03-24 03:00:00,655.3699951171875,26.59000015258789
2026-03-24 04:00:00,655.3699951171875,26.290000915527344
2026-03-24 05:00:00,655.3699951171875,26.399999618530273
2026-03-24 06:00:00,655.3699951171875,26.200000762939453
2026-03-24 07:00:00,655.3699951171875,27.059999465942383
2026-03-24 08:00:00,655.3699951171875,27.260000228881836
2026-03-24 09:00:00,652.489990234375,26.520000457763672
2026-03-24 10:00:00,656.0399780273438,26.25
2026-03-24 11:00:00,655.9600219726562,26.40999984741211
2026-03-24 12:00:00,653.405029296875,26.65999984741211
2026-03-24 13:00:00,654.5900268554688,26.649999618530273
2026-03-24 14:00:00,654.4500122070312,26.940000534057617
2026-03-24 15:00:00,653.2000122070312,26.940000534057617
2026-03-25 02:00:00,653.2000122070312,25.649999618530273
2026-03-25 03:00:00,653.2000122070312,25.799999237060547
2026-03-25 04:00:00,653.2000122070312,25.780000686645508
2026-03-25 05:00:00,653.2000122070312,25.700000762939453
2026-03-25 06:00:00,653.2000122070312,25.299999237060547
2026-03-25 07:00:00,653.2000122070312,25.65999984741211
2026-03-25 08:00:00,653.2000122070312,26.219999313354492
2026-03-25 09:00:00,658.1400146484375,25.079999923706055
2026-03-25 10:00:00,657.8400268554688,25.75
2026-03-25 11:00:00,657.5,25.479999542236328
2026-03-25 12:00:00,658.02001953125,25.309999465942383
2026-03-25 13:00:00,657.5150146484375,25.5
2026-03-25 14:00:00,656.510009765625,25.34000015258789
2026-03-25 15:00:00,656.739990234375,25.350000381469727
2026-03-26 02:00:00,656.739990234375,26.549999237060547
2026-03-26 03:00:00,656.739990234375,27.06999969482422
2026-03-26 04:00:00,656.739990234375,27.31999969482422
2026-03-26 05:00:00,656.739990234375,27.25
2026-03-26 06:00:00,656.739990234375,27.649999618530273
2026-03-26 07:00:00,656.739990234375,27.239999771118164
2026-03-26 08:00:00,656.739990234375,26.360000610351562
2026-03-26 09:00:00,653.6199951171875,26.940000534057617
2026-03-26 10:00:00,651.7100219726562,26.809999465942383
2026-03-26 11:00:00,649.469970703125,27.299999237060547
2026-03-26 12:00:00,648.6199951171875,28.459999084472656
2026-03-26 13:00:00,646.5999755859375,27.579999923706055
2026-03-26 14:00:00,646.2100219726562,28.18000030517578
2026-03-26 15:00:00,645.10498046875,27.399999618530273
2026-03-27 02:00:00,645.10498046875,27.6299991607666
2026-03-27 03:00:00,645.10498046875,28.40999984741211
2026-03-27 04:00:00,645.10498046875,28.799999237060547
2026-03-27 05:00:00,645.10498046875,29.530000686645508
2026-03-27 06:00:00,645.10498046875,29.43000030517578
2026-03-27 07:00:00,645.10498046875,29.799999237060547
2026-03-27 08:00:00,645.10498046875,30.010000228881836
2026-03-27 09:00:00,639.0999755859375,29.3700008392334
2026-03-27 10:00:00,640.9600219726562,29.15999984741211
2026-03-27 11:00:00,638.8900146484375,29.610000610351562
2026-03-27 12:00:00,636.6199951171875,30.690000534057617
2026-03-27 13:00:00,635.77001953125,31.1299991607666
2026-03-27 14:00:00,634.8590087890625,30.75
2026-03-27 15:00:00,634.0800170898438,31.059999465942383
2026-03-30 02:00:00,634.0800170898438,30.75
2026-03-30 03:00:00,634.0800170898438,30.600000381469727
2026-03-30 04:00:00,634.0800170898438,30.969999313354492
2026-03-30 05:00:00,634.0800170898438,31.149999618530273
2026-03-30 06:00:00,634.0800170898438,30.56999969482422
2026-03-30 07:00:00,634.0800170898438,29.93000030517578
2026-03-30 08:00:00,634.0800170898438,30.670000076293945
2026-03-30 09:00:00,635.8599853515625,29.739999771118164
2026-03-30 10:00:00,636.4600219726562,29.829999923706055
2026-03-30 11:00:00,635.260009765625,30.270000457763672
2026-03-30 12:00:00,633.4000244140625,30.68000030517578
2026-03-30 13:00:00,632.280029296875,30.700000762939453
2026-03-30 14:00:00,629.5800170898438,30.3700008392334
2026-03-30 15:00:00,632.0,30.610000610351562
2026-03-31 02:00:00,632.0,28.75
2026-03-31 03:00:00,632.0,28.979999542236328
2026-03-31 04:00:00,632.0,28.979999542236328
2026-03-31 05:00:00,632.0,28.989999771118164
2026-03-31 06:00:00,632.0,28.639999389648438
2026-03-31 07:00:00,632.0,28.270000457763672
2026-03-31 08:00:00,632.0,27.3700008392334
2026-03-31 09:00:00,642.5,28.190000534057617
2026-03-31 10:00:00,640.6799926757812,27.799999237060547
2026-03-31 11:00:00,642.1199951171875,26.360000610351562
2026-03-31 12:00:00,647.0,26.5
2026-03-31 13:00:00,647.7050170898438,25.829999923706055
2026-03-31 14:00:00,649.4019775390625,25.440000534057617
2026-03-31 15:00:00,650.239990234375,25.270000457763672
2026-04-01 02:00:00,650.239990234375,24.649999618530273
2026-04-01 03:00:00,650.239990234375,24.770000457763672
2026-04-01 04:00:00,650.239990234375,24.780000686645508
2026-04-01 05:00:00,650.239990234375,24.530000686645508
2026-04-01 06:00:00,650.239990234375,24.170000076293945
2026-04-01 07:00:00,650.239990234375,25.18000030517578
2026-04-01 08:00:00,650.239990234375,25.059999465942383
2026-04-01 09:00:00,655.030029296875,23.959999084472656
2026-04-01 10:00:00,656.3300170898438,23.540000915527344
2026-04-01 11:00:00,657.1749877929688,23.670000076293945
2026-04-01 12:00:00,658.2999877929688,24.020000457763672
2026-04-01 13:00:00,654.22998046875,24.989999771118164
2026-04-01 14:00:00,656.0999755859375,24.610000610351562
2026-04-01 15:00:00,655.1799926757812,24.530000686645508
2026-04-02 02:00:00,655.1799926757812,26.25
2026-04-02 03:00:00,655.1799926757812,26.459999084472656
2026-04-02 04:00:00,655.1799926757812,26.540000915527344
2026-04-02 05:00:00,655.1799926757812,26.719999313354492
2026-04-02 06:00:00,655.1799926757812,27.709999084472656
2026-04-02 07:00:00,655.1799926757812,27.709999084472656
2026-04-02 08:00:00,655.1799926757812,26.139999389648438
2026-04-02 09:00:00,650.3400268554688,24.8700008392334
2026-04-02 10:00:00,655.2899780273438,25.639999389648438
2026-04-02 11:00:00,652.719970703125,25.600000381469727
2026-04-02 12:00:00,654.6300048828125,25.639999389648438
2026-04-02 13:00:00,653.510009765625,25.09000015258789
2026-04-02 14:00:00,654.3798828125,24.149999618530273
2026-04-02 15:00:00,655.8800048828125,23.899999618530273
2026-04-06 02:00:00,655.8800048828125,24.75
2026-04-06 03:00:00,655.8800048828125,24.530000686645508
2026-04-06 04:00:00,655.8800048828125,24.809999465942383
2026-04-06 05:00:00,655.8800048828125,24.969999313354492
2026-04-06 06:00:00,655.8800048828125,25.06999969482422
2026-04-06 07:00:00,655.8800048828125,25.020000457763672
2026-04-06 08:00:00,655.8800048828125,24.209999084472656
2026-04-06 09:00:00,658.3699951171875,24.219999313354492
2026-04-06 10:00:00,656.9249877929688,24.049999237060547
2026-04-06 11:00:00,657.793212890625,24.239999771118164
2026-04-06 12:00:00,657.3900756835938,24.5
2026-04-06 13:00:00,658.239990234375,24.3700008392334
2026-04-06 14:00:00,657.880126953125,24.170000076293945
2026-04-06 15:00:00,658.8699951171875,24.149999618530273
2026-04-07 02:00:00,658.8699951171875,25.049999237060547
2026-04-07 03:00:00,658.8699951171875,24.540000915527344
2026-04-07 04:00:00,658.8699951171875,24.450000762939453
2026-04-07 05:00:00,658.8699951171875,25.739999771118164
2026-04-07 06:00:00,658.8699951171875,25.469999313354492
2026-04-07 07:00:00,658.8699951171875,25.3799991607666
2026-04-07 08:00:00,658.8699951171875,26.450000762939453
2026-04-07 09:00:00,654.4000244140625,26.75
2026-04-07 10:00:00,653.2550048828125,26.389999389648438
2026-04-07 11:00:00,655.9199829101562,26.299999237060547
2026-04-07 12:00:00,655.8200073242188,26.600000381469727
2026-04-07 13:00:00,656.1500244140625,27.780000686645508
2026-04-07 14:00:00,656.6599731445312,26.010000228881836
2026-04-07 15:00:00,659.260009765625,25.739999771118164
2026-04-08 02:00:00,659.260009765625,20.829999923706055
2026-04-08 03:00:00,659.260009765625,20.389999389648438
2026-04-08 04:00:00,659.260009765625,20.459999084472656
2026-04-08 05:00:00,659.260009765625,20.530000686645508
2026-04-08 06:00:00,659.260009765625,20.360000610351562
2026-04-08 07:00:00,659.260009765625,20.25
2026-04-08 08:00:00,659.260009765625,20.81999969482422
2026-04-08 09:00:00,674.1300048828125,21.860000610351562
2026-04-08 10:00:00,673.030029296875,21.040000915527344
2026-04-08 11:00:00,675.02001953125,20.709999084472656
2026-04-08 12:00:00,675.010009765625,21.18000030517578
2026-04-08 13:00:00,674.8800048828125,21.850000381469727
2026-04-08 14:00:00,673.5399780273438,21.030000686645508
2026-04-08 15:00:00,675.8800048828125,21.040000915527344
2026-04-09 02:00:00,675.8800048828125,21.479999542236328
2026-04-09 03:00:00,675.8800048828125,21.56999969482422
2026-04-09 04:00:00,675.8800048828125,21.389999389648438
2026-04-09 05:00:00,675.8800048828125,21.610000610351562
2026-04-09 06:00:00,675.8800048828125,21.25
2026-04-09 07:00:00,675.8800048828125,21.299999237060547
2026-04-09 08:00:00,675.8800048828125,20.940000534057617
2026-04-09 09:00:00,674.2949829101562,20.700000762939453
2026-04-09 10:00:00,675.9299926757812,20.049999237060547
2026-04-09 11:00:00,679.9000244140625,19.920000076293945
2026-04-09 12:00:00,680.2901000976562,19.760000228881836
2026-04-09 13:00:00,678.8499755859375,19.889999389648438
2026-04-09 14:00:00,679.9199829101562,19.5
2026-04-09 15:00:00,679.8699951171875,19.479999542236328
2026-04-10 02:00:00,679.8699951171875,19.440000534057617
2026-04-10 03:00:00,679.8699951171875,19.790000915527344
2026-04-10 04:00:00,679.8699951171875,19.399999618530273
2026-04-10 05:00:00,679.8699951171875,19.350000381469727
2026-04-10 06:00:00,679.8699951171875,19.40999984741211
2026-04-10 07:00:00,679.8699951171875,19.229999542236328
2026-04-10 08:00:00,679.8699951171875,18.989999771118164
2026-04-10 09:00:00,681.52001953125,19.18000030517578
2026-04-10 10:00:00,681.239990234375,20.040000915527344
2026-04-10 11:00:00,679.52001953125,19.920000076293945
2026-04-10 12:00:00,678.6701049804688,19.950000762939453
2026-04-10 13:00:00,679.4000244140625,19.780000686645508
2026-04-10 14:00:00,679.6400756835938,19.329999923706055
2026-04-10 15:00:00,679.3400268554688,19.229999542236328
2026-04-13 02:00:00,679.3400268554688,21.270000457763672
2026-04-13 03:00:00,679.3400268554688,21.329999923706055
2026-04-13 04:00:00,679.3400268554688,21.290000915527344
2026-04-13 05:00:00,679.3400268554688,21.15999984741211
2026-04-13 06:00:00,679.3400268554688,21.469999313354492
2026-04-13 07:00:00,679.3400268554688,20.920000076293945
2026-04-13 08:00:00,679.3400268554688,20.100000381469727
2026-04-13 09:00:00,679.5687866210938,19.719999313354492
2026-04-13 10:00:00,679.510009765625,19.950000762939453
2026-04-13 11:00:00,681.3900146484375,19.469999313354492
2026-04-13 12:00:00,682.47998046875,19.59000015258789
2026-04-13 13:00:00,682.375,19.389999389648438
2026-04-13 14:00:00,683.8049926757812,19.030000686645508
2026-04-13 15:00:00,686.010009765625,19.1299991607666
2026-04-14 02:00:00,686.010009765625,18.709999084472656
2026-04-14 03:00:00,686.010009765625,18.559999465942383
2026-04-14 04:00:00,686.010009765625,18.579999923706055
2026-04-14 05:00:00,686.010009765625,18.40999984741211
2026-04-14 06:00:00,686.010009765625,18.139999389648438
2026-04-14 07:00:00,686.010009765625,18.280000686645508
2026-04-14 08:00:00,686.010009765625,18.149999618530273
2026-04-14 09:00:00,690.97998046875,18.299999237060547
2026-04-14 10:00:00,692.25,18.239999771118164
2026-04-14 11:00:00,693.594970703125,18.450000762939453
2026-04-14 12:00:00,693.739990234375,18.440000534057617
2026-04-14 13:00:00,692.5999755859375,18.3799991607666
2026-04-14 14:00:00,694.239990234375,18.360000610351562
2026-04-14 15:00:00,694.39501953125,18.360000610351562
2026-04-15 02:00:00,694.39501953125,18.049999237060547
2026-04-15 03:00:00,694.39501953125,17.989999771118164
2026-04-15 04:00:00,694.39501953125,18.299999237060547
2026-04-15 05:00:00,694.39501953125,18.329999923706055
2026-04-15 06:00:00,694.39501953125,18.1200008392334
2026-04-15 07:00:00,694.39501953125,17.81999969482422
2026-04-15 08:00:00,694.39501953125,17.639999389648438
2026-04-15 09:00:00,696.9199829101562,17.950000762939453
2026-04-15 10:00:00,697.3699951171875,18.100000381469727
2026-04-15 11:00:00,697.3599243164062,18.219999313354492
2026-04-15 12:00:00,697.4199829101562,18.239999771118164
2026-04-15 13:00:00,698.5,17.8700008392334
2026-04-15 14:00:00,700.0,18.059999465942383
2026-04-15 15:00:00,699.8400268554688,18.170000076293945
2026-04-16 02:00:00,699.8400268554688,18.040000915527344
2026-04-16 03:00:00,699.8400268554688,18.059999465942383
2026-04-16 04:00:00,699.8400268554688,18.1200008392334
2026-04-16 05:00:00,699.8400268554688,18.260000228881836
2026-04-16 06:00:00,699.8400268554688,18.25
2026-04-16 07:00:00,699.8400268554688,18.229999542236328
2026-04-16 08:00:00,699.8400268554688,18.860000610351562
2026-04-16 09:00:00,699.1400146484375,18.850000381469727
2026-04-16 10:00:00,700.780029296875,18.68000030517578
2026-04-16 11:00:00,702.010009765625,18.75
2026-04-16 12:00:00,700.7000122070312,18.43000030517578
2026-04-16 13:00:00,699.7899780273438,18.139999389648438
2026-04-16 14:00:00,700.9100952148438,17.84000015258789
2026-04-16 15:00:00,701.5499877929688,17.940000534057617
2026-04-17 02:00:00,701.5499877929688,18.18000030517578
2026-04-17 03:00:00,701.5499877929688,18.200000762939453
2026-04-17 04:00:00,701.5499877929688,18.049999237060547
2026-04-17 05:00:00,701.5499877929688,18.040000915527344
2026-04-17 06:00:00,701.5499877929688,17.799999237060547
2026-04-17 07:00:00,701.5499877929688,17.350000381469727
2026-04-17 08:00:00,701.5499877929688,17.639999389648438
2026-04-17 09:00:00,709.2249755859375,17.5
2026-04-17 10:00:00,710.6199951171875,17.479999542236328
2026-04-17 11:00:00,711.510009765625,17.399999618530273
2026-04-17 12:00:00,709.8800048828125,17.5
2026-04-17 13:00:00,709.8099975585938,17.530000686645508
2026-04-17 14:00:00,709.260009765625,17.510000228881836
2026-04-17 15:00:00,710.0499877929688,17.469999313354492
2026-04-20 04:00:00,710.0499877929688,19.520000457763672
2026-04-20 05:00:00,710.0499877929688,19.459999084472656
2026-04-20 06:00:00,710.0499877929688,19.329999923706055
2026-04-20 07:00:00,710.0499877929688,18.920000076293945
2026-04-20 08:00:00,710.0499877929688,18.829999923706055
2026-04-20 09:00:00,708.9500122070312,19.530000686645508
2026-04-20 10:00:00,708.3300170898438,19.3700008392334
2026-04-20 11:00:00,707.6500244140625,19.149999618530273
2026-04-20 12:00:00,707.97998046875,19.079999923706055
2026-04-20 13:00:00,708.3200073242188,19.020000457763672
2026-04-20 14:00:00,708.02001953125,18.899999618530273
2026-04-20 15:00:00,708.6900024414062,18.8799991607666
2026-04-21 02:00:00,708.6900024414062,19.09000015258789
2026-04-21 03:00:00,708.6900024414062,19.049999237060547
2026-04-21 04:00:00,708.6900024414062,18.979999542236328
2026-04-21 05:00:00,708.6900024414062,18.850000381469727
2026-04-21 06:00:00,708.6900024414062,18.860000610351562
2026-04-21 07:00:00,708.6900024414062,18.989999771118164
2026-04-21 08:00:00,708.6900024414062,19.1299991607666
2026-04-21 09:00:00,710.5700073242188,19.510000228881836
2026-04-21 10:00:00,706.6900024414062,19.860000610351562
2026-04-21 11:00:00,706.3599853515625,20.149999618530273
2026-04-21 12:00:00,704.6900024414062,19.920000076293945
2026-04-21 13:00:00,705.0989990234375,19.700000762939453
2026-04-21 14:00:00,707.7249755859375,20.290000915527344
2026-04-21 15:00:00,704.1400146484375,19.489999771118164
2026-04-22 02:00:00,704.1400146484375,19.06999969482422
2026-04-22 03:00:00,704.1400146484375,19.18000030517578
2026-04-22 04:00:00,704.1400146484375,19.1299991607666
2026-04-22 05:00:00,704.1400146484375,19.110000610351562
2026-04-22 06:00:00,704.1400146484375,19.110000610351562
2026-04-22 07:00:00,704.1400146484375,19.190000534057617
2026-04-22 08:00:00,704.1400146484375,19.110000610351562
2026-04-22 09:00:00,710.52001953125,19.1299991607666
2026-04-22 10:00:00,710.2000122070312,19.43000030517578
2026-04-22 11:00:00,709.155029296875,19.5
2026-04-22 12:00:00,710.0399780273438,19.280000686645508
2026-04-22 13:00:00,709.4500122070312,19.06999969482422
2026-04-22 14:00:00,710.4500122070312,18.739999771118164
2026-04-22 15:00:00,711.2100219726562,18.90999984741211
2026-04-23 02:00:00,711.2100219726562,19.389999389648438
2026-04-23 03:00:00,711.2100219726562,19.700000762939453
2026-04-23 04:00:00,711.2100219726562,19.700000762939453
2026-04-23 05:00:00,711.2100219726562,19.600000381469727
2026-04-23 06:00:00,711.2100219726562,19.34000015258789
2026-04-23 07:00:00,711.2100219726562,19.350000381469727
2026-04-23 08:00:00,711.2100219726562,19.31999969482422
2026-04-23 09:00:00,710.530029296875,18.790000915527344
2026-04-23 10:00:00,711.989990234375,19.200000762939453
2026-04-23 11:00:00,710.72998046875,18.920000076293945
2026-04-23 12:00:00,706.0499877929688,19.84000015258789
2026-04-23 13:00:00,708.5100708007812,19.75
2026-04-23 14:00:00,708.405029296875,18.979999542236328
2026-04-23 15:00:00,708.4400024414062,19.309999465942383
2026-04-24 02:00:00,708.4400024414062,18.889999389648438
2026-04-24 03:00:00,708.4400024414062,19.200000762939453
2026-04-24 04:00:00,708.4400024414062,19.290000915527344
2026-04-24 05:00:00,708.4400024414062,19.170000076293945
2026-04-24 06:00:00,708.4400024414062,18.790000915527344
2026-04-24 07:00:00,708.4400024414062,18.979999542236328
2026-04-24 08:00:00,708.4400024414062,19.15999984741211
2026-04-24 09:00:00,709.8599853515625,18.690000534057617
2026-04-24 10:00:00,711.8499755859375,18.600000381469727
2026-04-24 11:00:00,713.3012084960938,18.65999984741211
2026-04-24 12:00:00,713.02001953125,18.579999923706055
2026-04-24 13:00:00,713.02001953125,18.530000686645508
2026-04-24 14:00:00,713.739990234375,18.639999389648438
2026-04-24 15:00:00,713.97998046875,18.690000534057617
2026-04-27 02:00:00,713.97998046875,19.149999618530273
2026-04-27 03:00:00,713.97998046875,19.09000015258789
2026-04-27 04:00:00,713.97998046875,19.059999465942383
2026-04-27 05:00:00,713.97998046875,18.979999542236328
2026-04-27 06:00:00,713.97998046875,18.959999084472656
2026-04-27 07:00:00,713.97998046875,19.020000457763672
2026-04-27 08:00:00,713.97998046875,18.889999389648438
2026-04-27 09:00:00,713.4450073242188,18.600000381469727
2026-04-27 10:00:00,713.0,18.6200008392334
2026-04-27 11:00:00,713.8599853515625,18.540000915527344
2026-04-27 12:00:00,714.5999755859375,18.520000457763672
2026-04-27 13:00:00,715.0999755859375,18.520000457763672
2026-04-27 14:00:00,715.1400146484375,18.170000076293945
2026-04-27 15:00:00,715.1599731445312,18.030000686645508
2026-04-28 02:00:00,715.1599731445312,18.299999237060547
2026-04-28 03:00:00,715.1599731445312,18.209999084472656
2026-04-28 04:00:00,715.1599731445312,18.31999969482422
2026-04-28 05:00:00,715.1599731445312,18.420000076293945
2026-04-28 06:00:00,715.1599731445312,19.209999084472656
2026-04-28 07:00:00,715.1599731445312,18.979999542236328
2026-04-28 08:00:00,715.1599731445312,18.68000030517578
2026-04-28 09:00:00,711.25,18.530000686645508
2026-04-28 10:00:00,709.9000244140625,18.610000610351562
2026-04-28 11:00:00,710.3200073242188,18.520000457763672
2026-04-28 12:00:00,710.1199951171875,18.270000457763672
2026-04-28 13:00:00,711.3499755859375,18.15999984741211
2026-04-28 14:00:00,711.5900268554688,17.809999465942383
2026-04-28 15:00:00,711.6799926757812,17.829999923706055
2026-04-29 02:00:00,711.6799926757812,17.920000076293945
2026-04-29 03:00:00,711.6799926757812,18.059999465942383
2026-04-29 04:00:00,711.6799926757812,18.06999969482422
2026-04-29 05:00:00,711.6799926757812,17.940000534057617
2026-04-29 06:00:00,711.6799926757812,17.979999542236328
2026-04-29 07:00:00,711.6799926757812,18.059999465942383
2026-04-29 08:00:00,711.6799926757812,18.139999389648438
2026-04-29 09:00:00,711.47998046875,18.06999969482422
2026-04-29 10:00:00,710.8670043945312,18.5
2026-04-29 11:00:00,709.75,18.81999969482422
2026-04-29 12:00:00,709.9099731445312,18.479999542236328
2026-04-29 13:00:00,709.219970703125,18.5
2026-04-29 14:00:00,710.8699951171875,18.360000610351562
2026-04-29 15:00:00,711.5800170898438,18.780000686645508
2026-04-30 02:00:00,711.5800170898438,18.610000610351562
2026-04-30 03:00:00,711.5800170898438,18.459999084472656
2026-04-30 04:00:00,711.5800170898438,18.360000610351562
2026-04-30 05:00:00,711.5800170898438,18.190000534057617
2026-04-30 06:00:00,711.5800170898438,18.040000915527344
2026-04-30 07:00:00,711.5800170898438,17.780000686645508
2026-04-30 08:00:00,711.5800170898438,18.079999923706055
2026-04-30 09:00:00,712.010009765625,17.43000030517578
2026-04-30 10:00:00,714.4299926757812,17.3799991607666
2026-04-30 11:00:00,715.1799926757812,17.459999084472656
2026-04-30 12:00:00,715.8099975585938,17.25
2026-04-30 13:00:00,717.8800048828125,17.219999313354492
2026-04-30 14:00:00,719.1199951171875,16.93000030517578
2026-04-30 15:00:00,718.3900146484375,16.889999389648438
2026-05-01 02:00:00,718.3900146484375,17.09000015258789
2026-05-01 03:00:00,718.3900146484375,17.079999923706055
2026-05-01 04:00:00,718.3900146484375,17.06999969482422
2026-05-01 05:00:00,718.3900146484375,17.06999969482422
2026-05-01 06:00:00,718.3900146484375,16.860000610351562
2026-05-01 07:00:00,718.3900146484375,16.860000610351562
2026-05-01 08:00:00,718.3900146484375,16.579999923706055
2026-05-01 09:00:00,724.2587890625,16.68000030517578
2026-05-01 10:00:00,723.2899780273438,16.829999923706055
2026-05-01 11:00:00,722.1400146484375,16.719999313354492
2026-05-01 12:00:00,722.97998046875,16.889999389648438
2026-05-01 13:00:00,722.1799926757812,16.8700008392334
2026-05-01 14:00:00,722.4199829101562,17.0
2026-05-01 15:00:00,720.6699829101562,16.979999542236328
2026-05-04 02:00:00,720.6699829101562,17.450000762939453
2026-05-04 03:00:00,720.6699829101562,17.5
2026-05-04 04:00:00,720.6699829101562,17.520000457763672
2026-05-04 05:00:00,720.6699829101562,18.170000076293945
2026-05-04 06:00:00,720.6699829101562,18.030000686645508
2026-05-04 07:00:00,720.6699829101562,17.690000534057617
2026-05-04 08:00:00,720.6699829101562,17.43000030517578
2026-05-04 09:00:00,721.239990234375,17.5
2026-05-04 10:00:00,718.4400024414062,18.440000534057617
2026-05-04 11:00:00,717.0,18.84000015258789
2026-05-04 12:00:00,718.5700073242188,18.149999618530273
2026-05-04 13:00:00,717.760009765625,18.360000610351562
2026-05-04 14:00:00,717.739990234375,18.18000030517578
2026-05-04 15:00:00,718.0700073242188,18.280000686645508
2026-05-05 02:00:00,718.0700073242188,18.0
2026-05-05 03:00:00,718.0700073242188,17.719999313354492
2026-05-05 04:00:00,718.0700073242188,17.68000030517578
2026-05-05 05:00:00,718.0700073242188,17.670000076293945
2026-05-05 06:00:00,718.0700073242188,17.68000030517578
2026-05-05 07:00:00,718.0700073242188,17.559999465942383
2026-05-05 08:00:00,718.0700073242188,17.440000534057617
2026-05-05 09:00:00,723.2899780273438,17.399999618530273
2026-05-05 10:00:00,723.47998046875,17.540000915527344
2026-05-05 11:00:00,723.5800170898438,17.40999984741211
2026-05-05 12:00:00,723.85498046875,17.25
2026-05-05 13:00:00,724.4749755859375,17.239999771118164
2026-05-05 14:00:00,724.719970703125,17.43000030517578
2026-05-05 15:00:00,723.739990234375,17.399999618530273
2026-05-06 02:00:00,723.739990234375,17.049999237060547
2026-05-06 03:00:00,723.739990234375,16.799999237060547
2026-05-06 04:00:00,723.739990234375,16.719999313354492
2026-05-06 05:00:00,723.739990234375,16.489999771118164
2026-05-06 06:00:00,723.739990234375,16.440000534057617
2026-05-06 07:00:00,723.739990234375,16.729999542236328
2026-05-06 08:00:00,723.739990234375,17.149999618530273
2026-05-06 09:00:00,730.02001953125,17.020000457763672
2026-05-06 10:00:00,732.0599975585938,17.229999542236328
2026-05-06 11:00:00,731.77001953125,17.149999618530273
2026-05-06 12:00:00,731.6799926757812,17.0
2026-05-06 13:00:00,733.0449829101562,17.15999984741211
2026-05-06 14:00:00,733.8599853515625,17.25
2026-05-06 15:00:00,733.77001953125,17.389999389648438
2026-05-07 02:00:00,733.77001953125,17.520000457763672
2026-05-07 03:00:00,733.77001953125,17.489999771118164
2026-05-07 04:00:00,733.77001953125,17.530000686645508
2026-05-07 05:00:00,733.77001953125,17.479999542236328
2026-05-07 06:00:00,733.77001953125,17.420000076293945
2026-05-07 07:00:00,733.77001953125,17.329999923706055
2026-05-07 08:00:00,733.77001953125,17.239999771118164
2026-05-07 09:00:00,734.5499877929688,17.1299991607666
2026-05-07 10:00:00,734.9088134765625,17.31999969482422
2026-05-07 11:00:00,733.364990234375,17.40999984741211
2026-05-07 12:00:00,730.625,17.239999771118164
2026-05-07 13:00:00,731.2899780273438,17.190000534057617
2026-05-07 14:00:00,730.5,17.059999465942383
2026-05-07 15:00:00,731.5900268554688,17.079999923706055
2026-05-08 02:00:00,731.5900268554688,17.190000534057617
2026-05-08 03:00:00,731.5900268554688,17.1299991607666
2026-05-08 04:00:00,731.5900268554688,17.1200008392334
2026-05-08 05:00:00,731.5900268554688,17.110000610351562
2026-05-08 06:00:00,731.5900268554688,17.100000381469727
2026-05-08 07:00:00,731.5900268554688,17.0
2026-05-08 08:00:00,731.5900268554688,17.040000915527344
2026-05-08 09:00:00,736.7999877929688,17.3799991607666
2026-05-08 10:00:00,736.9099731445312,17.290000915527344
2026-05-08 11:00:00,737.5499877929688,17.280000686645508
2026-05-08 12:00:00,737.6900024414062,17.479999542236328
2026-05-08 13:00:00,737.72998046875,17.479999542236328
2026-05-08 14:00:00,736.6400146484375,17.18000030517578
2026-05-08 15:00:00,737.530029296875,17.18000030517578
2026-05-11 02:00:00,737.530029296875,18.200000762939453
2026-05-11 03:00:00,737.530029296875,18.170000076293945
2026-05-11 04:00:00,737.530029296875,18.139999389648438
2026-05-11 05:00:00,737.530029296875,18.190000534057617
2026-05-11 06:00:00,737.530029296875,18.149999618530273
2026-05-11 07:00:00,737.530029296875,18.280000686645508
2026-05-11 08:00:00,737.530029296875,18.190000534057617
2026-05-11 09:00:00,738.4674072265625,18.059999465942383
2026-05-11 10:00:00,740.0706787109375,17.940000534057617
2026-05-11 11:00:00,740.3350219726562,18.110000610351562
2026-05-11 12:00:00,739.8099975585938,18.15999984741211
2026-05-11 13:00:00,740.3400268554688,18.280000686645508
2026-05-11 14:00:00,738.489990234375,18.360000610351562
2026-05-11 15:00:00,739.2000122070312,18.3700008392334
2026-05-12 02:00:00,739.2000122070312,18.739999771118164
2026-05-12 03:00:00,739.2000122070312,18.8799991607666
2026-05-12 04:00:00,739.2000122070312,18.950000762939453
2026-05-12 05:00:00,739.2000122070312,18.8700008392334
2026-05-12 06:00:00,739.2000122070312,18.75
2026-05-12 07:00:00,739.2000122070312,18.65999984741211
2026-05-12 08:00:00,739.2000122070312,18.84000015258789
2026-05-12 09:00:00,734.9199829101562,18.889999389648438
2026-05-12 10:00:00,732.3200073242188,18.950000762939453
2026-05-12 11:00:00,732.739990234375,18.639999389648438
2026-05-12 12:00:00,734.3499755859375,18.209999084472656
2026-05-12 13:00:00,736.1849975585938,18.110000610351562
2026-05-12 14:00:00,737.0800170898438,17.940000534057617
2026-05-12 15:00:00,738.2000122070312,17.989999771118164
2026-05-13 02:00:00,738.2000122070312,17.93000030517578
2026-05-13 03:00:00,738.2000122070312,17.899999618530273
2026-05-13 04:00:00,738.2000122070312,17.8700008392334
2026-05-13 05:00:00,738.2000122070312,17.950000762939453
2026-05-13 06:00:00,738.2000122070312,17.8700008392334
2026-05-13 07:00:00,738.2000122070312,18.15999984741211
2026-05-13 08:00:00,738.2000122070312,18.09000015258789
2026-05-13 09:00:00,738.3049926757812,18.0
2026-05-13 10:00:00,739.2899780273438,18.100000381469727
2026-05-13 11:00:00,741.7249755859375,17.979999542236328
2026-05-13 12:00:00,742.6199951171875,17.889999389648438
2026-05-13 13:00:00,743.530029296875,17.81999969482422
2026-05-13 14:00:00,743.489990234375,17.8700008392334
2026-05-13 15:00:00,742.3049926757812,17.8700008392334
2026-05-14 02:00:00,742.3049926757812,17.850000381469727
2026-05-14 03:00:00,742.3049926757812,17.790000915527344
2026-05-14 04:00:00,742.3049926757812,17.8700008392334
2026-05-14 05:00:00,742.3049926757812,17.8700008392334
2026-05-14 06:00:00,742.3049926757812,17.860000610351562
2026-05-14 07:00:00,742.3049926757812,17.8799991607666
2026-05-14 08:00:00,742.3049926757812,17.940000534057617
2026-05-14 09:00:00,745.9600219726562,18.0
2026-05-14 10:00:00,748.510498046875,17.81999969482422
2026-05-14 11:00:00,748.0,17.600000381469727
2026-05-14 12:00:00,746.9099731445312,17.399999618530273
2026-05-14 13:00:00,747.5599975585938,17.239999771118164
2026-05-14 14:00:00,748.0850219726562,17.329999923706055
2026-05-14 15:00:00,748.0800170898438,17.260000228881836
2026-05-15 02:00:00,748.0800170898438,18.149999618530273
2026-05-15 03:00:00,748.0800170898438,18.700000762939453
2026-05-15 04:00:00,748.0800170898438,18.850000381469727
2026-05-15 05:00:00,748.0800170898438,18.579999923706055
2026-05-15 06:00:00,748.0800170898438,18.979999542236328
2026-05-15 07:00:00,748.0800170898438,19.110000610351562
2026-05-15 08:00:00,748.0800170898438,18.700000762939453
2026-05-15 09:00:00,741.1300048828125,18.350000381469727
2026-05-15 10:00:00,741.219970703125,18.40999984741211
2026-05-15 11:00:00,741.3099975585938,18.149999618530273
2026-05-15 12:00:00,742.5228271484375,17.920000076293945
2026-05-15 13:00:00,741.7100219726562,17.940000534057617
2026-05-15 14:00:00,740.1599731445312,18.260000228881836
2026-05-15 15:00:00,739.0800170898438,18.420000076293945
2026-05-18 02:00:00,739.0800170898438,19.170000076293945
2026-05-18 03:00:00,739.0800170898438,18.90999984741211
2026-05-18 04:00:00,739.0800170898438,19.030000686645508
2026-05-18 05:00:00,739.0800170898438,19.15999984741211
2026-05-18 06:00:00,739.0800170898438,18.690000534057617
2026-05-18 07:00:00,739.0800170898438,18.420000076293945
2026-05-18 08:00:00,739.0800170898438,18.389999389648438
2026-05-18 09:00:00,739.5,18.450000762939453
2026-05-18 10:00:00,735.6199951171875,18.649999618530273
2026-05-18 11:00:00,734.8300170898438,18.399999618530273
2026-05-18 12:00:00,737.3599853515625,18.18000030517578
2026-05-18 13:00:00,734.7100219726562,18.739999771118164
2026-05-18 14:00:00,735.52001953125,17.700000762939453
2026-05-18 15:00:00,738.5599975585938,17.809999465942383
2026-05-19 02:00:00,738.5599975585938,17.899999618530273
2026-05-19 03:00:00,738.5599975585938,18.049999237060547
2026-05-19 04:00:00,738.5599975585938,18.149999618530273
2026-05-19 05:00:00,738.5599975585938,18.040000915527344
2026-05-19 06:00:00,738.5599975585938,18.06999969482422
2026-05-19 07:00:00,738.5599975585938,17.90999984741211
2026-05-19 08:00:00,738.5599975585938,17.790000915527344
2026-05-19 09:00:00,732.4199829101562,18.200000762939453
2026-05-19 10:00:00,732.22998046875,18.06999969482422
2026-05-19 11:00:00,734.489990234375,17.780000686645508
2026-05-19 12:00:00,736.97998046875,17.950000762939453
2026-05-19 13:00:00,735.8800048828125,18.079999923706055
2026-05-19 14:00:00,734.77001953125,18.06999969482422
2026-05-19 15:00:00,733.7899780273438,18.06999969482422
2026-05-20 02:00:00,733.7899780273438,18.139999389648438
2026-05-20 03:00:00,733.7899780273438,18.0
2026-05-20 04:00:00,733.7899780273438,17.969999313354492
2026-05-20 05:00:00,733.7899780273438,17.950000762939453
2026-05-20 06:00:00,733.7899780273438,18.010000228881836
2026-05-20 07:00:00,733.7899780273438,17.979999542236328
2026-05-20 08:00:00,733.7899780273438,17.829999923706055
2026-05-20 09:00:00,737.8900146484375,17.729999542236328
2026-05-20 10:00:00,739.2949829101562,17.700000762939453
2026-05-20 11:00:00,738.9299926757812,17.700000762939453
2026-05-20 12:00:00,740.155029296875,17.549999237060547
2026-05-20 13:00:00,740.0800170898438,17.440000534057617
2026-05-20 14:00:00,740.8200073242188,17.3799991607666
2026-05-20 15:00:00,741.25,17.450000762939453
2026-05-21 02:00:00,741.25,17.43000030517578
2026-05-21 03:00:00,741.25,17.290000915527344
2026-05-21 04:00:00,741.25,17.200000762939453
2026-05-21 05:00:00,741.25,17.760000228881836
2026-05-21 06:00:00,741.25,17.649999618530273
2026-05-21 07:00:00,741.25,17.75
2026-05-21 08:00:00,741.25,17.399999618530273
2026-05-21 09:00:00,738.5050048828125,17.5
2026-05-21 10:00:00,738.7999877929688,17.290000915527344
2026-05-21 11:00:00,738.7999877929688,17.1200008392334
2026-05-21 12:00:00,742.1500244140625,16.969999313354492
2026-05-21 13:00:00,743.3400268554688,17.170000076293945
2026-05-21 14:00:00,742.6799926757812,16.68000030517578
2026-05-21 15:00:00,742.75,16.760000228881836
2026-05-22 02:00:00,742.75,16.770000457763672
2026-05-22 03:00:00,742.75,16.829999923706055
2026-05-22 04:00:00,742.75,17.030000686645508
2026-05-22 05:00:00,742.75,17.06999969482422
2026-05-22 06:00:00,742.75,16.959999084472656
2026-05-22 07:00:00,742.75,16.739999771118164
2026-05-22 08:00:00,742.75,16.84000015258789
2026-05-22 09:00:00,745.6900024414062,16.610000610351562
2026-05-22 10:00:00,747.8800048828125,16.610000610351562
2026-05-22 11:00:00,747.3800048828125,16.510000228881836
2026-05-22 12:00:00,748.7349853515625,16.59000015258789
2026-05-22 13:00:00,747.3099975585938,16.520000457763672
2026-05-22 14:00:00,745.5800170898438,16.809999465942383
2026-05-22 15:00:00,745.5900268554688,16.700000762939453
2026-05-25 02:00:00,745.5900268554688,16.719999313354492
2026-05-25 03:00:00,745.5900268554688,16.68000030517578
2026-05-25 04:00:00,745.5900268554688,16.700000762939453
2026-05-25 05:00:00,745.5900268554688,16.639999389648438
2026-05-25 06:00:00,745.5900268554688,16.639999389648438
2026-05-25 07:00:00,745.5900268554688,16.6200008392334
2026-05-25 08:00:00,745.5900268554688,16.6299991607666
2026-05-25 09:00:00,745.5900268554688,16.690000534057617
2026-05-25 10:00:00,745.5900268554688,16.59000015258789
2026-05-26 02:00:00,745.5900268554688,16.84000015258789
2026-05-26 03:00:00,745.5900268554688,16.790000915527344
2026-05-26 04:00:00,745.5900268554688,16.690000534057617
2026-05-26 05:00:00,745.5900268554688,16.6200008392334
2026-05-26 06:00:00,745.5900268554688,16.739999771118164
2026-05-26 07:00:00,745.5900268554688,16.760000228881836
2026-05-26 08:00:00,745.5900268554688,16.860000610351562
2026-05-26 09:00:00,751.5399780273438,16.809999465942383
2026-05-26 10:00:00,749.8499755859375,17.149999618530273
2026-05-26 11:00:00,749.739990234375,17.1299991607666
2026-05-26 12:00:00,748.6500244140625,17.059999465942383
2026-05-26 13:00:00,749.655029296875,17.110000610351562
2026-05-26 14:00:00,749.510009765625,16.940000534057617
2026-05-26 15:00:00,750.469970703125,17.010000228881836
2026-05-27 02:00:00,750.469970703125,17.0
2026-05-27 03:00:00,750.469970703125,16.959999084472656
2026-05-27 04:00:00,750.469970703125,16.920000076293945
2026-05-27 05:00:00,750.469970703125,16.8799991607666
2026-05-27 06:00:00,750.469970703125,16.93000030517578
2026-05-27 07:00:00,750.469970703125,16.809999465942383
2026-05-27 08:00:00,750.469970703125,16.950000762939453
2026-05-27 09:00:00,750.0449829101562,16.979999542236328
2026-05-27 10:00:00,749.5250244140625,16.950000762939453
2026-05-27 11:00:00,749.6701049804688,16.729999542236328
2026-05-27 12:00:00,749.1599731445312,16.649999618530273
2026-05-27 13:00:00,750.719970703125,16.489999771118164
2026-05-27 14:00:00,750.5601196289062,16.329999923706055
2026-05-27 15:00:00,750.469970703125,16.290000915527344
2026-05-28 02:00:00,750.469970703125,16.729999542236328
2026-05-28 03:00:00,750.469970703125,16.690000534057617
2026-05-28 04:00:00,750.469970703125,16.670000076293945
2026-05-28 05:00:00,750.469970703125,16.799999237060547
2026-05-28 06:00:00,750.469970703125,16.719999313354492
2026-05-28 07:00:00,750.469970703125,16.469999313354492
2026-05-28 08:00:00,750.469970703125,16.18000030517578
2026-05-28 09:00:00,752.719970703125,16.0
2026-05-28 10:00:00,753.9400024414062,15.930000305175781
2026-05-28 11:00:00,754.3800048828125,15.819999694824219
2026-05-28 12:00:00,754.2650146484375,15.739999771118164
2026-05-28 13:00:00,754.780029296875,15.670000076293945
2026-05-28 14:00:00,754.760009765625,15.640000343322754
2026-05-28 15:00:00,754.6400146484375,15.760000228881836
2026-05-29 02:00:00,754.6400146484375,15.829999923706055
2026-05-29 03:00:00,754.6400146484375,15.779999732971191
2026-05-29 04:00:00,754.6400146484375,15.84000015258789
2026-05-29 05:00:00,754.6400146484375,15.84000015258789
2026-05-29 06:00:00,754.6400146484375,15.800000190734863
2026-05-29 07:00:00,754.6400146484375,15.710000038146973
2026-05-29 08:00:00,754.6400146484375,15.600000381469727
2026-05-29 09:00:00,756.5999755859375,15.59000015258789
2026-05-29 10:00:00,756.780029296875,15.40999984741211
2026-05-29 11:00:00,756.75,15.289999961853027
2026-05-29 12:00:00,756.6099853515625,15.460000038146973
2026-05-29 13:00:00,756.2899780273438,15.449999809265137
2026-05-29 14:00:00,756.8599853515625,15.329999923706055
2026-05-29 15:00:00,756.4000244140625,15.34000015258789
2026-06-01 02:00:00,756.4000244140625,15.920000076293945
2026-06-01 03:00:00,756.4000244140625,15.869999885559082
2026-06-01 04:00:00,756.4000244140625,15.829999923706055
2026-06-01 05:00:00,756.4000244140625,15.760000228881836
2026-06-01 06:00:00,756.4000244140625,15.789999961853027
2026-06-01 07:00:00,756.4000244140625,15.819999694824219
2026-06-01 08:00:00,756.4000244140625,16.219999313354492
2026-06-01 09:00:00,755.85498046875,16.15999984741211
2026-06-01 10:00:00,756.1599731445312,16.020000457763672
2026-06-01 11:00:00,756.780029296875,15.920000076293945
2026-06-01 12:00:00,758.510009765625,15.729999542236328
2026-06-01 13:00:00,759.8204956054688,15.710000038146973
2026-06-01 14:00:00,759.6799926757812,16.0
2026-06-01 15:00:00,758.4400024414062,16.049999237060547
2026-06-02 02:00:00,758.4400024414062,16.229999542236328
2026-06-02 03:00:00,758.4400024414062,16.190000534057617
2026-06-02 04:00:00,758.4400024414062,16.149999618530273
2026-06-02 05:00:00,758.4400024414062,16.1299991607666
2026-06-02 06:00:00,758.4400024414062,16.170000076293945
2026-06-02 07:00:00,758.4400024414062,16.170000076293945
2026-06-02 08:00:00,758.4400024414062,16.06999969482422
2026-06-02 09:00:00,757.7349853515625,16.010000228881836
2026-06-02 10:00:00,759.8900146484375,16.030000686645508
2026-06-02 11:00:00,759.3499755859375,15.920000076293945
2026-06-02 12:00:00,759.0250244140625,15.970000267028809
2026-06-02 13:00:00,758.9564208984375,15.779999732971191
2026-06-02 14:00:00,759.3300170898438,15.789999961853027
2026-06-02 15:00:00,759.469970703125,15.779999732971191
2026-06-03 02:00:00,759.469970703125,16.079999923706055
2026-06-03 03:00:00,759.469970703125,16.09000015258789
2026-06-03 04:00:00,759.469970703125,16.110000610351562
2026-06-03 05:00:00,759.469970703125,16.06999969482422
2026-06-03 06:00:00,759.469970703125,16.049999237060547
2026-06-03 07:00:00,759.469970703125,16.229999542236328
2026-06-03 08:00:00,759.469970703125,16.3799991607666
2026-06-03 09:00:00,756.8099975585938,16.079999923706055
2026-06-03 10:00:00,756.1199951171875,16.239999771118164
2026-06-03 11:00:00,754.3099975585938,16.260000228881836
2026-06-03 12:00:00,754.6325073242188,16.059999465942383
2026-06-03 13:00:00,755.97998046875,16.059999465942383
2026-06-03 14:00:00,754.8300170898438,16.049999237060547
2026-06-03 15:00:00,754.1900024414062,16.100000381469727
2026-06-04 02:00:00,754.1900024414062,16.309999465942383
2026-06-04 03:00:00,754.1900024414062,16.450000762939453
2026-06-04 04:00:00,754.1900024414062,16.360000610351562
2026-06-04 05:00:00,754.1900024414062,16.670000076293945
2026-06-04 06:00:00,754.1900024414062,16.510000228881836
2026-06-04 07:00:00,754.1900024414062,16.3700008392334
2026-06-04 08:00:00,754.1900024414062,15.970000267028809
2026-06-04 09:00:00,754.02001953125,15.739999771118164
2026-06-04 10:00:00,755.864990234375,15.609999656677246
2026-06-04 11:00:00,756.5,15.449999809265137
2026-06-04 12:00:00,757.1099853515625,15.34000015258789
2026-06-04 13:00:00,757.8099975585938,15.369999885559082
2026-06-04 14:00:00,758.2899780273438,15.1899995803833
2026-06-04 15:00:00,757.0499877929688,15.390000343322754
2026-06-05 02:00:00,757.0499877929688,15.760000228881836
2026-06-05 03:00:00,757.0499877929688,15.729999542236328
2026-06-05 04:00:00,757.0499877929688,15.699999809265137
2026-06-05 05:00:00,757.0499877929688,15.649999618530273
2026-06-05 06:00:00,757.0499877929688,15.710000038146973
2026-06-05 07:00:00,757.0499877929688,15.890000343322754
2026-06-05 08:00:00,757.0499877929688,16.690000534057617
2026-06-05 09:00:00,749.219970703125,16.229999542236328
2026-06-05 10:00:00,748.1480102539062,17.209999084472656
2026-06-05 11:00:00,744.7401123046875,18.549999237060547
2026-06-05 12:00:00,744.030029296875,17.920000076293945
2026-06-05 13:00:00,740.9000244140625,19.790000915527344
2026-06-05 14:00:00,738.4500122070312,20.18000030517578
2026-06-05 15:00:00,737.4000244140625,21.56999969482422
2026-06-08 02:00:00,737.4000244140625,19.84000015258789
2026-06-08 03:00:00,737.4000244140625,19.93000030517578
2026-06-08 04:00:00,737.4000244140625,19.579999923706055
2026-06-08 05:00:00,737.4000244140625,19.450000762939453
2026-06-08 06:00:00,737.4000244140625,18.920000076293945
2026-06-08 07:00:00,737.4000244140625,18.75
2026-06-08 08:00:00,737.4000244140625,18.989999771118164
2026-06-08 09:00:00,742.47998046875,18.010000228881836
2026-06-08 10:00:00,743.22998046875,18.469999313354492
2026-06-08 11:00:00,742.1400146484375,18.43000030517578
2026-06-08 12:00:00,742.030029296875,18.59000015258789
2026-06-08 13:00:00,741.9600219726562,18.639999389648438
2026-06-08 14:00:00,739.2000122070312,18.690000534057617
2026-06-08 15:00:00,739.3099975585938,18.920000076293945
2026-06-09 02:00:00,739.3099975585938,18.290000915527344
2026-06-09 03:00:00,739.3099975585938,18.18000030517578
2026-06-09 04:00:00,739.3099975585938,18.020000457763672
2026-06-09 05:00:00,739.3099975585938,18.010000228881836
2026-06-09 06:00:00,739.3099975585938,18.09000015258789
2026-06-09 07:00:00,739.3099975585938,18.059999465942383
2026-06-09 08:00:00,739.3099975585938,17.770000457763672
2026-06-09 09:00:00,741.2100219726562,18.989999771118164
2026-06-09 10:00:00,731.0,20.8799991607666
2026-06-09 11:00:00,727.3599853515625,22.280000686645508
2026-06-09 12:00:00,730.760009765625,20.440000534057617
2026-06-09 13:00:00,735.0999755859375,19.440000534057617
2026-06-09 14:00:00,734.5999755859375,19.770000457763672
2026-06-09 15:00:00,737.0599975585938,19.8700008392334
2026-06-10 02:00:00,737.0599975585938,20.09000015258789
2026-06-10 03:00:00,737.0599975585938,20.979999542236328
2026-06-10 04:00:00,737.0599975585938,20.979999542236328
2026-06-10 05:00:00,737.0599975585938,20.8799991607666
2026-06-10 06:00:00,737.0599975585938,21.829999923706055
2026-06-10 07:00:00,737.0599975585938,21.020000457763672
2026-06-10 08:00:00,737.0599975585938,20.440000534057617
2026-06-10 09:00:00,737.25,21.389999389648438
2026-06-10 10:00:00,731.4299926757812,21.8700008392334
2026-06-10 11:00:00,730.6799926757812,21.760000228881836
2026-06-10 12:00:00,729.5900268554688,21.260000228881836
2026-06-10 13:00:00,729.5499877929688,21.770000457763672
2026-06-10 14:00:00,725.989990234375,22.079999923706055
2026-06-10 15:00:00,725.4299926757812,22.219999313354492
2026-06-11 02:00:00,725.4299926757812,20.90999984741211
2026-06-11 03:00:00,725.4299926757812,20.56999969482422
2026-06-11 04:00:00,725.4299926757812,20.639999389648438
2026-06-11 05:00:00,725.4299926757812,20.850000381469727
2026-06-11 06:00:00,725.4299926757812,20.729999542236328
2026-06-11 07:00:00,725.4299926757812,21.1299991607666
2026-06-11 08:00:00,725.4299926757812,21.09000015258789
2026-06-11 09:00:00,728.8150024414062,22.31999969482422
2026-06-11 10:00:00,727.1799926757812,21.780000686645508
2026-06-11 11:00:00,727.8800048828125,21.479999542236328
2026-06-11 12:00:00,732.52001953125,19.760000228881836
2026-06-11 13:00:00,734.52001953125,19.6299991607666
2026-06-11 14:00:00,737.9199829101562,19.540000915527344
2026-06-11 15:00:00,737.6400146484375,19.450000762939453
2026-06-12 02:00:00,737.6400146484375,19.059999465942383
2026-06-12 03:00:00,737.6400146484375,18.829999923706055
2026-06-12 04:00:00,737.6400146484375,18.579999923706055
2026-06-12 05:00:00,737.6400146484375,19.149999618530273
2026-06-12 06:00:00,737.6400146484375,18.84000015258789
2026-06-12 07:00:00,737.6400146484375,19.43000030517578
2026-06-12 08:00:00,737.6400146484375,19.31999969482422
2026-06-12 09:00:00,739.5900268554688,18.770000457763672
2026-06-12 10:00:00,744.1500244140625,19.479999542236328
2026-06-12 11:00:00,740.6099853515625,18.610000610351562
2026-06-12 12:00:00,742.0900268554688,18.260000228881836
2026-06-12 13:00:00,741.260009765625,18.190000534057617
2026-06-12 14:00:00,741.4199829101562,17.75
2026-06-12 15:00:00,741.6599731445312,17.690000534057617
2026-06-15 02:00:00,741.6599731445312,16.829999923706055
2026-06-15 03:00:00,741.6599731445312,16.690000534057617
2026-06-15 04:00:00,741.6599731445312,16.770000457763672
2026-06-15 05:00:00,741.6599731445312,16.780000686645508
2026-06-15 06:00:00,741.6599731445312,16.6200008392334
2026-06-15 07:00:00,741.6599731445312,16.43000030517578
2026-06-15 08:00:00,741.6599731445312,16.420000076293945
2026-06-15 09:00:00,753.6500244140625,16.239999771118164
2026-06-15 10:00:00,755.1400146484375,16.309999465942383
2026-06-15 11:00:00,756.5,16.0
2026-06-15 12:00:00,756.1300048828125,16.229999542236328
2026-06-15 13:00:00,754.719970703125,16.1200008392334
2026-06-15 14:00:00,754.3699951171875,16.049999237060547
2026-06-15 15:00:00,754.6599731445312,16.200000762939453
2026-06-16 02:00:00,754.6599731445312,16.18000030517578
2026-06-16 03:00:00,754.6599731445312,16.079999923706055
2026-06-16 04:00:00,754.6599731445312,16.15999984741211
2026-06-16 05:00:00,754.6599731445312,16.170000076293945
2026-06-16 06:00:00,754.6599731445312,16.139999389648438
2026-06-16 07:00:00,754.6599731445312,16.079999923706055
2026-06-16 08:00:00,754.6599731445312,15.970000267028809
2026-06-16 09:00:00,753.0599975585938,15.989999771118164
2026-06-16 10:00:00,752.64990234375,15.949999809265137
2026-06-16 11:00:00,753.3599853515625,15.989999771118164
2026-06-16 12:00:00,752.1900024414062,15.859999656677246
2026-06-16 13:00:00,752.135009765625,15.949999809265137
2026-06-16 14:00:00,751.219970703125,16.309999465942383
2026-06-16 15:00:00,750.3499755859375,16.40999984741211
2026-06-17 02:00:00,750.3499755859375,16.229999542236328
2026-06-17 03:00:00,750.3499755859375,16.31999969482422
2026-06-17 04:00:00,750.3499755859375,16.399999618530273
2026-06-17 05:00:00,750.3499755859375,16.43000030517578
2026-06-17 06:00:00,750.3499755859375,16.450000762939453
2026-06-17 07:00:00,750.3499755859375,16.049999237060547
2026-06-17 08:00:00,750.3499755859375,16.600000381469727
2026-06-17 09:00:00,751.6900024414062,16.84000015258789
2026-06-17 10:00:00,750.0,16.829999923706055
2026-06-17 11:00:00,750.760009765625,16.899999618530273
2026-06-17 12:00:00,749.6599731445312,16.549999237060547
2026-06-17 13:00:00,746.2249755859375,17.43000030517578
2026-06-17 14:00:00,742.0599975585938,18.43000030517578
2026-06-17 15:00:00,740.9299926757812,18.43000030517578
2026-06-18 02:00:00,740.9299926757812,17.079999923706055
2026-06-18 03:00:00,740.9299926757812,17.190000534057617
2026-06-18 04:00:00,740.9299926757812,17.010000228881836
2026-06-18 05:00:00,740.9299926757812,17.200000762939453
2026-06-18 06:00:00,740.9299926757812,17.43000030517578
2026-06-18 07:00:00,740.9299926757812,17.0
2026-06-18 08:00:00,740.9299926757812,17.280000686645508
2026-06-18 09:00:00,745.3699951171875,16.950000762939453
2026-06-18 10:00:00,745.3800048828125,16.93000030517578
2026-06-18 11:00:00,746.6500244140625,16.780000686645508
2026-06-18 12:00:00,747.5499877929688,16.739999771118164
2026-06-18 13:00:00,746.5,16.719999313354492
2026-06-18 14:00:00,746.010009765625,16.450000762939453
2026-06-18 15:00:00,746.5900268554688,16.399999618530273
2026-06-19 02:00:00,746.5900268554688,16.889999389648438
2026-06-19 03:00:00,746.5900268554688,16.850000381469727
2026-06-19 04:00:00,746.5900268554688,16.899999618530273
2026-06-19 05:00:00,746.5900268554688,17.18000030517578
2026-06-19 06:00:00,746.5900268554688,17.1299991607666
2026-06-19 07:00:00,746.5900268554688,16.850000381469727
2026-06-19 08:00:00,746.5900268554688,16.829999923706055
2026-06-19 09:00:00,746.5900268554688,16.780000686645508
2026-06-19 10:00:00,746.5900268554688,16.780000686645508
2026-06-22 02:00:00,746.5900268554688,17.510000228881836
2026-06-22 03:00:00,746.5900268554688,17.510000228881836
2026-06-22 04:00:00,746.5900268554688,17.520000457763672
2026-06-22 05:00:00,746.5900268554688,17.450000762939453
2026-06-22 06:00:00,746.5900268554688,17.290000915527344
2026-06-22 07:00:00,746.5900268554688,17.06999969482422
2026-06-22 08:00:00,746.5900268554688,16.489999771118164
2026-06-22 09:00:00,746.510009765625,17.610000610351562
2026-06-22 10:00:00,744.3900146484375,17.540000915527344
2026-06-22 11:00:00,744.7849731445312,17.219999313354492
2026-06-22 12:00:00,744.7000122070312,17.219999313354492
2026-06-22 13:00:00,745.1298828125,17.479999542236328
2026-06-22 14:00:00,743.405029296875,17.3700008392334
2026-06-22 15:00:00,744.3800048828125,17.280000686645508
2026-06-23 02:00:00,744.3800048828125,20.329999923706055
2026-06-23 03:00:00,744.3800048828125,20.200000762939453
2026-06-23 04:00:00,744.3800048828125,19.75
2026-06-23 05:00:00,744.3800048828125,19.90999984741211
2026-06-23 06:00:00,744.3800048828125,19.520000457763672
2026-06-23 07:00:00,744.3800048828125,20.18000030517578
2026-06-23 08:00:00,744.3800048828125,19.520000457763672
2026-06-23 09:00:00,738.9000244140625,19.350000381469727
2026-06-23 10:00:00,734.5900268554688,19.440000534057617
2026-06-23 11:00:00,737.3800048828125,18.829999923706055
2026-06-23 12:00:00,737.530029296875,19.010000228881836
2026-06-23 13:00:00,735.4000244140625,19.549999237060547
2026-06-23 14:00:00,735.010009765625,19.5
2026-06-23 15:00:00,733.6699829101562,19.479999542236328
2026-06-24 02:00:00,733.6699829101562,19.270000457763672
2026-06-24 03:00:00,733.6699829101562,19.229999542236328
2026-06-24 04:00:00,733.6699829101562,19.239999771118164
2026-06-24 05:00:00,733.6699829101562,19.209999084472656
2026-06-24 06:00:00,733.6699829101562,18.84000015258789
2026-06-24 07:00:00,733.6699829101562,19.079999923706055
2026-06-24 08:00:00,733.6699829101562,19.079999923706055
2026-06-24 09:00:00,736.489990234375,18.06999969482422
2026-06-24 10:00:00,739.6400146484375,18.329999923706055
2026-06-24 11:00:00,738.0800170898438,18.959999084472656
2026-06-24 12:00:00,732.1599731445312,19.959999084472656
2026-06-24 13:00:00,734.3400268554688,19.950000762939453
2026-06-24 14:00:00,731.97998046875,19.510000228881836
2026-06-24 15:00:00,733.0800170898438,18.649999618530273
2026-06-25 02:00:00,733.0800170898438,18.0
2026-06-25 03:00:00,733.0800170898438,18.149999618530273
2026-06-25 04:00:00,733.0800170898438,18.030000686645508
2026-06-25 05:00:00,733.0800170898438,17.959999084472656
2026-06-25 06:00:00,733.0800170898438,18.09000015258789
2026-06-25 07:00:00,733.0800170898438,17.829999923706055
2026-06-25 08:00:00,733.0800170898438,19.8799991607666
2026-06-25 09:00:00,735.4749755859375,18.8700008392334
2026-06-25 10:00:00,734.2899780273438,18.950000762939453
2026-06-25 11:00:00,734.1900024414062,19.239999771118164
2026-06-25 12:00:00,733.260009765625,18.950000762939453
2026-06-25 13:00:00,735.8400268554688,18.889999389648438
2026-06-25 14:00:00,732.3923950195312,19.059999465942383
2026-06-25 15:00:00,733.27001953125,18.899999618530273
2026-06-26 02:00:00,733.27001953125,19.600000381469727
2026-06-26 03:00:00,733.27001953125,20.079999923706055
2026-06-26 04:00:00,733.27001953125,20.209999084472656
2026-06-26 05:00:00,733.27001953125,20.200000762939453
2026-06-26 06:00:00,733.27001953125,20.139999389648438
2026-06-26 07:00:00,733.27001953125,20.139999389648438
2026-06-26 08:00:00,733.27001953125,19.770000457763672
2026-06-26 09:00:00,733.489990234375,19.31999969482422
2026-06-26 10:00:00,734.6699829101562,18.780000686645508
2026-06-26 11:00:00,733.4199829101562,18.8700008392334
2026-06-26 12:00:00,734.719970703125,18.860000610351562
2026-06-26 13:00:00,732.8300170898438,19.1299991607666
2026-06-26 14:00:00,732.1900024414062,18.530000686645508
2026-06-26 15:00:00,729.0800170898438,18.3799991607666
2026-06-29 02:00:00,729.0800170898438,18.450000762939453
2026-06-29 03:00:00,729.0800170898438,18.450000762939453
2026-06-29 04:00:00,729.0800170898438,18.440000534057617
2026-06-29 05:00:00,729.0800170898438,18.280000686645508
2026-06-29 06:00:00,729.0800170898438,18.31999969482422
2026-06-29 07:00:00,729.0800170898438,18.25
2026-06-29 08:00:00,729.0800170898438,18.420000076293945
2026-06-29 09:00:00,736.0700073242188,18.290000915527344
2026-06-29 10:00:00,737.77001953125,17.8700008392334
2026-06-29 11:00:00,738.3300170898438,17.860000610351562
2026-06-29 12:00:00,740.1400146484375,17.739999771118164
2026-06-29 13:00:00,740.2150268554688,17.610000610351562
2026-06-29 14:00:00,740.8699951171875,17.540000915527344
2026-06-29 15:00:00,740.8499755859375,17.649999618530273
2026-06-30 02:00:00,740.8499755859375,17.610000610351562
2026-06-30 03:00:00,740.8499755859375,17.639999389648438
2026-06-30 04:00:00,740.8499755859375,17.59000015258789
2026-06-30 05:00:00,740.8499755859375,17.459999084472656
2026-06-30 06:00:00,740.8499755859375,17.440000534057617
2026-06-30 07:00:00,740.8499755859375,17.639999389648438
2026-06-30 08:00:00,740.8499755859375,17.229999542236328
2026-06-30 09:00:00,744.47998046875,17.1299991607666
2026-06-30 10:00:00,745.260009765625,16.799999237060547
2026-06-30 11:00:00,746.2899780273438,16.65999984741211
2026-06-30 12:00:00,746.489990234375,16.600000381469727
2026-06-30 13:00:00,746.7999877929688,16.510000228881836
2026-06-30 14:00:00,747.4199829101562,16.459999084472656
2026-06-30 15:00:00,746.47998046875,16.450000762939453
2026-07-01 02:00:00,746.47998046875,17.049999237060547
2026-07-01 03:00:00,746.47998046875,16.899999618530273
2026-07-01 04:00:00,746.47998046875,16.860000610351562
2026-07-01 05:00:00,746.47998046875,16.700000762939453
2026-07-01 06:00:00,746.47998046875,16.75
2026-07-01 07:00:00,746.47998046875,16.860000610351562
2026-07-01 08:00:00,746.47998046875,16.549999237060547
2026-07-01 09:00:00,746.8200073242188,16.399999618530273
2026-07-01 10:00:00,749.2899780273438,16.079999923706055
2026-07-01 11:00:00,748.9700927734375,16.43000030517578
2026-07-01 12:00:00,747.9299926757812,16.3700008392334
2026-07-01 13:00:00,747.1400146484375,16.43000030517578
2026-07-01 14:00:00,746.9400024414062,16.3799991607666
2026-07-01 15:00:00,745.7000122070312,16.56999969482422
2026-07-02 02:00:00,745.7000122070312,16.860000610351562
2026-07-02 03:00:00,745.7000122070312,16.719999313354492
2026-07-02 04:00:00,745.7000122070312,16.739999771118164
2026-07-02 05:00:00,745.7000122070312,16.649999618530273
2026-07-02 06:00:00,745.7000122070312,16.600000381469727
2026-07-02 07:00:00,745.7000122070312,16.190000534057617
2026-07-02 08:00:00,745.7000122070312,15.880000114440918
2026-07-02 09:00:00,747.9400024414062,16.200000762939453
2026-07-02 10:00:00,744.9099731445312,16.670000076293945
2026-07-02 11:00:00,743.5399780273438,16.799999237060547
2026-07-02 12:00:00,741.530029296875,17.190000534057617
2026-07-02 13:00:00,742.719970703125,16.600000381469727
2026-07-02 14:00:00,742.3099975585938,16.059999465942383
2026-07-02 15:00:00,744.8400268554688,16.139999389648438
2026-07-03 02:00:00,744.8400268554688,15.859999656677246
2026-07-03 03:00:00,744.8400268554688,15.970000267028809
2026-07-03 04:00:00,744.8400268554688,15.960000038146973
2026-07-03 05:00:00,744.8400268554688,15.930000305175781
2026-07-03 06:00:00,744.8400268554688,15.9399995803833
2026-07-03 07:00:00,744.8400268554688,15.9399995803833
2026-07-03 08:00:00,744.8400268554688,15.930000305175781
2026-07-03 09:00:00,744.8400268554688,15.800000190734863
2026-07-03 10:00:00,744.8400268554688,15.8100004196167
2026-07-06 02:00:00,744.8400268554688,16.290000915527344
2026-07-06 03:00:00,744.8400268554688,16.329999923706055
2026-07-06 04:00:00,744.8400268554688,16.280000686645508
2026-07-06 05:00:00,744.8400268554688,16.350000381469727
2026-07-06 06:00:00,744.8400268554688,16.399999618530273
2026-07-06 07:00:00,744.8400268554688,16.360000610351562
2026-07-06 08:00:00,744.8400268554688,16.290000915527344
2026-07-06 09:00:00,749.9400024414062,15.970000267028809
2026-07-06 10:00:00,750.760009765625,15.90999984741211
2026-07-06 11:00:00,750.6500244140625,15.90999984741211
2026-07-06 12:00:00,750.7000122070312,15.930000305175781
2026-07-06 13:00:00,751.3300170898438,15.640000343322754
2026-07-06 14:00:00,752.2899780273438,15.670000076293945
2026-07-06 15:00:00,751.3099975585938,15.5600004196167
2026-07-07 02:00:00,751.3099975585938,15.9399995803833
2026-07-07 03:00:00,751.3099975585938,15.859999656677246
2026-07-07 04:00:00,751.3099975585938,15.84000015258789
2026-07-07 05:00:00,751.3099975585938,15.949999809265137
2026-07-07 06:00:00,751.3099975585938,15.890000343322754
2026-07-07 07:00:00,751.3099975585938,15.890000343322754
2026-07-07 08:00:00,751.3099975585938,16.030000686645508
2026-07-07 09:00:00,746.7000122070312,16.350000381469727
2026-07-07 10:00:00,746.3690185546875,16.100000381469727
2026-07-07 11:00:00,748.77001953125,15.75
2026-07-07 12:00:00,748.8400268554688,15.609999656677246
2026-07-07 13:00:00,748.989990234375,16.0
2026-07-07 14:00:00,746.7000122070312,16.209999084472656
2026-07-07 15:00:00,747.7000122070312,16.1299991607666
2026-07-08 02:00:00,747.7000122070312,16.459999084472656
2026-07-08 03:00:00,747.7000122070312,18.34000015258789
2026-07-08 04:00:00,747.7000122070312,18.6299991607666
2026-07-08 05:00:00,747.7000122070312,18.1200008392334
2026-07-08 06:00:00,747.7000122070312,17.75
2026-07-08 07:00:00,747.7000122070312,17.579999923706055
2026-07-08 08:00:00,747.7000122070312,17.200000762939453
2026-07-08 09:00:00,743.1099853515625,18.020000457763672
2026-07-08 10:00:00,739.9400024414062,18.229999542236328
2026-07-08 11:00:00,743.0999755859375,16.899999618530273
2026-07-08 12:00:00,745.719970703125,16.90999984741211
2026-07-08 13:00:00,744.6699829101562,16.770000457763672
2026-07-08 14:00:00,745.1900024414062,16.68000030517578
2026-07-08 15:00:00,745.2899780273438,16.8799991607666
2026-07-09 02:00:00,745.2899780273438,16.610000610351562
2026-07-09 03:00:00,745.2899780273438,16.729999542236328
2026-07-09 04:00:00,745.2899780273438,16.860000610351562
2026-07-09 05:00:00,745.2899780273438,17.1299991607666
2026-07-09 06:00:00,745.2899780273438,16.889999389648438
2026-07-09 07:00:00,745.2899780273438,16.799999237060547
2026-07-09 08:00:00,745.2899780273438,16.479999542236328
2026-07-09 09:00:00,747.8798828125,16.3799991607666
2026-07-09 10:00:00,749.7999877929688,16.15999984741211
2026-07-09 11:00:00,750.6400146484375,16.010000228881836
2026-07-09 12:00:00,751.7550048828125,16.020000457763672
2026-07-09 13:00:00,751.4505004882812,16.049999237060547
2026-07-09 14:00:00,751.0999755859375,15.8100004196167
2026-07-09 15:00:00,751.6500244140625,15.84000015258789
2026-07-10 02:00:00,751.6500244140625,16.1299991607666
2026-07-10 03:00:00,751.6500244140625,16.079999923706055
2026-07-10 04:00:00,751.6500244140625,15.989999771118164
2026-07-10 05:00:00,751.6500244140625,15.869999885559082
2026-07-10 06:00:00,751.6500244140625,15.920000076293945
2026-07-10 07:00:00,751.6500244140625,15.800000190734863
2026-07-10 08:00:00,751.6500244140625,15.510000228881836
2026-07-10 09:00:00,752.586181640625,15.789999961853027
2026-07-10 10:00:00,753.25,15.399999618530273
2026-07-10 11:00:00,753.2100219726562,15.289999961853027
2026-07-10 12:00:00,754.010009765625,15.390000343322754
2026-07-10 13:00:00,754.4299926757812,15.260000228881836
2026-07-10 14:00:00,754.9600219726562,15.050000190734863
2026-07-10 15:00:00,754.9000244140625,15.039999961853027
2026-07-13 02:00:00,754.9000244140625,16.43000030517578
2026-07-13 03:00:00,754.9000244140625,16.260000228881836
2026-07-13 04:00:00,754.9000244140625,16.15999984741211
2026-07-13 05:00:00,754.9000244140625,16.299999237060547
2026-07-13 06:00:00,754.9000244140625,16.389999389648438
2026-07-13 07:00:00,754.9000244140625,16.360000610351562
2026-07-13 08:00:00,754.9000244140625,16.059999465942383
2026-07-13 09:00:00,753.0900268554688,16.229999542236328
2026-07-13 10:00:00,752.3800048828125,16.309999465942383
2026-07-13 11:00:00,750.2899780273438,16.690000534057617
2026-07-13 12:00:00,749.8099975585938,16.920000076293945
2026-07-13 13:00:00,749.239990234375,17.0
2026-07-13 14:00:00,748.3800048828125,17.049999237060547
2026-07-13 15:00:00,749.0999755859375,17.149999618530273
2026-07-14 02:00:00,749.0999755859375,17.309999465942383
2026-07-14 03:00:00,749.0999755859375,17.389999389648438
2026-07-14 04:00:00,749.0999755859375,17.309999465942383
2026-07-14 05:00:00,749.0999755859375,17.350000381469727
2026-07-14 06:00:00,749.0999755859375,17.350000381469727
2026-07-14 07:00:00,749.0999755859375,16.81999969482422
2026-07-14 08:00:00,749.0999755859375,16.40999984741211
2026-07-14 09:00:00,750.7100219726562,16.3700008392334
2026-07-14 10:00:00,752.6599731445312,16.600000381469727
2026-07-14 11:00:00,750.780029296875,16.440000534057617
2026-07-14 12:00:00,752.2999877929688,16.459999084472656
2026-07-14 13:00:00,752.5,16.399999618530273
2026-07-14 14:00:00,752.1500244140625,16.3799991607666
2026-07-14 15:00:00,751.8699951171875,16.5
2026-07-15 02:00:00,751.8699951171875,16.270000457763672
2026-07-15 03:00:00,751.8699951171875,16.229999542236328
2026-07-15 04:00:00,751.8699951171875,16.309999465942383
2026-07-15 05:00:00,751.8699951171875,16.360000610351562
2026-07-15 06:00:00,751.8699951171875,16.31999969482422
2026-07-15 07:00:00,751.8699951171875,16.149999618530273
2026-07-15 08:00:00,751.8699951171875,16.09000015258789
2026-07-15 09:00:00,754.6199951171875,16.15999984741211
2026-07-15 10:00:00,753.60498046875,16.1200008392334
2026-07-15 11:00:00,750.8300170898438,16.239999771118164
2026-07-15 12:00:00,752.8099975585938,15.800000190734863
2026-07-15 13:00:00,754.635009765625,15.90999984741211
2026-07-15 14:00:00,753.6300048828125,15.6899995803833
2026-07-15 15:00:00,754.72998046875,15.670000076293945
2026-07-16 02:00:00,754.72998046875,15.9399995803833
2026-07-16 03:00:00,754.72998046875,15.84000015258789
2026-07-16 04:00:00,754.72998046875,15.9399995803833
2026-07-16 05:00:00,754.72998046875,16.030000686645508
2026-07-16 06:00:00,754.72998046875,16.170000076293945
2026-07-16 07:00:00,754.72998046875,16.309999465942383
2026-07-16 08:00:00,754.72998046875,16.280000686645508
2026-07-16 09:00:00,754.3499755859375,15.850000381469727
2026-07-16 10:00:00,753.8001098632812,16.010000228881836
2026-07-16 11:00:00,751.9299926757812,16.139999389648438
2026-07-16 12:00:00,752.7050170898438,16.459999084472656
2026-07-16 13:00:00,750.9099731445312,16.690000534057617
2026-07-16 14:00:00,749.0999755859375,16.579999923706055
2026-07-16 15:00:00,750.760009765625,16.709999084472656
2026-07-17 02:00:00,750.760009765625,17.979999542236328
2026-07-17 03:00:00,750.760009765625,18.440000534057617
2026-07-17 04:00:00,750.760009765625,18.309999465942383
2026-07-17 05:00:00,750.760009765625,18.049999237060547
2026-07-17 06:00:00,750.760009765625,18.06999969482422
2026-07-17 07:00:00,750.760009765625,18.65999984741211
2026-07-17 08:00:00,750.760009765625,18.329999923706055
2026-07-17 09:00:00,746.3350219726562,18.3700008392334
2026-07-17 10:00:00,745.4450073242188,17.709999084472656
2026-07-17 11:00:00,745.9400024414062,17.979999542236328
2026-07-17 12:00:00,746.8699951171875,18.329999923706055
2026-07-17 13:00:00,743.7100219726562,18.31999969482422
2026-07-17 14:00:00,743.1599731445312,18.520000457763672
2026-07-17 15:00:00,743.155029296875,18.739999771118164
2026-07-20 02:00:00,743.155029296875,18.489999771118164
2026-07-20 03:00:00,743.155029296875,18.530000686645508
2026-07-20 04:00:00,743.155029296875,18.34000015258789
2026-07-20 05:00:00,743.155029296875,18.329999923706055
2026-07-20 06:00:00,743.155029296875,17.950000762939453
2026-07-20 07:00:00,743.155029296875,18.139999389648438
2026-07-20 08:00:00,743.155029296875,18.239999771118164
2026-07-20 09:00:00,745.6799926757812,18.40999984741211
2026-07-20 10:00:00,745.8699951171875,17.700000762939453
2026-07-20 11:00:00,746.5,17.920000076293945
2026-07-20 12:00:00,744.1199951171875,18.030000686645508
2026-07-20 13:00:00,744.469970703125,18.389999389648438
2026-07-20 14:00:00,742.72998046875,18.559999465942383
2026-07-20 15:00:00,742.1400146484375,18.649999618530273
2026-07-21 02:00:00,742.1400146484375,17.59000015258789
2026-07-21 03:00:00,742.1400146484375,17.5
2026-07-21 04:00:00,742.1400146484375,17.579999923706055
2026-07-21 05:00:00,742.1400146484375,17.6299991607666
2026-07-21 06:00:00,742.1400146484375,17.809999465942383
2026-07-21 07:00:00,742.1400146484375,17.809999465942383
2026-07-21 08:00:00,742.1400146484375,17.760000228881836
2026-07-21 09:00:00,746.8699951171875,17.360000610351562
2026-07-21 10:00:00,748.0,17.260000228881836
2026-07-21 11:00:00,748.6599731445312,17.100000381469727
2026-07-21 12:00:00,748.3599853515625,17.020000457763672
2026-07-21 13:00:00,748.2100219726562,17.0
2026-07-21 14:00:00,748.260009765625,16.90999984741211
2026-07-21 15:00:00,748.3300170898438,17.049999237060547
2026-07-22 02:00:00,748.3300170898438,17.579999923706055
2026-07-22 03:00:00,748.3300170898438,17.43000030517578
2026-07-22 04:00:00,748.3300170898438,17.469999313354492
2026-07-22 05:00:00,748.3300170898438,17.3799991607666
2026-07-22 06:00:00,748.3300170898438,17.6299991607666
2026-07-22 07:00:00,748.3300170898438,17.43000030517578
2026-07-22 08:00:00,748.3300170898438,16.8700008392334
2026-07-22 09:00:00,747.2999877929688,17.079999923706055
2026-07-22 10:00:00,749.4099731445312,16.760000228881836
2026-07-22 11:00:00,749.8499755859375,16.729999542236328
2026-07-22 12:00:00,749.0444946289062,16.90999984741211
2026-07-22 13:00:00,748.489990234375,16.850000381469727
2026-07-22 14:00:00,748.0,16.850000381469727
2026-07-22 15:00:00,747.3300170898438,16.700000762939453
2026-07-23 02:00:00,747.3300170898438,17.790000915527344
2026-07-23 03:00:00,747.3300170898438,17.43000030517578
2026-07-23 04:00:00,747.3300170898438,17.690000534057617
2026-07-23 05:00:00,747.3300170898438,17.56999969482422
2026-07-23 06:00:00,747.3300170898438,18.1200008392334
2026-07-23 07:00:00,747.3300170898438,18.959999084472656
2026-07-23 08:00:00,747.3300170898438,19.219999313354492
2026-07-23 09:00:00,739.7999877929688,19.399999618530273
2026-07-23 10:00:00,735.9298706054688,19.56999969482422
2026-07-23 11:00:00,739.4500122070312,19.3700008392334
2026-07-23 12:00:00,738.75,19.600000381469727
2026-07-23 13:00:00,737.4199829101562,19.479999542236328
2026-07-23 14:00:00,737.47998046875,18.860000610351562
2026-07-23 15:00:00,738.1699829101562,18.700000762939453
2026-07-24 02:00:00,738.1699829101562,18.889999389648438
2026-07-24 03:00:00,738.1699829101562,18.81999969482422
2026-07-24 04:00:00,738.1699829101562,18.610000610351562
2026-07-24 05:00:00,738.1699829101562,18.860000610351562
2026-07-24 06:00:00,738.1699829101562,18.610000610351562
2026-07-24 07:00:00,738.1699829101562,18.899999618530273
2026-07-24 08:00:00,738.1699829101562,18.979999542236328
2026-07-24 09:00:00,739.1799926757812,18.079999923706055
2026-07-24 10:00:00,742.6099853515625,17.5
2026-07-24 11:00:00,743.1900024414062,17.84000015258789
2026-07-24 12:00:00,741.7100219726562,18.040000915527344
2026-07-24 13:00:00,739.0349731445312,18.6299991607666
2026-07-24 14:00:00,737.6500244140625,18.510000228881836
2026-07-24 15:00:00,738.8599853515625,18.56999969482422
2026-07-27 02:00:00,738.8599853515625,17.829999923706055
2026-07-27 03:00:00,738.8599853515625,17.59000015258789
2026-07-27 04:00:00,738.8599853515625,17.579999923706055
2026-07-27 05:00:00,738.8599853515625,17.600000381469727
2026-07-27 06:00:00,738.8599853515625,17.739999771118164
2026-07-27 07:00:00,738.8599853515625,17.709999084472656
2026-07-27 08:00:00,738.8599853515625,18.670000076293945
2026-07-27 09:00:00,738.3150024414062,18.84000015258789
2026-07-27 10:00:00,738.2899780273438,19.34000015258789
2026-07-27 11:00:00,738.719970703125,19.479999542236328
2026-07-27 12:00:00,736.2000122070312,19.200000762939453
2026-07-27 13:00:00,737.6199951171875,18.969999313354492
2026-07-27 14:00:00,739.6500244140625,18.729999542236328
2026-07-27 15:00:00,739.02001953125,18.670000076293945
2026-07-28 02:00:00,739.02001953125,19.049999237060547
2026-07-28 03:00:00,739.02001953125,18.889999389648438
2026-07-28 04:00:00,739.02001953125,18.93000030517578
2026-07-28 05:00:00,739.02001953125,18.969999313354492
2026-07-28 06:00:00,739.02001953125,18.790000915527344
2026-07-28 07:00:00,739.02001953125,18.639999389648438
2026-07-28 08:00:00,739.02001953125,19.329999923706055
2026-07-28 09:00:00,737.7000122070312,18.510000228881836
2026-07-28 10:00:00,741.2000122070312,17.959999084472656
2026-07-28 11:00:00,741.2100219726562,17.940000534057617
2026-07-28 12:00:00,741.3099975585938,18.280000686645508
2026-07-28 13:00:00,740.5900268554688,18.170000076293945
2026-07-28 14:00:00,741.7000122070312,18.270000457763672
2026-07-28 15:00:00,740.760009765625,18.200000762939453
2026-07-29 02:00:00,740.760009765625,18.229999542236328
2026-07-29 03:00:00,740.760009765625,18.239999771118164
2026-07-29 04:00:00,740.760009765625,18.149999618530273
2026-07-29 05:00:00,740.760009765625,18.389999389648438
2026-07-29 06:00:00,740.760009765625,18.350000381469727
2026-07-29 07:00:00,740.760009765625,18.719999313354492
2026-07-29 08:00:00,740.760009765625,19.290000915527344
2026-07-29 09:00:00,734.9199829101562,19.84000015258789
2026-07-29 10:00:00,734.4403076171875,19.90999984741211
2026-07-29 11:00:00,733.8499755859375,19.719999313354492
2026-07-29 12:00:00,735.739990234375,19.34000015258789
2026-07-29 13:00:00,737.3099975585938,17.690000534057617
2026-07-29 14:00:00,735.1500244140625,20.299999237060547
2026-07-29 15:00:00,729.5399780273438,20.6299991607666
2026-07-30 02:00:00,729.5399780273438,19.899999618530273
2026-07-30 03:00:00,729.5399780273438,19.790000915527344
2026-07-30 04:00:00,729.5399780273438,19.739999771118164
2026-07-30 05:00:00,729.5399780273438,19.510000228881836
2026-07-30 06:00:00,729.5399780273438,19.079999923706055
2026-07-30 07:00:00,729.5399780273438,19.010000228881836
2026-07-30 08:00:00,729.5399780273438,18.25
2026-07-30 09:00:00,738.5797729492188,18.770000457763672
2026-07-30 10:00:00,734.7999877929688,18.469999313354492
2026-07-30 11:00:00,738.760009765625,18.100000381469727
2026-07-30 12:00:00,739.760009765625,17.959999084472656
2026-07-30 13:00:00,740.3800048828125,17.649999618530273
2026-07-30 14:00:00,741.780029296875,17.34000015258789
2026-07-30 15:00:00,741.72998046875,17.079999923706055
2026-07-31 02:00:00,741.72998046875,16.84000015258789
2026-07-31 03:00:00,741.72998046875,16.719999313354492
2026-07-31 04:00:00,741.72998046875,16.850000381469727
2026-07-31 05:00:00,741.72998046875,16.81999969482422
2026-07-31 06:00:00,741.72998046875,16.940000534057617
2026-07-31 07:00:00,741.72998046875,17.270000457763672
2026-07-31 08:00:00,741.72998046875,17.780000686645508
2026-07-31 09:00:00,740.489990234375,17.450000762939453
2026-07-31 10:00:00,740.2999877929688,17.290000915527344
2026-07-31 11:00:00,744.4199829101562,16.860000610351562
2026-07-31 12:00:00,746.2899780273438,16.68000030517578
2026-07-31 13:00:00,746.010009765625,16.459999084472656
2026-07-31 14:00:00,747.489990234375,16.049999237060547
2026-07-31 15:00:00,746.8099975585938,15.989999771118164
2026-08-03 02:00:00,746.8099975585938,16.030000686645508
2026-08-03 03:00:00,746.8099975585938,16.040000915527344
2026-08-03 04:00:00,746.8099975585938,16.040000915527344
2026-08-03 05:00:00,746.8099975585938,15.949999809265137
2026-08-03 06:00:00,746.8099975585938,16.06999969482422
2026-08-03 07:00:00,746.8099975585938,15.970000267028809
2026-08-03 08:00:00,746.8099975585938,16.049999237060547
2026-08-03 09:00:00,754.5,15.699999809265137
2026-08-03 10:00:00,755.1099853515625,15.630000114440918
2026-08-03 11:00:00,756.5700073242188,15.600000381469727
2026-08-03 12:00:00,757.0850219726562,15.829999923706055
2026-08-03 13:00:00,757.5700073242188,15.779999732971191
2026-08-03 14:00:00,758.3400268554688,15.760000228881836
2026-08-03 15:00:00,757.6699829101562,15.859999656677246
2026-08-04 02:00:00,757.6699829101562,15.710000038146973
2026-08-04 03:00:00,757.6699829101562,15.819999694824219
2026-08-04 04:00:00,757.6699829101562,15.720000267028809
2026-08-04 05:00:00,757.6699829101562,15.609999656677246
2026-08-04 06:00:00,757.6699829101562,15.6899995803833
2026-08-04 07:00:00,757.6699829101562,15.59000015258789
2026-08-04 08:00:00,757.6699829101562,15.979999542236328
2026-08-04 09:00:00,764.489990234375,15.90999984741211
2026-08-04 10:00:00,767.3499755859375,16.3799991607666
2026-08-04 11:00:00,769.239990234375,16.270000457763672
2026-08-04 12:00:00,771.280029296875,16.540000915527344
2026-08-04 13:00:00,772.3699951171875,16.329999923706055
2026-08-04 14:00:00,772.3200073242188,16.420000076293945
2026-08-04 15:00:00,771.280029296875,16.5
2026-08-05 02:00:00,771.280029296875,15.90999984741211
2026-08-05 03:00:00,771.280029296875,16.1299991607666
2026-08-05 04:00:00,771.280029296875,16.34000015258789
2026-08-05 05:00:00,771.280029296875,16.59000015258789
2026-08-05 06:00:00,771.280029296875,16.65999984741211
2026-08-05 07:00:00,771.280029296875,16.860000610351562
2026-08-05 08:00:00,771.280029296875,17.079999923706055
2026-08-05 09:00:00,774.7808837890625,16.360000610351562
2026-08-05 10:00:00,771.7100219726562,16.239999771118164
2026-08-05 11:00:00,772.0999755859375,15.949999809265137
2026-08-05 12:00:00,771.3400268554688,15.829999923706055
2026-08-05 13:00:00,771.9400024414062,15.569999694824219
2026-08-05 14:00:00,771.7999267578125,15.710000038146973
2026-08-05 15:00:00,769.739990234375,15.819999694824219
2026-08-06 02:00:00,769.739990234375,15.880000114440918
2026-08-06 03:00:00,769.739990234375,15.890000343322754
2026-08-06 04:00:00,769.739990234375,15.90999984741211
2026-08-06 05:00:00,769.739990234375,15.949999809265137
2026-08-06 06:00:00,769.739990234375,15.979999542236328
2026-08-06 07:00:00,769.739990234375,15.970000267028809
2026-08-06 08:00:00,769.739990234375,15.739999771118164
2026-08-06 09:00:00,770.4500122070312,15.329999923706055
2026-08-06 10:00:00,769.239990234375,15.569999694824219
2026-08-06 11:00:00,768.260009765625,15.390000343322754
2026-08-06 12:00:00,767.8300170898438,15.319999694824219
2026-08-06 13:00:00,769.4299926757812,15.239999771118164
2026-08-06 14:00:00,768.6599731445312,15.289999961853027
2026-08-06 15:00:00,768.530029296875,15.140000343322754
2026-08-07 02:00:00,768.530029296875,15.270000457763672
2026-08-07 03:00:00,768.530029296875,15.270000457763672
2026-08-07 04:00:00,768.530029296875,15.279999732971191
2026-08-07 05:00:00,768.530029296875,15.270000457763672
2026-08-07 06:00:00,768.530029296875,15.180000305175781
2026-08-07 07:00:00,768.530029296875,15.34000015258789
2026-08-07 08:00:00,768.530029296875,15.039999961853027
2026-08-07 09:00:00,773.1900024414062,14.9399995803833
2026-08-07 10:00:00,773.6500244140625,14.930000305175781
2026-08-07 11:00:00,771.7249755859375,14.989999771118164
2026-08-07 12:00:00,772.0900268554688,14.90999984741211
2026-08-07 13:00:00,771.47998046875,14.850000381469727
2026-08-07 14:00:00,773.0750122070312,14.869999885559082
2026-08-07 15:00:00,773.1199951171875,14.890000343322754
2026-08-10 02:00:00,773.1199951171875,15.460000038146973
2026-08-10 03:00:00,773.1199951171875,15.460000038146973
2026-08-10 04:00:00,773.1199951171875,15.430000305175781
2026-08-10 05:00:00,773.1199951171875,15.449999809265137
2026-08-10 06:00:00,773.1199951171875,15.4399995803833
2026-08-10 07:00:00,773.1199951171875,15.430000305175781
2026-08-10 08:00:00,773.1199951171875,15.170000076293945
2026-08-10 09:00:00,774.35498046875,15.210000038146973
2026-08-10 10:00:00,773.739990234375,15.109999656677246
2026-08-10 11:00:00,773.3699951171875,15.289999961853027
2026-08-10 12:00:00,773.1094970703125,15.319999694824219
2026-08-10 13:00:00,772.530029296875,15.350000381469727
2026-08-10 14:00:00,772.9299926757812,15.40999984741211
2026-08-10 15:00:00,773.0700073242188,15.460000038146973
2026-08-11 02:00:00,773.0700073242188,15.420000076293945
2026-08-11 03:00:00,773.0700073242188,15.510000228881836
2026-08-11 04:00:00,773.0700073242188,15.529999732971191
2026-08-11 05:00:00,773.0700073242188,15.5
2026-08-11 06:00:00,773.0700073242188,15.449999809265137
2026-08-11 07:00:00,773.0700073242188,15.539999961853027
2026-08-11 08:00:00,773.0700073242188,15.479999542236328
2026-08-11 09:00:00,773.8699951171875,15.25
2026-08-11 10:00:00,772.4010009765625,15.329999923706055
2026-08-11 11:00:00,771.8189697265625,15.470000267028809
2026-08-11 12:00:00,770.8499755859375,15.25
2026-08-11 13:00:00,769.5,15.270000457763672
2026-08-11 14:00:00,770.6300048828125,15.329999923706055
2026-08-11 15:00:00,770.47998046875,15.279999732971191
2026-08-12 02:00:00,770.47998046875,15.329999923706055
2026-08-12 03:00:00,770.47998046875,15.319999694824219
2026-08-12 04:00:00,770.47998046875,15.380000114440918
2026-08-12 05:00:00,770.47998046875,15.380000114440918
2026-08-12 06:00:00,770.47998046875,15.380000114440918
2026-08-12 07:00:00,770.47998046875,15.029999732971191
2026-08-12 08:00:00,770.47998046875,14.770000457763672
2026-08-12 09:00:00,772.7949829101562,14.880000114440918
2026-08-12 10:00:00,772.3699951171875,14.789999961853027
2026-08-12 11:00:00,772.4500122070312,14.680000305175781
2026-08-12 12:00:00,772.780029296875,14.569999694824219
2026-08-12 13:00:00,773.0900268554688,14.520000457763672
2026-08-12 14:00:00,772.97998046875,14.4399995803833
2026-08-12 15:00:00,772.52001953125,14.550000190734863
2026-08-13 02:00:00,772.52001953125,14.680000305175781
2026-08-13 03:00:00,772.52001953125,14.6899995803833
2026-08-13 04:00:00,772.52001953125,14.649999618530273
2026-08-13 05:00:00,772.52001953125,14.600000381469727
2026-08-13 06:00:00,772.52001953125,14.569999694824219
2026-08-13 07:00:00,772.52001953125,14.449999809265137
2026-08-13 08:00:00,772.52001953125,14.630000114440918
2026-08-13 09:00:00,779.1900024414062,14.430000305175781
2026-08-13 10:00:00,776.1699829101562,14.670000076293945
2026-08-13 11:00:00,776.52001953125,14.65999984741211
2026-08-13 12:00:00,777.1099853515625,14.6899995803833
2026-08-13 13:00:00,776.97998046875,14.729999542236328
2026-08-13 14:00:00,778.0300903320312,14.569999694824219
2026-08-13 15:00:00,777.780029296875,14.630000114440918
2026-08-14 02:00:00,777.780029296875,14.640000343322754
2026-08-14 03:00:00,777.780029296875,14.579999923706055
2026-08-14 04:00:00,777.780029296875,14.5600004196167
2026-08-14 05:00:00,777.780029296875,14.5
2026-08-14 06:00:00,777.780029296875,14.529999732971191
2026-08-14 07:00:00,777.780029296875,14.520000457763672
2026-08-14 08:00:00,777.780029296875,14.600000381469727
2026-08-14 09:00:00,777.4099731445312,14.489999771118164
2026-08-14 10:00:00,776.2999877929688,14.5600004196167
2026-08-14 11:00:00,776.7100219726562,14.449999809265137
2026-08-14 12:00:00,775.77001953125,14.3100004196167
2026-08-14 13:00:00,775.9249877929688,14.350000381469727
2026-08-14 14:00:00,776.155029296875,14.270000457763672
2026-08-14 15:00:00,776.2999877929688,14.25
2026-08-17 02:00:00,776.2999877929688,14.9399995803833
2026-08-17 03:00:00,776.2999877929688,14.970000267028809
2026-08-17 04:00:00,776.2999877929688,14.979999542236328
2026-08-17 05:00:00,776.2999877929688,14.920000076293945
2026-08-17 06:00:00,776.2999877929688,14.920000076293945
2026-08-17 07:00:00,776.2999877929688,15.079999923706055
2026-08-17 08:00:00,776.2999877929688,14.989999771118164
2026-08-17 09:00:00,775.4600219726562,14.960000038146973
2026-08-17 10:00:00,775.7150268554688,15.020000457763672
2026-08-17 11:00:00,775.2899780273438,15.1899995803833
2026-08-17 12:00:00,773.5800170898438,15.15999984741211
2026-08-17 13:00:00,773.5900268554688,15.1899995803833
2026-08-17 14:00:00,773.1199951171875,15.170000076293945
2026-08-17 15:00:00,772.6799926757812,15.1899995803833
2026-08-18 02:00:00,772.6799926757812,15.970000267028809
2026-08-18 03:00:00,772.6799926757812,15.850000381469727
2026-08-18 04:00:00,772.6799926757812,15.9399995803833
2026-08-18 05:00:00,772.6799926757812,15.779999732971191
2026-08-18 06:00:00,772.6799926757812,15.6899995803833
2026-08-18 07:00:00,772.6799926757812,15.75
2026-08-18 08:00:00,772.6799926757812,15.800000190734863
2026-08-18 09:00:00,768.6599731445312,15.84000015258789
2026-08-18 10:00:00,767.8400268554688,15.75
2026-08-18 11:00:00,768.2100219726562,15.649999618530273
2026-08-18 12:00:00,768.2999877929688,15.75
2026-08-18 13:00:00,768.3599853515625,15.680000305175781
2026-08-18 14:00:00,768.02001953125,15.84000015258789
2026-08-18 15:00:00,767.3900146484375,15.84000015258789
2026-08-19 02:00:00,767.3900146484375,15.850000381469727
2026-08-19 03:00:00,767.3900146484375,15.829999923706055
2026-08-19 04:00:00,767.3900146484375,15.869999885559082
2026-08-19 05:00:00,767.3900146484375,15.819999694824219
2026-08-19 06:00:00,767.3900146484375,15.729999542236328
2026-08-19 07:00:00,767.3900146484375,15.470000267028809
2026-08-19 08:00:00,767.3900146484375,15.289999961853027
2026-08-19 09:00:00,770.030029296875,15.130000114440918
2026-08-19 10:00:00,771.1087036132812,15.15999984741211
2026-08-19 11:00:00,770.6699829101562,15.239999771118164
2026-08-19 12:00:00,769.5700073242188,15.210000038146973
2026-08-19 13:00:00,769.5800170898438,15.029999732971191
2026-08-19 14:00:00,769.6300048828125,14.90999984741211
2026-08-19 15:00:00,769.0900268554688,14.890000343322754
2026-08-20 02:00:00,769.0900268554688,15.079999923706055
2026-08-20 03:00:00,769.0900268554688,15.229999542236328
2026-08-20 04:00:00,769.0900268554688,15.199999809265137
2026-08-20 05:00:00,769.0900268554688,15.109999656677246
2026-08-20 06:00:00,769.0900268554688,15.5600004196167
2026-08-20 07:00:00,769.0900268554688,15.829999923706055
2026-08-20 08:00:00,769.0900268554688,15.859999656677246
2026-08-20 09:00:00,766.219970703125,15.680000305175781
2026-08-20 10:00:00,766.75,15.899999618530273
2026-08-20 11:00:00,765.7449951171875,15.579999923706055
2026-08-20 12:00:00,764.780029296875,15.8100004196167
2026-08-20 13:00:00,763.5599975585938,16.100000381469727
2026-08-20 14:00:00,763.489990234375,16.049999237060547
2026-08-20 15:00:00,762.6400146484375,16.010000228881836
2026-08-21 02:00:00,762.6400146484375,15.850000381469727
2026-08-21 03:00:00,762.6400146484375,15.720000267028809
2026-08-21 04:00:00,762.6400146484375,15.680000305175781
2026-08-21 05:00:00,762.6400146484375,15.670000076293945
2026-08-21 06:00:00,762.6400146484375,15.460000038146973
2026-08-21 07:00:00,762.6400146484375,15.420000076293945
2026-08-21 08:00:00,762.6400146484375,15.489999771118164
2026-08-21 09:00:00,764.6500244140625,15.270000457763672
2026-08-21 10:00:00,765.9550170898438,15.380000114440918
2026-08-21 11:00:00,766.5150146484375,15.3100004196167
2026-08-21 12:00:00,765.7999877929688,15.239999771118164
2026-08-21 13:00:00,765.2849731445312,15.25
2026-08-21 14:00:00,766.0499877929688,15.170000076293945
2026-08-21 15:00:00,765.6500244140625,15.130000114440918
2026-08-24 02:00:00,765.6500244140625,15.949999809265137
2026-08-24 03:00:00,765.6500244140625,15.880000114440918
2026-08-24 04:00:00,765.6500244140625,15.890000343322754
2026-08-24 05:00:00,765.6500244140625,15.949999809265137
2026-08-24 06:00:00,765.6500244140625,15.899999618530273
2026-08-24 07:00:00,765.6500244140625,15.890000343322754
2026-08-24 08:00:00,765.6500244140625,15.869999885559082
2026-08-24 09:00:00,762.9199829101562,15.779999732971191
2026-08-24 10:00:00,763.7401123046875,15.720000267028809
2026-08-24 11:00:00,764.8900146484375,15.670000076293945
2026-08-24 12:00:00,763.4000244140625,15.8100004196167
2026-08-24 13:00:00,764.7999877929688,15.770000457763672
2026-08-24 14:00:00,763.9600219726562,15.850000381469727
2026-08-24 15:00:00,763.47998046875,15.84000015258789
2026-08-25 02:00:00,763.47998046875,15.800000190734863
2026-08-25 03:00:00,763.47998046875,15.779999732971191
2026-08-25 04:00:00,763.47998046875,15.829999923706055
2026-08-25 05:00:00,763.47998046875,15.8100004196167
2026-08-25 06:00:00,763.47998046875,15.770000457763672
2026-08-25 07:00:00,763.47998046875,15.829999923706055
2026-08-25 08:00:00,763.47998046875,15.859999656677246
2026-08-25 09:00:00,764.7000122070312,15.729999542236328
2026-08-25 10:00:00,765.3099975585938,15.510000228881836
2026-08-25 11:00:00,765.760009765625,15.460000038146973
2026-08-25 12:00:00,764.8200073242188,15.550000190734863
2026-08-25 13:00:00,764.969970703125,15.449999809265137
2026-08-25 14:00:00,765.1500244140625,15.449999809265137
2026-08-25 15:00:00,765.8350219726562,15.449999809265137
2026-08-26 02:00:00,765.8350219726562,15.670000076293945
2026-08-26 03:00:00,765.8350219726562,15.6899995803833
2026-08-26 04:00:00,765.8350219726562,15.6899995803833
2026-08-26 05:00:00,765.8350219726562,15.670000076293945
2026-08-26 06:00:00,765.8350219726562,15.670000076293945
2026-08-26 07:00:00,765.8350219726562,15.720000267028809
2026-08-26 08:00:00,765.8350219726562,15.449999809265137
2026-08-26 09:00:00,765.0800170898438,15.430000305175781
2026-08-26 10:00:00,765.8499755859375,15.550000190734863
2026-08-26 11:00:00,764.7999877929688,15.609999656677246
2026-08-26 12:00:00,765.6500244140625,15.40999984741211
2026-08-26 13:00:00,765.6099853515625,15.350000381469727
2026-08-26 14:00:00,766.8900146484375,15.390000343322754
2026-08-26 15:00:00,766.010009765625,15.210000038146973
2026-08-27 02:00:00,766.010009765625,14.90999984741211
2026-08-27 03:00:00,766.010009765625,14.880000114440918
2026-08-27 04:00:00,766.010009765625,14.899999618530273
2026-08-27 05:00:00,766.010009765625,14.930000305175781
2026-08-27 06:00:00,766.010009765625,14.970000267028809
2026-08-27 07:00:00,766.010009765625,15.079999923706055
2026-08-27 08:00:00,766.010009765625,14.890000343322754
2026-08-27 09:00:00,769.6749877929688,14.5
2026-08-27 10:00:00,770.3150024414062,14.5
2026-08-27 11:00:00,770.9099731445312,14.449999809265137
2026-08-27 12:00:00,771.75,14.619999885559082
2026-08-27 13:00:00,769.4600219726562,14.649999618530273
2026-08-27 14:00:00,769.9400024414062,14.489999771118164
2026-08-27 15:00:00,771.0399780273438,14.510000228881836
2026-08-28 02:00:00,771.0399780273438,14.550000190734863
2026-08-28 03:00:00,771.0399780273438,14.5
2026-08-28 04:00:00,771.0399780273438,14.470000267028809
2026-08-28 05:00:00,771.0399780273438,14.479999542236328
2026-08-28 06:00:00,771.0399780273438,14.489999771118164
2026-08-28 07:00:00,771.0399780273438,14.449999809265137
2026-08-28 08:00:00,771.0399780273438,14.529999732971191
2026-08-28 09:00:00,771.2999877929688,14.229999542236328
2026-08-28 10:00:00,774.9500122070312,14.579999923706055
2026-08-28 11:00:00,769.5999755859375,14.489999771118164
2026-08-28 12:00:00,768.8200073242188,14.520000457763672
2026-08-28 13:00:00,769.0599975585938,14.569999694824219
2026-08-28 14:00:00,769.5150146484375,14.390000343322754
2026-08-28 15:00:00,769.3800048828125,14.420000076293945
2026-08-31 02:00:00,769.3800048828125,15.270000457763672
2026-08-31 03:00:00,769.3800048828125,15.220000267028809
2026-08-31 04:00:00,769.3800048828125,15.210000038146973
2026-08-31 05:00:00,769.3800048828125,15.210000038146973
2026-08-31 06:00:00,769.3800048828125,15.300000190734863
2026-08-31 07:00:00,769.3800048828125,15.380000114440918
2026-08-31 08:00:00,769.3800048828125,15.270000457763672
2026-08-31 09:00:00,764.9299926757812,15.170000076293945
2026-08-31 10:00:00,765.9400024414062,15.260000228881836
2026-08-31 11:00:00,765.9000244140625,15.149999618530273
2026-08-31 12:00:00,765.4199829101562,15.09000015258789
2026-08-31 13:00:00,766.2999877929688,15.069999694824219
2026-08-31 14:00:00,766.635009765625,14.890000343322754
2026-08-31 15:00:00,766.9500122070312,14.920000076293945
2026-09-01 02:00:00,766.9500122070312,15.140000343322754
2026-09-01 03:00:00,766.9500122070312,15.75
2026-09-01 04:00:00,766.9500122070312,15.880000114440918
2026-09-01 05:00:00,766.9500122070312,15.819999694824219
2026-09-01 06:00:00,766.9500122070312,15.869999885559082
2026-09-01 07:00:00,766.9500122070312,15.880000114440918
2026-09-01 08:00:00,766.9500122070312,15.789999961853027
2026-09-01 09:00:00,763.7694702148438,15.430000305175781
2026-09-01 10:00:00,763.5900268554688,15.25
2026-09-01 11:00:00,762.5399169921875,15.779999732971191
2026-09-01 12:00:00,761.6799926757812,15.970000267028809
2026-09-01 13:00:00,761.2100219726562,16.3799991607666
2026-09-01 14:00:00,761.3599853515625,16.309999465942383
2026-09-01 15:00:00,761.7000122070312,16.329999923706055
2026-09-02 02:00:00,761.7000122070312,16.459999084472656
2026-09-02 03:00:00,761.7000122070312,16.729999542236328
2026-09-02 04:00:00,761.7000122070312,16.75
2026-09-02 05:00:00,761.7000122070312,16.670000076293945
2026-09-02 06:00:00,761.7000122070312,16.209999084472656
2026-09-02 07:00:00,761.7000122070312,16.31999969482422
2026-09-02 08:00:00,761.7000122070312,15.800000190734863
2026-09-02 09:00:00,765.27001953125,15.539999961853027
2026-09-02 10:00:00,766.2949829101562,15.350000381469727
2026-09-02 11:00:00,764.8499755859375,15.380000114440918
2026-09-02 12:00:00,764.7100219726562,15.25
2026-09-02 13:00:00,765.3200073242188,15.220000267028809
2026-09-02 14:00:00,765.47998046875,15.3100004196167
2026-09-02 15:00:00,765.1500244140625,15.229999542236328
