DATE,CLL
08/26/2008,597.670000
08/27/2008,600.680000
08/28/2008,607.480000
08/29/2008,600.960000
09/02/2008,599.390000
09/03/2008,597.730000
09/04/2008,588.580000
09/05/2008,588.850000
09/08/2008,595.210000
09/09/2008,585.600000
09/10/2008,586.190000
09/11/2008,589.150000
09/12/2008,590.240000
09/15/2008,579.830000
09/16/2008,583.010000
09/17/2008,580.660000
09/18/2008,584.240000
09/19/2008,581.770000
09/23/2008,542.120000
09/24/2008,541.130000
09/25/2008,545.510000
09/26/2008,547.270000
09/29/2008,521.940000
09/30/2008,536.620000
10/01/2008,536.580000
10/02/2008,529.340000
10/03/2008,525.230000
10/06/2008,518.280000
10/07/2008,514.470000
10/08/2008,514.950000
10/09/2008,508.230000
10/10/2008,509.040000
10/13/2008,512.200000
10/14/2008,514.100000
10/15/2008,511.940000
10/16/2008,512.260000
10/17/2008,512.580000
10/20/2008,511.790000
10/21/2008,515.760000
10/22/2008,515.680000
10/23/2008,517.080000
10/24/2008,519.220000
10/27/2008,520.460000
10/28/2008,516.530000
10/29/2008,521.040000
10/30/2008,516.570000
10/31/2008,515.270000
11/03/2008,518.730000
11/04/2008,516.070000
11/05/2008,520.270000
11/06/2008,521.140000
11/07/2008,521.540000
11/10/2008,521.540000
11/11/2008,522.320000
11/12/2008,522.050000
11/13/2008,521.440000
11/14/2008,523.260000
11/17/2008,523.180000
11/18/2008,523.150000
11/19/2008,521.960000
11/20/2008,522.330000
12/01/2008,515.670000
12/02/2008,508.000000
12/03/2008,503.690000
12/04/2008,511.740000
12/05/2008,503.720000
12/08/2008,494.360000
12/09/2008,501.460000
12/10/2008,499.730000
12/11/2008,509.240000
12/12/2008,507.980000
12/15/2008,512.150000
12/16/2008,495.410000
12/17/2008,500.010000
12/18/2008,507.790000
12/22/2008,500.090000
12/23/2008,497.970000
12/24/2008,499.020000
12/26/2008,499.910000
12/29/2008,498.770000
12/30/2008,504.390000
12/31/2008,507.430000
01/02/2009,515.660000
01/05/2009,513.680000
01/06/2009,516.200000
01/07/2009,508.670000
01/08/2009,509.820000
01/09/2009,502.990000
01/12/2009,497.560000
01/13/2009,497.170000
01/14/2009,489.830000
01/15/2009,489.110000
01/20/2009,481.060000
01/21/2009,486.280000
01/22/2009,483.270000
01/23/2009,483.670000
01/26/2009,483.720000
01/27/2009,484.220000
01/28/2009,490.640000
01/29/2009,483.900000
01/30/2009,479.300000
02/02/2009,479.020000
02/03/2009,480.970000
02/04/2009,479.450000
02/05/2009,483.150000
02/06/2009,489.410000
02/09/2009,489.160000
02/10/2009,478.480000
02/11/2009,479.120000
02/12/2009,478.430000
02/13/2009,476.100000
02/17/2009,469.710000
02/18/2009,469.290000
02/19/2009,467.650000
02/20/2009,465.860000
02/23/2009,466.080000
02/24/2009,466.900000
02/25/2009,466.140000
02/26/2009,466.830000
02/27/2009,466.490000
03/02/2009,466.540000
03/03/2009,467.150000
03/04/2009,467.130000
03/05/2009,466.610000
03/06/2009,466.800000
03/09/2009,467.430000
03/10/2009,468.360000
03/11/2009,467.400000
03/12/2009,467.590000
03/13/2009,467.520000
03/16/2009,467.090000
03/17/2009,467.470000
03/18/2009,467.330000
03/19/2009,467.510000
03/23/2009,472.750000
03/24/2009,468.650000
03/25/2009,470.210000
03/26/2009,475.340000
03/27/2009,471.730000
03/30/2009,464.790000
03/31/2009,468.300000
04/01/2009,471.750000
04/02/2009,477.840000
04/03/2009,480.360000
04/06/2009,479.360000
04/07/2009,474.030000
04/08/2009,476.520000
04/09/2009,485.620000
04/13/2009,486.120000
04/14/2009,481.650000
04/15/2009,485.770000
04/16/2009,491.530000
04/17/2009,492.420000
04/20/2009,477.390000
04/21/2009,484.530000
04/22/2009,481.730000
04/23/2009,485.300000
04/24/2009,491.860000
04/27/2009,487.500000
04/28/2009,486.810000
04/29/2009,494.760000
04/30/2009,494.390000
05/01/2009,496.610000
05/04/2009,509.600000
05/05/2009,508.560000
05/06/2009,515.420000
05/07/2009,510.340000
05/08/2009,520.020000
05/11/2009,511.860000
05/12/2009,511.640000
05/13/2009,499.140000
05/14/2009,503.610000
05/15/2009,498.180000
05/18/2009,511.570000
05/19/2009,510.900000
05/20/2009,508.650000
05/21/2009,501.490000
05/22/2009,501.100000
05/26/2009,513.110000
05/27/2009,504.220000
05/28/2009,511.560000
05/29/2009,518.130000
06/01/2009,528.820000
06/02/2009,529.980000
06/03/2009,524.100000
06/04/2009,529.440000
06/05/2009,528.770000
06/08/2009,528.910000
06/09/2009,530.930000
06/10/2009,529.600000
06/11/2009,532.590000
06/12/2009,533.680000
06/15/2009,521.500000
06/16/2009,514.940000
06/17/2009,514.260000
06/18/2009,518.650000
06/19/2009,520.030000
06/22/2009,510.940000
06/23/2009,511.050000
06/24/2009,512.040000
06/25/2009,518.020000
06/26/2009,517.320000
06/29/2009,519.200000
06/30/2009,516.250000
07/01/2009,518.130000
07/02/2009,508.630000
07/06/2009,509.170000
07/07/2009,504.110000
07/08/2009,503.900000
07/09/2009,504.580000
07/10/2009,503.000000
07/13/2009,508.730000
07/14/2009,509.900000
07/15/2009,520.050000
07/16/2009,523.280000
07/17/2009,522.770000
07/20/2009,526.670000
07/21/2009,527.770000
07/22/2009,527.290000
07/23/2009,536.160000
07/24/2009,537.190000
07/27/2009,538.510000
07/28/2009,537.820000
07/29/2009,536.160000
07/30/2009,540.870000
07/31/2009,540.880000
08/03/2009,546.980000
08/04/2009,548.430000
08/05/2009,547.690000
08/06/2009,545.700000
08/07/2009,551.090000
08/10/2009,550.380000
08/11/2009,545.320000
08/12/2009,550.930000
08/13/2009,554.020000
08/14/2009,550.490000
08/17/2009,539.080000
08/18/2009,543.940000
08/19/2009,547.580000
08/20/2009,553.070000
08/21/2009,562.950000
08/24/2009,562.470000
08/25/2009,563.550000
08/26/2009,563.230000
08/27/2009,565.190000
08/28/2009,564.240000
08/31/2009,558.350000
09/01/2009,548.060000
09/02/2009,546.380000
09/03/2009,550.680000
09/04/2009,557.690000
09/08/2009,562.580000
09/09/2009,566.900000
09/10/2009,572.820000
09/11/2009,572.130000
09/14/2009,575.690000
09/15/2009,577.940000
09/16/2009,586.380000
09/17/2009,584.710000
09/18/2009,585.230000
09/21/2009,583.170000
09/22/2009,585.690000
09/23/2009,581.410000
09/24/2009,578.490000
09/25/2009,575.730000
09/28/2009,581.880000
09/29/2009,580.970000
09/30/2009,580.010000
10/01/2009,571.300000
10/02/2009,569.760000
10/05/2009,573.520000
10/06/2009,577.850000
10/07/2009,578.760000
10/08/2009,581.540000
10/09/2009,583.010000
10/12/2009,584.770000
10/13/2009,583.160000
10/14/2009,591.130000
10/15/2009,592.600000
10/16/2009,475.170000
10/19/2009,478.530000
10/20/2009,475.950000
10/21/2009,472.690000
10/22/2009,476.450000
10/23/2009,472.010000
10/26/2009,468.030000
10/27/2009,466.850000
10/28/2009,461.320000
10/29/2009,467.670000
10/30/2009,460.380000
11/02/2009,461.760000
11/03/2009,462.000000
11/04/2009,462.090000
11/05/2009,467.420000
11/06/2009,481.820000
11/09/2009,489.900000
11/10/2009,489.840000
11/11/2009,491.920000
11/12/2009,487.880000
11/13/2009,489.930000
11/16/2009,495.990000
11/17/2009,496.320000
11/18/2009,495.950000
11/19/2009,489.940000
11/20/2009,488.210000
11/23/2009,493.970000
11/24/2009,493.490000
11/25/2009,495.660000
11/27/2009,488.450000
11/30/2009,489.830000
12/01/2009,494.990000
12/02/2009,495.130000
12/03/2009,491.040000
12/04/2009,493.580000
12/07/2009,492.330000
12/08/2009,487.490000
12/09/2009,489.230000
12/10/2009,491.950000
12/11/2009,493.750000
12/14/2009,497.060000
12/15/2009,494.320000
12/16/2009,494.810000
12/17/2009,488.990000
12/18/2009,490.060000
12/21/2009,493.150000
12/22/2009,494.040000
12/23/2009,494.840000
12/24/2009,496.630000
12/28/2009,496.800000
12/29/2009,496.280000
12/30/2009,496.450000
12/31/2009,493.100000
01/04/2010,498.480000
01/05/2010,499.450000
01/06/2010,499.460000
01/07/2010,500.980000
01/08/2010,501.830000
01/11/2010,502.520000
01/12/2010,498.740000
01/13/2010,501.920000
01/14/2010,502.830000
01/15/2010,498.240000
01/19/2010,503.180000
01/20/2010,498.650000
01/21/2010,491.570000
01/22/2010,485.020000
01/25/2010,485.330000
01/26/2010,483.320000
01/27/2010,484.700000
01/28/2010,480.250000
01/29/2010,477.330000
02/01/2010,480.860000
02/02/2010,485.050000
02/03/2010,482.930000
02/04/2010,473.930000
02/05/2010,474.560000
02/08/2010,471.550000
02/09/2010,475.300000
02/10/2010,474.340000
02/11/2010,476.800000
02/12/2010,475.370000
02/16/2010,481.160000
02/17/2010,482.630000
02/18/2010,484.800000
02/19/2010,485.500000
02/22/2010,484.710000
02/23/2010,479.900000
02/24/2010,483.620000
02/25/2010,482.780000
02/26/2010,483.160000
03/01/2010,487.400000
03/02/2010,488.260000
03/03/2010,488.360000
03/04/2010,490.090000
03/05/2010,496.610000
03/08/2010,496.570000
03/09/2010,497.440000
03/10/2010,499.730000
03/11/2010,501.860000
03/12/2010,501.790000
03/15/2010,502.000000
03/16/2010,505.830000
03/17/2010,508.840000
03/18/2010,508.680000
03/19/2010,505.590000
03/22/2010,507.130000
03/23/2010,509.590000
03/24/2010,507.730000
03/25/2010,507.300000
03/26/2010,507.350000
03/29/2010,509.230000
03/30/2010,509.030000
03/31/2010,507.770000
04/01/2010,510.770000
04/05/2010,513.430000
04/06/2010,513.740000
04/07/2010,511.400000
04/08/2010,512.780000
04/09/2010,515.470000
04/12/2010,516.190000
04/13/2010,516.430000
04/14/2010,521.470000
04/15/2010,521.800000
04/16/2010,514.840000
04/19/2010,516.400000
04/20/2010,519.750000
04/21/2010,519.190000
04/22/2010,520.310000
04/23/2010,523.680000
04/26/2010,521.550000
04/27/2010,512.320000
04/28/2010,514.800000
04/29/2010,520.100000
04/30/2010,513.420000
05/03/2010,518.590000
05/04/2010,508.980000
05/05/2010,506.760000
05/06/2010,496.560000
05/07/2010,495.750000
05/10/2010,505.430000
05/11/2010,503.720000
05/12/2010,508.500000
05/13/2010,503.590000
05/14/2010,497.920000
05/17/2010,497.480000
05/18/2010,493.480000
05/19/2010,492.110000
05/20/2010,484.960000
05/21/2010,485.390000
05/24/2010,481.940000
05/25/2010,480.760000
05/26/2010,479.340000
05/27/2010,484.830000
05/28/2010,482.680000
06/01/2010,479.670000
06/02/2010,483.040000
06/03/2010,483.560000
06/04/2010,477.830000
06/07/2010,475.720000
06/08/2010,476.200000
06/09/2010,475.070000
06/10/2010,478.000000
06/11/2010,477.790000
06/14/2010,476.600000
06/15/2010,481.740000
06/16/2010,480.780000
06/17/2010,480.800000
06/18/2010,480.300000
06/21/2010,479.000000
06/22/2010,474.420000
06/23/2010,473.440000
06/24/2010,469.840000
06/25/2010,469.500000
06/28/2010,468.880000
06/29/2010,463.070000
06/30/2010,461.330000
07/01/2010,459.940000
07/02/2010,458.050000
07/06/2010,458.060000
07/07/2010,463.690000
07/08/2010,465.520000
07/09/2010,467.110000
07/12/2010,467.350000
07/13/2010,471.560000
07/14/2010,471.850000
07/15/2010,472.070000
07/16/2010,463.990000
07/19/2010,464.580000
07/20/2010,467.160000
07/21/2010,463.780000
07/22/2010,469.420000
07/23/2010,471.550000
07/26/2010,474.560000
07/27/2010,474.010000
07/28/2010,471.870000
07/29/2010,470.340000
07/30/2010,470.170000
08/02/2010,476.650000
08/03/2010,475.050000
08/04/2010,477.160000
08/05/2010,476.570000
08/06/2010,475.040000
08/09/2010,476.850000
08/10/2010,474.500000
08/11/2010,465.220000
08/12/2010,464.180000
08/13/2010,462.750000
08/16/2010,462.240000
08/17/2010,465.140000
08/18/2010,465.470000
08/19/2010,460.640000
08/20/2010,458.690000
08/23/2010,456.970000
08/24/2010,453.880000
08/25/2010,454.300000
08/26/2010,452.440000
08/27/2010,455.160000
08/30/2010,451.730000
08/31/2010,451.820000
09/01/2010,458.260000
09/02/2010,460.770000
09/03/2010,464.980000
09/07/2010,460.420000
09/08/2010,462.780000
09/09/2010,464.490000
09/10/2010,466.330000
09/13/2010,471.290000
09/14/2010,471.000000
09/15/2010,472.660000
09/16/2010,472.530000
09/17/2010,471.810000
09/20/2010,476.550000
09/21/2010,475.690000
09/22/2010,474.000000
09/23/2010,471.820000
09/24/2010,478.560000
09/27/2010,475.910000
09/28/2010,477.880000
09/29/2010,477.350000
09/30/2010,476.260000
10/01/2010,477.420000
10/04/2010,474.830000
10/05/2010,481.640000
10/06/2010,481.290000
10/07/2010,480.600000
10/08/2010,482.390000
10/11/2010,482.130000
10/12/2010,483.280000
10/13/2010,486.130000
10/14/2010,484.910000
10/15/2010,485.550000
10/18/2010,487.870000
10/19/2010,481.710000
10/20/2010,485.600000
10/21/2010,486.030000
10/22/2010,486.770000
10/25/2010,487.510000
10/26/2010,487.650000
10/27/2010,486.480000
10/28/2010,487.010000
10/29/2010,486.780000
11/01/2010,487.340000
11/02/2010,490.310000
11/03/2010,491.720000
11/04/2010,500.320000
11/05/2010,502.100000
11/08/2010,501.290000
11/09/2010,497.700000
11/10/2010,499.820000
11/11/2010,497.770000
11/12/2010,492.430000
11/15/2010,491.610000
11/16/2010,484.740000
11/17/2010,484.640000
11/18/2010,491.170000
11/19/2010,492.290000
11/22/2010,491.470000
11/23/2010,484.960000
11/24/2010,491.760000
11/26/2010,488.680000
11/29/2010,487.720000
11/30/2010,484.970000
12/01/2010,494.920000
12/02/2010,501.130000
12/03/2010,502.380000
12/06/2010,501.760000
12/07/2010,501.970000
12/08/2010,503.930000
12/09/2010,505.900000
12/10/2010,508.930000
12/13/2010,509.040000
12/14/2010,509.530000
12/15/2010,506.920000
12/16/2010,510.070000
12/17/2010,509.300000
12/20/2010,509.930000
12/21/2010,512.290000
12/22/2010,513.470000
12/23/2010,513.560000
12/27/2010,513.710000
12/28/2010,513.910000
12/29/2010,513.670000
12/30/2010,513.540000
12/31/2010,513.440000
01/03/2011,517.560000
01/04/2011,516.960000
01/05/2011,518.780000
01/06/2011,518.270000
01/07/2011,517.320000
01/10/2011,516.570000
01/11/2011,517.860000
01/12/2011,521.630000
01/13/2011,520.780000
01/14/2011,523.950000
01/18/2011,524.460000
01/19/2011,520.080000
01/20/2011,519.570000
01/21/2011,520.670000
01/24/2011,522.830000
01/25/2011,522.820000
01/26/2011,524.810000
01/27/2011,525.670000
01/28/2011,518.260000
01/31/2011,521.400000
02/01/2011,528.890000
02/02/2011,527.500000
02/03/2011,528.570000
02/04/2011,529.910000
02/07/2011,533.020000
02/08/2011,535.210000
02/09/2011,533.890000
02/10/2011,534.460000
02/11/2011,537.160000
02/14/2011,538.460000
02/15/2011,536.940000
02/16/2011,540.220000
02/17/2011,541.940000
02/18/2011,543.010000
02/22/2011,532.440000
02/23/2011,529.440000
02/24/2011,528.800000
02/25/2011,533.980000
02/28/2011,536.780000
03/01/2011,528.450000
03/02/2011,529.190000
03/03/2011,538.180000
03/04/2011,534.210000
03/07/2011,529.810000
03/08/2011,534.500000
03/09/2011,533.800000
03/10/2011,523.860000
03/11/2011,527.570000
03/14/2011,524.380000
03/15/2011,518.580000
03/16/2011,508.830000
03/17/2011,515.190000
03/18/2011,517.620000
03/21/2011,521.690000
03/22/2011,519.760000
03/23/2011,520.370000
03/24/2011,523.500000
03/25/2011,524.870000
03/28/2011,523.610000
03/29/2011,526.370000
03/30/2011,529.110000
03/31/2011,528.260000
04/01/2011,530.300000
04/04/2011,530.250000
04/05/2011,529.870000
04/06/2011,531.030000
04/07/2011,530.420000
04/08/2011,528.790000
04/11/2011,527.240000
04/12/2011,523.750000
04/13/2011,523.610000
04/14/2011,523.220000
04/15/2011,524.730000
04/18/2011,519.750000
04/19/2011,521.860000
04/20/2011,527.670000
04/21/2011,529.870000
04/25/2011,528.980000
04/26/2011,533.230000
04/27/2011,536.300000
04/28/2011,537.890000
04/29/2011,539.160000
05/02/2011,538.340000
05/03/2011,536.850000
05/04/2011,533.480000
05/05/2011,529.270000
05/06/2011,531.200000
05/09/2011,533.000000
05/10/2011,536.700000
05/11/2011,531.440000
05/12/2011,533.750000
05/13/2011,529.790000
05/16/2011,526.690000
05/17/2011,526.550000
05/18/2011,530.700000
05/19/2011,531.760000
05/20/2011,528.110000
05/23/2011,521.920000
05/24/2011,521.420000
05/25/2011,522.750000
05/26/2011,524.640000
05/27/2011,526.810000
05/31/2011,532.080000
06/01/2011,520.570000
06/02/2011,519.970000
06/03/2011,514.860000
06/06/2011,509.460000
06/07/2011,508.740000
06/08/2011,506.850000
06/09/2011,510.260000
06/10/2011,503.520000
06/13/2011,503.600000
06/14/2011,509.720000
06/15/2011,501.150000
06/16/2011,501.780000
06/17/2011,503.670000
06/20/2011,504.540000
06/21/2011,509.300000
06/22/2011,506.570000
06/23/2011,505.560000
06/24/2011,501.730000
06/27/2011,504.640000
06/28/2011,509.150000
06/29/2011,511.780000
06/30/2011,515.660000
07/01/2011,522.000000
07/05/2011,521.340000
07/06/2011,522.060000
07/07/2011,526.830000
07/08/2011,523.610000
07/11/2011,515.970000
07/12/2011,514.390000
07/13/2011,515.550000
07/14/2011,512.980000
07/15/2011,514.970000
07/18/2011,511.410000
07/19/2011,518.000000
07/20/2011,517.570000
07/21/2011,523.300000
07/22/2011,523.610000
07/25/2011,521.240000
07/26/2011,519.420000
07/27/2011,511.150000
07/28/2011,509.990000
07/29/2011,507.770000
08/01/2011,504.790000
08/02/2011,495.260000
08/03/2011,496.730000
08/04/2011,484.920000
08/05/2011,484.910000
08/08/2011,475.910000
08/09/2011,479.520000
08/10/2011,475.600000
08/11/2011,481.800000
08/12/2011,481.570000
08/15/2011,483.860000
08/16/2011,481.650000
08/17/2011,480.780000
08/18/2011,475.420000
08/19/2011,474.390000
08/22/2011,473.870000
08/23/2011,476.140000
08/24/2011,477.290000
08/25/2011,476.410000
08/26/2011,477.520000
08/29/2011,480.570000
08/30/2011,480.690000
08/31/2011,481.570000
09/01/2011,478.900000
09/02/2011,475.140000
09/06/2011,474.130000
09/07/2011,477.440000
09/08/2011,474.940000
09/09/2011,472.790000
09/12/2011,472.280000
09/13/2011,472.290000
09/14/2011,472.750000
09/15/2011,473.830000
09/16/2011,472.410000
09/19/2011,469.430000
09/20/2011,468.650000
09/21/2011,461.280000
09/22/2011,454.900000
09/23/2011,456.310000
09/26/2011,461.140000
09/27/2011,463.440000
09/28/2011,459.180000
09/29/2011,460.410000
09/30/2011,455.660000
10/03/2011,450.180000
10/04/2011,452.950000
10/05/2011,455.860000
10/06/2011,460.130000
10/07/2011,457.820000
10/10/2011,465.500000
10/11/2011,465.090000
10/12/2011,467.040000
10/13/2011,465.800000
10/14/2011,470.410000
10/17/2011,465.020000
10/18/2011,471.380000
10/19/2011,468.180000
10/20/2011,469.780000
10/21/2011,475.230000
10/24/2011,478.820000
10/25/2011,472.000000
10/26/2011,475.220000
10/27/2011,486.740000
10/28/2011,486.670000
10/31/2011,477.790000
11/01/2011,469.040000
11/02/2011,473.940000
11/03/2011,480.410000
11/04/2011,477.790000
11/07/2011,479.880000
11/08/2011,484.270000
11/09/2011,472.010000
11/10/2011,473.980000
11/11/2011,480.740000
11/14/2011,476.650000
11/15/2011,478.510000
11/16/2011,472.260000
11/17/2011,465.880000
11/18/2011,464.680000
11/21/2011,457.950000
11/22/2011,455.830000
11/23/2011,449.610000
11/25/2011,447.780000
11/28/2011,455.730000
11/29/2011,455.900000
11/30/2011,472.020000
12/01/2011,471.120000
12/02/2011,470.940000
12/05/2011,475.280000
12/06/2011,475.550000
12/07/2011,476.370000
12/08/2011,467.160000
12/09/2011,474.060000
12/12/2011,467.140000
12/13/2011,463.220000
12/14/2011,458.030000
12/15/2011,459.420000
12/16/2011,460.100000
12/19/2011,456.190000
12/20/2011,464.190000
12/21/2011,463.880000
12/22/2011,466.710000
12/23/2011,469.800000
12/27/2011,469.670000
12/28/2011,465.770000
12/29/2011,469.250000
12/30/2011,468.050000
01/03/2012,472.910000
01/04/2012,472.610000
01/05/2012,473.280000
01/06/2012,472.140000
01/09/2012,472.670000
01/10/2012,476.050000
01/11/2012,476.340000
01/12/2012,477.100000
01/13/2012,475.300000
01/17/2012,476.550000
01/18/2012,480.850000
01/19/2012,482.700000
01/20/2012,482.630000
01/23/2012,482.530000
01/24/2012,482.070000
01/25/2012,485.710000
01/26/2012,483.110000
01/27/2012,482.130000
01/30/2012,481.120000
01/31/2012,480.810000
02/01/2012,484.770000
02/02/2012,485.210000
02/03/2012,491.870000
02/06/2012,491.650000
02/07/2012,492.590000
02/08/2012,493.800000
02/09/2012,494.640000
02/10/2012,491.750000
02/13/2012,494.610000
02/14/2012,494.350000
02/15/2012,492.200000
02/16/2012,497.200000
02/17/2012,498.240000
02/21/2012,498.440000
02/22/2012,496.700000
02/23/2012,498.900000
02/24/2012,499.790000
02/27/2012,500.530000
02/28/2012,502.230000
02/29/2012,499.840000
03/01/2012,502.990000
03/02/2012,501.350000
03/05/2012,499.410000
03/06/2012,491.870000
03/07/2012,495.280000
03/08/2012,500.180000
03/09/2012,502.000000
03/12/2012,502.090000
03/13/2012,511.380000
03/14/2012,510.780000
03/15/2012,513.830000
03/16/2012,514.170000
03/19/2012,515.460000
03/20/2012,514.080000
03/21/2012,512.710000
03/22/2012,510.040000
03/23/2012,510.620000
03/26/2012,515.300000
03/27/2012,514.680000
03/28/2012,512.840000
03/29/2012,512.160000
03/30/2012,513.480000
04/02/2012,516.360000
04/03/2012,514.930000
04/04/2012,510.950000
04/05/2012,511.050000
04/09/2012,506.910000
04/10/2012,501.970000
04/11/2012,504.160000
04/12/2012,507.970000
04/13/2012,504.070000
04/16/2012,503.680000
04/17/2012,508.400000
04/18/2012,506.860000
04/19/2012,504.460000
04/23/2012,501.610000
04/24/2012,502.540000
04/25/2012,506.790000
04/26/2012,508.950000
04/27/2012,509.880000
04/30/2012,508.460000
05/01/2012,510.340000
05/02/2012,509.410000
05/03/2012,506.470000
05/04/2012,500.700000
05/07/2012,500.370000
05/08/2012,498.580000
05/09/2012,496.790000
05/10/2012,497.320000
05/11/2012,496.350000
05/14/2012,493.100000
05/15/2012,491.460000
05/16/2012,490.090000
05/17/2012,487.160000
05/18/2012,485.910000
05/21/2012,487.380000
05/22/2012,487.330000
05/23/2012,487.440000
05/24/2012,487.390000
05/25/2012,486.890000
05/29/2012,488.440000
05/30/2012,485.730000
05/31/2012,484.850000
06/01/2012,482.560000
06/04/2012,482.190000
06/05/2012,482.030000
06/06/2012,483.720000
06/07/2012,483.060000
06/08/2012,484.560000
06/11/2012,481.970000
06/12/2012,482.990000
06/13/2012,481.810000
06/14/2012,482.640000
06/15/2012,483.900000
06/18/2012,483.280000
06/19/2012,486.450000
06/20/2012,485.540000
06/21/2012,478.680000
06/22/2012,479.830000
06/25/2012,474.790000
06/26/2012,476.020000
06/27/2012,479.140000
06/28/2012,478.520000
06/29/2012,486.100000
07/02/2012,486.710000
07/03/2012,489.210000
07/05/2012,487.520000
07/06/2012,483.570000
07/09/2012,482.950000
07/10/2012,479.980000
07/11/2012,479.590000
07/12/2012,477.680000
07/13/2012,483.350000
07/16/2012,482.330000
07/17/2012,484.920000
07/18/2012,487.550000
07/19/2012,488.670000
07/20/2012,484.610000
07/23/2012,481.560000
07/24/2012,478.610000
07/25/2012,478.170000
07/26/2012,483.640000
07/27/2012,491.470000
07/30/2012,490.950000
07/31/2012,489.590000
08/01/2012,488.260000
08/02/2012,484.700000
08/03/2012,492.370000
08/06/2012,493.280000
08/07/2012,495.680000
08/08/2012,495.930000
08/09/2012,496.240000
08/10/2012,497.220000
08/13/2012,496.530000
08/14/2012,496.640000
08/15/2012,497.330000
08/16/2012,500.720000
08/17/2012,501.490000
08/20/2012,501.490000
08/21/2012,499.840000
08/22/2012,499.900000
08/23/2012,496.100000
08/24/2012,499.040000
08/27/2012,498.900000
08/28/2012,498.570000
08/29/2012,499.020000
08/30/2012,495.290000
08/31/2012,497.740000
09/04/2012,497.150000
09/05/2012,496.650000
09/06/2012,506.630000
09/07/2012,508.720000
09/10/2012,505.680000
09/11/2012,507.230000
09/12/2012,508.070000
09/13/2012,516.300000
09/14/2012,517.940000
09/17/2012,517.140000
09/18/2012,516.160000
09/19/2012,517.090000
09/20/2012,516.880000
09/21/2012,516.880000
09/24/2012,515.450000
09/25/2012,512.060000
09/26/2012,510.550000
09/27/2012,513.050000
09/28/2012,511.890000
10/01/2012,512.560000
10/02/2012,512.850000
10/03/2012,513.950000
10/04/2012,516.510000
10/05/2012,516.190000
10/08/2012,514.860000
10/09/2012,511.420000
10/10/2012,509.110000
10/11/2012,508.730000
10/12/2012,507.820000
10/15/2012,510.190000
10/16/2012,514.030000
10/17/2012,515.530000
10/18/2012,514.390000
10/19/2012,508.500000
10/22/2012,508.360000
10/23/2012,504.120000
10/24/2012,503.010000
10/25/2012,503.660000
10/26/2012,503.120000
10/31/2012,502.830000
11/01/2012,505.680000
11/02/2012,502.620000
11/05/2012,503.470000
11/06/2012,506.010000
11/07/2012,499.010000
11/08/2012,495.590000
11/12/2012,494.930000
11/13/2012,493.900000
11/14/2012,491.810000
11/15/2012,491.490000
11/16/2012,491.490000
11/19/2012,494.390000
11/20/2012,494.350000
11/21/2012,495.010000
11/23/2012,498.280000
11/26/2012,497.710000
11/27/2012,496.060000
11/28/2012,498.430000
11/29/2012,499.360000
11/30/2012,499.960000
12/04/2012,497.110000
12/05/2012,497.660000
12/06/2012,498.820000
12/07/2012,499.470000
12/10/2012,498.460000
12/11/2012,501.770000
12/12/2012,502.000000
12/13/2012,499.110000
12/14/2012,497.200000
12/17/2012,502.090000
12/18/2012,507.800000
12/19/2012,504.060000
12/20/2012,506.440000
12/21/2012,501.520000
12/24/2012,500.630000
12/26/2012,498.970000
12/27/2012,498.500000
12/28/2012,495.490000
12/31/2012,499.840000
01/02/2013,508.810000
01/03/2013,507.850000
01/04/2013,509.770000
01/07/2013,508.260000
01/08/2013,505.140000
01/09/2013,508.040000
01/10/2013,511.320000
01/11/2013,511.160000
01/14/2013,510.710000
01/15/2013,511.130000
01/16/2013,511.190000
01/17/2013,513.780000
01/18/2013,515.030000
01/22/2013,516.950000
01/23/2013,517.660000
01/24/2013,517.640000
01/25/2013,520.350000
01/28/2013,519.420000
01/29/2013,521.970000
01/30/2013,520.250000
01/31/2013,519.040000
02/01/2013,523.790000
02/04/2013,518.080000
02/05/2013,523.230000
02/06/2013,523.500000
02/07/2013,522.810000
02/08/2013,525.630000
02/11/2013,525.230000
02/12/2013,526.070000
02/13/2013,526.540000
02/14/2013,526.940000
02/15/2013,526.530000
02/19/2013,530.300000
02/20/2013,523.990000
02/21/2013,520.800000
02/22/2013,525.290000
02/25/2013,516.320000
02/26/2013,518.990000
02/27/2013,525.530000
02/28/2013,525.090000
03/01/2013,526.340000
03/04/2013,528.640000
03/05/2013,533.660000
03/06/2013,534.390000
03/07/2013,535.410000
03/08/2013,537.830000
03/11/2013,539.610000
03/12/2013,538.350000
03/13/2013,539.240000
03/14/2013,542.270000
03/15/2013,541.170000
03/18/2013,539.470000
03/19/2013,538.610000
03/20/2013,540.620000
03/21/2013,537.570000
03/22/2013,540.620000
03/25/2013,538.840000
03/26/2013,541.820000
03/27/2013,541.660000
03/28/2013,543.250000
04/01/2013,541.390000
04/02/2013,543.320000
04/03/2013,538.960000
04/04/2013,540.710000
04/05/2013,538.740000
04/08/2013,541.190000
04/09/2013,542.440000
04/10/2013,547.950000
04/11/2013,549.730000
04/12/2013,548.110000
04/15/2013,539.240000
04/17/2013,538.750000
04/18/2013,536.280000
04/19/2013,539.000000
04/22/2013,538.520000
04/23/2013,542.810000
04/24/2013,542.810000
04/25/2013,544.750000
04/26/2013,543.760000
04/29/2013,547.210000
04/30/2013,548.390000
05/01/2013,543.990000
05/02/2013,548.340000
05/03/2013,553.450000
05/06/2013,554.320000
05/07/2013,557.090000
05/08/2013,559.490000
05/09/2013,557.820000
05/10/2013,560.010000
05/13/2013,560.030000
05/14/2013,565.620000
05/15/2013,568.680000
05/16/2013,565.970000
05/17/2013,571.140000
05/20/2013,571.040000
05/21/2013,572.120000
05/23/2013,566.020000
05/24/2013,567.870000
05/28/2013,571.330000
05/30/2013,569.570000
06/03/2013,564.920000
06/04/2013,561.790000
06/05/2013,554.440000
06/06/2013,559.000000
06/10/2013,565.730000
06/11/2013,560.140000
06/12/2013,555.490000
06/17/2013,564.570000
06/18/2013,568.960000
06/19/2013,561.090000
06/20/2013,547.170000
06/21/2013,546.210000
07/02/2013,550.460000
07/03/2013,554.560000
07/05/2013,554.730000
07/09/2013,560.040000
07/10/2013,560.180000
07/15/2013,569.010000
07/16/2013,567.210000
07/17/2013,568.600000
07/18/2013,571.180000
07/19/2013,571.990000
07/22/2013,572.880000
07/23/2013,571.870000
07/24/2013,569.880000
07/25/2013,571.160000
07/26/2013,571.590000
07/29/2013,569.560000
07/30/2013,569.790000
07/31/2013,569.720000
08/01/2013,576.530000
08/02/2013,577.270000
08/05/2013,576.430000
08/06/2013,573.340000
08/07/2013,571.400000
08/08/2013,573.650000
08/09/2013,571.840000
08/12/2013,571.070000
08/13/2013,572.720000
08/14/2013,569.970000
08/15/2013,562.330000
08/16/2013,560.460000
08/19/2013,557.290000
08/20/2013,559.240000
08/21/2013,556.300000
08/22/2013,560.680000
08/23/2013,562.770000
08/26/2013,560.420000
08/27/2013,552.270000
08/28/2013,553.400000
08/29/2013,554.420000
08/30/2013,552.590000
09/03/2013,554.210000
09/04/2013,558.680000
09/05/2013,559.390000
09/06/2013,559.380000
09/09/2013,564.740000
09/10/2013,568.980000
09/11/2013,571.410000
09/12/2013,569.480000
09/13/2013,571.020000
09/16/2013,574.250000
09/17/2013,576.680000
09/18/2013,583.700000
09/19/2013,582.620000
09/23/2013,577.410000
09/24/2013,575.690000
09/25/2013,574.500000
09/26/2013,575.650000
09/27/2013,574.280000
09/30/2013,571.970000
10/01/2013,574.880000
10/02/2013,575.500000
10/03/2013,572.430000
10/04/2013,574.340000
10/07/2013,572.430000
10/08/2013,568.000000
10/09/2013,567.830000
10/10/2013,574.450000
10/11/2013,576.830000
10/14/2013,578.670000
10/15/2013,576.470000
10/16/2013,580.930000
10/17/2013,583.300000
10/21/2013,586.430000
10/22/2013,589.360000
10/23/2013,586.830000
10/24/2013,588.340000
10/25/2013,590.680000
10/28/2013,591.210000
10/29/2013,594.330000
10/30/2013,591.590000
10/31/2013,589.450000
11/01/2013,591.000000
11/04/2013,592.650000
11/05/2013,591.130000
11/06/2013,593.320000
11/07/2013,586.140000
11/08/2013,593.260000
11/11/2013,593.620000
11/12/2013,592.250000
11/13/2013,596.810000
11/18/2013,600.800000
11/19/2013,599.650000
11/20/2013,597.470000
11/21/2013,602.110000
11/22/2013,604.960000
11/25/2013,604.180000
11/26/2013,604.220000
11/27/2013,605.780000
11/29/2013,605.890000
12/02/2013,603.750000
12/03/2013,601.800000
12/04/2013,601.020000
12/05/2013,598.430000
12/06/2013,604.920000
12/09/2013,606.010000
12/10/2013,604.050000
12/11/2013,597.330000
12/12/2013,594.970000
12/13/2013,594.920000
12/16/2013,598.560000
12/17/2013,596.670000
12/18/2013,606.570000
12/19/2013,606.180000
12/23/2013,612.740000
12/24/2013,614.090000
12/26/2013,616.280000
12/27/2013,615.960000
12/30/2013,616.250000
12/31/2013,618.130000
01/02/2014,613.740000
01/03/2014,613.320000
01/06/2014,611.640000
01/07/2014,614.530000
01/08/2014,614.140000
01/09/2014,614.300000
01/10/2014,615.260000
01/13/2014,608.990000
01/14/2014,614.330000
01/15/2014,617.110000
01/16/2014,616.530000
01/21/2014,616.160000
01/22/2014,616.330000
01/23/2014,611.650000
01/24/2014,603.130000
01/27/2014,599.990000
01/28/2014,601.930000
01/29/2014,597.780000
01/30/2014,603.640000
01/31/2014,600.420000
02/03/2014,592.610000
02/04/2014,594.300000
02/05/2014,593.490000
02/06/2014,596.770000
02/07/2014,601.770000
02/10/2014,602.330000
02/11/2014,607.740000
02/12/2014,607.370000
02/13/2014,610.590000
02/14/2014,612.820000
02/18/2014,613.460000
02/19/2014,610.130000
02/20/2014,613.250000
02/24/2014,616.830000
02/25/2014,615.830000
02/26/2014,615.970000
02/27/2014,618.740000
02/28/2014,620.380000
03/03/2014,616.160000
03/04/2014,624.990000
03/05/2014,625.180000
03/06/2014,626.140000
03/07/2014,626.500000
03/10/2014,626.040000
03/11/2014,622.930000
03/12/2014,623.170000
03/13/2014,616.030000
03/14/2014,614.600000
03/17/2014,619.900000
03/18/2014,624.320000
03/19/2014,620.490000
03/20/2014,624.220000
03/24/2014,621.800000
03/25/2014,623.290000
03/26/2014,620.620000
03/27/2014,619.360000
03/28/2014,621.080000
03/31/2014,624.500000
04/01/2014,627.360000
04/02/2014,628.820000
04/03/2014,628.180000
04/04/2014,621.930000
04/07/2014,617.430000
04/08/2014,618.670000
04/09/2014,623.320000
04/10/2014,614.200000
04/11/2014,610.560000
04/14/2014,613.560000
04/15/2014,616.010000
04/16/2014,620.710000
04/21/2014,622.590000
04/22/2014,624.370000
04/23/2014,623.070000
04/24/2014,624.000000
04/25/2014,619.980000
04/28/2014,621.220000
04/29/2014,623.760000
04/30/2014,625.070000
05/01/2014,624.830000
05/02/2014,623.960000
05/05/2014,624.860000
05/06/2014,620.000000
05/07/2014,622.740000
05/08/2014,621.870000
05/09/2014,622.460000
05/12/2014,627.520000
05/13/2014,628.250000
05/14/2014,625.460000
05/15/2014,620.460000
05/19/2014,624.610000
05/20/2014,620.990000
05/21/2014,625.300000
05/22/2014,626.580000
05/23/2014,628.900000
05/27/2014,632.390000
05/28/2014,631.820000
05/29/2014,635.140000
05/30/2014,636.230000
06/02/2014,636.650000
06/03/2014,636.630000
06/04/2014,637.810000
06/05/2014,641.950000
06/06/2014,644.810000
06/09/2014,645.400000
06/10/2014,645.570000
06/11/2014,643.310000
06/12/2014,638.830000
06/13/2014,640.760000
06/16/2014,641.250000
06/17/2014,642.660000
06/18/2014,647.580000
06/19/2014,648.400000
06/23/2014,649.620000
06/24/2014,646.330000
06/25/2014,648.820000
06/26/2014,648.050000
06/27/2014,648.960000
06/30/2014,648.430000
07/01/2014,652.180000
07/02/2014,652.280000
07/03/2014,655.430000
07/07/2014,653.130000
07/08/2014,649.410000
07/09/2014,651.910000
07/10/2014,650.100000
07/11/2014,650.480000
07/14/2014,652.850000
07/15/2014,652.070000
07/16/2014,654.130000
07/17/2014,648.760000
07/18/2014,653.540000
07/21/2014,652.890000
07/22/2014,654.930000
07/23/2014,655.830000
07/24/2014,656.040000
07/25/2014,653.370000
07/28/2014,653.290000
07/29/2014,650.760000
07/30/2014,650.760000
07/31/2014,641.450000
08/01/2014,640.210000
08/04/2014,642.310000
08/05/2014,639.080000
08/06/2014,638.180000
08/07/2014,635.680000
08/08/2014,640.580000
08/11/2014,641.470000
08/12/2014,640.330000
08/13/2014,643.260000
08/14/2014,645.570000
08/15/2014,645.660000
08/18/2014,650.530000
08/19/2014,653.480000
08/20/2014,654.890000
08/21/2014,656.630000
08/22/2014,655.260000
08/25/2014,658.140000
08/26/2014,658.730000
08/27/2014,658.750000
08/28/2014,657.710000
08/29/2014,659.770000
09/02/2014,659.970000
09/03/2014,659.430000
09/04/2014,658.420000
09/05/2014,661.700000
09/08/2014,659.810000
09/09/2014,655.650000
09/10/2014,657.880000
09/11/2014,658.410000
09/12/2014,654.590000
09/15/2014,654.010000
09/16/2014,658.790000
09/17/2014,659.610000
09/18/2014,662.800000
09/22/2014,659.070000
09/23/2014,656.490000
09/24/2014,659.970000
09/25/2014,653.000000
09/26/2014,656.670000
09/29/2014,655.820000
09/30/2014,654.550000
10/01/2014,649.170000
10/02/2014,648.620000
10/03/2014,652.450000
10/06/2014,651.690000
10/07/2014,646.230000
10/08/2014,652.310000
10/09/2014,645.050000
10/10/2014,641.940000
10/13/2014,637.900000
10/14/2014,638.320000
10/15/2014,636.220000
10/16/2014,635.830000
10/20/2014,640.180000
10/21/2014,646.370000
10/22/2014,644.210000
10/23/2014,648.590000
10/24/2014,651.390000
10/27/2014,650.400000
10/28/2014,654.990000
10/29/2014,654.140000
10/30/2014,657.260000
10/31/2014,662.730000
11/03/2014,663.070000
11/04/2014,661.620000
11/05/2014,664.310000
11/06/2014,665.910000
11/07/2014,666.100000
11/10/2014,667.610000
11/11/2014,668.700000
11/12/2014,668.310000
11/13/2014,668.710000
11/14/2014,669.050000
11/17/2014,669.310000
11/18/2014,672.370000
11/19/2014,671.560000
11/20/2014,672.750000
11/21/2014,676.400000
11/24/2014,678.100000
11/25/2014,677.210000
11/26/2014,678.980000
11/28/2014,677.460000
12/01/2014,672.870000
12/02/2014,676.860000
12/03/2014,679.260000
12/04/2014,678.500000
12/05/2014,679.580000
12/08/2014,675.330000
12/09/2014,675.110000
12/10/2014,664.870000
12/11/2014,667.620000
12/12/2014,657.700000
12/15/2014,653.350000
12/16/2014,647.520000
12/17/2014,659.830000
12/18/2014,675.560000
12/19/2014,675.560000
12/22/2014,679.320000
12/23/2014,680.250000
12/24/2014,680.040000
12/26/2014,681.470000
12/29/2014,681.750000
12/30/2014,679.530000
12/31/2014,675.730000
01/02/2015,674.530000
01/05/2015,666.480000
01/06/2015,662.570000
01/07/2015,666.630000
01/08/2015,674.110000
01/09/2015,670.290000
01/12/2015,667.310000
01/13/2015,666.200000
01/14/2015,664.150000
01/15/2015,659.970000
01/16/2015,659.970000
01/20/2015,665.240000
01/21/2015,666.510000
01/22/2015,673.040000
01/23/2015,670.270000
01/26/2015,670.740000
01/27/2015,664.720000
01/28/2015,659.260000
01/29/2015,663.030000
01/30/2015,658.970000
02/02/2015,663.020000
02/03/2015,669.060000
02/04/2015,667.120000
02/05/2015,672.040000
02/06/2015,670.550000
02/09/2015,667.910000
02/10/2015,673.630000
02/11/2015,673.560000
02/12/2015,678.270000
02/13/2015,680.510000
02/17/2015,681.950000
02/18/2015,681.430000
02/19/2015,680.550000
02/20/2015,684.560000
02/23/2015,684.050000
02/24/2015,685.630000
02/25/2015,685.170000
02/26/2015,684.110000
02/27/2015,682.020000
03/02/2015,685.930000
03/03/2015,682.860000
03/04/2015,679.930000
03/05/2015,680.670000
03/06/2015,671.450000
03/09/2015,674.120000
03/10/2015,663.150000
03/11/2015,661.890000
03/12/2015,669.640000
03/13/2015,665.530000
03/16/2015,674.820000
03/17/2015,672.550000
03/18/2015,680.680000
03/19/2015,677.380000
03/20/2015,677.380000
03/23/2015,682.460000
03/24/2015,679.260000
03/25/2015,672.790000
03/26/2015,671.680000
03/27/2015,672.300000
03/30/2015,677.440000
03/31/2015,673.790000
04/01/2015,671.760000
04/02/2015,672.710000
04/06/2015,675.940000
04/07/2015,674.680000
04/08/2015,675.640000
04/09/2015,677.130000
04/10/2015,679.580000
04/13/2015,677.540000
04/14/2015,678.270000
04/15/2015,680.420000
04/16/2015,679.820000
04/17/2015,679.820000
04/20/2015,678.290000
04/21/2015,677.380000
04/22/2015,679.950000
04/23/2015,681.040000
04/24/2015,682.380000
04/27/2015,680.160000
04/28/2015,681.270000
04/29/2015,679.360000
04/30/2015,674.370000
05/01/2015,679.400000
05/04/2015,680.880000
05/05/2015,674.590000
05/06/2015,672.300000
05/07/2015,674.610000
05/08/2015,681.280000
05/11/2015,678.390000
05/12/2015,676.730000
05/13/2015,676.270000
05/14/2015,682.350000
05/15/2015,682.350000
05/18/2015,684.730000
05/19/2015,684.190000
05/20/2015,683.740000
05/21/2015,685.040000
05/22/2015,683.540000
05/26/2015,677.280000
05/27/2015,682.730000
05/28/2015,681.910000
05/29/2015,677.930000
06/01/2015,679.140000
06/02/2015,678.470000
06/03/2015,679.590000
06/04/2015,674.290000
06/05/2015,672.980000
06/08/2015,668.770000
06/09/2015,668.960000
06/10/2015,676.510000
06/11/2015,677.730000
06/12/2015,673.110000
06/15/2015,670.030000
06/16/2015,673.710000
06/17/2015,674.950000
06/18/2015,681.690000
06/19/2015,681.690000
06/22/2015,680.880000
06/23/2015,680.830000
06/24/2015,676.950000
06/25/2015,675.650000
06/26/2015,675.430000
06/29/2015,667.960000
06/30/2015,668.650000
07/01/2015,670.670000
07/02/2015,671.040000
07/06/2015,669.430000
07/07/2015,671.390000
07/08/2015,665.440000
07/09/2015,667.240000
07/10/2015,670.150000
07/13/2015,673.830000
07/14/2015,675.890000
07/15/2015,675.340000
07/16/2015,679.050000
07/17/2015,679.050000
07/20/2015,680.100000
07/21/2015,677.460000
07/22/2015,675.910000
07/23/2015,673.030000
07/24/2015,667.720000
07/27/2015,665.410000
07/28/2015,670.340000
07/29/2015,674.030000
07/30/2015,673.820000
07/31/2015,672.450000
08/03/2015,670.690000
08/04/2015,669.430000
08/05/2015,671.120000
08/06/2015,667.500000
08/07/2015,665.900000
08/10/2015,672.120000
08/11/2015,667.390000
08/12/2015,668.050000
08/13/2015,667.020000
08/14/2015,668.990000
08/17/2015,671.580000
08/18/2015,670.300000
08/19/2015,666.030000
08/20/2015,657.580000
08/21/2015,657.580000
08/24/2015,645.510000
08/25/2015,642.390000
08/26/2015,645.070000
08/27/2015,650.000000
08/28/2015,650.170000
08/31/2015,646.490000
09/01/2015,643.150000
09/02/2015,643.380000
09/03/2015,643.460000
09/04/2015,642.050000
09/08/2015,643.990000
09/09/2015,641.890000
09/10/2015,642.070000
09/11/2015,642.050000
09/14/2015,641.120000
09/15/2015,642.110000
09/16/2015,643.670000
09/17/2015,641.220000
09/18/2015,641.220000
09/21/2015,638.950000
09/22/2015,634.280000
09/23/2015,632.500000
09/24/2015,631.460000
09/25/2015,631.000000
09/28/2015,623.300000
09/29/2015,622.920000
09/30/2015,629.040000
10/01/2015,629.220000
10/02/2015,634.280000
10/05/2015,641.740000
10/06/2015,640.100000
10/07/2015,643.780000
10/08/2015,647.830000
10/09/2015,647.990000
10/12/2015,647.840000
10/13/2015,644.270000
10/14/2015,642.270000
10/15/2015,649.410000
10/16/2015,649.410000
10/19/2015,651.180000
10/20/2015,650.570000
10/21/2015,647.700000
10/22/2015,656.610000
10/23/2015,663.450000
10/26/2015,662.210000
10/27/2015,660.740000
10/28/2015,667.580000
10/29/2015,667.430000
10/30/2015,664.390000
11/02/2015,671.540000
11/03/2015,673.310000
11/04/2015,671.920000
11/05/2015,670.650000
11/06/2015,670.280000
11/09/2015,661.700000
11/10/2015,662.890000
11/11/2015,661.560000
11/12/2015,654.580000
11/13/2015,648.610000
11/16/2015,656.590000
11/17/2015,656.090000
11/18/2015,665.490000
11/19/2015,665.580000
11/20/2015,665.580000
11/23/2015,666.610000
11/24/2015,667.370000
11/25/2015,667.300000
11/27/2015,667.820000
11/30/2015,664.740000
12/01/2015,672.000000
12/02/2015,664.450000
12/03/2015,655.270000
12/04/2015,668.240000
12/07/2015,663.800000
12/08/2015,659.480000
12/09/2015,654.580000
12/10/2015,655.990000
12/11/2015,644.270000
12/14/2015,646.610000
12/15/2015,653.330000
12/16/2015,662.620000
12/17/2015,652.750000
12/18/2015,652.750000
12/21/2015,635.130000
12/22/2015,639.250000
12/23/2015,653.910000
12/24/2015,653.170000
12/28/2015,651.850000
12/29/2015,657.220000
12/30/2015,653.510000
12/31/2015,648.840000
01/04/2016,641.930000
01/05/2016,642.040000
01/06/2016,636.450000
01/07/2016,628.300000
01/08/2016,625.060000
01/11/2016,623.620000
01/12/2016,624.850000
01/13/2016,617.730000
01/14/2016,622.550000
01/15/2016,622.550000
01/19/2016,616.120000
01/20/2016,613.320000
01/21/2016,614.730000
01/22/2016,618.310000
01/25/2016,614.190000
01/26/2016,617.760000
01/27/2016,614.760000
01/28/2016,615.590000
01/29/2016,622.020000
02/01/2016,622.000000
02/02/2016,616.540000
02/03/2016,617.710000
02/04/2016,617.970000
02/05/2016,613.950000
02/08/2016,611.340000
02/09/2016,610.680000
02/10/2016,610.720000
02/11/2016,609.010000
02/12/2016,611.540000
02/16/2016,613.930000
02/17/2016,618.290000
02/18/2016,615.900000
02/19/2016,615.900000
02/22/2016,619.180000
02/23/2016,615.540000
02/24/2016,617.210000
02/25/2016,620.160000
02/26/2016,619.480000
02/29/2016,616.150000
03/01/2016,624.970000
03/02/2016,626.490000
03/03/2016,628.360000
03/04/2016,630.040000
03/07/2016,630.320000
03/08/2016,624.360000
03/09/2016,626.790000
03/10/2016,626.570000
03/11/2016,636.090000
03/14/2016,635.300000
03/15/2016,634.130000
03/16/2016,637.650000
03/17/2016,641.820000
03/18/2016,641.820000
03/21/2016,641.080000
03/22/2016,640.500000
03/23/2016,637.660000
03/24/2016,637.520000
03/28/2016,637.360000
03/29/2016,640.790000
03/30/2016,642.380000
03/31/2016,641.800000
04/01/2016,644.600000
04/04/2016,643.220000
04/05/2016,638.700000
04/06/2016,643.470000
04/07/2016,638.380000
04/08/2016,639.200000
04/11/2016,637.750000
04/12/2016,641.920000
04/13/2016,646.880000
04/14/2016,646.890000
04/15/2016,646.890000
04/18/2016,649.180000
04/19/2016,650.880000
04/20/2016,651.300000
04/21/2016,648.460000
04/22/2016,648.180000
04/25/2016,647.180000
04/26/2016,648.070000
04/27/2016,648.870000
04/28/2016,644.150000
04/29/2016,641.530000
05/02/2016,645.150000
05/03/2016,640.400000
05/04/2016,637.440000
05/05/2016,637.120000
05/06/2016,638.300000
05/09/2016,638.340000
05/10/2016,645.040000
05/11/2016,639.650000
05/12/2016,639.390000
05/13/2016,634.840000
05/16/2016,639.900000
05/17/2016,634.880000
05/18/2016,635.000000
05/19/2016,632.960000
05/20/2016,632.960000
05/23/2016,634.580000
05/24/2016,642.310000
05/25/2016,646.500000
05/26/2016,646.340000
05/27/2016,649.080000
05/31/2016,648.480000
06/01/2016,649.260000
06/02/2016,651.080000
06/03/2016,649.140000
06/06/2016,652.280000
06/07/2016,653.120000
06/08/2016,655.420000
06/09/2016,654.280000
06/10/2016,648.410000
06/13/2016,643.380000
06/14/2016,642.170000
06/15/2016,640.980000
06/16/2016,643.060000
06/17/2016,643.060000
06/20/2016,642.020000
06/21/2016,643.440000
06/22/2016,643.460000
06/23/2016,648.120000
06/24/2016,634.920000
06/27/2016,626.220000
06/28/2016,630.110000
06/29/2016,637.090000
06/30/2016,644.010000
07/01/2016,644.650000
07/05/2016,640.990000
07/06/2016,643.630000
07/07/2016,643.060000
07/08/2016,650.870000
07/11/2016,652.630000
07/12/2016,656.560000
07/13/2016,656.630000
07/14/2016,659.660000
07/15/2016,659.660000
07/18/2016,660.480000
07/19/2016,659.420000
07/20/2016,662.060000
07/21/2016,660.040000
07/22/2016,662.590000
07/25/2016,660.750000
07/26/2016,660.850000
07/27/2016,659.950000
07/28/2016,660.860000
07/29/2016,661.620000
08/01/2016,660.850000
08/02/2016,656.910000
08/03/2016,658.980000
08/04/2016,659.140000
08/05/2016,664.420000
08/08/2016,663.820000
08/09/2016,664.090000
08/10/2016,662.480000
08/11/2016,665.600000
08/12/2016,665.080000
08/15/2016,666.920000
08/16/2016,663.500000
08/17/2016,664.790000
08/18/2016,666.120000
08/19/2016,666.120000
08/22/2016,664.780000
08/23/2016,666.080000
08/24/2016,662.720000
08/25/2016,661.780000
08/26/2016,660.760000
08/29/2016,664.160000
08/30/2016,662.960000
08/31/2016,661.490000
09/01/2016,661.470000
09/02/2016,664.220000
09/06/2016,666.150000
09/07/2016,666.240000
09/08/2016,664.740000
09/09/2016,648.690000
09/12/2016,658.060000
09/13/2016,648.500000
09/14/2016,648.110000
09/15/2016,654.740000
09/16/2016,654.740000
09/19/2016,651.060000
09/20/2016,651.480000
09/21/2016,656.070000
09/22/2016,659.110000
09/23/2016,655.710000
09/26/2016,651.830000
09/27/2016,654.540000
09/28/2016,657.270000
09/29/2016,652.470000
09/30/2016,656.660000
10/03/2016,654.620000
10/04/2016,651.760000
10/05/2016,654.210000
10/06/2016,654.160000
10/07/2016,652.670000
10/10/2016,654.440000
10/11/2016,648.020000
10/12/2016,648.940000
10/13/2016,647.610000
10/14/2016,647.400000
10/17/2016,645.320000
10/18/2016,648.210000
10/19/2016,648.980000
10/20/2016,647.810000
10/21/2016,647.810000
10/24/2016,649.750000
10/25/2016,647.590000
10/26/2016,646.950000
10/27/2016,645.880000
10/28/2016,644.140000
10/31/2016,644.280000
11/01/2016,641.450000
11/02/2016,638.400000
11/03/2016,637.140000
11/04/2016,636.650000
11/07/2016,645.650000
11/08/2016,647.990000
11/09/2016,652.670000
11/10/2016,653.920000
11/11/2016,652.820000
11/14/2016,652.570000
11/15/2016,656.780000
11/16/2016,656.030000
11/17/2016,658.850000
11/18/2016,658.850000
11/21/2016,661.850000
11/22/2016,663.260000
11/23/2016,663.770000
11/25/2016,666.350000
11/28/2016,662.940000
11/29/2016,663.980000
11/30/2016,662.380000
12/01/2016,660.140000
12/02/2016,660.350000
12/05/2016,664.000000
12/06/2016,666.270000
12/07/2016,670.980000
12/08/2016,676.590000
12/09/2016,680.600000
12/12/2016,679.890000
12/13/2016,684.420000
12/14/2016,678.930000
12/15/2016,681.590000
12/19/2016,680.890000
12/20/2016,682.970000
12/21/2016,681.500000
12/22/2016,680.550000
12/23/2016,681.260000
12/27/2016,682.440000
12/28/2016,678.170000
12/29/2016,678.140000
12/30/2016,675.850000
01/03/2017,679.310000
01/04/2017,682.020000
01/05/2017,681.300000
01/06/2017,683.370000
01/09/2017,680.980000
01/10/2017,680.940000
01/11/2017,682.450000
01/12/2017,681.310000
01/13/2017,682.020000
01/17/2017,680.280000
01/18/2017,681.340000
01/19/2017,679.140000
01/20/2017,679.140000
01/23/2017,678.890000
01/24/2017,682.420000
01/25/2017,687.300000
01/26/2017,686.720000
01/27/2017,686.120000
01/30/2017,682.580000
01/31/2017,681.960000
02/01/2017,682.220000
02/02/2017,682.670000
02/03/2017,686.890000
02/06/2017,685.460000
02/07/2017,685.570000
02/08/2017,686.240000
02/09/2017,689.870000
02/10/2017,692.170000
02/13/2017,695.740000
02/14/2017,698.590000
02/15/2017,702.200000
02/16/2017,701.660000
02/17/2017,701.660000
02/21/2017,706.850000
02/22/2017,706.170000
02/23/2017,706.560000
02/24/2017,707.720000
02/27/2017,708.480000
02/28/2017,706.720000
03/01/2017,716.320000
03/02/2017,712.160000
03/03/2017,712.520000
03/06/2017,710.180000
03/07/2017,708.150000
03/08/2017,706.740000
03/09/2017,707.320000
03/10/2017,709.660000
03/13/2017,710.090000
03/14/2017,707.720000
03/15/2017,713.650000
03/16/2017,712.510000
03/17/2017,712.510000
03/20/2017,708.690000
03/21/2017,702.130000
03/22/2017,703.440000
03/23/2017,702.900000
03/24/2017,701.650000
03/27/2017,700.680000
03/28/2017,704.260000
03/29/2017,704.580000
03/30/2017,706.130000
03/31/2017,704.980000
04/03/2017,703.800000
04/04/2017,703.950000
04/05/2017,702.910000
04/06/2017,703.760000
04/07/2017,703.470000
04/10/2017,704.270000
04/11/2017,703.880000
04/12/2017,701.940000
04/13/2017,698.110000
04/17/2017,701.970000
04/18/2017,700.220000
04/19/2017,699.480000
04/20/2017,703.190000
04/21/2017,703.190000
04/24/2017,706.070000
04/25/2017,709.770000
04/26/2017,709.540000
04/27/2017,709.730000
04/28/2017,708.630000
05/01/2017,709.390000
05/02/2017,710.320000
05/03/2017,709.590000
05/04/2017,709.800000
05/05/2017,712.520000
05/08/2017,712.290000
05/09/2017,711.620000
05/10/2017,712.720000
05/11/2017,711.490000
05/12/2017,710.340000
05/15/2017,713.480000
05/16/2017,713.160000
05/17/2017,702.940000
05/18/2017,704.700000
05/19/2017,704.700000
05/22/2017,711.200000
05/23/2017,712.390000
05/24/2017,713.970000
05/25/2017,717.160000
05/26/2017,717.460000
05/30/2017,716.640000
05/31/2017,716.360000
06/01/2017,721.750000
06/02/2017,724.390000
06/05/2017,723.510000
06/06/2017,721.510000
06/07/2017,722.770000
06/08/2017,722.970000
06/09/2017,722.360000
06/12/2017,721.680000
06/13/2017,725.090000
06/14/2017,724.410000
06/15/2017,722.920000
06/16/2017,722.920000
06/19/2017,727.630000
06/20/2017,723.270000
06/21/2017,723.060000
06/22/2017,722.680000
06/23/2017,723.430000
06/26/2017,723.290000
06/27/2017,718.470000
06/28/2017,723.790000
06/29/2017,718.770000
06/30/2017,719.690000
07/03/2017,721.120000
07/05/2017,721.980000
07/06/2017,716.850000
07/07/2017,720.240000
07/10/2017,720.500000
07/11/2017,719.780000
07/12/2017,724.310000
07/13/2017,725.280000
07/14/2017,728.200000
07/17/2017,727.960000
07/18/2017,728.430000
07/19/2017,732.030000
07/20/2017,731.920000
07/21/2017,731.920000
07/24/2017,730.710000
07/25/2017,732.730000
07/26/2017,732.980000
07/27/2017,732.490000
07/28/2017,731.570000
07/31/2017,730.800000
08/01/2017,732.500000
08/02/2017,732.970000
08/03/2017,731.610000
08/04/2017,732.900000
08/07/2017,733.870000
08/08/2017,732.440000
08/09/2017,732.240000
08/10/2017,724.010000
08/11/2017,724.560000
08/14/2017,730.280000
08/15/2017,729.940000
08/16/2017,730.960000
08/17/2017,721.350000
08/18/2017,721.350000
08/21/2017,719.610000
08/22/2017,726.030000
08/23/2017,723.770000
08/24/2017,722.240000
08/25/2017,723.280000
08/28/2017,723.520000
08/29/2017,724.240000
08/30/2017,727.650000
08/31/2017,731.700000
09/01/2017,733.120000
09/05/2017,727.670000
09/06/2017,729.880000
09/07/2017,729.850000
09/08/2017,728.820000
09/11/2017,736.620000
09/12/2017,739.120000
09/13/2017,739.700000
09/14/2017,739.110000
09/15/2017,739.110000
09/18/2017,740.750000
09/19/2017,741.430000
09/20/2017,741.720000
09/21/2017,739.440000
09/22/2017,740.150000
09/25/2017,738.520000
09/26/2017,738.570000
09/27/2017,741.130000
09/28/2017,741.770000
09/29/2017,744.020000
10/02/2017,746.350000
10/03/2017,747.780000
10/04/2017,748.660000
10/05/2017,752.510000
10/06/2017,752.120000
10/09/2017,750.820000
10/10/2017,752.310000
10/11/2017,753.500000
10/12/2017,752.290000
10/13/2017,752.710000
10/16/2017,753.840000
10/17/2017,754.340000
10/18/2017,754.780000
10/19/2017,755.000000
10/20/2017,755.000000
10/23/2017,756.050000
10/24/2017,757.260000
10/25/2017,753.890000
10/26/2017,754.790000
10/27/2017,760.260000
10/30/2017,758.000000
10/31/2017,758.530000
11/01/2017,759.610000
11/02/2017,759.680000
11/03/2017,761.900000
11/06/2017,762.830000
11/07/2017,762.780000
11/08/2017,763.830000
11/09/2017,761.250000
11/10/2017,760.980000
11/13/2017,761.610000
11/14/2017,759.980000
11/15/2017,756.260000
11/16/2017,762.290000
11/17/2017,762.290000
11/20/2017,760.990000
11/21/2017,765.810000
11/22/2017,765.330000
11/24/2017,766.820000
11/27/2017,766.580000
11/28/2017,774.070000
11/29/2017,773.940000
11/30/2017,780.560000
12/01/2017,779.000000
12/04/2017,778.210000
12/05/2017,775.290000
12/06/2017,775.180000
12/07/2017,777.520000
12/08/2017,781.860000
12/11/2017,784.350000
12/12/2017,785.590000
12/13/2017,785.230000
12/14/2017,782.190000
12/15/2017,782.190000
12/18/2017,792.380000
12/19/2017,790.480000
12/20/2017,789.800000
12/21/2017,791.280000
12/22/2017,790.920000
12/26/2017,789.850000
12/27/2017,790.630000
12/28/2017,792.200000
12/29/2017,788.770000
01/02/2018,794.050000
01/03/2018,798.360000
01/04/2018,801.240000
01/05/2018,806.400000
01/08/2018,807.550000
01/09/2018,808.950000
01/10/2018,807.950000
01/11/2018,813.290000
01/12/2018,818.520000
01/16/2018,816.030000
01/17/2018,823.360000
01/18/2018,822.340000
01/19/2018,822.340000
01/22/2018,831.890000
01/23/2018,833.600000
01/24/2018,833.150000
01/25/2018,833.670000
01/26/2018,843.180000
01/29/2018,838.090000
01/30/2018,829.470000
01/31/2018,829.500000
02/01/2018,829.070000
02/02/2018,813.690000
02/05/2018,777.020000
02/06/2018,799.240000
02/07/2018,795.560000
02/08/2018,774.670000
02/09/2018,782.100000
02/12/2018,787.290000
02/13/2018,788.840000
02/14/2018,796.330000
02/15/2018,805.000000
02/20/2018,801.240000
02/21/2018,796.850000
02/22/2018,796.770000
02/23/2018,808.310000
02/26/2018,817.360000
02/27/2018,807.860000
02/28/2018,799.370000
03/01/2018,790.100000
03/02/2018,792.790000
03/05/2018,800.720000
03/06/2018,802.640000
03/07/2018,802.190000
03/08/2018,805.820000
03/09/2018,819.680000
03/12/2018,818.610000
03/13/2018,813.440000
03/14/2018,809.030000
03/15/2018,808.410000
03/16/2018,808.410000
03/19/2018,801.510000
03/20/2018,802.260000
03/21/2018,800.880000
03/22/2018,789.710000
03/23/2018,780.200000
03/26/2018,791.590000
03/27/2018,784.100000
03/28/2018,783.250000
03/29/2018,788.570000
04/02/2018,780.920000
04/03/2018,783.670000
04/04/2018,787.590000
04/05/2018,790.510000
04/06/2018,781.390000
04/09/2018,782.140000
04/10/2018,790.050000
04/11/2018,786.900000
04/12/2018,789.580000
04/13/2018,786.710000
04/16/2018,789.280000
04/17/2018,794.740000
04/18/2018,795.050000
04/19/2018,792.050000
04/20/2018,792.050000
04/23/2018,787.030000
04/24/2018,780.720000
04/25/2018,781.080000
04/26/2018,785.170000
04/27/2018,786.070000
04/30/2018,781.530000
05/01/2018,782.390000
05/02/2018,778.730000
05/03/2018,777.770000
05/04/2018,783.360000
05/07/2018,785.020000
05/08/2018,784.430000
05/09/2018,789.440000
05/10/2018,795.310000
05/11/2018,796.520000
05/14/2018,796.770000
05/15/2018,792.700000
05/16/2018,795.180000
05/17/2018,794.630000
05/18/2018,792.680000
05/21/2018,797.520000
05/22/2018,795.140000
05/23/2018,797.240000
05/24/2018,795.620000
05/25/2018,794.120000
05/29/2018,786.980000
05/30/2018,794.840000
05/31/2018,790.090000
06/01/2018,797.510000
06/04/2018,800.720000
06/05/2018,801.250000
06/06/2018,807.980000
06/07/2018,807.550000
06/08/2018,809.960000
06/11/2018,810.780000
06/12/2018,812.180000
06/13/2018,808.960000
06/14/2018,811.140000
06/15/2018,809.830000
06/18/2018,808.350000
06/19/2018,806.230000
06/20/2018,806.910000
06/21/2018,803.680000
06/22/2018,804.780000
06/25/2018,797.660000
06/26/2018,798.460000
06/27/2018,794.130000
06/28/2018,797.310000
06/29/2018,797.580000
07/02/2018,798.560000
07/03/2018,795.630000
07/05/2018,800.220000
07/06/2018,804.850000
07/09/2018,810.080000
07/10/2018,812.490000
07/11/2018,807.850000
07/12/2018,813.550000
07/13/2018,814.140000
07/16/2018,813.200000
07/17/2018,815.650000
07/18/2018,817.150000
07/19/2018,814.670000
07/20/2018,813.920000
07/23/2018,815.050000
07/24/2018,818.470000
07/25/2018,825.150000
07/26/2018,822.790000
07/27/2018,817.950000
07/30/2018,813.790000
07/31/2018,816.720000
08/01/2018,816.280000
08/02/2018,819.660000
08/03/2018,823.130000
08/06/2018,825.700000
08/07/2018,827.820000
08/08/2018,827.570000
08/09/2018,826.680000
08/10/2018,821.770000
08/13/2018,819.170000
08/14/2018,823.510000
08/15/2018,817.890000
08/16/2018,824.000000
08/17/2018,824.000000
08/20/2018,828.190000
08/21/2018,829.940000
08/22/2018,829.500000
08/23/2018,828.070000
08/24/2018,832.970000
08/27/2018,839.230000
08/28/2018,839.470000
08/29/2018,844.220000
08/30/2018,840.840000
08/31/2018,840.950000
09/04/2018,839.520000
09/05/2018,837.320000
09/06/2018,834.480000
09/07/2018,832.880000
09/10/2018,834.030000
09/11/2018,837.100000
09/12/2018,837.370000
09/13/2018,841.940000
09/14/2018,842.310000
09/17/2018,837.680000
09/18/2018,842.130000
09/19/2018,843.170000
09/20/2018,849.800000
09/21/2018,850.180000
09/24/2018,847.650000
09/25/2018,846.890000
09/26/2018,844.520000
09/27/2018,846.240000
09/28/2018,846.150000
10/01/2018,848.480000
10/02/2018,848.370000
10/03/2018,848.670000
10/04/2018,844.100000
10/05/2018,840.970000
10/08/2018,840.540000
10/09/2018,839.740000
10/10/2018,823.710000
10/11/2018,817.040000
10/12/2018,820.460000
10/15/2018,817.470000
10/16/2018,825.380000
10/17/2018,825.030000
10/18/2018,819.550000
10/19/2018,819.600000
10/22/2018,817.060000
10/23/2018,815.440000
10/24/2018,808.770000
10/25/2018,812.370000
10/26/2018,808.890000
10/29/2018,807.020000
10/30/2018,810.140000
10/31/2018,812.530000
11/01/2018,814.850000
11/02/2018,813.060000
11/05/2018,814.340000
11/06/2018,816.300000
11/07/2018,822.850000
11/08/2018,821.990000
11/09/2018,817.860000
11/12/2018,811.160000
11/13/2018,810.690000
11/14/2018,808.920000
11/15/2018,811.680000
11/16/2018,811.120000
11/19/2018,807.350000
11/20/2018,804.820000
11/21/2018,805.180000
11/22/2018,805.180000
11/23/2018,804.660000
11/26/2018,805.380000
11/27/2018,805.830000
11/28/2018,810.810000
11/29/2018,810.370000
11/30/2018,813.440000
12/03/2018,815.050000
12/04/2018,806.680000
12/06/2018,806.510000
12/07/2018,804.690000
12/10/2018,804.220000
12/11/2018,804.010000
12/12/2018,804.180000
12/13/2018,804.300000
12/14/2018,804.050000
12/17/2018,803.760000
12/18/2018,804.180000
12/19/2018,804.570000
12/20/2018,804.490000
12/21/2018,796.400000
12/24/2018,785.030000
12/25/2018,785.030000
12/26/2018,806.890000
12/27/2018,812.500000
12/28/2018,811.120000
12/31/2018,814.070000
01/02/2019,813.810000
01/03/2019,801.640000
01/04/2019,801.640000
01/07/2019,801.640000
01/08/2019,801.640000
01/09/2019,801.640000
01/10/2019,801.640000
01/11/2019,834.070000
01/14/2019,834.070000
01/15/2019,834.070000
01/16/2019,834.070000
01/17/2019,834.070000
01/18/2019,834.070000
01/22/2019,844.800000
01/23/2019,846.230000
01/24/2019,846.870000
01/25/2019,853.130000
01/28/2019,846.970000
01/29/2019,845.730000
01/30/2019,857.770000
01/31/2019,864.830000
02/01/2019,865.590000
02/04/2019,871.160000
02/05/2019,875.160000
02/06/2019,873.340000
02/07/2019,865.550000
02/08/2019,866.190000
02/11/2019,866.680000
02/12/2019,877.730000
02/13/2019,880.410000
02/14/2019,878.480000
02/15/2019,887.880000
02/19/2019,889.130000
02/20/2019,890.810000
02/21/2019,887.740000
02/22/2019,893.390000
02/25/2019,894.700000
02/26/2019,893.960000
02/27/2019,893.590000
02/28/2019,891.340000
03/01/2019,897.430000
03/04/2019,893.960000
03/05/2019,892.970000
03/06/2019,887.220000
03/07/2019,880.190000
03/08/2019,878.360000
03/11/2019,891.240000
03/12/2019,893.910000
03/13/2019,900.180000
03/14/2019,899.700000
03/15/2019,904.320000
03/18/2019,907.320000
03/19/2019,907.260000
03/20/2019,904.870000
03/21/2019,914.000000
03/22/2019,899.570000
03/25/2019,898.150000
03/26/2019,902.980000
03/27/2019,899.240000
03/28/2019,901.890000
03/29/2019,907.100000
04/01/2019,917.200000
04/02/2019,917.190000
04/03/2019,919.130000
04/04/2019,921.140000
04/05/2019,925.230000
04/08/2019,926.180000
04/09/2019,920.880000
04/10/2019,924.090000
04/11/2019,924.120000
04/12/2019,930.290000
04/15/2019,929.700000
04/16/2019,930.180000
04/17/2019,928.150000
04/18/2019,933.300000
04/22/2019,934.090000
04/23/2019,941.850000
04/24/2019,940.140000
04/25/2019,939.900000
04/26/2019,943.800000
04/29/2019,944.680000
04/30/2019,945.660000
05/01/2019,939.320000
05/02/2019,937.340000
05/03/2019,945.360000
05/06/2019,942.050000
05/07/2019,930.130000
05/08/2019,928.690000
05/09/2019,925.280000
05/10/2019,927.380000
05/13/2019,909.180000
05/14/2019,914.390000
05/15/2019,918.250000
05/16/2019,925.170000
05/17/2019,920.380000
05/20/2019,915.220000
05/21/2019,920.900000
05/22/2019,918.400000
05/23/2019,909.340000
05/24/2019,909.370000
05/28/2019,903.270000
05/29/2019,898.010000
05/30/2019,898.600000
05/31/2019,889.470000
06/03/2019,886.780000
06/04/2019,901.720000
06/05/2019,908.030000
06/06/2019,913.510000
06/07/2019,922.960000
06/10/2019,927.040000
06/11/2019,926.700000
06/12/2019,924.780000
06/13/2019,928.770000
06/14/2019,927.320000
06/17/2019,928.190000
06/18/2019,937.230000
06/19/2019,940.010000
06/20/2019,948.990000
06/21/2019,948.700000
06/24/2019,946.860000
06/25/2019,940.550000
06/26/2019,939.380000
06/27/2019,941.890000
06/28/2019,945.530000
07/01/2019,950.040000
07/02/2019,951.480000
07/03/2019,957.740000
07/05/2019,956.190000
07/08/2019,952.520000
07/09/2019,953.860000
07/10/2019,957.080000
07/11/2019,958.750000
07/12/2019,962.400000
07/15/2019,962.440000
07/16/2019,959.360000
07/17/2019,954.510000
07/18/2019,957.130000
07/19/2019,952.270000
07/22/2019,953.810000
07/23/2019,959.120000
07/24/2019,962.940000
07/25/2019,958.560000
07/26/2019,964.730000
07/29/2019,963.290000
07/30/2019,961.390000
07/31/2019,952.860000
08/01/2019,947.380000
08/02/2019,941.850000
08/05/2019,925.260000
08/06/2019,930.650000
08/07/2019,930.710000
08/08/2019,942.530000
08/09/2019,938.120000
08/12/2019,931.050000
08/13/2019,939.390000
08/14/2019,922.950000
08/15/2019,923.300000
08/16/2019,930.130000
08/19/2019,937.490000
08/20/2019,930.580000
08/21/2019,936.280000
08/22/2019,936.270000
08/23/2019,920.340000
08/26/2019,925.880000
08/27/2019,924.120000
08/28/2019,927.430000
08/29/2019,936.350000
08/30/2019,937.360000
09/03/2019,930.910000
09/04/2019,938.280000
09/05/2019,949.130000
09/06/2019,949.560000
09/09/2019,949.320000
09/10/2019,949.560000
09/11/2019,956.290000
09/12/2019,959.150000
09/13/2019,958.670000
09/16/2019,955.670000
09/17/2019,958.080000
09/18/2019,958.390000
09/19/2019,958.420000
09/20/2019,957.180000
09/23/2019,955.710000
09/24/2019,950.240000
09/25/2019,954.430000
09/26/2019,952.520000
09/27/2019,949.870000
09/30/2019,952.310000
10/01/2019,945.120000
10/02/2019,935.550000
10/03/2019,939.150000
10/04/2019,946.240000
10/07/2019,943.150000
10/08/2019,935.450000
10/09/2019,939.610000
10/10/2019,943.000000
10/11/2019,948.810000
10/14/2019,946.380000
10/15/2019,952.490000
10/16/2019,950.760000
10/17/2019,952.740000
10/18/2019,949.910000
10/21/2019,954.170000
10/22/2019,951.510000
10/23/2019,953.370000
10/24/2019,954.590000
10/25/2019,957.290000
10/28/2019,961.840000
10/29/2019,961.400000
10/30/2019,963.590000
10/31/2019,961.290000
11/01/2019,968.920000
11/04/2019,972.180000
11/05/2019,971.220000
11/06/2019,971.730000
11/07/2019,974.500000
11/08/2019,976.660000
11/11/2019,974.700000
11/12/2019,976.000000
11/13/2019,976.810000
11/14/2019,977.680000
11/15/2019,984.630000
11/18/2019,985.070000
11/19/2019,984.590000
11/20/2019,981.150000
11/21/2019,979.700000
11/22/2019,981.500000
11/25/2019,988.520000
11/26/2019,990.670000
11/27/2019,994.800000
11/29/2019,991.220000
12/02/2019,983.010000
12/03/2019,976.780000
12/04/2019,982.540000
12/05/2019,984.110000
12/06/2019,992.930000
12/09/2019,990.160000
12/10/2019,989.020000
12/11/2019,991.740000
12/12/2019,1000.220000
12/13/2019,1000.410000
12/16/2019,1007.470000
12/17/2019,1007.780000
12/18/2019,1007.410000
12/19/2019,1011.960000
12/20/2019,1017.200000
12/23/2019,1017.960000
12/24/2019,1017.710000
12/25/2019,1017.710000
12/26/2019,1021.940000
12/27/2019,1022.440000
12/30/2019,1018.340000
12/31/2019,1020.090000
01/02/2020,1026.400000
01/03/2020,1021.390000
01/06/2020,1023.660000
01/07/2020,1021.270000
01/08/2020,1025.080000
01/09/2020,1030.370000
01/10/2020,1027.750000
01/13/2020,1033.580000
01/14/2020,1032.130000
01/15/2020,1033.610000
01/16/2020,1040.600000
01/17/2020,1044.920000
01/21/2020,1042.410000
01/22/2020,1042.650000
01/23/2020,1043.850000
01/24/2020,1036.180000
01/27/2020,1023.870000
01/28/2020,1031.280000
01/29/2020,1030.320000
01/30/2020,1032.780000
01/31/2020,1018.840000
02/03/2020,1023.960000
02/04/2020,1036.000000
02/05/2020,1046.200000
02/06/2020,1049.540000
02/07/2020,1044.520000
02/10/2020,1051.510000
02/11/2020,1053.180000
02/12/2020,1059.270000
02/13/2020,1057.960000
02/14/2020,1059.790000
02/18/2020,1056.830000
02/19/2020,1061.690000
02/20/2020,1057.980000
02/21/2020,1047.850000
02/24/2020,1019.720000
02/25/2020,997.170000
02/26/2020,993.510000
02/27/2020,977.770000
02/28/2020,925.450000
03/02/2020,1039.790000
03/03/2020,1028.710000
03/04/2020,1047.780000
03/05/2020,1031.680000
03/06/2020,1022.250000
03/09/2020,962.420000
03/10/2020,962.670000
03/11/2020,959.950000
03/12/2020,960.940000
03/13/2020,961.650000
03/16/2020,955.530000
03/17/2020,957.720000
03/18/2020,955.400000
03/19/2020,957.900000
03/20/2020,928.810000
03/23/2020,903.870000
03/24/2020,934.800000
03/25/2020,944.490000
03/26/2020,966.980000
03/27/2020,957.870000
03/30/2020,973.260000
03/31/2020,969.570000
04/01/2020,954.490000
04/02/2020,963.090000
04/03/2020,952.830000
04/06/2020,982.040000
04/07/2020,982.890000
04/08/2020,993.940000
04/09/2020,995.530000
04/13/2020,998.510000
04/14/2020,999.120000
04/15/2020,1002.530000
04/16/2020,1004.470000
04/17/2020,1005.600000
04/20/2020,993.900000
04/21/2020,969.420000
04/22/2020,986.000000
04/23/2020,984.760000
04/24/2020,993.950000
04/27/2020,1004.950000
04/28/2020,1000.620000
04/29/2020,1023.620000
04/30/2020,1016.460000
05/01/2020,991.050000
05/04/2020,993.210000
05/05/2020,1000.490000
05/06/2020,994.020000
05/07/2020,1004.250000
05/08/2020,1019.750000
05/11/2020,1019.210000
05/12/2020,1000.360000
05/13/2020,984.550000
05/14/2020,994.470000
05/15/2020,997.260000
05/18/2020,1023.890000
05/19/2020,1015.080000
05/20/2020,1028.940000
05/21/2020,1022.600000
05/22/2020,1025.360000
05/26/2020,1036.340000
05/27/2020,1048.160000
05/28/2020,1045.940000
05/29/2020,1050.520000
06/01/2020,1053.450000
06/02/2020,1060.490000
06/03/2020,1068.310000
06/04/2020,1067.300000
06/05/2020,1078.040000
06/08/2020,1080.110000
06/09/2020,1077.940000
06/10/2020,1077.840000
06/11/2020,1040.260000
06/12/2020,1052.810000
06/15/2020,1061.150000
06/16/2020,1073.450000
06/17/2020,1076.530000
06/18/2020,1081.220000
06/19/2020,1068.990000
06/22/2020,1069.940000
06/23/2020,1072.950000
06/24/2020,1057.240000
06/25/2020,1062.040000
06/26/2020,1048.030000
06/29/2020,1053.340000
06/30/2020,1061.440000
07/01/2020,1064.140000
07/02/2020,1066.750000
07/06/2020,1078.360000
07/07/2020,1070.640000
07/08/2020,1075.750000
07/09/2020,1072.310000
07/10/2020,1078.820000
07/13/2020,1074.810000
07/14/2020,1083.040000
07/15/2020,1089.370000
07/16/2020,1085.620000
07/17/2020,1086.000000
07/20/2020,1091.740000
07/21/2020,1093.640000
07/22/2020,1098.070000
07/23/2020,1088.190000
07/24/2020,1082.470000
07/27/2020,1087.420000
07/28/2020,1081.610000
07/29/2020,1091.820000
07/30/2020,1089.070000
07/31/2020,1095.180000
08/03/2020,1101.650000
08/04/2020,1104.570000
08/05/2020,1110.340000
08/06/2020,1116.650000
08/07/2020,1117.350000
08/10/2020,1119.540000
08/11/2020,1112.390000
08/12/2020,1125.810000
08/13/2020,1123.810000
08/14/2020,1123.390000
08/17/2020,1125.550000
08/18/2020,1128.100000
08/19/2020,1123.700000
08/20/2020,1127.030000
08/21/2020,1130.580000
08/24/2020,1141.280000
08/25/2020,1145.050000
08/26/2020,1156.370000
08/27/2020,1158.220000
08/28/2020,1165.470000
08/31/2020,1162.480000
09/01/2020,1171.780000
09/02/2020,1188.010000
09/03/2020,1149.980000
09/04/2020,1140.570000
09/08/2020,1108.870000
09/09/2020,1130.100000
09/10/2020,1110.560000
09/11/2020,1110.370000
09/14/2020,1124.750000
09/15/2020,1130.570000
09/16/2020,1125.410000
09/17/2020,1115.940000
09/18/2020,1106.340000
09/21/2020,1098.780000
09/22/2020,1107.010000
09/23/2020,1092.160000
09/24/2020,1093.510000
09/25/2020,1103.050000
09/28/2020,1114.400000
09/29/2020,1110.520000
09/30/2020,1116.560000
10/01/2020,1121.410000
10/02/2020,1114.100000
10/05/2020,1127.020000
10/06/2020,1115.660000
10/07/2020,1127.970000
10/08/2020,1133.110000
10/09/2020,1139.060000
10/12/2020,1154.260000
10/13/2020,1148.280000
10/14/2020,1141.630000
10/15/2020,1140.510000
10/16/2020,1140.920000
10/19/2020,1126.890000
10/20/2020,1130.940000
10/21/2020,1127.980000
10/22/2020,1132.000000
10/23/2020,1134.820000
10/26/2020,1121.100000
10/27/2020,1118.810000
10/28/2020,1095.440000
10/29/2020,1099.040000
10/30/2020,1079.950000
11/02/2020,1100.050000
11/03/2020,1109.600000
11/04/2020,1126.580000
11/05/2020,1144.510000
11/09/2020,1145.660000
11/10/2020,1151.160000
11/11/2020,1158.630000
11/12/2020,1149.050000
11/13/2020,1162.130000
11/16/2020,1174.280000
11/17/2020,1168.910000
11/18/2020,1156.450000
11/19/2020,1160.230000
11/20/2020,1152.690000
11/23/2020,1158.420000
11/24/2020,1175.880000
11/25/2020,1173.940000
11/27/2020,1176.630000
11/30/2020,1171.420000
12/01/2020,1184.240000
12/02/2020,1186.490000
12/03/2020,1185.890000
12/04/2020,1196.100000
12/07/2020,1193.820000
12/08/2020,1197.120000
12/09/2020,1187.870000
12/10/2020,1186.370000
12/11/2020,1185.040000
12/14/2020,1180.120000
12/15/2020,1195.030000
12/16/2020,1197.060000
12/17/2020,1203.970000
12/18/2020,1196.980000
12/21/2020,1197.380000
12/22/2020,1194.710000
12/23/2020,1193.620000
12/24/2020,1195.130000
12/28/2020,1202.350000
12/29/2020,1201.650000
12/30/2020,1201.750000
12/31/2020,1203.410000
01/04/2021,1196.920000
01/05/2021,1201.570000
01/06/2021,1206.710000
01/07/2021,1218.680000
01/08/2021,1224.090000
01/11/2021,1219.330000
01/12/2021,1218.570000
01/13/2021,1219.720000
01/14/2021,1216.370000
01/15/2021,1210.140000
01/19/2021,1216.240000
01/20/2021,1229.150000
01/21/2021,1229.340000
01/22/2021,1226.400000
01/25/2021,1230.510000
01/26/2021,1228.970000
01/27/2021,1209.680000
01/28/2021,1217.670000
01/29/2021,1189.760000
02/01/2021,1213.010000
02/02/2021,1218.360000
02/03/2021,1222.290000
02/04/2021,1232.170000
02/05/2021,1236.160000
02/08/2021,1244.040000
02/09/2021,1242.860000
02/10/2021,1242.420000
02/11/2021,1243.830000
02/12/2021,1248.570000
02/16/2021,1246.340000
02/17/2021,1247.520000
02/18/2021,1242.610000
02/19/2021,1239.990000
02/22/2021,1231.120000
02/23/2021,1232.030000
02/24/2021,1244.440000
02/25/2021,1219.990000
02/26/2021,1207.950000
03/01/2021,1237.460000
03/02/2021,1227.980000
03/03/2021,1213.310000
03/04/2021,1199.140000
03/05/2021,1218.920000
03/08/2021,1212.340000
03/09/2021,1228.070000
03/10/2021,1234.920000
03/11/2021,1247.560000
03/12/2021,1248.850000
03/15/2021,1256.950000
03/16/2021,1255.040000
03/17/2021,1258.580000
03/18/2021,1240.050000
03/19/2021,1240.470000
03/22/2021,1243.560000
03/23/2021,1237.260000
03/24/2021,1232.310000
03/25/2021,1235.530000
03/26/2021,1250.560000
03/29/2021,1250.340000
03/30/2021,1245.630000
03/31/2021,1248.790000
04/01/2021,1259.790000
04/05/2021,1275.140000
04/06/2021,1274.230000
04/07/2021,1275.300000
04/08/2021,1280.240000
04/09/2021,1289.170000
04/12/2021,1288.530000
04/13/2021,1291.740000
04/14/2021,1287.560000
04/15/2021,1300.300000
04/16/2021,1304.420000
04/19/2021,1298.320000
04/20/2021,1290.920000
04/21/2021,1300.850000
04/22/2021,1290.810000
04/23/2021,1302.600000
04/26/2021,1304.500000
04/27/2021,1303.980000
04/28/2021,1302.890000
04/29/2021,1310.950000
04/30/2021,1302.480000
05/03/2021,1305.380000
05/04/2021,1297.390000
05/05/2021,1297.920000
05/06/2021,1307.900000
05/07/2021,1316.560000
05/10/2021,1303.360000
05/11/2021,1293.860000
05/12/2021,1271.700000
05/13/2021,1283.500000
05/14/2021,1299.320000
05/17/2021,1296.080000
05/18/2021,1285.710000
05/19/2021,1282.730000
05/20/2021,1295.060000
05/21/2021,1293.820000
05/24/2021,1305.330000
05/25/2021,1302.590000
05/26/2021,1304.520000
05/27/2021,1306.040000
05/28/2021,1307.000000
06/01/2021,1306.270000
06/02/2021,1308.020000
06/03/2021,1303.520000
06/04/2021,1314.770000
06/07/2021,1313.640000
06/08/2021,1313.950000
06/09/2021,1311.670000
06/10/2021,1317.640000
06/11/2021,1320.160000
06/14/2021,1322.840000
06/15/2021,1320.280000
06/16/2021,1313.120000
06/17/2021,1312.510000
06/18/2021,1298.200000
06/21/2021,1309.160000
06/22/2021,1313.050000
06/23/2021,1311.280000
06/24/2021,1317.020000
06/25/2021,1319.970000
06/28/2021,1322.350000
06/29/2021,1323.080000
06/30/2021,1324.540000
07/01/2021,1330.070000
07/02/2021,1338.880000
07/06/2021,1336.810000
07/07/2021,1340.870000
07/08/2021,1332.440000
07/09/2021,1344.090000
07/12/2021,1347.910000
07/13/2021,1344.170000
07/14/2021,1345.090000
07/15/2021,1340.920000
07/16/2021,1333.270000
07/19/2021,1317.610000
07/20/2021,1332.420000
07/21/2021,1340.440000
07/22/2021,1342.840000
07/23/2021,1354.800000
07/26/2021,1357.250000
07/27/2021,1351.840000
07/28/2021,1350.950000
07/29/2021,1355.760000
07/30/2021,1349.340000
08/02/2021,1347.360000
08/03/2021,1356.420000
08/04/2021,1350.520000
08/05/2021,1357.620000
08/06/2021,1359.190000
08/09/2021,1358.090000
08/10/2021,1359.130000
08/11/2021,1362.060000
08/12/2021,1366.010000
08/13/2021,1368.000000
08/16/2021,1371.380000
08/17/2021,1362.480000
08/18/2021,1350.140000
08/19/2021,1352.020000
08/20/2021,1360.780000
08/23/2021,1371.310000
08/24/2021,1373.230000
08/25/2021,1375.990000
08/26/2021,1368.560000
08/27/2021,1379.910000
08/30/2021,1385.510000
08/31/2021,1383.920000
09/01/2021,1384.220000
09/02/2021,1388.460000
09/03/2021,1387.880000
09/07/2021,1383.120000
09/08/2021,1381.220000
09/09/2021,1375.070000
09/10/2021,1365.230000
09/13/2021,1367.630000
09/14/2021,1359.910000
09/15/2021,1371.270000
09/16/2021,1369.150000
09/17/2021,1357.840000
09/20/2021,1344.530000
09/21/2021,1343.070000
09/22/2021,1348.160000
09/23/2021,1357.890000
09/24/2021,1358.290000
09/27/2021,1355.260000
09/28/2021,1339.170000
09/29/2021,1340.310000
09/30/2021,1326.560000
10/01/2021,1337.660000
10/04/2021,1326.310000
10/05/2021,1334.480000
10/06/2021,1337.690000
10/07/2021,1344.410000
10/08/2021,1341.480000
10/11/2021,1334.860000
10/12/2021,1331.360000
10/13/2021,1332.690000
10/14/2021,1348.390000
10/15/2021,1356.190000
10/18/2021,1359.490000
10/19/2021,1367.430000
10/20/2021,1371.450000
10/21/2021,1374.620000
10/22/2021,1373.770000
10/25/2021,1378.470000
10/26/2021,1381.400000
10/27/2021,1375.890000
10/28/2021,1387.100000
10/29/2021,1389.820000
11/01/2021,1391.310000
11/02/2021,1395.540000
11/03/2021,1403.310000
11/04/2021,1408.950000
11/05/2021,1414.500000
11/08/2021,1415.680000
11/09/2021,1411.190000
11/10/2021,1400.820000
11/11/2021,1400.650000
11/12/2021,1409.520000
11/15/2021,1409.180000
11/16/2021,1414.300000
11/17/2021,1411.140000
11/18/2021,1415.940000
11/19/2021,1414.240000
11/22/2021,1409.940000
11/23/2021,1411.920000
11/24/2021,1414.850000
11/26/2021,1387.670000
11/29/2021,1401.990000
11/30/2021,1378.720000
12/01/2021,1366.390000
12/02/2021,1379.610000
12/03/2021,1371.820000
12/06/2021,1383.820000
12/07/2021,1409.990000
12/08/2021,1413.740000
12/09/2021,1404.040000
12/10/2021,1416.850000
12/13/2021,1403.860000
12/14/2021,1393.560000
12/15/2021,1416.310000
12/16/2021,1404.050000
12/17/2021,1390.770000
12/20/2021,1379.680000
12/21/2021,1395.120000
12/22/2021,1403.800000
12/23/2021,1410.000000
12/27/2021,1424.160000
12/28/2021,1422.410000
12/29/2021,1423.100000
12/30/2021,1419.530000
12/31/2021,1416.030000
01/03/2022,1422.450000
01/04/2022,1421.810000
01/05/2022,1401.190000
01/06/2022,1399.910000
01/07/2022,1394.250000
01/10/2022,1391.570000
01/11/2022,1400.670000
01/12/2022,1403.110000
01/13/2022,1388.920000
01/14/2022,1389.010000
01/18/2022,1371.760000
01/19/2022,1363.100000
01/20/2022,1354.850000
01/21/2022,1343.130000
01/24/2022,1342.330000
01/25/2022,1334.270000
01/26/2022,1334.360000
01/27/2022,1330.840000
01/28/2022,1343.230000
01/31/2022,1356.120000
02/01/2022,1359.660000
02/02/2022,1367.910000
02/03/2022,1348.760000
02/04/2022,1351.190000
02/07/2022,1346.330000
02/08/2022,1351.790000
02/09/2022,1364.410000
02/10/2022,1350.130000
02/11/2022,1338.340000
02/14/2022,1334.030000
02/15/2022,1342.050000
02/16/2022,1340.890000
02/17/2022,1327.800000
02/18/2022,1323.180000
02/22/2022,1317.000000
02/23/2022,1309.450000
02/24/2022,1313.450000
02/25/2022,1323.670000
02/28/2022,1322.770000
03/01/2022,1316.640000
03/02/2022,1323.610000
03/03/2022,1319.600000
03/04/2022,1315.110000
03/07/2022,1305.400000
03/08/2022,1303.890000
03/09/2022,1306.610000
03/10/2022,1304.560000
03/11/2022,1302.420000
03/14/2022,1302.080000
03/15/2022,1302.460000
03/16/2022,1303.440000
03/17/2022,1305.680000
03/18/2022,1312.480000
03/21/2022,1311.780000
03/22/2022,1321.620000
03/23/2022,1309.880000
03/24/2022,1322.960000
03/25/2022,1327.660000
03/28/2022,1334.280000
03/29/2022,1346.560000
03/30/2022,1338.700000
03/31/2022,1324.190000
04/01/2022,1325.720000
04/04/2022,1332.570000
04/05/2022,1320.920000
04/06/2022,1311.010000
04/07/2022,1314.610000
04/08/2022,1311.380000
04/11/2022,1295.580000
04/12/2022,1292.290000
04/13/2022,1300.480000
04/14/2022,1288.960000
04/18/2022,1287.250000
04/19/2022,1301.780000
04/20/2022,1300.210000
04/21/2022,1287.410000
04/22/2022,1266.610000
04/25/2022,1269.270000
04/26/2022,1252.020000
04/27/2022,1251.530000
04/28/2022,1267.210000
04/29/2022,1242.620000
05/02/2022,1245.120000
05/03/2022,1246.580000
05/04/2022,1264.930000
05/05/2022,1242.430000
05/06/2022,1238.800000
05/09/2022,1225.380000
05/10/2022,1225.030000
05/11/2022,1218.750000
05/12/2022,1218.060000
05/13/2022,1223.040000
05/16/2022,1218.650000
05/17/2022,1226.070000
05/18/2022,1213.330000
05/19/2022,1212.740000
05/20/2022,1211.930000
05/23/2022,1213.230000
05/24/2022,1211.760000
05/25/2022,1212.570000
05/26/2022,1215.510000
05/27/2022,1219.200000
05/31/2022,1218.130000
06/01/2022,1216.780000
06/02/2022,1219.910000
06/03/2022,1216.350000
06/06/2022,1216.720000
06/07/2022,1218.510000
06/08/2022,1215.480000
06/09/2022,1211.940000
06/10/2022,1211.240000
06/13/2022,1210.170000
06/14/2022,1209.580000
06/15/2022,1210.180000
06/16/2022,1209.080000
06/17/2022,1212.590000
06/21/2022,1230.610000
06/22/2022,1229.140000
06/23/2022,1237.430000
06/24/2022,1259.480000
06/27/2022,1257.740000
06/28/2022,1243.210000
06/29/2022,1242.850000
06/30/2022,1236.100000
07/01/2022,1245.550000
07/05/2022,1247.090000
07/06/2022,1250.230000
07/07/2022,1264.770000
07/08/2022,1264.490000
07/11/2022,1253.210000
07/12/2022,1243.540000
07/13/2022,1238.230000
07/14/2022,1234.600000
07/15/2022,1252.950000
07/18/2022,1244.580000
07/19/2022,1272.580000
07/20/2022,1277.730000
07/21/2022,1287.990000
07/22/2022,1278.180000
07/25/2022,1279.550000
07/26/2022,1267.340000
07/27/2022,1295.200000
07/28/2022,1307.620000
07/29/2022,1321.680000
08/01/2022,1320.270000
08/02/2022,1313.900000
08/03/2022,1329.310000
08/04/2022,1329.580000
08/05/2022,1329.440000
08/08/2022,1328.930000
08/09/2022,1324.590000
08/10/2022,1346.250000
08/11/2022,1346.290000
08/12/2022,1358.500000
08/15/2022,1360.780000
08/16/2022,1361.970000
08/17/2022,1361.230000
08/18/2022,1362.780000
08/19/2022,1354.400000
08/22/2022,1326.180000
08/23/2022,1323.160000
08/24/2022,1326.620000
08/25/2022,1345.050000
08/26/2022,1300.780000
08/29/2022,1291.920000
08/30/2022,1277.830000
08/31/2022,1267.820000
09/01/2022,1271.700000
09/02/2022,1258.170000
09/06/2022,1252.820000
09/07/2022,1275.440000
09/08/2022,1283.910000
09/09/2022,1303.570000
09/12/2022,1317.270000
09/13/2022,1260.130000
09/14/2022,1265.040000
09/15/2022,1250.790000
09/16/2022,1238.310000
09/19/2022,1242.400000
09/20/2022,1233.860000
09/21/2022,1220.660000
09/22/2022,1213.080000
09/23/2022,1201.540000
09/26/2022,1195.770000
09/27/2022,1194.930000
09/28/2022,1206.870000
09/29/2022,1192.170000
09/30/2022,1181.710000
10/03/2022,1196.230000
10/04/2022,1218.550000
10/05/2022,1216.760000
10/06/2022,1210.060000
10/07/2022,1189.490000
10/10/2022,1185.750000
10/11/2022,1182.100000
10/12/2022,1179.910000
10/13/2022,1194.890000
10/14/2022,1178.780000
10/17/2022,1194.690000
10/18/2022,1201.680000
10/19/2022,1196.900000
10/20/2022,1190.940000
10/21/2022,1204.700000
10/24/2022,1211.280000
10/25/2022,1220.920000
10/26/2022,1216.300000
10/27/2022,1211.450000
10/28/2022,1228.110000
10/31/2022,1223.450000
11/01/2022,1220.570000
11/02/2022,1202.790000
11/03/2022,1194.450000
11/04/2022,1203.710000
11/07/2022,1210.490000
11/08/2022,1215.960000
11/09/2022,1199.660000
11/10/2022,1243.750000
11/11/2022,1252.580000
11/14/2022,1246.170000
11/15/2022,1254.830000
11/16/2022,1248.050000
11/17/2022,1244.580000
11/18/2022,1249.290000
11/21/2022,1244.340000
11/22/2022,1259.520000
11/23/2022,1266.430000
11/25/2022,1266.080000
11/28/2022,1247.530000
11/29/2022,1245.550000
11/30/2022,1282.030000
12/01/2022,1281.090000
12/02/2022,1279.950000
12/05/2022,1257.720000
12/06/2022,1240.390000
12/07/2022,1237.970000
12/08/2022,1246.960000
12/09/2022,1237.890000
12/12/2022,1255.040000
12/13/2022,1264.130000
12/14/2022,1256.670000
12/15/2022,1225.440000
12/16/2022,1209.040000
12/19/2022,1200.230000
12/20/2022,1200.200000
12/21/2022,1212.000000
12/22/2022,1200.470000
12/23/2022,1205.220000
12/27/2022,1201.300000
12/28/2022,1191.210000
12/29/2022,1205.240000
12/30/2022,1202.940000
01/03/2023,1198.760000
01/04/2023,1204.080000
01/05/2023,1193.780000
01/06/2023,1212.980000
01/09/2023,1212.450000
01/10/2023,1217.910000
01/11/2023,1231.170000
01/12/2023,1233.230000
01/13/2023,1236.970000
01/17/2023,1234.600000
01/18/2023,1218.360000
01/19/2023,1210.650000
01/20/2023,1229.110000
01/23/2023,1241.510000
01/24/2023,1240.570000
01/25/2023,1240.030000
01/26/2023,1252.140000
01/27/2023,1254.880000
01/30/2023,1240.620000
01/31/2023,1256.710000
02/01/2023,1268.290000
02/02/2023,1284.390000
02/03/2023,1273.330000
02/06/2023,1266.530000
02/07/2023,1281.050000
02/08/2023,1268.620000
02/09/2023,1258.640000
02/10/2023,1261.190000
02/13/2023,1274.560000
02/14/2023,1274.050000
02/15/2023,1277.720000
02/16/2023,1261.180000
02/17/2023,1257.650000
02/21/2023,1233.770000
02/22/2023,1231.580000
02/23/2023,1237.220000
02/24/2023,1224.510000
02/27/2023,1227.620000
02/28/2023,1223.990000
03/01/2023,1218.180000
03/02/2023,1227.090000
03/03/2023,1246.710000
03/06/2023,1247.510000
03/07/2023,1228.660000
03/08/2023,1230.320000
03/09/2023,1208.610000
03/10/2023,1191.880000
03/13/2023,1190.040000
03/14/2023,1208.820000
03/15/2023,1199.960000
03/16/2023,1221.080000
03/17/2023,1208.150000
03/20/2023,1213.480000
03/21/2023,1222.520000
03/22/2023,1208.400000
03/23/2023,1212.390000
03/24/2023,1215.960000
03/27/2023,1215.870000
03/28/2023,1213.430000
03/29/2023,1226.650000
03/30/2023,1232.240000
03/31/2023,1247.120000
04/03/2023,1250.360000
04/04/2023,1244.760000
04/05/2023,1242.410000
04/06/2023,1245.980000
04/10/2023,1246.560000
04/11/2023,1246.540000
04/12/2023,1241.850000
04/13/2023,1255.980000
04/14/2023,1253.180000
04/17/2023,1256.410000
04/18/2023,1257.510000
04/19/2023,1257.400000
04/20/2023,1251.000000
04/21/2023,1251.590000
04/24/2023,1252.200000
04/25/2023,1235.470000
04/26/2023,1230.420000
04/27/2023,1251.180000
04/28/2023,1260.520000
05/01/2023,1259.910000
05/02/2023,1246.850000
05/03/2023,1239.060000
05/04/2023,1231.160000
05/05/2023,1251.000000
05/08/2023,1251.400000
05/09/2023,1246.150000
05/10/2023,1251.020000
05/11/2023,1248.980000
05/12/2023,1247.130000
05/15/2023,1250.510000
05/16/2023,1243.010000
05/17/2023,1256.940000
05/18/2023,1268.520000
05/19/2023,1266.840000
05/22/2023,1267.140000
05/23/2023,1253.560000
05/24/2023,1244.900000
05/25/2023,1255.270000
05/26/2023,1271.110000
05/30/2023,1270.630000
05/31/2023,1263.170000
06/01/2023,1275.530000
06/02/2023,1293.800000
06/05/2023,1291.150000
06/06/2023,1294.220000
06/07/2023,1289.350000
06/08/2023,1297.460000
06/09/2023,1298.920000
06/12/2023,1310.990000
06/13/2023,1320.100000
06/14/2023,1321.470000
06/15/2023,1337.780000
06/16/2023,1333.340000
06/20/2023,1328.370000
06/21/2023,1322.130000
06/22/2023,1325.720000
06/23/2023,1317.640000
06/26/2023,1312.530000
06/27/2023,1323.890000
06/28/2023,1322.110000
06/29/2023,1327.680000
06/30/2023,1340.620000
07/03/2023,1342.830000
07/05/2023,1341.090000
07/06/2023,1333.100000
07/07/2023,1329.640000
07/10/2023,1331.670000
07/11/2023,1338.990000
07/12/2023,1346.610000
07/13/2023,1357.010000
07/14/2023,1355.410000
07/17/2023,1360.060000
07/18/2023,1368.680000
07/19/2023,1372.080000
07/20/2023,1363.520000
07/21/2023,1363.650000
07/24/2023,1368.500000
07/25/2023,1372.170000
07/26/2023,1371.330000
07/27/2023,1363.990000
07/28/2023,1375.830000
07/31/2023,1377.510000
08/01/2023,1374.100000
08/02/2023,1357.510000
08/03/2023,1354.470000
08/04/2023,1348.340000
08/07/2023,1358.300000
08/08/2023,1353.080000
08/09/2023,1344.310000
08/10/2023,1344.430000
08/11/2023,1342.550000
08/14/2023,1349.060000
08/15/2023,1335.460000
08/16/2023,1326.880000
08/17/2023,1318.940000
08/18/2023,1317.640000
08/21/2023,1324.470000
08/22/2023,1320.930000
08/23/2023,1333.370000
08/24/2023,1317.600000
08/25/2023,1324.470000
08/28/2023,1331.450000
08/29/2023,1349.880000
08/30/2023,1355.030000
08/31/2023,1353.110000
09/01/2023,1355.520000
09/05/2023,1349.870000
09/06/2023,1340.490000
09/07/2023,1336.280000
09/08/2023,1338.190000
09/11/2023,1347.060000
09/12/2023,1339.470000
09/13/2023,1341.060000
09/14/2023,1352.740000
09/15/2023,1337.490000
09/18/2023,1338.150000
09/19/2023,1335.430000
09/20/2023,1325.910000
09/21/2023,1311.130000
09/22/2023,1309.220000
09/25/2023,1312.580000
09/26/2023,1301.670000
09/27/2023,1300.750000
09/28/2023,1304.630000
09/29/2023,1302.260000
10/02/2023,1302.130000
10/03/2023,1293.000000
10/04/2023,1298.370000
10/05/2023,1296.900000
10/06/2023,1306.290000
10/09/2023,1311.620000
10/10/2023,1315.560000
10/11/2023,1319.150000
10/12/2023,1313.130000
10/13/2023,1311.140000
10/16/2023,1318.760000
10/17/2023,1318.980000
10/18/2023,1307.680000
10/19/2023,1301.790000
10/20/2023,1291.460000
10/23/2023,1288.690000
10/24/2023,1292.260000
10/25/2023,1283.160000
10/26/2023,1276.350000
10/27/2023,1273.960000
10/30/2023,1278.530000
10/31/2023,1280.620000
11/01/2023,1286.080000
11/02/2023,1300.830000
11/03/2023,1309.490000
11/06/2023,1310.290000
11/07/2023,1313.080000
11/08/2023,1313.620000
11/09/2023,1305.820000
11/10/2023,1321.830000
11/13/2023,1320.730000
11/14/2023,1343.280000
11/15/2023,1345.370000
11/16/2023,1347.160000
11/17/2023,1348.630000
11/20/2023,1357.960000
11/21/2023,1355.210000
11/22/2023,1360.580000
11/24/2023,1361.230000
11/27/2023,1358.520000
11/28/2023,1359.810000
11/29/2023,1358.810000
11/30/2023,1364.180000
12/01/2023,1372.120000
12/04/2023,1364.660000
12/05/2023,1363.860000
12/06/2023,1358.550000
12/07/2023,1369.500000
12/08/2023,1375.090000
12/11/2023,1380.460000
12/12/2023,1386.860000
12/13/2023,1405.710000
12/14/2023,1409.800000
12/15/2023,1410.070000
12/18/2023,1415.550000
12/19/2023,1423.080000
12/20/2023,1406.480000
12/21/2023,1418.390000
12/22/2023,1419.930000
12/26/2023,1424.590000
12/27/2023,1425.560000
12/28/2023,1426.130000
12/29/2023,1422.500000
01/02/2024,1415.530000
01/03/2024,1406.130000
01/04/2024,1402.030000
01/05/2024,1403.390000
01/08/2024,1419.800000
01/09/2024,1417.680000
01/10/2024,1424.760000
01/11/2024,1423.610000
01/12/2024,1424.900000
01/16/2024,1420.490000
01/17/2024,1413.900000
01/18/2024,1424.670000
01/19/2024,1440.220000
01/22/2024,1442.740000
01/23/2024,1446.330000
01/24/2024,1447.610000
01/25/2024,1455.120000
01/26/2024,1454.010000
01/29/2024,1464.460000
01/30/2024,1463.510000
01/31/2024,1441.560000
02/01/2024,1458.480000
02/02/2024,1473.460000
02/05/2024,1468.610000
02/06/2024,1471.690000
02/07/2024,1483.510000
02/08/2024,1484.450000
02/09/2024,1493.020000
02/12/2024,1491.740000
02/13/2024,1472.480000
02/14/2024,1486.090000
02/15/2024,1494.780000
02/16/2024,1487.880000
02/20/2024,1479.020000
02/21/2024,1480.880000
02/22/2024,1511.730000
02/23/2024,1512.190000
02/26/2024,1506.480000
02/27/2024,1509.040000
02/28/2024,1506.680000
02/29/2024,1514.820000
03/01/2024,1527.000000
03/04/2024,1525.120000
03/05/2024,1509.710000
03/06/2024,1517.500000
03/07/2024,1533.270000
03/08/2024,1523.400000
03/11/2024,1521.640000
03/12/2024,1538.680000
03/13/2024,1535.750000
03/14/2024,1531.700000
03/15/2024,1521.560000
03/18/2024,1529.090000
03/19/2024,1535.890000
03/20/2024,1547.490000
03/21/2024,1551.940000
03/22/2024,1550.090000
03/25/2024,1545.570000
03/26/2024,1541.410000
03/27/2024,1553.190000
03/28/2024,1555.370000
04/01/2024,1552.560000
04/02/2024,1542.880000
04/03/2024,1544.170000
04/04/2024,1529.370000
04/05/2024,1544.010000
04/08/2024,1542.340000
04/09/2024,1544.300000
04/10/2024,1532.100000
04/11/2024,1541.420000
04/12/2024,1523.920000
04/15/2024,1510.730000
04/16/2024,1506.920000
04/17/2024,1499.930000
04/18/2024,1497.180000
04/19/2024,1487.920000
04/22/2024,1493.690000
04/23/2024,1506.390000
04/24/2024,1506.480000
04/25/2024,1501.280000
04/26/2024,1512.990000
04/29/2024,1516.320000
04/30/2024,1497.400000
05/01/2024,1492.610000
05/02/2024,1502.970000
05/03/2024,1518.070000
05/06/2024,1531.700000
05/07/2024,1533.460000
05/08/2024,1533.180000
05/09/2024,1540.500000
05/10/2024,1542.880000
05/13/2024,1542.740000
05/14/2024,1549.920000
05/15/2024,1567.380000
05/16/2024,1564.540000
05/17/2024,1566.250000
05/20/2024,1567.700000
05/21/2024,1571.530000
05/22/2024,1567.540000
05/23/2024,1556.440000
05/24/2024,1566.780000
05/28/2024,1567.150000
05/29/2024,1555.990000
05/30/2024,1546.910000
05/31/2024,1558.760000
06/03/2024,1560.430000
06/04/2024,1562.820000
06/05/2024,1581.190000
06/06/2024,1580.800000
06/07/2024,1579.270000
06/10/2024,1583.380000
06/11/2024,1587.730000
06/12/2024,1601.170000
06/13/2024,1604.950000
06/14/2024,1604.580000
06/17/2024,1617.150000
06/18/2024,1621.260000
06/20/2024,1617.170000
06/21/2024,1615.090000
06/24/2024,1610.670000
06/25/2024,1615.450000
06/26/2024,1617.300000
06/27/2024,1618.350000
06/28/2024,1612.720000
07/01/2024,1615.590000
07/02/2024,1624.170000
07/03/2024,1631.760000
07/05/2024,1640.150000
07/08/2024,1641.320000
07/09/2024,1642.540000
07/10/2024,1658.440000
07/11/2024,1644.960000
07/12/2024,1652.870000
07/15/2024,1657.480000
07/16/2024,1667.410000
07/17/2024,1646.740000
07/18/2024,1635.780000
07/19/2024,1626.150000
07/22/2024,1639.930000
07/23/2024,1637.390000
07/24/2024,1607.490000
07/25/2024,1601.510000
07/26/2024,1613.660000
07/29/2024,1613.920000
07/30/2024,1607.700000
07/31/2024,1629.080000
08/01/2024,1611.650000
08/02/2024,1594.840000
08/05/2024,1575.900000
08/06/2024,1574.980000
08/07/2024,1567.400000
08/08/2024,1585.690000
08/09/2024,1587.910000
08/12/2024,1587.340000
08/13/2024,1606.190000
08/14/2024,1609.550000
08/15/2024,1632.420000
08/16/2024,1635.450000
08/19/2024,1650.110000
08/20/2024,1647.740000
08/21/2024,1654.670000
08/22/2024,1641.110000
08/23/2024,1658.060000
08/26/2024,1652.690000
08/27/2024,1655.110000
08/28/2024,1646.210000
08/29/2024,1645.530000
08/30/2024,1661.700000
09/03/2024,1629.280000
09/04/2024,1626.610000
09/05/2024,1621.300000
09/06/2024,1596.690000
09/09/2024,1611.370000
09/10/2024,1617.820000
09/11/2024,1634.150000
09/12/2024,1645.830000
09/13/2024,1654.840000
09/16/2024,1657.220000
09/17/2024,1657.720000
09/18/2024,1652.830000
09/19/2024,1680.730000
09/20/2024,1676.470000
09/23/2024,1679.900000
09/24/2024,1682.900000
09/25/2024,1680.930000
09/26/2024,1686.640000
09/27/2024,1686.660000
09/30/2024,1691.930000
10/01/2024,1681.350000
10/02/2024,1680.850000
10/03/2024,1679.370000
10/04/2024,1690.610000
10/07/2024,1679.010000
10/08/2024,1690.130000
10/09/2024,1700.330000
10/10/2024,1697.240000
10/11/2024,1705.890000
10/14/2024,1716.010000
10/15/2024,1705.210000
10/16/2024,1711.720000
10/17/2024,1710.250000
10/18/2024,1715.700000
10/21/2024,1712.640000
10/22/2024,1711.680000
10/23/2024,1698.850000
10/24/2024,1701.810000
10/25/2024,1702.440000
10/28/2024,1705.060000
10/29/2024,1706.570000
10/30/2024,1702.180000
10/31/2024,1677.360000
11/01/2024,1682.090000
11/04/2024,1676.230000
11/05/2024,1692.550000
11/06/2024,1729.260000
11/07/2024,1740.990000
11/08/2024,1747.580000
11/11/2024,1748.940000
11/12/2024,1743.880000
11/13/2024,1743.880000
11/14/2024,1733.650000
11/15/2024,1712.670000
11/18/2024,1718.530000
11/19/2024,1725.400000
11/20/2024,1725.860000
11/21/2024,1734.830000
11/22/2024,1740.310000
11/25/2024,1745.010000
11/26/2024,1754.800000
11/27/2024,1748.300000
11/29/2024,1757.870000
12/02/2024,1762.240000
12/03/2024,1763.090000
12/04/2024,1773.740000
12/05/2024,1770.490000
12/06/2024,1774.790000
12/09/2024,1764.110000
12/10/2024,1758.930000
12/11/2024,1773.200000
12/12/2024,1763.550000
12/13/2024,1763.660000
12/16/2024,1770.540000
12/17/2024,1763.770000
12/18/2024,1698.580000
12/19/2024,1710.400000
12/20/2024,1730.040000
12/23/2024,1738.350000
12/24/2024,1752.800000
12/26/2024,1752.230000
12/27/2024,1736.020000
12/30/2024,1720.850000
12/31/2024,1714.290000
01/02/2025,1711.860000
01/03/2025,1728.150000
01/06/2025,1736.070000
01/07/2025,1721.290000
01/08/2025,1723.370000
01/10/2025,1704.090000
01/13/2025,1704.010000
01/14/2025,1704.720000
01/15/2025,1728.560000
01/16/2025,1724.450000
01/17/2025,1739.820000
01/21/2025,1751.700000
01/22/2025,1761.910000
01/23/2025,1770.470000
01/24/2025,1765.930000
01/27/2025,1743.850000
01/28/2025,1757.250000
01/29/2025,1749.460000
01/30/2025,1757.330000
01/31/2025,1749.800000
02/03/2025,1738.580000
02/04/2025,1748.540000
02/05/2025,1753.980000
02/06/2025,1759.780000
02/07/2025,1744.780000
02/10/2025,1754.880000
02/11/2025,1755.300000
02/12/2025,1750.880000
02/13/2025,1767.830000
02/14/2025,1767.970000
02/18/2025,1771.940000
02/19/2025,1775.960000
02/20/2025,1768.640000
02/21/2025,1741.390000
02/24/2025,1733.000000
02/25/2025,1725.650000
02/26/2025,1725.130000
02/27/2025,1701.750000
02/28/2025,1724.650000
03/03/2025,1699.470000
03/04/2025,1682.520000
03/05/2025,1696.960000
03/06/2025,1674.870000
03/07/2025,1679.230000
03/10/2025,1650.750000
03/11/2025,1643.090000
03/12/2025,1642.520000
03/13/2025,1630.800000
03/14/2025,1643.730000
03/17/2025,1646.960000
03/18/2025,1635.020000
03/19/2025,1643.030000
03/20/2025,1637.940000
03/21/2025,1634.250000
03/24/2025,1655.570000
03/25/2025,1657.510000
03/26/2025,1643.110000
03/27/2025,1638.550000
03/28/2025,1616.220000
03/31/2025,1622.560000
04/01/2025,1627.150000
04/02/2025,1635.360000
04/03/2025,1588.500000
04/04/2025,1553.990000
04/07/2025,1555.300000
04/08/2025,1549.350000
04/09/2025,1603.410000
04/10/2025,1582.270000
04/11/2025,1595.010000
04/14/2025,1590.650000
04/15/2025,1587.800000
04/16/2025,1570.470000
04/17/2025,1568.650000
04/21/2025,1555.250000
04/22/2025,1568.980000
04/23/2025,1580.640000
04/24/2025,1595.850000
04/25/2025,1601.890000
04/28/2025,1602.420000
04/29/2025,1608.060000
04/30/2025,1610.070000
05/01/2025,1616.110000
05/02/2025,1629.470000
05/05/2025,1623.790000
05/06/2025,1617.450000
05/07/2025,1621.420000
05/08/2025,1625.750000
05/09/2025,1625.040000
05/12/2025,1649.810000
05/13/2025,1654.170000
05/14/2025,1655.920000
05/15/2025,1655.160000
05/16/2025,1660.830000
05/19/2025,1662.440000
05/20/2025,1656.070000
05/21/2025,1632.280000
05/22/2025,1630.900000
05/23/2025,1622.060000
05/27/2025,1650.710000
05/28/2025,1641.630000
05/29/2025,1647.790000
05/30/2025,1647.580000
06/02/2025,1653.900000
06/03/2025,1663.070000
06/04/2025,1663.070000
06/05/2025,1654.730000
06/06/2025,1671.380000
06/09/2025,1672.890000
06/10/2025,1682.070000
06/11/2025,1677.560000
06/12/2025,1683.920000
06/13/2025,1665.300000
06/16/2025,1680.960000
06/17/2025,1667.040000
06/18/2025,1666.470000
06/20/2025,1663.230000
06/23/2025,1674.210000
06/24/2025,1686.630000
06/25/2025,1685.750000
06/26/2025,1697.220000
06/27/2025,1705.310000
06/30/2025,1712.980000
07/01/2025,1711.150000
07/02/2025,1718.320000
07/03/2025,1731.330000
07/07/2025,1719.390000
07/08/2025,1717.170000
07/09/2025,1725.490000
07/10/2025,1729.710000
07/11/2025,1724.990000
07/14/2025,1727.250000
07/15/2025,1721.170000
07/16/2025,1726.070000
07/17/2025,1733.710000
07/18/2025,1733.740000
07/21/2025,1735.470000
07/22/2025,1736.360000
07/23/2025,1748.040000
07/24/2025,1749.280000
07/25/2025,1755.730000
07/28/2025,1755.660000
07/29/2025,1751.190000
07/30/2025,1748.870000
07/31/2025,1743.360000
08/01/2025,1719.340000
08/04/2025,1740.600000
08/05/2025,1732.570000
08/06/2025,1743.880000
08/07/2025,1742.290000
08/08/2025,1754.850000
08/11/2025,1750.590000
08/12/2025,1769.470000
08/13/2025,1775.000000
08/14/2025,1775.620000
08/15/2025,1770.900000
08/18/2025,1770.580000
08/19/2025,1760.560000
08/20/2025,1756.370000
08/21/2025,1749.810000
08/22/2025,1775.470000
08/25/2025,1767.940000
08/26/2025,1775.310000
08/27/2025,1779.440000
08/28/2025,1784.920000
08/29/2025,1773.830000
09/02/2025,1762.140000
09/03/2025,1770.710000
09/04/2025,1785.410000
09/05/2025,1779.910000
09/08/2025,1783.600000
09/09/2025,1788.430000
09/10/2025,1793.780000
09/11/2025,1808.900000
09/12/2025,1808.090000
09/15/2025,1816.990000
09/16/2025,1814.700000
09/17/2025,1812.930000
09/18/2025,1821.610000
09/19/2025,1829.150000
09/22/2025,1836.470000
09/23/2025,1828.840000
09/24/2025,1824.140000
09/25/2025,1816.350000
09/26/2025,1823.630000
09/29/2025,1827.530000
09/30/2025,1834.070000
10/01/2025,1839.080000
10/02/2025,1840.270000
10/03/2025,1840.300000
10/06/2025,1845.520000
10/07/2025,1840.170000
10/08/2025,1848.330000
10/09/2025,1843.770000
10/10/2025,1809.550000
10/13/2025,1827.330000
10/14/2025,1826.310000
10/15/2025,1832.410000
10/16/2025,1828.250000
10/17/2025,1831.020000
10/20/2025,1843.360000
10/21/2025,1842.680000
10/22/2025,1834.840000
10/23/2025,1842.520000
10/24/2025,1854.640000
10/27/2025,1874.160000
10/28/2025,1878.140000
10/29/2025,1878.470000
10/30/2025,1862.460000
10/31/2025,1866.820000
11/03/2025,1868.850000
11/04/2025,1850.110000
11/05/2025,1854.770000
11/06/2025,1837.450000
11/07/2025,1839.080000
11/10/2025,1862.440000
11/11/2025,1865.380000
11/12/2025,1866.540000
11/13/2025,1840.450000
11/14/2025,1839.420000
11/17/2025,1826.590000
11/18/2025,1815.580000
11/19/2025,1819.860000
11/20/2025,1799.420000
11/21/2025,1810.420000
11/24/2025,1830.810000
11/25/2025,1843.960000
11/26/2025,1854.840000
11/28/2025,1863.480000
12/01/2025,1854.140000
12/02/2025,1858.320000
12/03/2025,1863.440000
12/04/2025,1865.420000
12/05/2025,1869.090000
12/08/2025,1862.690000
12/09/2025,1860.960000
12/10/2025,1873.340000
12/11/2025,1877.110000
12/12/2025,1857.300000
12/15/2025,1854.500000
12/16/2025,1850.130000
12/17/2025,1828.820000
12/18/2025,1843.160000
12/19/2025,1858.120000
12/22/2025,1866.740000
12/23/2025,1873.870000
12/24/2025,1879.040000
12/26/2025,1878.330000
12/29/2025,1871.990000
12/30/2025,1869.460000
12/31/2025,1858.370000
01/02/2026,1860.990000
01/05/2026,1870.680000
01/06/2026,1880.630000
01/07/2026,1875.480000
01/08/2026,1875.200000
01/09/2026,1885.130000
01/12/2026,1887.830000
01/13/2026,1885.610000
01/14/2026,1876.860000
01/15/2026,1880.190000
01/16/2026,1879.480000
01/20/2026,1849.910000
01/21/2026,1863.770000
01/22/2026,1871.340000
01/23/2026,1872.220000
01/26/2026,1880.010000
01/27/2026,1886.950000
01/28/2026,1886.980000
01/29/2026,1885.210000
01/30/2026,1878.230000
02/02/2026,1885.540000
02/03/2026,1872.490000
02/04/2026,1865.150000
02/05/2026,1848.260000
02/06/2026,1875.180000
02/09/2026,1882.180000
02/10/2026,1876.570000
02/11/2026,1876.340000
02/12/2026,1852.910000
02/13/2026,1853.740000
02/17/2026,1853.460000
02/18/2026,1862.020000
02/19/2026,1857.890000
02/20/2026,1867.940000
02/23/2026,1851.450000
02/24/2026,1862.140000
02/25/2026,1874.620000
02/26/2026,1865.300000
02/27/2026,1858.890000
03/02/2026,1859.940000
03/03/2026,1845.480000
03/04/2026,1855.960000
03/05/2026,1847.350000
03/06/2026,1831.180000
03/09/2026,1838.520000
03/10/2026,1834.340000
03/11/2026,1830.920000
03/12/2026,1808.020000
03/13/2026,1797.280000
03/16/2026,1807.590000
03/17/2026,1810.590000
03/18/2026,1786.820000
03/19/2026,1780.530000
03/20/2026,1758.500000
03/23/2026,1770.570000
03/24/2026,1765.890000
03/25/2026,1771.450000
03/26/2026,1751.740000
03/27/2026,1735.570000
03/30/2026,1728.050000
03/31/2026,1756.950000
04/01/2026,1765.130000
04/02/2026,1766.080000
04/06/2026,1770.500000
04/07/2026,1773.430000
04/08/2026,1804.910000
04/09/2026,1813.190000
04/10/2026,1811.230000
04/13/2026,1826.360000
04/14/2026,1845.430000
04/15/2026,1859.220000
04/16/2026,1863.620000
04/17/2026,1884.520000
04/20/2026,1880.710000
04/21/2026,1870.490000
04/22/2026,1887.840000
04/23/2026,1880.400000
04/24/2026,1894.490000
04/27/2026,1895.740000
04/28/2026,1886.320000
04/29/2026,1885.910000
04/30/2026,1903.930000
05/01/2026,1909.250000
05/04/2026,1901.980000
05/05/2026,1916.740000
05/06/2026,1943.770000
05/07/2026,1936.260000
05/08/2026,1952.660000
05/11/2026,1956.490000
05/12/2026,1953.150000
05/13/2026,1964.370000
05/14/2026,1979.120000
05/15/2026,1955.520000
05/18/2026,1953.770000
05/19/2026,1940.960000
05/20/2026,1961.470000
05/21/2026,1964.940000
05/22/2026,1972.240000
05/26/2026,1984.120000
05/27/2026,1984.410000
05/28/2026,1995.720000
05/29/2026,2000.220000
06/01/2026,2005.520000
06/02/2026,2008.130000
06/03/2026,1993.340000
06/04/2026,2001.730000
06/05/2026,1950.030000
06/08/2026,1955.210000
06/09/2026,1950.370000
06/10/2026,1919.150000
06/11/2026,1952.280000
06/12/2026,1962.030000
06/15/2026,1994.590000
06/16/2026,1983.430000
06/17/2026,1959.360000
06/18/2026,1979.990000
06/22/2026,1973.570000
06/23/2026,1953.610000
06/24/2026,1950.920000
06/25/2026,1949.460000
06/26/2026,1952.010000
06/29/2026,1964.440000
06/30/2026,1976.200000
07/01/2026,1971.920000
07/02/2026,1972.220000
07/06/2026,1982.030000
07/07/2026,1975.020000
07/08/2026,1970.990000
07/09/2026,1983.370000
07/10/2026,1990.000000
07/13/2026,1977.330000
07/14/2026,1982.920000
07/15/2026,1988.550000
07/16/2026,1980.620000
07/17/2026,1966.020000
07/20/2026,1961.550000
07/21/2026,1974.230000
07/22/2026,1971.970000
07/23/2026,1954.540000
07/24/2026,1954.180000
07/27/2026,1953.150000
07/28/2026,1955.620000
07/29/2026,1934.500000
07/30/2026,1955.310000
07/31/2026,1966.070000
08/03/2026,1990.510000
08/04/2026,2023.260000
08/05/2026,2019.850000
08/06/2026,2016.150000
08/07/2026,2027.490000
08/10/2026,2026.420000
08/11/2026,2020.090000
08/12/2026,2024.380000
08/13/2026,2036.940000
08/14/2026,2033.650000
08/17/2026,2023.670000
08/18/2026,2010.540000
08/19/2026,2013.740000
08/20/2026,1997.910000
08/21/2026,2005.370000
08/24/2026,1999.830000
08/25/2026,2005.600000
08/26/2026,2004.890000
08/27/2026,2018.480000
08/28/2026,2013.390000
