DATE,VIX,VIX3M,DIX,GEX,SP500_returns
1990-01-02,17.24,26.54,0.3788420991568634,1897312571.486,0.0006056855772305381
1990-01-03,18.19,26.54,0.3788420991568634,1897312571.486,0.0006056855772305381
1990-01-04,19.22,26.54,0.3788420991568634,1897312571.486,0.0006056855772305381
1990-01-05,20.11,26.54,0.3788420991568634,1897312571.486,0.0006056855772305381
1990-01-08,20.26,26.54,0.3788420991568634,1897312571.486,0.0006056855772305381
1990-01-09,22.2,26.54,0.3788420991568634,1897312571.486,0.0006056855772305381
1990-01-10,22.44,26.54,0.3788420991568634,1897312571.486,0.0006056855772305381
1990-01-11,20.05,26.54,0.3788420991568634,1897312571.486,0.0006056855772305381
1990-01-12,24.64,26.54,0.3788420991568634,1897312571.486,0.0006056855772305381
1990-01-15,26.34,26.54,0.3788420991568634,1897312571.486,0.0006056855772305381
1990-01-16,24.18,26.54,0.3788420991568634,1897312571.486,0.0006056855772305381
1990-01-17,24.16,26.54,0.3788420991568634,1897312571.486,0.0006056855772305381
1990-01-18,24.34,26.54,0.3788420991568634,1897312571.486,0.0006056855772305381
1990-01-19,22.5,26.54,0.3788420991568634,1897312571.486,0.0006056855772305381
1990-01-22,26.7,26.54,0.3788420991568634,1897312571.486,0.0006056855772305381
1990-01-23,24.72,26.54,0.3788420991568634,1897312571.486,0.0006056855772305381
1990-01-24,25.39,26.54,0.3788420991568634,1897312571.486,0.0006056855772305381
1990-01-25,25.63,26.54,0.3788420991568634,1897312571.486,0.0006056855772305381
1990-01-26,26.28,26.54,0.3788420991568634,1897312571.486,0.0006056855772305381
1990-01-29,26.44,26.54,0.3788420991568634,1897312571.486,0.0006056855772305381
1990-01-30,27.25,26.54,0.3788420991568634,1897312571.486,0.0006056855772305381
1990-01-31,25.36,26.54,0.3788420991568634,1897312571.486,0.0006056855772305381
1990-02-01,24.87,26.54,0.3788420991568634,1897312571.486,0.0006056855772305381
1990-02-02,24.32,26.54,0.3788420991568634,1897312571.486,0.0006056855772305381
1990-02-05,24.54,26.54,0.3788420991568634,1897312571.486,0.0006056855772305381
1990-02-06,24.69,26.54,0.3788420991568634,1897312571.486,0.0006056855772305381
1990-02-07,24.29,26.54,0.3788420991568634,1897312571.486,0.0006056855772305381
1990-02-08,23.77,26.54,0.3788420991568634,1897312571.486,0.0006056855772305381
1990-02-09,23.69,26.54,0.3788420991568634,1897312571.486,0.0006056855772305381
1990-02-12,24.38,26.54,0.3788420991568634,1897312571.486,0.0006056855772305381
1990-02-13,23.76,26.54,0.3788420991568634,1897312571.486,0.0006056855772305381
1990-02-14,22.05,26.54,0.3788420991568634,1897312571.486,0.0006056855772305381
1990-02-15,19.71,26.54,0.3788420991568634,1897312571.486,0.0006056855772305381
1990-02-16,20.78,26.54,0.3788420991568634,1897312571.486,0.0006056855772305381
1990-02-20,22.78,26.54,0.3788420991568634,1897312571.486,0.0006056855772305381
1990-02-21,23.89,26.54,0.3788420991568634,1897312571.486,0.0006056855772305381
1990-02-22,22.54,26.54,0.3788420991568634,1897312571.486,0.0006056855772305381
1990-02-23,23.69,26.54,0.3788420991568634,1897312571.486,0.0006056855772305381
1990-02-26,23.56,26.54,0.3788420991568634,1897312571.486,0.0006056855772305381
1990-02-27,22.69,26.54,0.3788420991568634,1897312571.486,0.0006056855772305381
1990-02-28,21.99,26.54,0.3788420991568634,1897312571.486,0.0006056855772305381
1990-03-01,21.9,26.54,0.3788420991568634,1897312571.486,0.0006056855772305381
1990-03-02,21.34,26.54,0.3788420991568634,1897312571.486,0.0006056855772305381
1990-03-05,22.03,26.54,0.3788420991568634,1897312571.486,0.0006056855772305381
1990-03-06,20.55,26.54,0.3788420991568634,1897312571.486,0.0006056855772305381
1990-03-07,19.1,26.54,0.3788420991568634,1897312571.486,0.0006056855772305381
1990-03-08,19.74,26.54,0.3788420991568634,1897312571.486,0.0006056855772305381
1990-03-09,20.3,26.54,0.3788420991568634,1897312571.486,0.0006056855772305381
1990-03-12,20.07,26.54,0.3788420991568634,1897312571.486,0.0006056855772305381
1990-03-13,21.05,26.54,0.3788420991568634,1897312571.486,0.0006056855772305381
1990-03-14,19.65,26.54,0.3788420991568634,1897312571.486,0.0006056855772305381
1990-03-15,18.81,26.54,0.3788420991568634,1897312571.486,0.0006056855772305381
1990-03-16,17.62,26.54,0.3788420991568634,1897312571.486,0.0006056855772305381
1990-03-19,18.29,26.54,0.3788420991568634,1897312571.486,0.0006056855772305381
1990-03-20,19.06,26.54,0.3788420991568634,1897312571.486,0.0006056855772305381
1990-03-21,20.1,26.54,0.3788420991568634,1897312571.486,0.0006056855772305381
1990-03-22,22.74,26.54,0.3788420991568634,1897312571.486,0.0006056855772305381
1990-03-23,20.46,26.54,0.3788420991568634,1897312571.486,0.0006056855772305381
1990-03-26,19.59,26.54,0.3788420991568634,1897312571.486,0.0006056855772305381
1990-03-27,21.01,26.54,0.3788420991568634,1897312571.486,0.0006056855772305381
1990-03-28,19.77,26.54,0.3788420991568634,1897312571.486,0.0006056855772305381
1990-03-29,18.46,26.54,0.3788420991568634,1897312571.486,0.0006056855772305381
1990-03-30,19.73,26.54,0.3788420991568634,1897312571.486,0.0006056855772305381
1990-04-02,22.84,26.54,0.3788420991568634,1897312571.486,0.0006056855772305381
1990-04-03,20.44,26.54,0.3788420991568634,1897312571.486,0.0006056855772305381
1990-04-04,22.03,26.54,0.3788420991568634,1897312571.486,0.0006056855772305381
1990-04-05,21.21,26.54,0.3788420991568634,1897312571.486,0.0006056855772305381
1990-04-06,21.76,26.54,0.3788420991568634,1897312571.486,0.0006056855772305381
1990-04-09,22.3,26.54,0.3788420991568634,1897312571.486,0.0006056855772305381
1990-04-10,21.69,26.54,0.3788420991568634,1897312571.486,0.0006056855772305381
1990-04-11,17.73,26.54,0.3788420991568634,1897312571.486,0.0006056855772305381
1990-04-12,19.8,26.54,0.3788420991568634,1897312571.486,0.0006056855772305381
1990-04-16,20.75,26.54,0.3788420991568634,1897312571.486,0.0006056855772305381
1990-04-17,20.38,26.54,0.3788420991568634,1897312571.486,0.0006056855772305381
1990-04-18,22.67,26.54,0.3788420991568634,1897312571.486,0.0006056855772305381
1990-04-19,22.46,26.54,0.3788420991568634,1897312571.486,0.0006056855772305381
1990-04-20,23.33,26.54,0.3788420991568634,1897312571.486,0.0006056855772305381
1990-04-23,24.16,26.54,0.3788420991568634,1897312571.486,0.0006056855772305381
1990-04-24,21.7,26.54,0.3788420991568634,1897312571.486,0.0006056855772305381
1990-04-25,20.86,26.54,0.3788420991568634,1897312571.486,0.0006056855772305381
1990-04-26,20.25,26.54,0.3788420991568634,1897312571.486,0.0006056855772305381
1990-04-27,22.19,26.54,0.3788420991568634,1897312571.486,0.0006056855772305381
1990-04-30,19.52,26.54,0.3788420991568634,1897312571.486,0.0006056855772305381
1990-05-01,18.43,26.54,0.3788420991568634,1897312571.486,0.0006056855772305381
1990-05-02,19.32,26.54,0.3788420991568634,1897312571.486,0.0006056855772305381
1990-05-03,17.81,26.54,0.3788420991568634,1897312571.486,0.0006056855772305381
1990-05-04,17.28,26.54,0.3788420991568634,1897312571.486,0.0006056855772305381
1990-05-07,17.65,26.54,0.3788420991568634,1897312571.486,0.0006056855772305381
1990-05-08,18.49,26.54,0.3788420991568634,1897312571.486,0.0006056855772305381
1990-05-09,18.64,26.54,0.3788420991568634,1897312571.486,0.0006056855772305381
1990-05-10,18.59,26.54,0.3788420991568634,1897312571.486,0.0006056855772305381
1990-05-11,19.81,26.54,0.3788420991568634,1897312571.486,0.0006056855772305381
1990-05-14,20.14,26.54,0.3788420991568634,1897312571.486,0.0006056855772305381
1990-05-15,19.49,26.54,0.3788420991568634,1897312571.486,0.0006056855772305381
1990-05-16,17.71,26.54,0.3788420991568634,1897312571.486,0.0006056855772305381
1990-05-17,17.27,26.54,0.3788420991568634,1897312571.486,0.0006056855772305381
1990-05-18,17.2,26.54,0.3788420991568634,1897312571.486,0.0006056855772305381
1990-05-21,16.72,26.54,0.3788420991568634,1897312571.486,0.0006056855772305381
1990-05-22,17.84,26.54,0.3788420991568634,1897312571.486,0.0006056855772305381
1990-05-23,17.18,26.54,0.3788420991568634,1897312571.486,0.0006056855772305381
1990-05-24,17.7,26.54,0.3788420991568634,1897312571.486,0.0006056855772305381
1990-05-25,17.32,26.54,0.3788420991568634,1897312571.486,0.0006056855772305381
1990-05-29,18.75,26.54,0.3788420991568634,1897312571.486,0.0006056855772305381
1990-05-30,17.44,26.54,0.3788420991568634,1897312571.486,0.0006056855772305381
1990-05-31,17.37,26.54,0.3788420991568634,1897312571.486,0.0006056855772305381
1990-06-01,17.09,26.54,0.3788420991568634,1897312571.486,0.0006056855772305381
1990-06-04,18.39,26.54,0.3788420991568634,1897312571.486,0.0006056855772305381
1990-06-05,18.97,26.54,0.3788420991568634,1897312571.486,0.0006056855772305381
1990-06-06,17.42,26.54,0.3788420991568634,1897312571.486,0.0006056855772305381
1990-06-07,16.88,26.54,0.3788420991568634,1897312571.486,0.0006056855772305381
1990-06-08,17.58,26.54,0.3788420991568634,1897312571.486,0.0006056855772305381
1990-06-11,16.34,26.54,0.3788420991568634,1897312571.486,0.0006056855772305381
1990-06-12,16.6,26.54,0.3788420991568634,1897312571.486,0.0006056855772305381
1990-06-13,17.38,26.54,0.3788420991568634,1897312571.486,0.0006056855772305381
1990-06-14,17.4,26.54,0.3788420991568634,1897312571.486,0.0006056855772305381
1990-06-15,15.9,26.54,0.3788420991568634,1897312571.486,0.0006056855772305381
1990-06-18,17.71,26.54,0.3788420991568634,1897312571.486,0.0006056855772305381
1990-06-19,15.23,26.54,0.3788420991568634,1897312571.486,0.0006056855772305381
1990-06-20,15.27,26.54,0.3788420991568634,1897312571.486,0.0006056855772305381
1990-06-21,14.72,26.54,0.3788420991568634,1897312571.486,0.0006056855772305381
1990-06-22,19.36,26.54,0.3788420991568634,1897312571.486,0.0006056855772305381
1990-06-25,17.06,26.54,0.3788420991568634,1897312571.486,0.0006056855772305381
1990-06-26,16.29,26.54,0.3788420991568634,1897312571.486,0.0006056855772305381
1990-06-27,16.0,26.54,0.3788420991568634,1897312571.486,0.0006056855772305381
1990-06-28,16.18,26.54,0.3788420991568634,1897312571.486,0.0006056855772305381
1990-06-29,15.5,26.54,0.3788420991568634,1897312571.486,0.0006056855772305381
1990-07-02,16.26,26.54,0.3788420991568634,1897312571.486,0.0006056855772305381
1990-07-03,16.11,26.54,0.3788420991568634,1897312571.486,0.0006056855772305381
1990-07-05,17.25,26.54,0.3788420991568634,1897312571.486,0.0006056855772305381
1990-07-06,16.41,26.54,0.3788420991568634,1897312571.486,0.0006056855772305381
1990-07-09,16.66,26.54,0.3788420991568634,1897312571.486,0.0006056855772305381
1990-07-10,16.92,26.54,0.3788420991568634,1897312571.486,0.0006056855772305381
1990-07-11,16.68,26.54,0.3788420991568634,1897312571.486,0.0006056855772305381
1990-07-12,17.06,26.54,0.3788420991568634,1897312571.486,0.0006056855772305381
1990-07-13,17.09,26.54,0.3788420991568634,1897312571.486,0.0006056855772305381
1990-07-16,16.75,26.54,0.3788420991568634,1897312571.486,0.0006056855772305381
1990-07-17,16.66,26.54,0.3788420991568634,1897312571.486,0.0006056855772305381
1990-07-18,18.9,26.54,0.3788420991568634,1897312571.486,0.0006056855772305381
1990-07-19,18.56,26.54,0.3788420991568634,1897312571.486,0.0006056855772305381
1990-07-20,15.63,26.54,0.3788420991568634,1897312571.486,0.0006056855772305381
1990-07-23,23.68,26.54,0.3788420991568634,1897312571.486,0.0006056855772305381
1990-07-24,21.79,26.54,0.3788420991568634,1897312571.486,0.0006056855772305381
1990-07-25,20.19,26.54,0.3788420991568634,1897312571.486,0.0006056855772305381
1990-07-26,20.26,26.54,0.3788420991568634,1897312571.486,0.0006056855772305381
1990-07-27,21.12,26.54,0.3788420991568634,1897312571.486,0.0006056855772305381
1990-07-30,21.16,26.54,0.3788420991568634,1897312571.486,0.0006056855772305381
1990-07-31,21.11,26.54,0.3788420991568634,1897312571.486,0.0006056855772305381
1990-08-01,21.64,26.54,0.3788420991568634,1897312571.486,0.0006056855772305381
1990-08-02,20.43,26.54,0.3788420991568634,1897312571.486,0.0006056855772305381
1990-08-03,28.74,26.54,0.3788420991568634,1897312571.486,0.0006056855772305381
1990-08-06,35.91,26.54,0.3788420991568634,1897312571.486,0.0006056855772305381
1990-08-07,32.75,26.54,0.3788420991568634,1897312571.486,0.0006056855772305381
1990-08-08,28.27,26.54,0.3788420991568634,1897312571.486,0.0006056855772305381
1990-08-09,24.39,26.54,0.3788420991568634,1897312571.486,0.0006056855772305381
1990-08-10,25.75,26.54,0.3788420991568634,1897312571.486,0.0006056855772305381
1990-08-13,25.74,26.54,0.3788420991568634,1897312571.486,0.0006056855772305381
1990-08-14,24.18,26.54,0.3788420991568634,1897312571.486,0.0006056855772305381
1990-08-15,23.31,26.54,0.3788420991568634,1897312571.486,0.0006056855772305381
1990-08-16,27.16,26.54,0.3788420991568634,1897312571.486,0.0006056855772305381
1990-08-17,27.53,26.54,0.3788420991568634,1897312571.486,0.0006056855772305381
1990-08-20,26.46,26.54,0.3788420991568634,1897312571.486,0.0006056855772305381
1990-08-21,28.9,26.54,0.3788420991568634,1897312571.486,0.0006056855772305381
1990-08-22,30.55,26.54,0.3788420991568634,1897312571.486,0.0006056855772305381
1990-08-23,36.47,26.54,0.3788420991568634,1897312571.486,0.0006056855772305381
1990-08-24,33.93,26.54,0.3788420991568634,1897312571.486,0.0006056855772305381
1990-08-27,29.63,26.54,0.3788420991568634,1897312571.486,0.0006056855772305381
1990-08-28,29.12,26.54,0.3788420991568634,1897312571.486,0.0006056855772305381
1990-08-29,27.38,26.54,0.3788420991568634,1897312571.486,0.0006056855772305381
1990-08-30,29.89,26.54,0.3788420991568634,1897312571.486,0.0006056855772305381
1990-08-31,29.9,26.54,0.3788420991568634,1897312571.486,0.0006056855772305381
1990-09-04,29.58,26.54,0.3788420991568634,1897312571.486,0.0006056855772305381
1990-09-05,28.52,26.54,0.3788420991568634,1897312571.486,0.0006056855772305381
1990-09-06,30.19,26.54,0.3788420991568634,1897312571.486,0.0006056855772305381
1990-09-07,28.73,26.54,0.3788420991568634,1897312571.486,0.0006056855772305381
1990-09-10,29.34,26.54,0.3788420991568634,1897312571.486,0.0006056855772305381
1990-09-11,28.38,26.54,0.3788420991568634,1897312571.486,0.0006056855772305381
1990-09-12,28.12,26.54,0.3788420991568634,1897312571.486,0.0006056855772305381
1990-09-13,29.33,26.54,0.3788420991568634,1897312571.486,0.0006056855772305381
1990-09-14,30.56,26.54,0.3788420991568634,1897312571.486,0.0006056855772305381
1990-09-17,29.55,26.54,0.3788420991568634,1897312571.486,0.0006056855772305381
1990-09-18,28.82,26.54,0.3788420991568634,1897312571.486,0.0006056855772305381
1990-09-19,27.88,26.54,0.3788420991568634,1897312571.486,0.0006056855772305381
1990-09-20,28.66,26.54,0.3788420991568634,1897312571.486,0.0006056855772305381
1990-09-21,30.04,26.54,0.3788420991568634,1897312571.486,0.0006056855772305381
1990-09-24,30.56,26.54,0.3788420991568634,1897312571.486,0.0006056855772305381
1990-09-25,28.81,26.54,0.3788420991568634,1897312571.486,0.0006056855772305381
1990-09-26,28.19,26.54,0.3788420991568634,1897312571.486,0.0006056855772305381
1990-09-27,28.67,26.54,0.3788420991568634,1897312571.486,0.0006056855772305381
1990-09-28,29.11,26.54,0.3788420991568634,1897312571.486,0.0006056855772305381
1990-10-01,28.06,26.54,0.3788420991568634,1897312571.486,0.0006056855772305381
1990-10-02,27.28,26.54,0.3788420991568634,1897312571.486,0.0006056855772305381
1990-10-03,27.9,26.54,0.3788420991568634,1897312571.486,0.0006056855772305381
1990-10-04,27.51,26.54,0.3788420991568634,1897312571.486,0.0006056855772305381
1990-10-05,27.85,26.54,0.3788420991568634,1897312571.486,0.0006056855772305381
1990-10-08,28.04,26.54,0.3788420991568634,1897312571.486,0.0006056855772305381
1990-10-09,30.71,26.54,0.3788420991568634,1897312571.486,0.0006056855772305381
1990-10-10,31.19,26.54,0.3788420991568634,1897312571.486,0.0006056855772305381
1990-10-11,33.98,26.54,0.3788420991568634,1897312571.486,0.0006056855772305381
1990-10-12,31.94,26.54,0.3788420991568634,1897312571.486,0.0006056855772305381
1990-10-15,31.64,26.54,0.3788420991568634,1897312571.486,0.0006056855772305381
1990-10-16,31.45,26.54,0.3788420991568634,1897312571.486,0.0006056855772305381
1990-10-17,31.37,26.54,0.3788420991568634,1897312571.486,0.0006056855772305381
1990-10-18,29.6,26.54,0.3788420991568634,1897312571.486,0.0006056855772305381
1990-10-19,27.86,26.54,0.3788420991568634,1897312571.486,0.0006056855772305381
1990-10-22,27.27,26.54,0.3788420991568634,1897312571.486,0.0006056855772305381
1990-10-23,27.57,26.54,0.3788420991568634,1897312571.486,0.0006056855772305381
1990-10-24,28.28,26.54,0.3788420991568634,1897312571.486,0.0006056855772305381
1990-10-25,29.04,26.54,0.3788420991568634,1897312571.486,0.0006056855772305381
1990-10-26,30.75,26.54,0.3788420991568634,1897312571.486,0.0006056855772305381
1990-10-29,31.54,26.54,0.3788420991568634,1897312571.486,0.0006056855772305381
1990-10-30,30.52,26.54,0.3788420991568634,1897312571.486,0.0006056855772305381
1990-10-31,30.04,26.54,0.3788420991568634,1897312571.486,0.0006056855772305381
1990-11-01,30.25,26.54,0.3788420991568634,1897312571.486,0.0006056855772305381
1990-11-02,30.03,26.54,0.3788420991568634,1897312571.486,0.0006056855772305381
1990-11-05,29.85,26.54,0.3788420991568634,1897312571.486,0.0006056855772305381
1990-11-06,29.11,26.54,0.3788420991568634,1897312571.486,0.0006056855772305381
1990-11-07,30.87,26.54,0.3788420991568634,1897312571.486,0.0006056855772305381
1990-11-08,30.79,26.54,0.3788420991568634,1897312571.486,0.0006056855772305381
1990-11-09,26.96,26.54,0.3788420991568634,1897312571.486,0.0006056855772305381
1990-11-12,25.6,26.54,0.3788420991568634,1897312571.486,0.0006056855772305381
1990-11-13,24.58,26.54,0.3788420991568634,1897312571.486,0.0006056855772305381
1990-11-14,22.89,26.54,0.3788420991568634,1897312571.486,0.0006056855772305381
1990-11-15,22.57,26.54,0.3788420991568634,1897312571.486,0.0006056855772305381
1990-11-16,21.34,26.54,0.3788420991568634,1897312571.486,0.0006056855772305381
1990-11-19,20.95,26.54,0.3788420991568634,1897312571.486,0.0006056855772305381
1990-11-20,20.09,26.54,0.3788420991568634,1897312571.486,0.0006056855772305381
1990-11-21,21.09,26.54,0.3788420991568634,1897312571.486,0.0006056855772305381
1990-11-23,20.98,26.54,0.3788420991568634,1897312571.486,0.0006056855772305381
1990-11-26,22.76,26.54,0.3788420991568634,1897312571.486,0.0006056855772305381
1990-11-27,22.86,26.54,0.3788420991568634,1897312571.486,0.0006056855772305381
1990-11-28,22.96,26.54,0.3788420991568634,1897312571.486,0.0006056855772305381
1990-11-29,23.91,26.54,0.3788420991568634,1897312571.486,0.0006056855772305381
1990-11-30,22.16,26.54,0.3788420991568634,1897312571.486,0.0006056855772305381
1990-12-03,22.29,26.54,0.3788420991568634,1897312571.486,0.0006056855772305381
1990-12-04,22.03,26.54,0.3788420991568634,1897312571.486,0.0006056855772305381
1990-12-05,20.94,26.54,0.3788420991568634,1897312571.486,0.0006056855772305381
1990-12-06,22.62,26.54,0.3788420991568634,1897312571.486,0.0006056855772305381
1990-12-07,22.59,26.54,0.3788420991568634,1897312571.486,0.0006056855772305381
1990-12-10,23.58,26.54,0.3788420991568634,1897312571.486,0.0006056855772305381
1990-12-11,23.75,26.54,0.3788420991568634,1897312571.486,0.0006056855772305381
1990-12-12,21.28,26.54,0.3788420991568634,1897312571.486,0.0006056855772305381
1990-12-13,23.05,26.54,0.3788420991568634,1897312571.486,0.0006056855772305381
1990-12-14,23.85,26.54,0.3788420991568634,1897312571.486,0.0006056855772305381
1990-12-17,24.85,26.54,0.3788420991568634,1897312571.486,0.0006056855772305381
1990-12-18,23.11,26.54,0.3788420991568634,1897312571.486,0.0006056855772305381
1990-12-19,23.08,26.54,0.3788420991568634,1897312571.486,0.0006056855772305381
1990-12-20,23.13,26.54,0.3788420991568634,1897312571.486,0.0006056855772305381
1990-12-21,22.66,26.54,0.3788420991568634,1897312571.486,0.0006056855772305381
1990-12-24,24.03,26.54,0.3788420991568634,1897312571.486,0.0006056855772305381
1990-12-26,24.18,26.54,0.3788420991568634,1897312571.486,0.0006056855772305381
1990-12-27,24.81,26.54,0.3788420991568634,1897312571.486,0.0006056855772305381
1990-12-28,25.05,26.54,0.3788420991568634,1897312571.486,0.0006056855772305381
1990-12-31,26.38,26.54,0.3788420991568634,1897312571.486,0.0006056855772305381
1991-01-02,26.62,26.54,0.3788420991568634,1897312571.486,0.0006056855772305381
1991-01-03,27.93,26.54,0.3788420991568634,1897312571.486,0.0006056855772305381
1991-01-04,27.19,26.54,0.3788420991568634,1897312571.486,0.0006056855772305381
1991-01-07,28.95,26.54,0.3788420991568634,1897312571.486,0.0006056855772305381
1991-01-08,30.38,26.54,0.3788420991568634,1897312571.486,0.0006056855772305381
1991-01-09,33.3,26.54,0.3788420991568634,1897312571.486,0.0006056855772305381
1991-01-10,31.33,26.54,0.3788420991568634,1897312571.486,0.0006056855772305381
1991-01-11,32.63,26.54,0.3788420991568634,1897312571.486,0.0006056855772305381
1991-01-14,36.2,26.54,0.3788420991568634,1897312571.486,0.0006056855772305381
1991-01-15,36.16,26.54,0.3788420991568634,1897312571.486,0.0006056855772305381
1991-01-16,33.2,26.54,0.3788420991568634,1897312571.486,0.0006056855772305381
1991-01-17,27.45,26.54,0.3788420991568634,1897312571.486,0.0006056855772305381
1991-01-18,25.39,26.54,0.3788420991568634,1897312571.486,0.0006056855772305381
1991-01-21,24.33,26.54,0.3788420991568634,1897312571.486,0.0006056855772305381
1991-01-22,24.9,26.54,0.3788420991568634,1897312571.486,0.0006056855772305381
1991-01-23,23.92,26.54,0.3788420991568634,1897312571.486,0.0006056855772305381
1991-01-24,22.86,26.54,0.3788420991568634,1897312571.486,0.0006056855772305381
1991-01-25,22.2,26.54,0.3788420991568634,1897312571.486,0.0006056855772305381
1991-01-28,23.05,26.54,0.3788420991568634,1897312571.486,0.0006056855772305381
1991-01-29,23.17,26.54,0.3788420991568634,1897312571.486,0.0006056855772305381
1991-01-30,21.37,26.54,0.3788420991568634,1897312571.486,0.0006056855772305381
1991-01-31,20.91,26.54,0.3788420991568634,1897312571.486,0.0006056855772305381
1991-02-01,21.04,26.54,0.3788420991568634,1897312571.486,0.0006056855772305381
1991-02-04,21.86,26.54,0.3788420991568634,1897312571.486,0.0006056855772305381
1991-02-05,21.46,26.54,0.3788420991568634,1897312571.486,0.0006056855772305381
1991-02-06,22.68,26.54,0.3788420991568634,1897312571.486,0.0006056855772305381
1991-02-07,23.6,26.54,0.3788420991568634,1897312571.486,0.0006056855772305381
1991-02-08,23.38,26.54,0.3788420991568634,1897312571.486,0.0006056855772305381
1991-02-11,22.56,26.54,0.3788420991568634,1897312571.486,0.0006056855772305381
1991-02-12,22.26,26.54,0.3788420991568634,1897312571.486,0.0006056855772305381
1991-02-13,20.86,26.54,0.3788420991568634,1897312571.486,0.0006056855772305381
1991-02-14,21.48,26.54,0.3788420991568634,1897312571.486,0.0006056855772305381
1991-02-15,19.57,26.54,0.3788420991568634,1897312571.486,0.0006056855772305381
1991-02-19,19.84,26.54,0.3788420991568634,1897312571.486,0.0006056855772305381
1991-02-20,22.26,26.54,0.3788420991568634,1897312571.486,0.0006056855772305381
1991-02-21,20.78,26.54,0.3788420991568634,1897312571.486,0.0006056855772305381
1991-02-22,21.01,26.54,0.3788420991568634,1897312571.486,0.0006056855772305381
1991-02-25,22.86,26.54,0.3788420991568634,1897312571.486,0.0006056855772305381
1991-02-26,20.38,26.54,0.3788420991568634,1897312571.486,0.0006056855772305381
1991-02-27,21.26,26.54,0.3788420991568634,1897312571.486,0.0006056855772305381
1991-02-28,21.23,26.54,0.3788420991568634,1897312571.486,0.0006056855772305381
1991-03-04,20.86,26.54,0.3788420991568634,1897312571.486,0.0006056855772305381
1991-03-05,20.45,26.54,0.3788420991568634,1897312571.486,0.0006056855772305381
1991-03-06,20.55,26.54,0.3788420991568634,1897312571.486,0.0006056855772305381
1991-03-07,21.05,26.54,0.3788420991568634,1897312571.486,0.0006056855772305381
1991-03-08,20.81,26.54,0.3788420991568634,1897312571.486,0.0006056855772305381
1991-03-11,20.88,26.54,0.3788420991568634,1897312571.486,0.0006056855772305381
1991-03-12,18.82,26.54,0.3788420991568634,1897312571.486,0.0006056855772305381
1991-03-13,16.09,26.54,0.3788420991568634,1897312571.486,0.0006056855772305381
1991-03-14,14.94,26.54,0.3788420991568634,1897312571.486,0.0006056855772305381
1991-03-15,14.9,26.54,0.3788420991568634,1897312571.486,0.0006056855772305381
1991-03-18,15.79,26.54,0.3788420991568634,1897312571.486,0.0006056855772305381
1991-03-19,16.11,26.54,0.3788420991568634,1897312571.486,0.0006056855772305381
1991-03-20,16.04,26.54,0.3788420991568634,1897312571.486,0.0006056855772305381
1991-03-21,16.86,26.54,0.3788420991568634,1897312571.486,0.0006056855772305381
1991-03-22,16.49,26.54,0.3788420991568634,1897312571.486,0.0006056855772305381
1991-03-25,16.76,26.54,0.3788420991568634,1897312571.486,0.0006056855772305381
1991-03-26,16.31,26.54,0.3788420991568634,1897312571.486,0.0006056855772305381
1991-03-27,16.55,26.54,0.3788420991568634,1897312571.486,0.0006056855772305381
1991-03-28,16.88,26.54,0.3788420991568634,1897312571.486,0.0006056855772305381
1991-04-01,17.42,26.54,0.3788420991568634,1897312571.486,0.0006056855772305381
1991-04-02,17.4,26.54,0.3788420991568634,1897312571.486,0.0006056855772305381
1991-04-03,17.61,26.54,0.3788420991568634,1897312571.486,0.0006056855772305381
1991-04-04,18.01,26.54,0.3788420991568634,1897312571.486,0.0006056855772305381
1991-04-05,17.63,26.54,0.3788420991568634,1897312571.486,0.0006056855772305381
1991-04-08,17.41,26.54,0.3788420991568634,1897312571.486,0.0006056855772305381
1991-04-09,20.12,26.54,0.3788420991568634,1897312571.486,0.0006056855772305381
1991-04-10,19.73,26.54,0.3788420991568634,1897312571.486,0.0006056855772305381
1991-04-11,17.24,26.54,0.3788420991568634,1897312571.486,0.0006056855772305381
1991-04-12,18.45,26.54,0.3788420991568634,1897312571.486,0.0006056855772305381
1991-04-15,16.5,26.54,0.3788420991568634,1897312571.486,0.0006056855772305381
1991-04-16,15.82,26.54,0.3788420991568634,1897312571.486,0.0006056855772305381
1991-04-17,15.47,26.54,0.3788420991568634,1897312571.486,0.0006056855772305381
1991-04-18,16.26,26.54,0.3788420991568634,1897312571.486,0.0006056855772305381
1991-04-19,15.68,26.54,0.3788420991568634,1897312571.486,0.0006056855772305381
1991-04-22,16.78,26.54,0.3788420991568634,1897312571.486,0.0006056855772305381
1991-04-23,17.02,26.54,0.3788420991568634,1897312571.486,0.0006056855772305381
1991-04-24,16.72,26.54,0.3788420991568634,1897312571.486,0.0006056855772305381
1991-04-25,17.15,26.54,0.3788420991568634,1897312571.486,0.0006056855772305381
1991-04-26,17.27,26.54,0.3788420991568634,1897312571.486,0.0006056855772305381
1991-04-29,18.27,26.54,0.3788420991568634,1897312571.486,0.0006056855772305381
1991-04-30,18.24,26.54,0.3788420991568634,1897312571.486,0.0006056855772305381
1991-05-01,17.77,26.54,0.3788420991568634,1897312571.486,0.0006056855772305381
1991-05-02,17.52,26.54,0.3788420991568634,1897312571.486,0.0006056855772305381
1991-05-03,17.24,26.54,0.3788420991568634,1897312571.486,0.0006056855772305381
1991-05-06,17.92,26.54,0.3788420991568634,1897312571.486,0.0006056855772305381
1991-05-07,17.46,26.54,0.3788420991568634,1897312571.486,0.0006056855772305381
1991-05-08,17.78,26.54,0.3788420991568634,1897312571.486,0.0006056855772305381
1991-05-09,17.17,26.54,0.3788420991568634,1897312571.486,0.0006056855772305381
1991-05-10,17.54,26.54,0.3788420991568634,1897312571.486,0.0006056855772305381
1991-05-13,17.66,26.54,0.3788420991568634,1897312571.486,0.0006056855772305381
1991-05-14,18.0,26.54,0.3788420991568634,1897312571.486,0.0006056855772305381
1991-05-15,18.38,26.54,0.3788420991568634,1897312571.486,0.0006056855772305381
1991-05-16,17.24,26.54,0.3788420991568634,1897312571.486,0.0006056855772305381
1991-05-17,16.64,26.54,0.3788420991568634,1897312571.486,0.0006056855772305381
1991-05-20,17.1,26.54,0.3788420991568634,1897312571.486,0.0006056855772305381
1991-05-21,16.07,26.54,0.3788420991568634,1897312571.486,0.0006056855772305381
1991-05-22,16.16,26.54,0.3788420991568634,1897312571.486,0.0006056855772305381
1991-05-23,16.11,26.54,0.3788420991568634,1897312571.486,0.0006056855772305381
1991-05-24,15.23,26.54,0.3788420991568634,1897312571.486,0.0006056855772305381
1991-05-28,15.67,26.54,0.3788420991568634,1897312571.486,0.0006056855772305381
1991-05-29,15.9,26.54,0.3788420991568634,1897312571.486,0.0006056855772305381
1991-05-30,16.02,26.54,0.3788420991568634,1897312571.486,0.0006056855772305381
1991-05-31,15.93,26.54,0.3788420991568634,1897312571.486,0.0006056855772305381
1991-06-03,16.87,26.54,0.3788420991568634,1897312571.486,0.0006056855772305381
1991-06-04,16.17,26.54,0.3788420991568634,1897312571.486,0.0006056855772305381
1991-06-05,16.4,26.54,0.3788420991568634,1897312571.486,0.0006056855772305381
1991-06-06,16.93,26.54,0.3788420991568634,1897312571.486,0.0006056855772305381
1991-06-07,16.98,26.54,0.3788420991568634,1897312571.486,0.0006056855772305381
1991-06-10,17.47,26.54,0.3788420991568634,1897312571.486,0.0006056855772305381
1991-06-11,17.32,26.54,0.3788420991568634,1897312571.486,0.0006056855772305381
1991-06-12,17.72,26.54,0.3788420991568634,1897312571.486,0.0006056855772305381
1991-06-13,16.99,26.54,0.3788420991568634,1897312571.486,0.0006056855772305381
1991-06-14,15.98,26.54,0.3788420991568634,1897312571.486,0.0006056855772305381
1991-06-17,15.5,26.54,0.3788420991568634,1897312571.486,0.0006056855772305381
1991-06-18,16.14,26.54,0.3788420991568634,1897312571.486,0.0006056855772305381
1991-06-19,17.44,26.54,0.3788420991568634,1897312571.486,0.0006056855772305381
1991-06-20,16.75,26.54,0.3788420991568634,1897312571.486,0.0006056855772305381
1991-06-21,16.51,26.54,0.3788420991568634,1897312571.486,0.0006056855772305381
1991-06-24,18.28,26.54,0.3788420991568634,1897312571.486,0.0006056855772305381
1991-06-25,17.85,26.54,0.3788420991568634,1897312571.486,0.0006056855772305381
1991-06-26,17.98,26.54,0.3788420991568634,1897312571.486,0.0006056855772305381
1991-06-27,17.87,26.54,0.3788420991568634,1897312571.486,0.0006056855772305381
1991-06-28,19.55,26.54,0.3788420991568634,1897312571.486,0.0006056855772305381
1991-07-01,18.64,26.54,0.3788420991568634,1897312571.486,0.0006056855772305381
1991-07-02,17.63,26.54,0.3788420991568634,1897312571.486,0.0006056855772305381
1991-07-03,19.47,26.54,0.3788420991568634,1897312571.486,0.0006056855772305381
1991-07-05,18.35,26.54,0.3788420991568634,1897312571.486,0.0006056855772305381
1991-07-08,20.29,26.54,0.3788420991568634,1897312571.486,0.0006056855772305381
1991-07-09,19.76,26.54,0.3788420991568634,1897312571.486,0.0006056855772305381
1991-07-10,19.19,26.54,0.3788420991568634,1897312571.486,0.0006056855772305381
1991-07-11,17.39,26.54,0.3788420991568634,1897312571.486,0.0006056855772305381
1991-07-12,18.29,26.54,0.3788420991568634,1897312571.486,0.0006056855772305381
1991-07-15,17.78,26.54,0.3788420991568634,1897312571.486,0.0006056855772305381
1991-07-16,17.49,26.54,0.3788420991568634,1897312571.486,0.0006056855772305381
1991-07-17,17.52,26.54,0.3788420991568634,1897312571.486,0.0006056855772305381
1991-07-18,15.77,26.54,0.3788420991568634,1897312571.486,0.0006056855772305381
1991-07-19,15.5,26.54,0.3788420991568634,1897312571.486,0.0006056855772305381
1991-07-22,16.9,26.54,0.3788420991568634,1897312571.486,0.0006056855772305381
1991-07-23,16.58,26.54,0.3788420991568634,1897312571.486,0.0006056855772305381
1991-07-24,16.41,26.54,0.3788420991568634,1897312571.486,0.0006056855772305381
1991-07-25,15.74,26.54,0.3788420991568634,1897312571.486,0.0006056855772305381
1991-07-26,15.45,26.54,0.3788420991568634,1897312571.486,0.0006056855772305381
1991-07-29,15.67,26.54,0.3788420991568634,1897312571.486,0.0006056855772305381
1991-07-30,15.47,26.54,0.3788420991568634,1897312571.486,0.0006056855772305381
1991-07-31,15.18,26.54,0.3788420991568634,1897312571.486,0.0006056855772305381
1991-08-01,15.47,26.54,0.3788420991568634,1897312571.486,0.0006056855772305381
1991-08-02,15.26,26.54,0.3788420991568634,1897312571.486,0.0006056855772305381
1991-08-05,15.92,26.54,0.3788420991568634,1897312571.486,0.0006056855772305381
1991-08-06,15.54,26.54,0.3788420991568634,1897312571.486,0.0006056855772305381
1991-08-07,15.56,26.54,0.3788420991568634,1897312571.486,0.0006056855772305381
1991-08-08,15.98,26.54,0.3788420991568634,1897312571.486,0.0006056855772305381
1991-08-09,15.45,26.54,0.3788420991568634,1897312571.486,0.0006056855772305381
1991-08-12,15.26,26.54,0.3788420991568634,1897312571.486,0.0006056855772305381
1991-08-13,14.73,26.54,0.3788420991568634,1897312571.486,0.0006056855772305381
1991-08-14,15.09,26.54,0.3788420991568634,1897312571.486,0.0006056855772305381
1991-08-15,15.19,26.54,0.3788420991568634,1897312571.486,0.0006056855772305381
1991-08-16,16.01,26.54,0.3788420991568634,1897312571.486,0.0006056855772305381
1991-08-19,21.19,26.54,0.3788420991568634,1897312571.486,0.0006056855772305381
1991-08-20,18.86,26.54,0.3788420991568634,1897312571.486,0.0006056855772305381
1991-08-21,15.62,26.54,0.3788420991568634,1897312571.486,0.0006056855772305381
1991-08-22,14.59,26.54,0.3788420991568634,1897312571.486,0.0006056855772305381
1991-08-23,14.41,26.54,0.3788420991568634,1897312571.486,0.0006056855772305381
1991-08-26,14.81,26.54,0.3788420991568634,1897312571.486,0.0006056855772305381
1991-08-27,15.46,26.54,0.3788420991568634,1897312571.486,0.0006056855772305381
1991-08-28,15.31,26.54,0.3788420991568634,1897312571.486,0.0006056855772305381
1991-08-29,14.82,26.54,0.3788420991568634,1897312571.486,0.0006056855772305381
1991-08-30,14.46,26.54,0.3788420991568634,1897312571.486,0.0006056855772305381
1991-09-03,16.57,26.54,0.3788420991568634,1897312571.486,0.0006056855772305381
1991-09-04,17.18,26.54,0.3788420991568634,1897312571.486,0.0006056855772305381
1991-09-05,17.31,26.54,0.3788420991568634,1897312571.486,0.0006056855772305381
1991-09-06,16.76,26.54,0.3788420991568634,1897312571.486,0.0006056855772305381
1991-09-09,17.73,26.54,0.3788420991568634,1897312571.486,0.0006056855772305381
1991-09-10,18.22,26.54,0.3788420991568634,1897312571.486,0.0006056855772305381
1991-09-11,17.96,26.54,0.3788420991568634,1897312571.486,0.0006056855772305381
1991-09-12,16.21,26.54,0.3788420991568634,1897312571.486,0.0006056855772305381
1991-09-13,17.88,26.54,0.3788420991568634,1897312571.486,0.0006056855772305381
1991-09-16,17.82,26.54,0.3788420991568634,1897312571.486,0.0006056855772305381
1991-09-17,17.68,26.54,0.3788420991568634,1897312571.486,0.0006056855772305381
1991-09-18,17.56,26.54,0.3788420991568634,1897312571.486,0.0006056855772305381
1991-09-19,17.56,26.54,0.3788420991568634,1897312571.486,0.0006056855772305381
1991-09-20,17.08,26.54,0.3788420991568634,1897312571.486,0.0006056855772305381
1991-09-23,16.38,26.54,0.3788420991568634,1897312571.486,0.0006056855772305381
1991-09-24,16.04,26.54,0.3788420991568634,1897312571.486,0.0006056855772305381
1991-09-25,15.68,26.54,0.3788420991568634,1897312571.486,0.0006056855772305381
1991-09-26,15.35,26.54,0.3788420991568634,1897312571.486,0.0006056855772305381
1991-09-27,16.31,26.54,0.3788420991568634,1897312571.486,0.0006056855772305381
1991-09-30,15.85,26.54,0.3788420991568634,1897312571.486,0.0006056855772305381
1991-10-01,14.81,26.54,0.3788420991568634,1897312571.486,0.0006056855772305381
1991-10-02,15.81,26.54,0.3788420991568634,1897312571.486,0.0006056855772305381
1991-10-03,17.04,26.54,0.3788420991568634,1897312571.486,0.0006056855772305381
1991-10-04,15.63,26.54,0.3788420991568634,1897312571.486,0.0006056855772305381
1991-10-07,18.58,26.54,0.3788420991568634,1897312571.486,0.0006056855772305381
1991-10-08,17.81,26.54,0.3788420991568634,1897312571.486,0.0006056855772305381
1991-10-09,18.54,26.54,0.3788420991568634,1897312571.486,0.0006056855772305381
1991-10-10,17.8,26.54,0.3788420991568634,1897312571.486,0.0006056855772305381
1991-10-11,17.6,26.54,0.3788420991568634,1897312571.486,0.0006056855772305381
1991-10-14,16.71,26.54,0.3788420991568634,1897312571.486,0.0006056855772305381
1991-10-15,16.22,26.54,0.3788420991568634,1897312571.486,0.0006056855772305381
1991-10-16,14.85,26.54,0.3788420991568634,1897312571.486,0.0006056855772305381
1991-10-17,16.32,26.54,0.3788420991568634,1897312571.486,0.0006056855772305381
1991-10-18,15.87,26.54,0.3788420991568634,1897312571.486,0.0006056855772305381
1991-10-21,16.66,26.54,0.3788420991568634,1897312571.486,0.0006056855772305381
1991-10-22,16.55,26.54,0.3788420991568634,1897312571.486,0.0006056855772305381
1991-10-23,16.26,26.54,0.3788420991568634,1897312571.486,0.0006056855772305381
1991-10-24,15.62,26.54,0.3788420991568634,1897312571.486,0.0006056855772305381
1991-10-25,15.75,26.54,0.3788420991568634,1897312571.486,0.0006056855772305381
1991-10-28,15.45,26.54,0.3788420991568634,1897312571.486,0.0006056855772305381
1991-10-29,15.55,26.54,0.3788420991568634,1897312571.486,0.0006056855772305381
1991-10-30,15.46,26.54,0.3788420991568634,1897312571.486,0.0006056855772305381
1991-10-31,15.48,26.54,0.3788420991568634,1897312571.486,0.0006056855772305381
1991-11-01,15.6,26.54,0.3788420991568634,1897312571.486,0.0006056855772305381
1991-11-04,16.35,26.54,0.3788420991568634,1897312571.486,0.0006056855772305381
1991-11-05,16.48,26.54,0.3788420991568634,1897312571.486,0.0006056855772305381
1991-11-06,16.47,26.54,0.3788420991568634,1897312571.486,0.0006056855772305381
1991-11-07,15.97,26.54,0.3788420991568634,1897312571.486,0.0006056855772305381
1991-11-08,15.43,26.54,0.3788420991568634,1897312571.486,0.0006056855772305381
1991-11-11,14.89,26.54,0.3788420991568634,1897312571.486,0.0006056855772305381
1991-11-12,14.04,26.54,0.3788420991568634,1897312571.486,0.0006056855772305381
1991-11-13,13.95,26.54,0.3788420991568634,1897312571.486,0.0006056855772305381
1991-11-14,13.96,26.54,0.3788420991568634,1897312571.486,0.0006056855772305381
1991-11-15,21.18,26.54,0.3788420991568634,1897312571.486,0.0006056855772305381
1991-11-18,18.28,26.54,0.3788420991568634,1897312571.486,0.0006056855772305381
1991-11-19,20.34,26.54,0.3788420991568634,1897312571.486,0.0006056855772305381
1991-11-20,20.4,26.54,0.3788420991568634,1897312571.486,0.0006056855772305381
1991-11-21,19.11,26.54,0.3788420991568634,1897312571.486,0.0006056855772305381
1991-11-22,21.2,26.54,0.3788420991568634,1897312571.486,0.0006056855772305381
1991-11-25,21.92,26.54,0.3788420991568634,1897312571.486,0.0006056855772305381
1991-11-26,19.8,26.54,0.3788420991568634,1897312571.486,0.0006056855772305381
1991-11-27,19.84,26.54,0.3788420991568634,1897312571.486,0.0006056855772305381
1991-11-29,20.26,26.54,0.3788420991568634,1897312571.486,0.0006056855772305381
1991-12-02,20.18,26.54,0.3788420991568634,1897312571.486,0.0006056855772305381
1991-12-03,19.7,26.54,0.3788420991568634,1897312571.486,0.0006056855772305381
1991-12-04,19.54,26.54,0.3788420991568634,1897312571.486,0.0006056855772305381
1991-12-05,20.19,26.54,0.3788420991568634,1897312571.486,0.0006056855772305381
1991-12-06,19.04,26.54,0.3788420991568634,1897312571.486,0.0006056855772305381
1991-12-09,19.74,26.54,0.3788420991568634,1897312571.486,0.0006056855772305381
1991-12-10,19.89,26.54,0.3788420991568634,1897312571.486,0.0006056855772305381
1991-12-11,20.57,26.54,0.3788420991568634,1897312571.486,0.0006056855772305381
1991-12-12,19.08,26.54,0.3788420991568634,1897312571.486,0.0006056855772305381
1991-12-13,17.88,26.54,0.3788420991568634,1897312571.486,0.0006056855772305381
1991-12-16,17.62,26.54,0.3788420991568634,1897312571.486,0.0006056855772305381
1991-12-17,18.12,26.54,0.3788420991568634,1897312571.486,0.0006056855772305381
1991-12-18,17.78,26.54,0.3788420991568634,1897312571.486,0.0006056855772305381
1991-12-19,17.96,26.54,0.3788420991568634,1897312571.486,0.0006056855772305381
1991-12-20,17.65,26.54,0.3788420991568634,1897312571.486,0.0006056855772305381
1991-12-23,16.61,26.54,0.3788420991568634,1897312571.486,0.0006056855772305381
1991-12-24,15.67,26.54,0.3788420991568634,1897312571.486,0.0006056855772305381
1991-12-26,15.44,26.54,0.3788420991568634,1897312571.486,0.0006056855772305381
1991-12-27,15.7,26.54,0.3788420991568634,1897312571.486,0.0006056855772305381
1991-12-30,17.63,26.54,0.3788420991568634,1897312571.486,0.0006056855772305381
1991-12-31,19.31,26.54,0.3788420991568634,1897312571.486,0.0006056855772305381
1992-01-02,18.95,26.54,0.3788420991568634,1897312571.486,0.0006056855772305381
1992-01-03,18.75,26.54,0.3788420991568634,1897312571.486,0.0006056855772305381
1992-01-06,18.96,26.54,0.3788420991568634,1897312571.486,0.0006056855772305381
1992-01-07,19.23,26.54,0.3788420991568634,1897312571.486,0.0006056855772305381
1992-01-08,18.72,26.54,0.3788420991568634,1897312571.486,0.0006056855772305381
1992-01-09,18.96,26.54,0.3788420991568634,1897312571.486,0.0006056855772305381
1992-01-10,18.45,26.54,0.3788420991568634,1897312571.486,0.0006056855772305381
1992-01-13,18.01,26.54,0.3788420991568634,1897312571.486,0.0006056855772305381
1992-01-14,17.01,26.54,0.3788420991568634,1897312571.486,0.0006056855772305381
1992-01-15,17.39,26.54,0.3788420991568634,1897312571.486,0.0006056855772305381
1992-01-16,17.64,26.54,0.3788420991568634,1897312571.486,0.0006056855772305381
1992-01-17,16.32,26.54,0.3788420991568634,1897312571.486,0.0006056855772305381
1992-01-20,16.42,26.54,0.3788420991568634,1897312571.486,0.0006056855772305381
1992-01-21,17.92,26.54,0.3788420991568634,1897312571.486,0.0006056855772305381
1992-01-22,16.75,26.54,0.3788420991568634,1897312571.486,0.0006056855772305381
1992-01-23,16.46,26.54,0.3788420991568634,1897312571.486,0.0006056855772305381
1992-01-24,16.24,26.54,0.3788420991568634,1897312571.486,0.0006056855772305381
1992-01-27,16.67,26.54,0.3788420991568634,1897312571.486,0.0006056855772305381
1992-01-28,17.67,26.54,0.3788420991568634,1897312571.486,0.0006056855772305381
1992-01-29,17.62,26.54,0.3788420991568634,1897312571.486,0.0006056855772305381
1992-01-30,17.49,26.54,0.3788420991568634,1897312571.486,0.0006056855772305381
1992-01-31,17.4,26.54,0.3788420991568634,1897312571.486,0.0006056855772305381
1992-02-03,18.2,26.54,0.3788420991568634,1897312571.486,0.0006056855772305381
1992-02-04,17.96,26.54,0.3788420991568634,1897312571.486,0.0006056855772305381
1992-02-05,18.22,26.54,0.3788420991568634,1897312571.486,0.0006056855772305381
1992-02-06,18.79,26.54,0.3788420991568634,1897312571.486,0.0006056855772305381
1992-02-07,18.51,26.54,0.3788420991568634,1897312571.486,0.0006056855772305381
1992-02-10,18.56,26.54,0.3788420991568634,1897312571.486,0.0006056855772305381
1992-02-11,17.7,26.54,0.3788420991568634,1897312571.486,0.0006056855772305381
1992-02-12,17.37,26.54,0.3788420991568634,1897312571.486,0.0006056855772305381
1992-02-13,17.45,26.54,0.3788420991568634,1897312571.486,0.0006056855772305381
1992-02-14,17.03,26.54,0.3788420991568634,1897312571.486,0.0006056855772305381
1992-02-18,18.22,26.54,0.3788420991568634,1897312571.486,0.0006056855772305381
1992-02-19,17.16,26.54,0.3788420991568634,1897312571.486,0.0006056855772305381
1992-02-20,16.72,26.54,0.3788420991568634,1897312571.486,0.0006056855772305381
1992-02-21,16.87,26.54,0.3788420991568634,1897312571.486,0.0006056855772305381
1992-02-24,17.13,26.54,0.3788420991568634,1897312571.486,0.0006056855772305381
1992-02-25,16.35,26.54,0.3788420991568634,1897312571.486,0.0006056855772305381
1992-02-26,16.64,26.54,0.3788420991568634,1897312571.486,0.0006056855772305381
1992-02-27,16.51,26.54,0.3788420991568634,1897312571.486,0.0006056855772305381
1992-02-28,16.68,26.54,0.3788420991568634,1897312571.486,0.0006056855772305381
1992-03-02,16.88,26.54,0.3788420991568634,1897312571.486,0.0006056855772305381
1992-03-03,17.26,26.54,0.3788420991568634,1897312571.486,0.0006056855772305381
1992-03-04,17.89,26.54,0.3788420991568634,1897312571.486,0.0006056855772305381
1992-03-05,18.47,26.54,0.3788420991568634,1897312571.486,0.0006056855772305381
1992-03-06,19.75,26.54,0.3788420991568634,1897312571.486,0.0006056855772305381
1992-03-09,19.68,26.54,0.3788420991568634,1897312571.486,0.0006056855772305381
1992-03-10,18.68,26.54,0.3788420991568634,1897312571.486,0.0006056855772305381
1992-03-11,19.79,26.54,0.3788420991568634,1897312571.486,0.0006056855772305381
1992-03-12,19.72,26.54,0.3788420991568634,1897312571.486,0.0006056855772305381
1992-03-13,18.35,26.54,0.3788420991568634,1897312571.486,0.0006056855772305381
1992-03-16,18.46,26.54,0.3788420991568634,1897312571.486,0.0006056855772305381
1992-03-17,16.79,26.54,0.3788420991568634,1897312571.486,0.0006056855772305381
1992-03-18,16.69,26.54,0.3788420991568634,1897312571.486,0.0006056855772305381
1992-03-19,16.52,26.54,0.3788420991568634,1897312571.486,0.0006056855772305381
1992-03-20,16.82,26.54,0.3788420991568634,1897312571.486,0.0006056855772305381
1992-03-23,16.73,26.54,0.3788420991568634,1897312571.486,0.0006056855772305381
1992-03-24,16.32,26.54,0.3788420991568634,1897312571.486,0.0006056855772305381
1992-03-25,16.19,26.54,0.3788420991568634,1897312571.486,0.0006056855772305381
1992-03-26,16.29,26.54,0.3788420991568634,1897312571.486,0.0006056855772305381
1992-03-27,16.02,26.54,0.3788420991568634,1897312571.486,0.0006056855772305381
1992-03-30,15.97,26.54,0.3788420991568634,1897312571.486,0.0006056855772305381
1992-03-31,16.18,26.54,0.3788420991568634,1897312571.486,0.0006056855772305381
1992-04-01,16.48,26.54,0.3788420991568634,1897312571.486,0.0006056855772305381
1992-04-02,17.06,26.54,0.3788420991568634,1897312571.486,0.0006056855772305381
1992-04-03,16.72,26.54,0.3788420991568634,1897312571.486,0.0006056855772305381
1992-04-06,16.72,26.54,0.3788420991568634,1897312571.486,0.0006056855772305381
1992-04-07,18.81,26.54,0.3788420991568634,1897312571.486,0.0006056855772305381
1992-04-08,20.15,26.54,0.3788420991568634,1897312571.486,0.0006056855772305381
1992-04-09,17.89,26.54,0.3788420991568634,1897312571.486,0.0006056855772305381
1992-04-10,16.85,26.54,0.3788420991568634,1897312571.486,0.0006056855772305381
1992-04-13,16.99,26.54,0.3788420991568634,1897312571.486,0.0006056855772305381
1992-04-14,15.98,26.54,0.3788420991568634,1897312571.486,0.0006056855772305381
1992-04-15,15.15,26.54,0.3788420991568634,1897312571.486,0.0006056855772305381
1992-04-16,14.85,26.54,0.3788420991568634,1897312571.486,0.0006056855772305381
1992-04-20,15.93,26.54,0.3788420991568634,1897312571.486,0.0006056855772305381
1992-04-21,16.53,26.54,0.3788420991568634,1897312571.486,0.0006056855772305381
1992-04-22,15.96,26.54,0.3788420991568634,1897312571.486,0.0006056855772305381
1992-04-23,15.83,26.54,0.3788420991568634,1897312571.486,0.0006056855772305381
1992-04-24,15.71,26.54,0.3788420991568634,1897312571.486,0.0006056855772305381
1992-04-27,16.49,26.54,0.3788420991568634,1897312571.486,0.0006056855772305381
1992-04-28,16.24,26.54,0.3788420991568634,1897312571.486,0.0006056855772305381
1992-04-29,15.95,26.54,0.3788420991568634,1897312571.486,0.0006056855772305381
1992-04-30,15.53,26.54,0.3788420991568634,1897312571.486,0.0006056855772305381
1992-05-01,16.61,26.54,0.3788420991568634,1897312571.486,0.0006056855772305381
1992-05-04,16.92,26.54,0.3788420991568634,1897312571.486,0.0006056855772305381
1992-05-05,16.66,26.54,0.3788420991568634,1897312571.486,0.0006056855772305381
1992-05-06,16.81,26.54,0.3788420991568634,1897312571.486,0.0006056855772305381
1992-05-07,16.54,26.54,0.3788420991568634,1897312571.486,0.0006056855772305381
1992-05-08,15.65,26.54,0.3788420991568634,1897312571.486,0.0006056855772305381
1992-05-11,15.17,26.54,0.3788420991568634,1897312571.486,0.0006056855772305381
1992-05-12,15.68,26.54,0.3788420991568634,1897312571.486,0.0006056855772305381
1992-05-13,15.19,26.54,0.3788420991568634,1897312571.486,0.0006056855772305381
1992-05-14,15.49,26.54,0.3788420991568634,1897312571.486,0.0006056855772305381
1992-05-15,14.82,26.54,0.3788420991568634,1897312571.486,0.0006056855772305381
1992-05-18,14.62,26.54,0.3788420991568634,1897312571.486,0.0006056855772305381
1992-05-19,13.57,26.54,0.3788420991568634,1897312571.486,0.0006056855772305381
1992-05-20,13.62,26.54,0.3788420991568634,1897312571.486,0.0006056855772305381
1992-05-21,13.92,26.54,0.3788420991568634,1897312571.486,0.0006056855772305381
1992-05-22,13.73,26.54,0.3788420991568634,1897312571.486,0.0006056855772305381
1992-05-26,14.92,26.54,0.3788420991568634,1897312571.486,0.0006056855772305381
1992-05-27,13.99,26.54,0.3788420991568634,1897312571.486,0.0006056855772305381
1992-05-28,13.77,26.54,0.3788420991568634,1897312571.486,0.0006056855772305381
1992-05-29,13.86,26.54,0.3788420991568634,1897312571.486,0.0006056855772305381
1992-06-01,14.43,26.54,0.3788420991568634,1897312571.486,0.0006056855772305381
1992-06-02,14.57,26.54,0.3788420991568634,1897312571.486,0.0006056855772305381
1992-06-03,14.35,26.54,0.3788420991568634,1897312571.486,0.0006056855772305381
1992-06-04,13.66,26.54,0.3788420991568634,1897312571.486,0.0006056855772305381
1992-06-05,14.65,26.54,0.3788420991568634,1897312571.486,0.0006056855772305381
1992-06-08,15.19,26.54,0.3788420991568634,1897312571.486,0.0006056855772305381
1992-06-09,15.97,26.54,0.3788420991568634,1897312571.486,0.0006056855772305381
1992-06-10,16.62,26.54,0.3788420991568634,1897312571.486,0.0006056855772305381
1992-06-11,16.29,26.54,0.3788420991568634,1897312571.486,0.0006056855772305381
1992-06-12,14.95,26.54,0.3788420991568634,1897312571.486,0.0006056855772305381
1992-06-15,14.76,26.54,0.3788420991568634,1897312571.486,0.0006056855772305381
1992-06-16,15.22,26.54,0.3788420991568634,1897312571.486,0.0006056855772305381
1992-06-17,18.08,26.54,0.3788420991568634,1897312571.486,0.0006056855772305381
1992-06-18,18.2,26.54,0.3788420991568634,1897312571.486,0.0006056855772305381
1992-06-19,16.31,26.54,0.3788420991568634,1897312571.486,0.0006056855772305381
1992-06-22,16.66,26.54,0.3788420991568634,1897312571.486,0.0006056855772305381
1992-06-23,14.53,26.54,0.3788420991568634,1897312571.486,0.0006056855772305381
1992-06-24,14.4,26.54,0.3788420991568634,1897312571.486,0.0006056855772305381
1992-06-25,14.4,26.54,0.3788420991568634,1897312571.486,0.0006056855772305381
1992-06-26,14.67,26.54,0.3788420991568634,1897312571.486,0.0006056855772305381
1992-06-29,13.21,26.54,0.3788420991568634,1897312571.486,0.0006056855772305381
1992-06-30,13.35,26.54,0.3788420991568634,1897312571.486,0.0006056855772305381
1992-07-01,13.34,26.54,0.3788420991568634,1897312571.486,0.0006056855772305381
1992-07-02,13.88,26.54,0.3788420991568634,1897312571.486,0.0006056855772305381
1992-07-06,14.87,26.54,0.3788420991568634,1897312571.486,0.0006056855772305381
1992-07-07,15.83,26.54,0.3788420991568634,1897312571.486,0.0006056855772305381
1992-07-08,15.53,26.54,0.3788420991568634,1897312571.486,0.0006056855772305381
1992-07-09,14.6,26.54,0.3788420991568634,1897312571.486,0.0006056855772305381
1992-07-10,13.7,26.54,0.3788420991568634,1897312571.486,0.0006056855772305381
1992-07-13,14.01,26.54,0.3788420991568634,1897312571.486,0.0006056855772305381
1992-07-14,13.5,26.54,0.3788420991568634,1897312571.486,0.0006056855772305381
1992-07-15,12.52,26.54,0.3788420991568634,1897312571.486,0.0006056855772305381
1992-07-16,12.27,26.54,0.3788420991568634,1897312571.486,0.0006056855772305381
1992-07-17,12.6,26.54,0.3788420991568634,1897312571.486,0.0006056855772305381
1992-07-20,12.66,26.54,0.3788420991568634,1897312571.486,0.0006056855772305381
1992-07-21,12.6,26.54,0.3788420991568634,1897312571.486,0.0006056855772305381
1992-07-22,13.57,26.54,0.3788420991568634,1897312571.486,0.0006056855772305381
1992-07-23,13.33,26.54,0.3788420991568634,1897312571.486,0.0006056855772305381
1992-07-24,13.37,26.54,0.3788420991568634,1897312571.486,0.0006056855772305381
1992-07-27,13.9,26.54,0.3788420991568634,1897312571.486,0.0006056855772305381
1992-07-28,13.05,26.54,0.3788420991568634,1897312571.486,0.0006056855772305381
1992-07-29,13.44,26.54,0.3788420991568634,1897312571.486,0.0006056855772305381
1992-07-30,13.5,26.54,0.3788420991568634,1897312571.486,0.0006056855772305381
1992-07-31,13.17,26.54,0.3788420991568634,1897312571.486,0.0006056855772305381
1992-08-03,13.83,26.54,0.3788420991568634,1897312571.486,0.0006056855772305381
1992-08-04,13.58,26.54,0.3788420991568634,1897312571.486,0.0006056855772305381
1992-08-05,13.82,26.54,0.3788420991568634,1897312571.486,0.0006056855772305381
1992-08-06,14.23,26.54,0.3788420991568634,1897312571.486,0.0006056855772305381
1992-08-07,13.94,26.54,0.3788420991568634,1897312571.486,0.0006056855772305381
1992-08-10,14.51,26.54,0.3788420991568634,1897312571.486,0.0006056855772305381
1992-08-11,15.09,26.54,0.3788420991568634,1897312571.486,0.0006056855772305381
1992-08-12,14.88,26.54,0.3788420991568634,1897312571.486,0.0006056855772305381
1992-08-13,15.34,26.54,0.3788420991568634,1897312571.486,0.0006056855772305381
1992-08-14,14.66,26.54,0.3788420991568634,1897312571.486,0.0006056855772305381
1992-08-17,14.61,26.54,0.3788420991568634,1897312571.486,0.0006056855772305381
1992-08-18,13.84,26.54,0.3788420991568634,1897312571.486,0.0006056855772305381
1992-08-19,14.35,26.54,0.3788420991568634,1897312571.486,0.0006056855772305381
1992-08-20,14.48,26.54,0.3788420991568634,1897312571.486,0.0006056855772305381
1992-08-21,15.01,26.54,0.3788420991568634,1897312571.486,0.0006056855772305381
1992-08-24,16.19,26.54,0.3788420991568634,1897312571.486,0.0006056855772305381
1992-08-25,15.62,26.54,0.3788420991568634,1897312571.486,0.0006056855772305381
1992-08-26,14.5,26.54,0.3788420991568634,1897312571.486,0.0006056855772305381
1992-08-27,13.66,26.54,0.3788420991568634,1897312571.486,0.0006056855772305381
1992-08-28,13.14,26.54,0.3788420991568634,1897312571.486,0.0006056855772305381
1992-08-31,13.58,26.54,0.3788420991568634,1897312571.486,0.0006056855772305381
1992-09-01,13.4,26.54,0.3788420991568634,1897312571.486,0.0006056855772305381
1992-09-02,12.73,26.54,0.3788420991568634,1897312571.486,0.0006056855772305381
1992-09-03,12.88,26.54,0.3788420991568634,1897312571.486,0.0006056855772305381
1992-09-04,12.98,26.54,0.3788420991568634,1897312571.486,0.0006056855772305381
1992-09-08,13.65,26.54,0.3788420991568634,1897312571.486,0.0006056855772305381
1992-09-09,13.36,26.54,0.3788420991568634,1897312571.486,0.0006056855772305381
1992-09-10,12.92,26.54,0.3788420991568634,1897312571.486,0.0006056855772305381
1992-09-11,12.47,26.54,0.3788420991568634,1897312571.486,0.0006056855772305381
1992-09-14,13.0,26.54,0.3788420991568634,1897312571.486,0.0006056855772305381
1992-09-15,13.63,26.54,0.3788420991568634,1897312571.486,0.0006056855772305381
1992-09-16,14.72,26.54,0.3788420991568634,1897312571.486,0.0006056855772305381
1992-09-17,14.31,26.54,0.3788420991568634,1897312571.486,0.0006056855772305381
1992-09-18,13.74,26.54,0.3788420991568634,1897312571.486,0.0006056855772305381
1992-09-21,13.45,26.54,0.3788420991568634,1897312571.486,0.0006056855772305381
1992-09-22,13.88,26.54,0.3788420991568634,1897312571.486,0.0006056855772305381
1992-09-23,13.83,26.54,0.3788420991568634,1897312571.486,0.0006056855772305381
1992-09-24,13.44,26.54,0.3788420991568634,1897312571.486,0.0006056855772305381
1992-09-25,14.8,26.54,0.3788420991568634,1897312571.486,0.0006056855772305381
1992-09-28,15.19,26.54,0.3788420991568634,1897312571.486,0.0006056855772305381
1992-09-29,14.97,26.54,0.3788420991568634,1897312571.486,0.0006056855772305381
1992-09-30,14.28,26.54,0.3788420991568634,1897312571.486,0.0006056855772305381
1992-10-01,16.31,26.54,0.3788420991568634,1897312571.486,0.0006056855772305381
1992-10-02,17.79,26.54,0.3788420991568634,1897312571.486,0.0006056855772305381
1992-10-05,20.01,26.54,0.3788420991568634,1897312571.486,0.0006056855772305381
1992-10-06,19.95,26.54,0.3788420991568634,1897312571.486,0.0006056855772305381
1992-10-07,21.02,26.54,0.3788420991568634,1897312571.486,0.0006056855772305381
1992-10-08,19.26,26.54,0.3788420991568634,1897312571.486,0.0006056855772305381
1992-10-09,20.51,26.54,0.3788420991568634,1897312571.486,0.0006056855772305381
1992-10-12,19.49,26.54,0.3788420991568634,1897312571.486,0.0006056855772305381
1992-10-13,17.9,26.54,0.3788420991568634,1897312571.486,0.0006056855772305381
1992-10-14,18.42,26.54,0.3788420991568634,1897312571.486,0.0006056855772305381
1992-10-15,17.11,26.54,0.3788420991568634,1897312571.486,0.0006056855772305381
1992-10-16,17.01,26.54,0.3788420991568634,1897312571.486,0.0006056855772305381
1992-10-19,17.31,26.54,0.3788420991568634,1897312571.486,0.0006056855772305381
1992-10-20,16.87,26.54,0.3788420991568634,1897312571.486,0.0006056855772305381
1992-10-21,16.62,26.54,0.3788420991568634,1897312571.486,0.0006056855772305381
1992-10-22,15.84,26.54,0.3788420991568634,1897312571.486,0.0006056855772305381
1992-10-23,16.46,26.54,0.3788420991568634,1897312571.486,0.0006056855772305381
1992-10-26,16.32,26.54,0.3788420991568634,1897312571.486,0.0006056855772305381
1992-10-27,16.24,26.54,0.3788420991568634,1897312571.486,0.0006056855772305381
1992-10-28,15.95,26.54,0.3788420991568634,1897312571.486,0.0006056855772305381
1992-10-29,15.47,26.54,0.3788420991568634,1897312571.486,0.0006056855772305381
1992-10-30,16.15,26.54,0.3788420991568634,1897312571.486,0.0006056855772305381
1992-11-02,16.67,26.54,0.3788420991568634,1897312571.486,0.0006056855772305381
1992-11-03,17.33,26.54,0.3788420991568634,1897312571.486,0.0006056855772305381
1992-11-04,16.28,26.54,0.3788420991568634,1897312571.486,0.0006056855772305381
1992-11-05,15.38,26.54,0.3788420991568634,1897312571.486,0.0006056855772305381
1992-11-06,14.69,26.54,0.3788420991568634,1897312571.486,0.0006056855772305381
1992-11-09,14.23,26.54,0.3788420991568634,1897312571.486,0.0006056855772305381
1992-11-10,14.37,26.54,0.3788420991568634,1897312571.486,0.0006056855772305381
1992-11-11,13.99,26.54,0.3788420991568634,1897312571.486,0.0006056855772305381
1992-11-12,14.37,26.54,0.3788420991568634,1897312571.486,0.0006056855772305381
1992-11-13,14.61,26.54,0.3788420991568634,1897312571.486,0.0006056855772305381
1992-11-16,14.86,26.54,0.3788420991568634,1897312571.486,0.0006056855772305381
1992-11-17,15.01,26.54,0.3788420991568634,1897312571.486,0.0006056855772305381
1992-11-18,14.55,26.54,0.3788420991568634,1897312571.486,0.0006056855772305381
1992-11-19,14.33,26.54,0.3788420991568634,1897312571.486,0.0006056855772305381
1992-11-20,13.67,26.54,0.3788420991568634,1897312571.486,0.0006056855772305381
1992-11-23,13.4,26.54,0.3788420991568634,1897312571.486,0.0006056855772305381
1992-11-24,12.66,26.54,0.3788420991568634,1897312571.486,0.0006056855772305381
1992-11-25,12.5,26.54,0.3788420991568634,1897312571.486,0.0006056855772305381
1992-11-27,12.58,26.54,0.3788420991568634,1897312571.486,0.0006056855772305381
1992-11-30,13.01,26.54,0.3788420991568634,1897312571.486,0.0006056855772305381
1992-12-01,12.8,26.54,0.3788420991568634,1897312571.486,0.0006056855772305381
1992-12-02,12.56,26.54,0.3788420991568634,1897312571.486,0.0006056855772305381
1992-12-03,12.03,26.54,0.3788420991568634,1897312571.486,0.0006056855772305381
1992-12-04,11.81,26.54,0.3788420991568634,1897312571.486,0.0006056855772305381
1992-12-07,12.0,26.54,0.3788420991568634,1897312571.486,0.0006056855772305381
1992-12-08,11.73,26.54,0.3788420991568634,1897312571.486,0.0006056855772305381
1992-12-09,12.58,26.54,0.3788420991568634,1897312571.486,0.0006056855772305381
1992-12-10,12.75,26.54,0.3788420991568634,1897312571.486,0.0006056855772305381
1992-12-11,12.34,26.54,0.3788420991568634,1897312571.486,0.0006056855772305381
1992-12-14,12.66,26.54,0.3788420991568634,1897312571.486,0.0006056855772305381
1992-12-15,12.41,26.54,0.3788420991568634,1897312571.486,0.0006056855772305381
1992-12-16,12.58,26.54,0.3788420991568634,1897312571.486,0.0006056855772305381
1992-12-17,12.14,26.54,0.3788420991568634,1897312571.486,0.0006056855772305381
1992-12-18,11.66,26.54,0.3788420991568634,1897312571.486,0.0006056855772305381
1992-12-21,11.65,26.54,0.3788420991568634,1897312571.486,0.0006056855772305381
1992-12-22,11.75,26.54,0.3788420991568634,1897312571.486,0.0006056855772305381
1992-12-23,11.51,26.54,0.3788420991568634,1897312571.486,0.0006056855772305381
1992-12-24,11.57,26.54,0.3788420991568634,1897312571.486,0.0006056855772305381
1992-12-28,12.22,26.54,0.3788420991568634,1897312571.486,0.0006056855772305381
1992-12-29,12.29,26.54,0.3788420991568634,1897312571.486,0.0006056855772305381
1992-12-30,12.6,26.54,0.3788420991568634,1897312571.486,0.0006056855772305381
1992-12-31,12.57,26.54,0.3788420991568634,1897312571.486,0.0006056855772305381
1993-01-04,13.36,26.54,0.3788420991568634,1897312571.486,0.0006056855772305381
1993-01-05,13.35,26.54,0.3788420991568634,1897312571.486,0.0006056855772305381
1993-01-06,13.37,26.54,0.3788420991568634,1897312571.486,0.0006056855772305381
1993-01-07,14.72,26.54,0.3788420991568634,1897312571.486,0.0006056855772305381
1993-01-08,13.77,26.54,0.3788420991568634,1897312571.486,0.0006056855772305381
1993-01-11,12.86,26.54,0.3788420991568634,1897312571.486,0.0006056855772305381
1993-01-12,12.78,26.54,0.3788420991568634,1897312571.486,0.0006056855772305381
1993-01-13,12.42,26.54,0.3788420991568634,1897312571.486,0.0006056855772305381
1993-01-14,11.99,26.54,0.3788420991568634,1897312571.486,0.0006056855772305381
1993-01-15,11.57,26.54,0.3788420991568634,1897312571.486,0.0006056855772305381
1993-01-18,11.49,26.54,0.3788420991568634,1897312571.486,0.0006056855772305381
1993-01-19,12.06,26.54,0.3788420991568634,1897312571.486,0.0006056855772305381
1993-01-20,12.15,26.54,0.3788420991568634,1897312571.486,0.0006056855772305381
1993-01-21,11.69,26.54,0.3788420991568634,1897312571.486,0.0006056855772305381
1993-01-22,11.3,26.54,0.3788420991568634,1897312571.486,0.0006056855772305381
1993-01-25,11.38,26.54,0.3788420991568634,1897312571.486,0.0006056855772305381
1993-01-26,11.45,26.54,0.3788420991568634,1897312571.486,0.0006056855772305381
1993-01-27,12.01,26.54,0.3788420991568634,1897312571.486,0.0006056855772305381
1993-01-28,12.04,26.54,0.3788420991568634,1897312571.486,0.0006056855772305381
1993-01-29,12.42,26.54,0.3788420991568634,1897312571.486,0.0006056855772305381
1993-02-01,12.33,26.54,0.3788420991568634,1897312571.486,0.0006056855772305381
1993-02-02,12.25,26.54,0.3788420991568634,1897312571.486,0.0006056855772305381
1993-02-03,12.12,26.54,0.3788420991568634,1897312571.486,0.0006056855772305381
1993-02-04,12.29,26.54,0.3788420991568634,1897312571.486,0.0006056855772305381
1993-02-05,12.9,26.54,0.3788420991568634,1897312571.486,0.0006056855772305381
1993-02-08,13.22,26.54,0.3788420991568634,1897312571.486,0.0006056855772305381
1993-02-09,13.48,26.54,0.3788420991568634,1897312571.486,0.0006056855772305381
1993-02-10,13.43,26.54,0.3788420991568634,1897312571.486,0.0006056855772305381
1993-02-11,12.69,26.54,0.3788420991568634,1897312571.486,0.0006056855772305381
1993-02-12,12.38,26.54,0.3788420991568634,1897312571.486,0.0006056855772305381
1993-02-16,15.76,26.54,0.3788420991568634,1897312571.486,0.0006056855772305381
1993-02-17,15.9,26.54,0.3788420991568634,1897312571.486,0.0006056855772305381
1993-02-18,15.56,26.54,0.3788420991568634,1897312571.486,0.0006056855772305381
1993-02-19,15.02,26.54,0.3788420991568634,1897312571.486,0.0006056855772305381
1993-02-22,14.7,26.54,0.3788420991568634,1897312571.486,0.0006056855772305381
1993-02-23,15.04,26.54,0.3788420991568634,1897312571.486,0.0006056855772305381
1993-02-24,14.72,26.54,0.3788420991568634,1897312571.486,0.0006056855772305381
1993-02-25,13.76,26.54,0.3788420991568634,1897312571.486,0.0006056855772305381
1993-02-26,13.16,26.54,0.3788420991568634,1897312571.486,0.0006056855772305381
1993-03-01,13.6,26.54,0.3788420991568634,1897312571.486,0.0006056855772305381
1993-03-02,12.49,26.54,0.3788420991568634,1897312571.486,0.0006056855772305381
1993-03-03,13.13,26.54,0.3788420991568634,1897312571.486,0.0006056855772305381
1993-03-04,13.44,26.54,0.3788420991568634,1897312571.486,0.0006056855772305381
1993-03-05,14.08,26.54,0.3788420991568634,1897312571.486,0.0006056855772305381
1993-03-08,16.22,26.54,0.3788420991568634,1897312571.486,0.0006056855772305381
1993-03-09,14.17,26.54,0.3788420991568634,1897312571.486,0.0006056855772305381
1993-03-10,13.91,26.54,0.3788420991568634,1897312571.486,0.0006056855772305381
1993-03-11,14.26,26.54,0.3788420991568634,1897312571.486,0.0006056855772305381
1993-03-12,15.66,26.54,0.3788420991568634,1897312571.486,0.0006056855772305381
1993-03-15,14.74,26.54,0.3788420991568634,1897312571.486,0.0006056855772305381
1993-03-16,14.51,26.54,0.3788420991568634,1897312571.486,0.0006056855772305381
1993-03-17,14.53,26.54,0.3788420991568634,1897312571.486,0.0006056855772305381
1993-03-18,14.17,26.54,0.3788420991568634,1897312571.486,0.0006056855772305381
1993-03-19,13.23,26.54,0.3788420991568634,1897312571.486,0.0006056855772305381
1993-03-22,13.66,26.54,0.3788420991568634,1897312571.486,0.0006056855772305381
1993-03-23,13.02,26.54,0.3788420991568634,1897312571.486,0.0006056855772305381
1993-03-24,12.44,26.54,0.3788420991568634,1897312571.486,0.0006056855772305381
1993-03-25,12.08,26.54,0.3788420991568634,1897312571.486,0.0006056855772305381
1993-03-26,12.21,26.54,0.3788420991568634,1897312571.486,0.0006056855772305381
1993-03-29,12.63,26.54,0.3788420991568634,1897312571.486,0.0006056855772305381
1993-03-30,12.23,26.54,0.3788420991568634,1897312571.486,0.0006056855772305381
1993-03-31,12.53,26.54,0.3788420991568634,1897312571.486,0.0006056855772305381
1993-04-01,13.02,26.54,0.3788420991568634,1897312571.486,0.0006056855772305381
1993-04-02,14.5,26.54,0.3788420991568634,1897312571.486,0.0006056855772305381
1993-04-05,14.12,26.54,0.3788420991568634,1897312571.486,0.0006056855772305381
1993-04-06,14.24,26.54,0.3788420991568634,1897312571.486,0.0006056855772305381
1993-04-07,13.64,26.54,0.3788420991568634,1897312571.486,0.0006056855772305381
1993-04-08,12.83,26.54,0.3788420991568634,1897312571.486,0.0006056855772305381
1993-04-12,11.93,26.54,0.3788420991568634,1897312571.486,0.0006056855772305381
1993-04-13,11.7,26.54,0.3788420991568634,1897312571.486,0.0006056855772305381
1993-04-14,11.76,26.54,0.3788420991568634,1897312571.486,0.0006056855772305381
1993-04-15,10.96,26.54,0.3788420991568634,1897312571.486,0.0006056855772305381
1993-04-16,11.29,26.54,0.3788420991568634,1897312571.486,0.0006056855772305381
1993-04-19,12.06,26.54,0.3788420991568634,1897312571.486,0.0006056855772305381
1993-04-20,11.94,26.54,0.3788420991568634,1897312571.486,0.0006056855772305381
1993-04-21,12.11,26.54,0.3788420991568634,1897312571.486,0.0006056855772305381
1993-04-22,12.68,26.54,0.3788420991568634,1897312571.486,0.0006056855772305381
1993-04-23,13.36,26.54,0.3788420991568634,1897312571.486,0.0006056855772305381
1993-04-26,15.25,26.54,0.3788420991568634,1897312571.486,0.0006056855772305381
1993-04-27,13.93,26.54,0.3788420991568634,1897312571.486,0.0006056855772305381
1993-04-28,13.12,26.54,0.3788420991568634,1897312571.486,0.0006056855772305381
1993-04-29,12.8,26.54,0.3788420991568634,1897312571.486,0.0006056855772305381
1993-04-30,12.42,26.54,0.3788420991568634,1897312571.486,0.0006056855772305381
1993-05-03,12.9,26.54,0.3788420991568634,1897312571.486,0.0006056855772305381
1993-05-04,12.14,26.54,0.3788420991568634,1897312571.486,0.0006056855772305381
1993-05-05,12.38,26.54,0.3788420991568634,1897312571.486,0.0006056855772305381
1993-05-06,13.22,26.54,0.3788420991568634,1897312571.486,0.0006056855772305381
1993-05-07,13.01,26.54,0.3788420991568634,1897312571.486,0.0006056855772305381
1993-05-10,13.72,26.54,0.3788420991568634,1897312571.486,0.0006056855772305381
1993-05-11,13.35,26.54,0.3788420991568634,1897312571.486,0.0006056855772305381
1993-05-12,13.56,26.54,0.3788420991568634,1897312571.486,0.0006056855772305381
1993-05-13,14.76,26.54,0.3788420991568634,1897312571.486,0.0006056855772305381
1993-05-14,14.39,26.54,0.3788420991568634,1897312571.486,0.0006056855772305381
1993-05-17,14.13,26.54,0.3788420991568634,1897312571.486,0.0006056855772305381
1993-05-18,14.19,26.54,0.3788420991568634,1897312571.486,0.0006056855772305381
1993-05-19,14.29,26.54,0.3788420991568634,1897312571.486,0.0006056855772305381
1993-05-20,13.98,26.54,0.3788420991568634,1897312571.486,0.0006056855772305381
1993-05-21,14.51,26.54,0.3788420991568634,1897312571.486,0.0006056855772305381
1993-05-24,14.1,26.54,0.3788420991568634,1897312571.486,0.0006056855772305381
1993-05-25,14.04,26.54,0.3788420991568634,1897312571.486,0.0006056855772305381
1993-05-26,12.88,26.54,0.3788420991568634,1897312571.486,0.0006056855772305381
1993-05-27,13.1,26.54,0.3788420991568634,1897312571.486,0.0006056855772305381
1993-05-28,13.47,26.54,0.3788420991568634,1897312571.486,0.0006056855772305381
1993-06-01,13.67,26.54,0.3788420991568634,1897312571.486,0.0006056855772305381
1993-06-02,13.48,26.54,0.3788420991568634,1897312571.486,0.0006056855772305381
1993-06-03,13.54,26.54,0.3788420991568634,1897312571.486,0.0006056855772305381
1993-06-04,12.86,26.54,0.3788420991568634,1897312571.486,0.0006056855772305381
1993-06-07,14.07,26.54,0.3788420991568634,1897312571.486,0.0006056855772305381
1993-06-08,14.74,26.54,0.3788420991568634,1897312571.486,0.0006056855772305381
1993-06-09,13.96,26.54,0.3788420991568634,1897312571.486,0.0006056855772305381
1993-06-10,13.31,26.54,0.3788420991568634,1897312571.486,0.0006056855772305381
1993-06-11,12.71,26.54,0.3788420991568634,1897312571.486,0.0006056855772305381
1993-06-14,12.33,26.54,0.3788420991568634,1897312571.486,0.0006056855772305381
1993-06-15,11.99,26.54,0.3788420991568634,1897312571.486,0.0006056855772305381
1993-06-16,11.87,26.54,0.3788420991568634,1897312571.486,0.0006056855772305381
1993-06-17,11.66,26.54,0.3788420991568634,1897312571.486,0.0006056855772305381
1993-06-18,12.24,26.54,0.3788420991568634,1897312571.486,0.0006056855772305381
1993-06-21,12.25,26.54,0.3788420991568634,1897312571.486,0.0006056855772305381
1993-06-22,11.65,26.54,0.3788420991568634,1897312571.486,0.0006056855772305381
1993-06-23,12.04,26.54,0.3788420991568634,1897312571.486,0.0006056855772305381
1993-06-24,12.25,26.54,0.3788420991568634,1897312571.486,0.0006056855772305381
1993-06-25,11.25,26.54,0.3788420991568634,1897312571.486,0.0006056855772305381
1993-06-28,11.11,26.54,0.3788420991568634,1897312571.486,0.0006056855772305381
1993-06-29,11.29,26.54,0.3788420991568634,1897312571.486,0.0006056855772305381
1993-06-30,11.26,26.54,0.3788420991568634,1897312571.486,0.0006056855772305381
1993-07-01,11.51,26.54,0.3788420991568634,1897312571.486,0.0006056855772305381
1993-07-02,11.33,26.54,0.3788420991568634,1897312571.486,0.0006056855772305381
1993-07-06,13.87,26.54,0.3788420991568634,1897312571.486,0.0006056855772305381
1993-07-07,13.05,26.54,0.3788420991568634,1897312571.486,0.0006056855772305381
1993-07-08,12.24,26.54,0.3788420991568634,1897312571.486,0.0006056855772305381
1993-07-09,10.8,26.54,0.3788420991568634,1897312571.486,0.0006056855772305381
1993-07-12,10.85,26.54,0.3788420991568634,1897312571.486,0.0006056855772305381
1993-07-13,11.02,26.54,0.3788420991568634,1897312571.486,0.0006056855772305381
1993-07-14,10.78,26.54,0.3788420991568634,1897312571.486,0.0006056855772305381
1993-07-15,10.6,26.54,0.3788420991568634,1897312571.486,0.0006056855772305381
1993-07-16,10.96,26.54,0.3788420991568634,1897312571.486,0.0006056855772305381
1993-07-19,11.46,26.54,0.3788420991568634,1897312571.486,0.0006056855772305381
1993-07-20,11.05,26.54,0.3788420991568634,1897312571.486,0.0006056855772305381
1993-07-21,11.97,26.54,0.3788420991568634,1897312571.486,0.0006056855772305381
1993-07-22,11.69,26.54,0.3788420991568634,1897312571.486,0.0006056855772305381
1993-07-23,11.32,26.54,0.3788420991568634,1897312571.486,0.0006056855772305381
1993-07-26,11.32,26.54,0.3788420991568634,1897312571.486,0.0006056855772305381
1993-07-27,11.34,26.54,0.3788420991568634,1897312571.486,0.0006056855772305381
1993-07-28,11.37,26.54,0.3788420991568634,1897312571.486,0.0006056855772305381
1993-07-29,11.25,26.54,0.3788420991568634,1897312571.486,0.0006056855772305381
1993-07-30,11.73,26.54,0.3788420991568634,1897312571.486,0.0006056855772305381
1993-08-02,11.47,26.54,0.3788420991568634,1897312571.486,0.0006056855772305381
1993-08-03,11.49,26.54,0.3788420991568634,1897312571.486,0.0006056855772305381
1993-08-04,11.71,26.54,0.3788420991568634,1897312571.486,0.0006056855772305381
1993-08-05,12.03,26.54,0.3788420991568634,1897312571.486,0.0006056855772305381
1993-08-06,12.33,26.54,0.3788420991568634,1897312571.486,0.0006056855772305381
1993-08-09,12.39,26.54,0.3788420991568634,1897312571.486,0.0006056855772305381
1993-08-10,12.31,26.54,0.3788420991568634,1897312571.486,0.0006056855772305381
1993-08-11,12.07,26.54,0.3788420991568634,1897312571.486,0.0006056855772305381
1993-08-12,12.38,26.54,0.3788420991568634,1897312571.486,0.0006056855772305381
1993-08-13,12.19,26.54,0.3788420991568634,1897312571.486,0.0006056855772305381
1993-08-16,12.01,26.54,0.3788420991568634,1897312571.486,0.0006056855772305381
1993-08-17,11.59,26.54,0.3788420991568634,1897312571.486,0.0006056855772305381
1993-08-18,11.52,26.54,0.3788420991568634,1897312571.486,0.0006056855772305381
1993-08-19,11.63,26.54,0.3788420991568634,1897312571.486,0.0006056855772305381
1993-08-20,11.62,26.54,0.3788420991568634,1897312571.486,0.0006056855772305381
1993-08-23,12.15,26.54,0.3788420991568634,1897312571.486,0.0006056855772305381
1993-08-24,11.8,26.54,0.3788420991568634,1897312571.486,0.0006056855772305381
1993-08-25,12.1,26.54,0.3788420991568634,1897312571.486,0.0006056855772305381
1993-08-26,12.14,26.54,0.3788420991568634,1897312571.486,0.0006056855772305381
1993-08-27,11.91,26.54,0.3788420991568634,1897312571.486,0.0006056855772305381
1993-08-30,11.74,26.54,0.3788420991568634,1897312571.486,0.0006056855772305381
1993-08-31,11.85,26.54,0.3788420991568634,1897312571.486,0.0006056855772305381
1993-09-01,11.48,26.54,0.3788420991568634,1897312571.486,0.0006056855772305381
1993-09-02,11.87,26.54,0.3788420991568634,1897312571.486,0.0006056855772305381
1993-09-03,11.16,26.54,0.3788420991568634,1897312571.486,0.0006056855772305381
1993-09-07,12.9,26.54,0.3788420991568634,1897312571.486,0.0006056855772305381
1993-09-08,13.24,26.54,0.3788420991568634,1897312571.486,0.0006056855772305381
1993-09-09,12.67,26.54,0.3788420991568634,1897312571.486,0.0006056855772305381
1993-09-10,11.7,26.54,0.3788420991568634,1897312571.486,0.0006056855772305381
1993-09-13,12.16,26.54,0.3788420991568634,1897312571.486,0.0006056855772305381
1993-09-14,13.15,26.54,0.3788420991568634,1897312571.486,0.0006056855772305381
1993-09-15,12.7,26.54,0.3788420991568634,1897312571.486,0.0006056855772305381
1993-09-16,13.36,26.54,0.3788420991568634,1897312571.486,0.0006056855772305381
1993-09-17,13.39,26.54,0.3788420991568634,1897312571.486,0.0006056855772305381
1993-09-20,14.6,26.54,0.3788420991568634,1897312571.486,0.0006056855772305381
1993-09-21,17.3,26.54,0.3788420991568634,1897312571.486,0.0006056855772305381
1993-09-22,13.75,26.54,0.3788420991568634,1897312571.486,0.0006056855772305381
1993-09-23,13.36,26.54,0.3788420991568634,1897312571.486,0.0006056855772305381
1993-09-24,12.47,26.54,0.3788420991568634,1897312571.486,0.0006056855772305381
1993-09-27,12.49,26.54,0.3788420991568634,1897312571.486,0.0006056855772305381
1993-09-28,12.19,26.54,0.3788420991568634,1897312571.486,0.0006056855772305381
1993-09-29,12.63,26.54,0.3788420991568634,1897312571.486,0.0006056855772305381
1993-09-30,12.99,26.54,0.3788420991568634,1897312571.486,0.0006056855772305381
1993-10-01,11.83,26.54,0.3788420991568634,1897312571.486,0.0006056855772305381
1993-10-04,12.85,26.54,0.3788420991568634,1897312571.486,0.0006056855772305381
1993-10-05,12.97,26.54,0.3788420991568634,1897312571.486,0.0006056855772305381
1993-10-06,12.68,26.54,0.3788420991568634,1897312571.486,0.0006056855772305381
1993-10-07,13.14,26.54,0.3788420991568634,1897312571.486,0.0006056855772305381
1993-10-08,12.04,26.54,0.3788420991568634,1897312571.486,0.0006056855772305381
1993-10-11,12.26,26.54,0.3788420991568634,1897312571.486,0.0006056855772305381
1993-10-12,12.41,26.54,0.3788420991568634,1897312571.486,0.0006056855772305381
1993-10-13,11.38,26.54,0.3788420991568634,1897312571.486,0.0006056855772305381
1993-10-14,11.0,26.54,0.3788420991568634,1897312571.486,0.0006056855772305381
1993-10-15,10.87,26.54,0.3788420991568634,1897312571.486,0.0006056855772305381
1993-10-18,11.33,26.54,0.3788420991568634,1897312571.486,0.0006056855772305381
1993-10-19,11.61,26.54,0.3788420991568634,1897312571.486,0.0006056855772305381
1993-10-20,11.32,26.54,0.3788420991568634,1897312571.486,0.0006056855772305381
1993-10-21,11.2,26.54,0.3788420991568634,1897312571.486,0.0006056855772305381
1993-10-22,11.48,26.54,0.3788420991568634,1897312571.486,0.0006056855772305381
1993-10-25,11.83,26.54,0.3788420991568634,1897312571.486,0.0006056855772305381
1993-10-26,11.83,26.54,0.3788420991568634,1897312571.486,0.0006056855772305381
1993-10-27,12.01,26.54,0.3788420991568634,1897312571.486,0.0006056855772305381
1993-10-28,11.88,26.54,0.3788420991568634,1897312571.486,0.0006056855772305381
1993-10-29,11.46,26.54,0.3788420991568634,1897312571.486,0.0006056855772305381
1993-11-01,11.78,26.54,0.3788420991568634,1897312571.486,0.0006056855772305381
1993-11-02,11.74,26.54,0.3788420991568634,1897312571.486,0.0006056855772305381
1993-11-03,13.26,26.54,0.3788420991568634,1897312571.486,0.0006056855772305381
1993-11-04,14.68,26.54,0.3788420991568634,1897312571.486,0.0006056855772305381
1993-11-05,14.97,26.54,0.3788420991568634,1897312571.486,0.0006056855772305381
1993-11-08,14.31,26.54,0.3788420991568634,1897312571.486,0.0006056855772305381
1993-11-09,13.94,26.54,0.3788420991568634,1897312571.486,0.0006056855772305381
1993-11-10,13.72,26.54,0.3788420991568634,1897312571.486,0.0006056855772305381
1993-11-11,13.88,26.54,0.3788420991568634,1897312571.486,0.0006056855772305381
1993-11-12,13.33,26.54,0.3788420991568634,1897312571.486,0.0006056855772305381
1993-11-15,14.46,26.54,0.3788420991568634,1897312571.486,0.0006056855772305381
1993-11-16,15.11,26.54,0.3788420991568634,1897312571.486,0.0006056855772305381
1993-11-17,15.57,26.54,0.3788420991568634,1897312571.486,0.0006056855772305381
1993-11-18,14.65,26.54,0.3788420991568634,1897312571.486,0.0006056855772305381
1993-11-19,15.03,26.54,0.3788420991568634,1897312571.486,0.0006056855772305381
1993-11-22,15.9,26.54,0.3788420991568634,1897312571.486,0.0006056855772305381
1993-11-23,14.27,26.54,0.3788420991568634,1897312571.486,0.0006056855772305381
1993-11-24,13.51,26.54,0.3788420991568634,1897312571.486,0.0006056855772305381
1993-11-26,13.77,26.54,0.3788420991568634,1897312571.486,0.0006056855772305381
1993-11-29,14.12,26.54,0.3788420991568634,1897312571.486,0.0006056855772305381
1993-11-30,13.76,26.54,0.3788420991568634,1897312571.486,0.0006056855772305381
1993-12-01,13.83,26.54,0.3788420991568634,1897312571.486,0.0006056855772305381
1993-12-02,13.51,26.54,0.3788420991568634,1897312571.486,0.0006056855772305381
1993-12-03,12.69,26.54,0.3788420991568634,1897312571.486,0.0006056855772305381
1993-12-06,12.84,26.54,0.3788420991568634,1897312571.486,0.0006056855772305381
1993-12-07,12.41,26.54,0.3788420991568634,1897312571.486,0.0006056855772305381
1993-12-08,12.46,26.54,0.3788420991568634,1897312571.486,0.0006056855772305381
1993-12-09,12.43,26.54,0.3788420991568634,1897312571.486,0.0006056855772305381
1993-12-10,12.6,26.54,0.3788420991568634,1897312571.486,0.0006056855772305381
1993-12-13,10.98,26.54,0.3788420991568634,1897312571.486,0.0006056855772305381
1993-12-14,11.13,26.54,0.3788420991568634,1897312571.486,0.0006056855772305381
1993-12-15,11.03,26.54,0.3788420991568634,1897312571.486,0.0006056855772305381
1993-12-16,10.9,26.54,0.3788420991568634,1897312571.486,0.0006056855772305381
1993-12-17,11.08,26.54,0.3788420991568634,1897312571.486,0.0006056855772305381
1993-12-20,10.75,26.54,0.3788420991568634,1897312571.486,0.0006056855772305381
1993-12-21,10.08,26.54,0.3788420991568634,1897312571.486,0.0006056855772305381
1993-12-22,9.31,26.54,0.3788420991568634,1897312571.486,0.0006056855772305381
1993-12-23,9.48,26.54,0.3788420991568634,1897312571.486,0.0006056855772305381
1993-12-27,9.7,26.54,0.3788420991568634,1897312571.486,0.0006056855772305381
1993-12-28,9.82,26.54,0.3788420991568634,1897312571.486,0.0006056855772305381
1993-12-29,10.46,26.54,0.3788420991568634,1897312571.486,0.0006056855772305381
1993-12-30,10.69,26.54,0.3788420991568634,1897312571.486,0.0006056855772305381
1993-12-31,11.66,26.54,0.3788420991568634,1897312571.486,0.0006056855772305381
1994-01-03,12.57,26.54,0.3788420991568634,1897312571.486,0.0006056855772305381
1994-01-04,11.91,26.54,0.3788420991568634,1897312571.486,0.0006056855772305381
1994-01-05,10.94,26.54,0.3788420991568634,1897312571.486,0.0006056855772305381
1994-01-06,11.27,26.54,0.3788420991568634,1897312571.486,0.0006056855772305381
1994-01-07,10.96,26.54,0.3788420991568634,1897312571.486,0.0006056855772305381
1994-01-10,10.74,26.54,0.3788420991568634,1897312571.486,0.0006056855772305381
1994-01-11,11.29,26.54,0.3788420991568634,1897312571.486,0.0006056855772305381
1994-01-12,11.65,26.54,0.3788420991568634,1897312571.486,0.0006056855772305381
1994-01-13,12.08,26.54,0.3788420991568634,1897312571.486,0.0006056855772305381
1994-01-14,11.15,26.54,0.3788420991568634,1897312571.486,0.0006056855772305381
1994-01-17,11.88,26.54,0.3788420991568634,1897312571.486,0.0006056855772305381
1994-01-18,11.63,26.54,0.3788420991568634,1897312571.486,0.0006056855772305381
1994-01-19,11.76,26.54,0.3788420991568634,1897312571.486,0.0006056855772305381
1994-01-20,11.16,26.54,0.3788420991568634,1897312571.486,0.0006056855772305381
1994-01-21,11.09,26.54,0.3788420991568634,1897312571.486,0.0006056855772305381
1994-01-24,11.6,26.54,0.3788420991568634,1897312571.486,0.0006056855772305381
1994-01-25,11.38,26.54,0.3788420991568634,1897312571.486,0.0006056855772305381
1994-01-26,11.17,26.54,0.3788420991568634,1897312571.486,0.0006056855772305381
1994-01-27,10.3,26.54,0.3788420991568634,1897312571.486,0.0006056855772305381
1994-01-28,9.94,26.54,0.3788420991568634,1897312571.486,0.0006056855772305381
1994-01-31,10.63,26.54,0.3788420991568634,1897312571.486,0.0006056855772305381
1994-02-01,10.65,26.54,0.3788420991568634,1897312571.486,0.0006056855772305381
1994-02-02,10.61,26.54,0.3788420991568634,1897312571.486,0.0006056855772305381
1994-02-03,10.75,26.54,0.3788420991568634,1897312571.486,0.0006056855772305381
1994-02-04,15.25,26.54,0.3788420991568634,1897312571.486,0.0006056855772305381
1994-02-07,13.96,26.54,0.3788420991568634,1897312571.486,0.0006056855772305381
1994-02-08,13.66,26.54,0.3788420991568634,1897312571.486,0.0006056855772305381
1994-02-09,13.3,26.54,0.3788420991568634,1897312571.486,0.0006056855772305381
1994-02-10,14.24,26.54,0.3788420991568634,1897312571.486,0.0006056855772305381
1994-02-11,14.46,26.54,0.3788420991568634,1897312571.486,0.0006056855772305381
1994-02-14,14.28,26.54,0.3788420991568634,1897312571.486,0.0006056855772305381
1994-02-15,13.4,26.54,0.3788420991568634,1897312571.486,0.0006056855772305381
1994-02-16,13.13,26.54,0.3788420991568634,1897312571.486,0.0006056855772305381
1994-02-17,13.79,26.54,0.3788420991568634,1897312571.486,0.0006056855772305381
1994-02-18,14.7,26.54,0.3788420991568634,1897312571.486,0.0006056855772305381
1994-02-22,13.52,26.54,0.3788420991568634,1897312571.486,0.0006056855772305381
1994-02-23,13.91,26.54,0.3788420991568634,1897312571.486,0.0006056855772305381
1994-02-24,15.96,26.54,0.3788420991568634,1897312571.486,0.0006056855772305381
1994-02-25,14.8,26.54,0.3788420991568634,1897312571.486,0.0006056855772305381
1994-02-28,14.87,26.54,0.3788420991568634,1897312571.486,0.0006056855772305381
1994-03-01,15.83,26.54,0.3788420991568634,1897312571.486,0.0006056855772305381
1994-03-02,16.08,26.54,0.3788420991568634,1897312571.486,0.0006056855772305381
1994-03-03,16.36,26.54,0.3788420991568634,1897312571.486,0.0006056855772305381
1994-03-04,16.0,26.54,0.3788420991568634,1897312571.486,0.0006056855772305381
1994-03-07,14.26,26.54,0.3788420991568634,1897312571.486,0.0006056855772305381
1994-03-08,16.23,26.54,0.3788420991568634,1897312571.486,0.0006056855772305381
1994-03-09,14.41,26.54,0.3788420991568634,1897312571.486,0.0006056855772305381
1994-03-10,16.55,26.54,0.3788420991568634,1897312571.486,0.0006056855772305381
1994-03-11,14.87,26.54,0.3788420991568634,1897312571.486,0.0006056855772305381
1994-03-14,16.61,26.54,0.3788420991568634,1897312571.486,0.0006056855772305381
1994-03-15,14.78,26.54,0.3788420991568634,1897312571.486,0.0006056855772305381
1994-03-16,14.51,26.54,0.3788420991568634,1897312571.486,0.0006056855772305381
1994-03-17,12.76,26.54,0.3788420991568634,1897312571.486,0.0006056855772305381
1994-03-18,13.32,26.54,0.3788420991568634,1897312571.486,0.0006056855772305381
1994-03-21,14.34,26.54,0.3788420991568634,1897312571.486,0.0006056855772305381
1994-03-22,13.39,26.54,0.3788420991568634,1897312571.486,0.0006056855772305381
1994-03-23,12.31,26.54,0.3788420991568634,1897312571.486,0.0006056855772305381
1994-03-24,13.43,26.54,0.3788420991568634,1897312571.486,0.0006056855772305381
1994-03-25,13.67,26.54,0.3788420991568634,1897312571.486,0.0006056855772305381
1994-03-28,14.9,26.54,0.3788420991568634,1897312571.486,0.0006056855772305381
1994-03-29,16.49,26.54,0.3788420991568634,1897312571.486,0.0006056855772305381
1994-03-30,18.59,26.54,0.3788420991568634,1897312571.486,0.0006056855772305381
1994-03-31,20.45,26.54,0.3788420991568634,1897312571.486,0.0006056855772305381
1994-04-04,23.87,26.54,0.3788420991568634,1897312571.486,0.0006056855772305381
1994-04-05,18.13,26.54,0.3788420991568634,1897312571.486,0.0006056855772305381
1994-04-06,17.38,26.54,0.3788420991568634,1897312571.486,0.0006056855772305381
1994-04-07,16.98,26.54,0.3788420991568634,1897312571.486,0.0006056855772305381
1994-04-08,16.92,26.54,0.3788420991568634,1897312571.486,0.0006056855772305381
1994-04-11,16.61,26.54,0.3788420991568634,1897312571.486,0.0006056855772305381
1994-04-12,16.42,26.54,0.3788420991568634,1897312571.486,0.0006056855772305381
1994-04-13,17.02,26.54,0.3788420991568634,1897312571.486,0.0006056855772305381
1994-04-14,16.27,26.54,0.3788420991568634,1897312571.486,0.0006056855772305381
1994-04-15,15.98,26.54,0.3788420991568634,1897312571.486,0.0006056855772305381
1994-04-18,17.22,26.54,0.3788420991568634,1897312571.486,0.0006056855772305381
1994-04-19,16.93,26.54,0.3788420991568634,1897312571.486,0.0006056855772305381
1994-04-20,17.01,26.54,0.3788420991568634,1897312571.486,0.0006056855772305381
1994-04-21,14.93,26.54,0.3788420991568634,1897312571.486,0.0006056855772305381
1994-04-22,14.94,26.54,0.3788420991568634,1897312571.486,0.0006056855772305381
1994-04-25,14.26,26.54,0.3788420991568634,1897312571.486,0.0006056855772305381
1994-04-26,13.8,26.54,0.3788420991568634,1897312571.486,0.0006056855772305381
1994-04-28,14.51,26.54,0.3788420991568634,1897312571.486,0.0006056855772305381
1994-04-29,13.77,26.54,0.3788420991568634,1897312571.486,0.0006056855772305381
1994-05-02,14.11,26.54,0.3788420991568634,1897312571.486,0.0006056855772305381
1994-05-03,13.81,26.54,0.3788420991568634,1897312571.486,0.0006056855772305381
1994-05-04,14.29,26.54,0.3788420991568634,1897312571.486,0.0006056855772305381
1994-05-05,14.56,26.54,0.3788420991568634,1897312571.486,0.0006056855772305381
1994-05-06,15.08,26.54,0.3788420991568634,1897312571.486,0.0006056855772305381
1994-05-09,16.16,26.54,0.3788420991568634,1897312571.486,0.0006056855772305381
1994-05-10,15.19,26.54,0.3788420991568634,1897312571.486,0.0006056855772305381
1994-05-11,15.55,26.54,0.3788420991568634,1897312571.486,0.0006056855772305381
1994-05-12,15.46,26.54,0.3788420991568634,1897312571.486,0.0006056855772305381
1994-05-13,14.54,26.54,0.3788420991568634,1897312571.486,0.0006056855772305381
1994-05-16,14.67,26.54,0.3788420991568634,1897312571.486,0.0006056855772305381
1994-05-17,14.08,26.54,0.3788420991568634,1897312571.486,0.0006056855772305381
1994-05-18,12.55,26.54,0.3788420991568634,1897312571.486,0.0006056855772305381
1994-05-19,12.33,26.54,0.3788420991568634,1897312571.486,0.0006056855772305381
1994-05-20,12.79,26.54,0.3788420991568634,1897312571.486,0.0006056855772305381
1994-05-23,13.49,26.54,0.3788420991568634,1897312571.486,0.0006056855772305381
1994-05-24,12.73,26.54,0.3788420991568634,1897312571.486,0.0006056855772305381
1994-05-25,12.43,26.54,0.3788420991568634,1897312571.486,0.0006056855772305381
1994-05-26,12.5,26.54,0.3788420991568634,1897312571.486,0.0006056855772305381
1994-05-27,12.49,26.54,0.3788420991568634,1897312571.486,0.0006056855772305381
1994-05-31,13.03,26.54,0.3788420991568634,1897312571.486,0.0006056855772305381
1994-06-01,12.72,26.54,0.3788420991568634,1897312571.486,0.0006056855772305381
1994-06-02,12.73,26.54,0.3788420991568634,1897312571.486,0.0006056855772305381
1994-06-03,12.19,26.54,0.3788420991568634,1897312571.486,0.0006056855772305381
1994-06-06,13.03,26.54,0.3788420991568634,1897312571.486,0.0006056855772305381
1994-06-07,13.05,26.54,0.3788420991568634,1897312571.486,0.0006056855772305381
1994-06-08,13.32,26.54,0.3788420991568634,1897312571.486,0.0006056855772305381
1994-06-09,13.21,26.54,0.3788420991568634,1897312571.486,0.0006056855772305381
1994-06-10,12.69,26.54,0.3788420991568634,1897312571.486,0.0006056855772305381
1994-06-13,11.92,26.54,0.3788420991568634,1897312571.486,0.0006056855772305381
1994-06-14,11.6,26.54,0.3788420991568634,1897312571.486,0.0006056855772305381
1994-06-15,11.52,26.54,0.3788420991568634,1897312571.486,0.0006056855772305381
1994-06-16,11.22,26.54,0.3788420991568634,1897312571.486,0.0006056855772305381
1994-06-17,12.31,26.54,0.3788420991568634,1897312571.486,0.0006056855772305381
1994-06-20,13.96,26.54,0.3788420991568634,1897312571.486,0.0006056855772305381
1994-06-21,14.7,26.54,0.3788420991568634,1897312571.486,0.0006056855772305381
1994-06-22,14.02,26.54,0.3788420991568634,1897312571.486,0.0006056855772305381
1994-06-23,14.12,26.54,0.3788420991568634,1897312571.486,0.0006056855772305381
1994-06-24,16.72,26.54,0.3788420991568634,1897312571.486,0.0006056855772305381
1994-06-27,15.53,26.54,0.3788420991568634,1897312571.486,0.0006056855772305381
1994-06-28,15.04,26.54,0.3788420991568634,1897312571.486,0.0006056855772305381
1994-06-29,14.42,26.54,0.3788420991568634,1897312571.486,0.0006056855772305381
1994-06-30,14.97,26.54,0.3788420991568634,1897312571.486,0.0006056855772305381
1994-07-01,14.36,26.54,0.3788420991568634,1897312571.486,0.0006056855772305381
1994-07-05,14.92,26.54,0.3788420991568634,1897312571.486,0.0006056855772305381
1994-07-06,14.7,26.54,0.3788420991568634,1897312571.486,0.0006056855772305381
1994-07-07,14.01,26.54,0.3788420991568634,1897312571.486,0.0006056855772305381
1994-07-08,13.26,26.54,0.3788420991568634,1897312571.486,0.0006056855772305381
1994-07-11,13.83,26.54,0.3788420991568634,1897312571.486,0.0006056855772305381
1994-07-12,13.4,26.54,0.3788420991568634,1897312571.486,0.0006056855772305381
1994-07-13,12.42,26.54,0.3788420991568634,1897312571.486,0.0006056855772305381
1994-07-14,11.64,26.54,0.3788420991568634,1897312571.486,0.0006056855772305381
1994-07-15,11.28,26.54,0.3788420991568634,1897312571.486,0.0006056855772305381
1994-07-18,11.44,26.54,0.3788420991568634,1897312571.486,0.0006056855772305381
1994-07-19,11.65,26.54,0.3788420991568634,1897312571.486,0.0006056855772305381
1994-07-20,11.7,26.54,0.3788420991568634,1897312571.486,0.0006056855772305381
1994-07-21,11.65,26.54,0.3788420991568634,1897312571.486,0.0006056855772305381
1994-07-22,11.22,26.54,0.3788420991568634,1897312571.486,0.0006056855772305381
1994-07-25,11.46,26.54,0.3788420991568634,1897312571.486,0.0006056855772305381
1994-07-26,11.66,26.54,0.3788420991568634,1897312571.486,0.0006056855772305381
1994-07-27,11.93,26.54,0.3788420991568634,1897312571.486,0.0006056855772305381
1994-07-28,12.03,26.54,0.3788420991568634,1897312571.486,0.0006056855772305381
1994-07-29,11.13,26.54,0.3788420991568634,1897312571.486,0.0006056855772305381
1994-08-01,11.17,26.54,0.3788420991568634,1897312571.486,0.0006056855772305381
1994-08-02,11.27,26.54,0.3788420991568634,1897312571.486,0.0006056855772305381
1994-08-03,11.35,26.54,0.3788420991568634,1897312571.486,0.0006056855772305381
1994-08-04,12.18,26.54,0.3788420991568634,1897312571.486,0.0006056855772305381
1994-08-05,12.34,26.54,0.3788420991568634,1897312571.486,0.0006056855772305381
1994-08-08,12.41,26.54,0.3788420991568634,1897312571.486,0.0006056855772305381
1994-08-09,12.54,26.54,0.3788420991568634,1897312571.486,0.0006056855772305381
1994-08-10,11.91,26.54,0.3788420991568634,1897312571.486,0.0006056855772305381
1994-08-11,12.13,26.54,0.3788420991568634,1897312571.486,0.0006056855772305381
1994-08-12,11.09,26.54,0.3788420991568634,1897312571.486,0.0006056855772305381
1994-08-15,12.06,26.54,0.3788420991568634,1897312571.486,0.0006056855772305381
1994-08-16,11.39,26.54,0.3788420991568634,1897312571.486,0.0006056855772305381
1994-08-17,11.54,26.54,0.3788420991568634,1897312571.486,0.0006056855772305381
1994-08-18,12.07,26.54,0.3788420991568634,1897312571.486,0.0006056855772305381
1994-08-19,12.83,26.54,0.3788420991568634,1897312571.486,0.0006056855772305381
1994-08-22,12.62,26.54,0.3788420991568634,1897312571.486,0.0006056855772305381
1994-08-23,11.75,26.54,0.3788420991568634,1897312571.486,0.0006056855772305381
1994-08-24,11.57,26.54,0.3788420991568634,1897312571.486,0.0006056855772305381
1994-08-25,12.02,26.54,0.3788420991568634,1897312571.486,0.0006056855772305381
1994-08-26,12.19,26.54,0.3788420991568634,1897312571.486,0.0006056855772305381
1994-08-29,11.82,26.54,0.3788420991568634,1897312571.486,0.0006056855772305381
1994-08-30,11.23,26.54,0.3788420991568634,1897312571.486,0.0006056855772305381
1994-08-31,11.97,26.54,0.3788420991568634,1897312571.486,0.0006056855772305381
1994-09-01,11.86,26.54,0.3788420991568634,1897312571.486,0.0006056855772305381
1994-09-02,11.4,26.54,0.3788420991568634,1897312571.486,0.0006056855772305381
1994-09-06,11.69,26.54,0.3788420991568634,1897312571.486,0.0006056855772305381
1994-09-07,11.81,26.54,0.3788420991568634,1897312571.486,0.0006056855772305381
1994-09-08,11.86,26.54,0.3788420991568634,1897312571.486,0.0006056855772305381
1994-09-09,13.12,26.54,0.3788420991568634,1897312571.486,0.0006056855772305381
1994-09-12,14.01,26.54,0.3788420991568634,1897312571.486,0.0006056855772305381
1994-09-13,13.77,26.54,0.3788420991568634,1897312571.486,0.0006056855772305381
1994-09-14,13.09,26.54,0.3788420991568634,1897312571.486,0.0006056855772305381
1994-09-15,11.88,26.54,0.3788420991568634,1897312571.486,0.0006056855772305381
1994-09-16,12.8,26.54,0.3788420991568634,1897312571.486,0.0006056855772305381
1994-09-19,13.06,26.54,0.3788420991568634,1897312571.486,0.0006056855772305381
1994-09-20,14.45,26.54,0.3788420991568634,1897312571.486,0.0006056855772305381
1994-09-21,14.49,26.54,0.3788420991568634,1897312571.486,0.0006056855772305381
1994-09-22,13.89,26.54,0.3788420991568634,1897312571.486,0.0006056855772305381
1994-09-23,14.53,26.54,0.3788420991568634,1897312571.486,0.0006056855772305381
1994-09-26,14.56,26.54,0.3788420991568634,1897312571.486,0.0006056855772305381
1994-09-27,14.13,26.54,0.3788420991568634,1897312571.486,0.0006056855772305381
1994-09-28,13.25,26.54,0.3788420991568634,1897312571.486,0.0006056855772305381
1994-09-29,13.97,26.54,0.3788420991568634,1897312571.486,0.0006056855772305381
1994-09-30,14.28,26.54,0.3788420991568634,1897312571.486,0.0006056855772305381
1994-10-03,15.44,26.54,0.3788420991568634,1897312571.486,0.0006056855772305381
1994-10-04,16.66,26.54,0.3788420991568634,1897312571.486,0.0006056855772305381
1994-10-05,15.92,26.54,0.3788420991568634,1897312571.486,0.0006056855772305381
1994-10-06,16.24,26.54,0.3788420991568634,1897312571.486,0.0006056855772305381
1994-10-07,14.92,26.54,0.3788420991568634,1897312571.486,0.0006056855772305381
1994-10-10,14.72,26.54,0.3788420991568634,1897312571.486,0.0006056855772305381
1994-10-11,13.55,26.54,0.3788420991568634,1897312571.486,0.0006056855772305381
1994-10-12,14.51,26.54,0.3788420991568634,1897312571.486,0.0006056855772305381
1994-10-13,14.9,26.54,0.3788420991568634,1897312571.486,0.0006056855772305381
1994-10-14,13.32,26.54,0.3788420991568634,1897312571.486,0.0006056855772305381
1994-10-17,14.76,26.54,0.3788420991568634,1897312571.486,0.0006056855772305381
1994-10-18,14.59,26.54,0.3788420991568634,1897312571.486,0.0006056855772305381
1994-10-19,15.13,26.54,0.3788420991568634,1897312571.486,0.0006056855772305381
1994-10-20,15.99,26.54,0.3788420991568634,1897312571.486,0.0006056855772305381
1994-10-21,15.91,26.54,0.3788420991568634,1897312571.486,0.0006056855772305381
1994-10-24,16.97,26.54,0.3788420991568634,1897312571.486,0.0006056855772305381
1994-10-25,16.13,26.54,0.3788420991568634,1897312571.486,0.0006056855772305381
1994-10-26,15.7,26.54,0.3788420991568634,1897312571.486,0.0006056855772305381
1994-10-27,15.67,26.54,0.3788420991568634,1897312571.486,0.0006056855772305381
1994-10-28,14.56,26.54,0.3788420991568634,1897312571.486,0.0006056855772305381
1994-10-31,14.56,26.54,0.3788420991568634,1897312571.486,0.0006056855772305381
1994-11-01,14.84,26.54,0.3788420991568634,1897312571.486,0.0006056855772305381
1994-11-02,15.34,26.54,0.3788420991568634,1897312571.486,0.0006056855772305381
1994-11-03,15.58,26.54,0.3788420991568634,1897312571.486,0.0006056855772305381
1994-11-04,16.75,26.54,0.3788420991568634,1897312571.486,0.0006056855772305381
1994-11-07,17.37,26.54,0.3788420991568634,1897312571.486,0.0006056855772305381
1994-11-08,16.3,26.54,0.3788420991568634,1897312571.486,0.0006056855772305381
1994-11-09,16.42,26.54,0.3788420991568634,1897312571.486,0.0006056855772305381
1994-11-10,16.0,26.54,0.3788420991568634,1897312571.486,0.0006056855772305381
1994-11-11,16.5,26.54,0.3788420991568634,1897312571.486,0.0006056855772305381
1994-11-14,16.68,26.54,0.3788420991568634,1897312571.486,0.0006056855772305381
1994-11-15,16.66,26.54,0.3788420991568634,1897312571.486,0.0006056855772305381
1994-11-16,15.56,26.54,0.3788420991568634,1897312571.486,0.0006056855772305381
1994-11-17,15.91,26.54,0.3788420991568634,1897312571.486,0.0006056855772305381
1994-11-18,16.0,26.54,0.3788420991568634,1897312571.486,0.0006056855772305381
1994-11-21,16.13,26.54,0.3788420991568634,1897312571.486,0.0006056855772305381
1994-11-22,17.24,26.54,0.3788420991568634,1897312571.486,0.0006056855772305381
1994-11-23,18.41,26.54,0.3788420991568634,1897312571.486,0.0006056855772305381
1994-11-25,17.44,26.54,0.3788420991568634,1897312571.486,0.0006056855772305381
1994-11-28,16.83,26.54,0.3788420991568634,1897312571.486,0.0006056855772305381
1994-11-29,16.15,26.54,0.3788420991568634,1897312571.486,0.0006056855772305381
1994-11-30,15.95,26.54,0.3788420991568634,1897312571.486,0.0006056855772305381
1994-12-01,16.69,26.54,0.3788420991568634,1897312571.486,0.0006056855772305381
1994-12-02,16.55,26.54,0.3788420991568634,1897312571.486,0.0006056855772305381
1994-12-05,16.1,26.54,0.3788420991568634,1897312571.486,0.0006056855772305381
1994-12-06,16.05,26.54,0.3788420991568634,1897312571.486,0.0006056855772305381
1994-12-07,16.28,26.54,0.3788420991568634,1897312571.486,0.0006056855772305381
1994-12-08,18.15,26.54,0.3788420991568634,1897312571.486,0.0006056855772305381
1994-12-09,16.04,26.54,0.3788420991568634,1897312571.486,0.0006056855772305381
1994-12-12,15.46,26.54,0.3788420991568634,1897312571.486,0.0006056855772305381
1994-12-13,14.48,26.54,0.3788420991568634,1897312571.486,0.0006056855772305381
1994-12-14,13.03,26.54,0.3788420991568634,1897312571.486,0.0006056855772305381
1994-12-15,12.87,26.54,0.3788420991568634,1897312571.486,0.0006056855772305381
1994-12-16,12.79,26.54,0.3788420991568634,1897312571.486,0.0006056855772305381
1994-12-19,13.02,26.54,0.3788420991568634,1897312571.486,0.0006056855772305381
1994-12-20,12.98,26.54,0.3788420991568634,1897312571.486,0.0006056855772305381
1994-12-21,12.05,26.54,0.3788420991568634,1897312571.486,0.0006056855772305381
1994-12-22,12.42,26.54,0.3788420991568634,1897312571.486,0.0006056855772305381
1994-12-23,11.82,26.54,0.3788420991568634,1897312571.486,0.0006056855772305381
1994-12-27,12.07,26.54,0.3788420991568634,1897312571.486,0.0006056855772305381
1994-12-28,12.81,26.54,0.3788420991568634,1897312571.486,0.0006056855772305381
1994-12-29,12.86,26.54,0.3788420991568634,1897312571.486,0.0006056855772305381
1994-12-30,13.2,26.54,0.3788420991568634,1897312571.486,0.0006056855772305381
1995-01-03,14.25,26.54,0.3788420991568634,1897312571.486,0.0006056855772305381
1995-01-04,13.53,26.54,0.3788420991568634,1897312571.486,0.0006056855772305381
1995-01-05,13.5,26.54,0.3788420991568634,1897312571.486,0.0006056855772305381
1995-01-06,13.13,26.54,0.3788420991568634,1897312571.486,0.0006056855772305381
1995-01-09,13.33,26.54,0.3788420991568634,1897312571.486,0.0006056855772305381
1995-01-10,12.52,26.54,0.3788420991568634,1897312571.486,0.0006056855772305381
1995-01-11,12.15,26.54,0.3788420991568634,1897312571.486,0.0006056855772305381
1995-01-12,12.83,26.54,0.3788420991568634,1897312571.486,0.0006056855772305381
1995-01-13,11.1,26.54,0.3788420991568634,1897312571.486,0.0006056855772305381
1995-01-16,11.14,26.54,0.3788420991568634,1897312571.486,0.0006056855772305381
1995-01-17,11.79,26.54,0.3788420991568634,1897312571.486,0.0006056855772305381
1995-01-18,11.57,26.54,0.3788420991568634,1897312571.486,0.0006056855772305381
1995-01-19,11.86,26.54,0.3788420991568634,1897312571.486,0.0006056855772305381
1995-01-20,12.15,26.54,0.3788420991568634,1897312571.486,0.0006056855772305381
1995-01-23,12.79,26.54,0.3788420991568634,1897312571.486,0.0006056855772305381
1995-01-24,11.94,26.54,0.3788420991568634,1897312571.486,0.0006056855772305381
1995-01-25,11.46,26.54,0.3788420991568634,1897312571.486,0.0006056855772305381
1995-01-26,11.25,26.54,0.3788420991568634,1897312571.486,0.0006056855772305381
1995-01-27,11.25,26.54,0.3788420991568634,1897312571.486,0.0006056855772305381
1995-01-30,12.26,26.54,0.3788420991568634,1897312571.486,0.0006056855772305381
1995-01-31,11.96,26.54,0.3788420991568634,1897312571.486,0.0006056855772305381
1995-02-01,11.73,26.54,0.3788420991568634,1897312571.486,0.0006056855772305381
1995-02-02,11.13,26.54,0.3788420991568634,1897312571.486,0.0006056855772305381
1995-02-03,10.98,26.54,0.3788420991568634,1897312571.486,0.0006056855772305381
1995-02-06,11.22,26.54,0.3788420991568634,1897312571.486,0.0006056855772305381
1995-02-07,11.17,26.54,0.3788420991568634,1897312571.486,0.0006056855772305381
1995-02-08,11.42,26.54,0.3788420991568634,1897312571.486,0.0006056855772305381
1995-02-09,11.63,26.54,0.3788420991568634,1897312571.486,0.0006056855772305381
1995-02-10,11.28,26.54,0.3788420991568634,1897312571.486,0.0006056855772305381
1995-02-13,11.41,26.54,0.3788420991568634,1897312571.486,0.0006056855772305381
1995-02-14,11.43,26.54,0.3788420991568634,1897312571.486,0.0006056855772305381
1995-02-15,11.52,26.54,0.3788420991568634,1897312571.486,0.0006056855772305381
1995-02-16,11.61,26.54,0.3788420991568634,1897312571.486,0.0006056855772305381
1995-02-17,11.71,26.54,0.3788420991568634,1897312571.486,0.0006056855772305381
1995-02-21,12.05,26.54,0.3788420991568634,1897312571.486,0.0006056855772305381
1995-02-22,11.39,26.54,0.3788420991568634,1897312571.486,0.0006056855772305381
1995-02-23,11.15,26.54,0.3788420991568634,1897312571.486,0.0006056855772305381
1995-02-24,10.84,26.54,0.3788420991568634,1897312571.486,0.0006056855772305381
1995-02-27,12.51,26.54,0.3788420991568634,1897312571.486,0.0006056855772305381
1995-02-28,11.75,26.54,0.3788420991568634,1897312571.486,0.0006056855772305381
1995-03-01,11.65,26.54,0.3788420991568634,1897312571.486,0.0006056855772305381
1995-03-02,12.02,26.54,0.3788420991568634,1897312571.486,0.0006056855772305381
1995-03-03,11.45,26.54,0.3788420991568634,1897312571.486,0.0006056855772305381
1995-03-06,12.17,26.54,0.3788420991568634,1897312571.486,0.0006056855772305381
1995-03-07,14.22,26.54,0.3788420991568634,1897312571.486,0.0006056855772305381
1995-03-08,13.72,26.54,0.3788420991568634,1897312571.486,0.0006056855772305381
1995-03-09,13.36,26.54,0.3788420991568634,1897312571.486,0.0006056855772305381
1995-03-10,12.38,26.54,0.3788420991568634,1897312571.486,0.0006056855772305381
1995-03-13,12.15,26.54,0.3788420991568634,1897312571.486,0.0006056855772305381
1995-03-14,12.1,26.54,0.3788420991568634,1897312571.486,0.0006056855772305381
1995-03-15,12.42,26.54,0.3788420991568634,1897312571.486,0.0006056855772305381
1995-03-16,11.95,26.54,0.3788420991568634,1897312571.486,0.0006056855772305381
1995-03-17,11.8,26.54,0.3788420991568634,1897312571.486,0.0006056855772305381
1995-03-20,11.34,26.54,0.3788420991568634,1897312571.486,0.0006056855772305381
1995-03-21,11.53,26.54,0.3788420991568634,1897312571.486,0.0006056855772305381
1995-03-22,11.29,26.54,0.3788420991568634,1897312571.486,0.0006056855772305381
1995-03-23,11.43,26.54,0.3788420991568634,1897312571.486,0.0006056855772305381
1995-03-24,11.19,26.54,0.3788420991568634,1897312571.486,0.0006056855772305381
1995-03-27,11.83,26.54,0.3788420991568634,1897312571.486,0.0006056855772305381
1995-03-28,11.33,26.54,0.3788420991568634,1897312571.486,0.0006056855772305381
1995-03-29,12.51,26.54,0.3788420991568634,1897312571.486,0.0006056855772305381
1995-03-30,12.62,26.54,0.3788420991568634,1897312571.486,0.0006056855772305381
1995-03-31,13.37,26.54,0.3788420991568634,1897312571.486,0.0006056855772305381
1995-04-03,13.5,26.54,0.3788420991568634,1897312571.486,0.0006056855772305381
1995-04-04,12.62,26.54,0.3788420991568634,1897312571.486,0.0006056855772305381
1995-04-05,12.96,26.54,0.3788420991568634,1897312571.486,0.0006056855772305381
1995-04-06,12.81,26.54,0.3788420991568634,1897312571.486,0.0006056855772305381
1995-04-07,12.85,26.54,0.3788420991568634,1897312571.486,0.0006056855772305381
1995-04-10,12.79,26.54,0.3788420991568634,1897312571.486,0.0006056855772305381
1995-04-11,12.73,26.54,0.3788420991568634,1897312571.486,0.0006056855772305381
1995-04-12,12.04,26.54,0.3788420991568634,1897312571.486,0.0006056855772305381
1995-04-13,11.48,26.54,0.3788420991568634,1897312571.486,0.0006056855772305381
1995-04-17,12.33,26.54,0.3788420991568634,1897312571.486,0.0006056855772305381
1995-04-18,12.96,26.54,0.3788420991568634,1897312571.486,0.0006056855772305381
1995-04-19,13.09,26.54,0.3788420991568634,1897312571.486,0.0006056855772305381
1995-04-20,12.1,26.54,0.3788420991568634,1897312571.486,0.0006056855772305381
1995-04-21,11.86,26.54,0.3788420991568634,1897312571.486,0.0006056855772305381
1995-04-24,11.92,26.54,0.3788420991568634,1897312571.486,0.0006056855772305381
1995-04-25,12.41,26.54,0.3788420991568634,1897312571.486,0.0006056855772305381
1995-04-26,12.28,26.54,0.3788420991568634,1897312571.486,0.0006056855772305381
1995-04-27,11.93,26.54,0.3788420991568634,1897312571.486,0.0006056855772305381
1995-04-28,11.75,26.54,0.3788420991568634,1897312571.486,0.0006056855772305381
1995-05-01,12.14,26.54,0.3788420991568634,1897312571.486,0.0006056855772305381
1995-05-02,11.88,26.54,0.3788420991568634,1897312571.486,0.0006056855772305381
1995-05-03,11.69,26.54,0.3788420991568634,1897312571.486,0.0006056855772305381
1995-05-04,12.64,26.54,0.3788420991568634,1897312571.486,0.0006056855772305381
1995-05-05,12.06,26.54,0.3788420991568634,1897312571.486,0.0006056855772305381
1995-05-08,12.22,26.54,0.3788420991568634,1897312571.486,0.0006056855772305381
1995-05-09,12.75,26.54,0.3788420991568634,1897312571.486,0.0006056855772305381
1995-05-10,13.08,26.54,0.3788420991568634,1897312571.486,0.0006056855772305381
1995-05-11,12.98,26.54,0.3788420991568634,1897312571.486,0.0006056855772305381
1995-05-12,11.84,26.54,0.3788420991568634,1897312571.486,0.0006056855772305381
1995-05-15,12.38,26.54,0.3788420991568634,1897312571.486,0.0006056855772305381
1995-05-16,12.2,26.54,0.3788420991568634,1897312571.486,0.0006056855772305381
1995-05-17,12.36,26.54,0.3788420991568634,1897312571.486,0.0006056855772305381
1995-05-18,13.13,26.54,0.3788420991568634,1897312571.486,0.0006056855772305381
1995-05-19,12.81,26.54,0.3788420991568634,1897312571.486,0.0006056855772305381
1995-05-22,11.68,26.54,0.3788420991568634,1897312571.486,0.0006056855772305381
1995-05-23,11.55,26.54,0.3788420991568634,1897312571.486,0.0006056855772305381
1995-05-24,11.26,26.54,0.3788420991568634,1897312571.486,0.0006056855772305381
1995-05-25,11.63,26.54,0.3788420991568634,1897312571.486,0.0006056855772305381
1995-05-26,12.2,26.54,0.3788420991568634,1897312571.486,0.0006056855772305381
1995-05-30,12.52,26.54,0.3788420991568634,1897312571.486,0.0006056855772305381
1995-05-31,12.85,26.54,0.3788420991568634,1897312571.486,0.0006056855772305381
1995-06-01,12.21,26.54,0.3788420991568634,1897312571.486,0.0006056855772305381
1995-06-02,12.98,26.54,0.3788420991568634,1897312571.486,0.0006056855772305381
1995-06-05,13.45,26.54,0.3788420991568634,1897312571.486,0.0006056855772305381
1995-06-06,13.0,26.54,0.3788420991568634,1897312571.486,0.0006056855772305381
1995-06-07,12.84,26.54,0.3788420991568634,1897312571.486,0.0006056855772305381
1995-06-08,12.89,26.54,0.3788420991568634,1897312571.486,0.0006056855772305381
1995-06-09,12.76,26.54,0.3788420991568634,1897312571.486,0.0006056855772305381
1995-06-12,11.91,26.54,0.3788420991568634,1897312571.486,0.0006056855772305381
1995-06-13,11.29,26.54,0.3788420991568634,1897312571.486,0.0006056855772305381
1995-06-14,11.29,26.54,0.3788420991568634,1897312571.486,0.0006056855772305381
1995-06-15,11.23,26.54,0.3788420991568634,1897312571.486,0.0006056855772305381
1995-06-16,10.75,26.54,0.3788420991568634,1897312571.486,0.0006056855772305381
1995-06-19,11.21,26.54,0.3788420991568634,1897312571.486,0.0006056855772305381
1995-06-20,11.16,26.54,0.3788420991568634,1897312571.486,0.0006056855772305381
1995-06-21,11.32,26.54,0.3788420991568634,1897312571.486,0.0006056855772305381
1995-06-22,11.44,26.54,0.3788420991568634,1897312571.486,0.0006056855772305381
1995-06-23,11.12,26.54,0.3788420991568634,1897312571.486,0.0006056855772305381
1995-06-26,11.8,26.54,0.3788420991568634,1897312571.486,0.0006056855772305381
1995-06-27,12.37,26.54,0.3788420991568634,1897312571.486,0.0006056855772305381
1995-06-28,11.74,26.54,0.3788420991568634,1897312571.486,0.0006056855772305381
1995-06-29,11.59,26.54,0.3788420991568634,1897312571.486,0.0006056855772305381
1995-06-30,11.38,26.54,0.3788420991568634,1897312571.486,0.0006056855772305381
1995-07-03,11.57,26.54,0.3788420991568634,1897312571.486,0.0006056855772305381
1995-07-05,12.1,26.54,0.3788420991568634,1897312571.486,0.0006056855772305381
1995-07-06,11.52,26.54,0.3788420991568634,1897312571.486,0.0006056855772305381
1995-07-07,11.77,26.54,0.3788420991568634,1897312571.486,0.0006056855772305381
1995-07-10,12.19,26.54,0.3788420991568634,1897312571.486,0.0006056855772305381
1995-07-11,12.25,26.54,0.3788420991568634,1897312571.486,0.0006056855772305381
1995-07-12,12.31,26.54,0.3788420991568634,1897312571.486,0.0006056855772305381
1995-07-13,12.56,26.54,0.3788420991568634,1897312571.486,0.0006056855772305381
1995-07-14,12.08,26.54,0.3788420991568634,1897312571.486,0.0006056855772305381
1995-07-17,12.26,26.54,0.3788420991568634,1897312571.486,0.0006056855772305381
1995-07-18,12.68,26.54,0.3788420991568634,1897312571.486,0.0006056855772305381
1995-07-19,13.49,26.54,0.3788420991568634,1897312571.486,0.0006056855772305381
1995-07-20,12.78,26.54,0.3788420991568634,1897312571.486,0.0006056855772305381
1995-07-21,12.37,26.54,0.3788420991568634,1897312571.486,0.0006056855772305381
1995-07-24,12.55,26.54,0.3788420991568634,1897312571.486,0.0006056855772305381
1995-07-25,12.77,26.54,0.3788420991568634,1897312571.486,0.0006056855772305381
1995-07-26,13.18,26.54,0.3788420991568634,1897312571.486,0.0006056855772305381
1995-07-27,13.18,26.54,0.3788420991568634,1897312571.486,0.0006056855772305381
1995-07-28,13.18,26.54,0.3788420991568634,1897312571.486,0.0006056855772305381
1995-07-31,13.49,26.54,0.3788420991568634,1897312571.486,0.0006056855772305381
1995-08-01,13.56,26.54,0.3788420991568634,1897312571.486,0.0006056855772305381
1995-08-02,13.66,26.54,0.3788420991568634,1897312571.486,0.0006056855772305381
1995-08-03,13.78,26.54,0.3788420991568634,1897312571.486,0.0006056855772305381
1995-08-04,13.21,26.54,0.3788420991568634,1897312571.486,0.0006056855772305381
1995-08-07,13.1,26.54,0.3788420991568634,1897312571.486,0.0006056855772305381
1995-08-08,13.06,26.54,0.3788420991568634,1897312571.486,0.0006056855772305381
1995-08-09,12.75,26.54,0.3788420991568634,1897312571.486,0.0006056855772305381
1995-08-10,13.0,26.54,0.3788420991568634,1897312571.486,0.0006056855772305381
1995-08-11,12.9,26.54,0.3788420991568634,1897312571.486,0.0006056855772305381
1995-08-14,13.24,26.54,0.3788420991568634,1897312571.486,0.0006056855772305381
1995-08-15,12.35,26.54,0.3788420991568634,1897312571.486,0.0006056855772305381
1995-08-16,12.45,26.54,0.3788420991568634,1897312571.486,0.0006056855772305381
1995-08-17,12.13,26.54,0.3788420991568634,1897312571.486,0.0006056855772305381
1995-08-18,12.03,26.54,0.3788420991568634,1897312571.486,0.0006056855772305381
1995-08-21,13.42,26.54,0.3788420991568634,1897312571.486,0.0006056855772305381
1995-08-22,12.6,26.54,0.3788420991568634,1897312571.486,0.0006056855772305381
1995-08-23,13.17,26.54,0.3788420991568634,1897312571.486,0.0006056855772305381
1995-08-24,12.94,26.54,0.3788420991568634,1897312571.486,0.0006056855772305381
1995-08-25,12.33,26.54,0.3788420991568634,1897312571.486,0.0006056855772305381
1995-08-28,12.48,26.54,0.3788420991568634,1897312571.486,0.0006056855772305381
1995-08-29,12.65,26.54,0.3788420991568634,1897312571.486,0.0006056855772305381
1995-08-30,12.03,26.54,0.3788420991568634,1897312571.486,0.0006056855772305381
1995-08-31,11.52,26.54,0.3788420991568634,1897312571.486,0.0006056855772305381
1995-09-01,11.29,26.54,0.3788420991568634,1897312571.486,0.0006056855772305381
1995-09-05,11.65,26.54,0.3788420991568634,1897312571.486,0.0006056855772305381
1995-09-06,11.65,26.54,0.3788420991568634,1897312571.486,0.0006056855772305381
1995-09-07,11.85,26.54,0.3788420991568634,1897312571.486,0.0006056855772305381
1995-09-08,11.16,26.54,0.3788420991568634,1897312571.486,0.0006056855772305381
1995-09-11,11.51,26.54,0.3788420991568634,1897312571.486,0.0006056855772305381
1995-09-12,11.46,26.54,0.3788420991568634,1897312571.486,0.0006056855772305381
1995-09-13,11.35,26.54,0.3788420991568634,1897312571.486,0.0006056855772305381
1995-09-14,11.1,26.54,0.3788420991568634,1897312571.486,0.0006056855772305381
1995-09-15,11.58,26.54,0.3788420991568634,1897312571.486,0.0006056855772305381
1995-09-18,12.34,26.54,0.3788420991568634,1897312571.486,0.0006056855772305381
1995-09-19,12.67,26.54,0.3788420991568634,1897312571.486,0.0006056855772305381
1995-09-20,12.35,26.54,0.3788420991568634,1897312571.486,0.0006056855772305381
1995-09-21,12.5,26.54,0.3788420991568634,1897312571.486,0.0006056855772305381
1995-09-22,12.46,26.54,0.3788420991568634,1897312571.486,0.0006056855772305381
1995-09-25,13.22,26.54,0.3788420991568634,1897312571.486,0.0006056855772305381
1995-09-26,12.9,26.54,0.3788420991568634,1897312571.486,0.0006056855772305381
1995-09-27,12.9,26.54,0.3788420991568634,1897312571.486,0.0006056855772305381
1995-09-28,12.46,26.54,0.3788420991568634,1897312571.486,0.0006056855772305381
1995-09-29,12.74,26.54,0.3788420991568634,1897312571.486,0.0006056855772305381
1995-10-02,13.95,26.54,0.3788420991568634,1897312571.486,0.0006056855772305381
1995-10-03,14.5,26.54,0.3788420991568634,1897312571.486,0.0006056855772305381
1995-10-04,14.86,26.54,0.3788420991568634,1897312571.486,0.0006056855772305381
1995-10-05,15.74,26.54,0.3788420991568634,1897312571.486,0.0006056855772305381
1995-10-06,13.98,26.54,0.3788420991568634,1897312571.486,0.0006056855772305381
1995-10-09,14.85,26.54,0.3788420991568634,1897312571.486,0.0006056855772305381
1995-10-10,14.97,26.54,0.3788420991568634,1897312571.486,0.0006056855772305381
1995-10-11,14.57,26.54,0.3788420991568634,1897312571.486,0.0006056855772305381
1995-10-12,14.24,26.54,0.3788420991568634,1897312571.486,0.0006056855772305381
1995-10-13,13.67,26.54,0.3788420991568634,1897312571.486,0.0006056855772305381
1995-10-16,14.62,26.54,0.3788420991568634,1897312571.486,0.0006056855772305381
1995-10-17,14.03,26.54,0.3788420991568634,1897312571.486,0.0006056855772305381
1995-10-18,14.05,26.54,0.3788420991568634,1897312571.486,0.0006056855772305381
1995-10-19,13.55,26.54,0.3788420991568634,1897312571.486,0.0006056855772305381
1995-10-20,13.46,26.54,0.3788420991568634,1897312571.486,0.0006056855772305381
1995-10-23,14.17,26.54,0.3788420991568634,1897312571.486,0.0006056855772305381
1995-10-24,13.85,26.54,0.3788420991568634,1897312571.486,0.0006056855772305381
1995-10-25,14.49,26.54,0.3788420991568634,1897312571.486,0.0006056855772305381
1995-10-26,15.59,26.54,0.3788420991568634,1897312571.486,0.0006056855772305381
1995-10-27,14.63,26.54,0.3788420991568634,1897312571.486,0.0006056855772305381
1995-10-30,14.26,26.54,0.3788420991568634,1897312571.486,0.0006056855772305381
1995-10-31,13.83,26.54,0.3788420991568634,1897312571.486,0.0006056855772305381
1995-11-01,13.41,26.54,0.3788420991568634,1897312571.486,0.0006056855772305381
1995-11-02,13.19,26.54,0.3788420991568634,1897312571.486,0.0006056855772305381
1995-11-03,12.26,26.54,0.3788420991568634,1897312571.486,0.0006056855772305381
1995-11-06,12.74,26.54,0.3788420991568634,1897312571.486,0.0006056855772305381
1995-11-07,13.05,26.54,0.3788420991568634,1897312571.486,0.0006056855772305381
1995-11-08,12.16,26.54,0.3788420991568634,1897312571.486,0.0006056855772305381
1995-11-09,12.46,26.54,0.3788420991568634,1897312571.486,0.0006056855772305381
1995-11-10,12.97,26.54,0.3788420991568634,1897312571.486,0.0006056855772305381
1995-11-13,13.2,26.54,0.3788420991568634,1897312571.486,0.0006056855772305381
1995-11-14,13.38,26.54,0.3788420991568634,1897312571.486,0.0006056855772305381
1995-11-15,12.95,26.54,0.3788420991568634,1897312571.486,0.0006056855772305381
1995-11-16,12.57,26.54,0.3788420991568634,1897312571.486,0.0006056855772305381
1995-11-17,12.49,26.54,0.3788420991568634,1897312571.486,0.0006056855772305381
1995-11-20,12.37,26.54,0.3788420991568634,1897312571.486,0.0006056855772305381
1995-11-21,11.74,26.54,0.3788420991568634,1897312571.486,0.0006056855772305381
1995-11-22,11.81,26.54,0.3788420991568634,1897312571.486,0.0006056855772305381
1995-11-24,11.87,26.54,0.3788420991568634,1897312571.486,0.0006056855772305381
1995-11-27,12.43,26.54,0.3788420991568634,1897312571.486,0.0006056855772305381
1995-11-28,11.57,26.54,0.3788420991568634,1897312571.486,0.0006056855772305381
1995-11-29,11.65,26.54,0.3788420991568634,1897312571.486,0.0006056855772305381
1995-11-30,11.58,26.54,0.3788420991568634,1897312571.486,0.0006056855772305381
1995-12-01,11.11,26.54,0.3788420991568634,1897312571.486,0.0006056855772305381
1995-12-04,10.66,26.54,0.3788420991568634,1897312571.486,0.0006056855772305381
1995-12-05,11.65,26.54,0.3788420991568634,1897312571.486,0.0006056855772305381
1995-12-06,12.7,26.54,0.3788420991568634,1897312571.486,0.0006056855772305381
1995-12-07,12.74,26.54,0.3788420991568634,1897312571.486,0.0006056855772305381
1995-12-08,11.12,26.54,0.3788420991568634,1897312571.486,0.0006056855772305381
1995-12-11,11.06,26.54,0.3788420991568634,1897312571.486,0.0006056855772305381
1995-12-12,10.63,26.54,0.3788420991568634,1897312571.486,0.0006056855772305381
1995-12-13,10.36,26.54,0.3788420991568634,1897312571.486,0.0006056855772305381
1995-12-14,11.07,26.54,0.3788420991568634,1897312571.486,0.0006056855772305381
1995-12-15,11.44,26.54,0.3788420991568634,1897312571.486,0.0006056855772305381
1995-12-18,14.55,26.54,0.3788420991568634,1897312571.486,0.0006056855772305381
1995-12-19,13.16,26.54,0.3788420991568634,1897312571.486,0.0006056855772305381
1995-12-20,12.2,26.54,0.3788420991568634,1897312571.486,0.0006056855772305381
1995-12-21,10.77,26.54,0.3788420991568634,1897312571.486,0.0006056855772305381
1995-12-22,11.51,26.54,0.3788420991568634,1897312571.486,0.0006056855772305381
1995-12-26,11.49,26.54,0.3788420991568634,1897312571.486,0.0006056855772305381
1995-12-27,11.98,26.54,0.3788420991568634,1897312571.486,0.0006056855772305381
1995-12-28,12.25,26.54,0.3788420991568634,1897312571.486,0.0006056855772305381
1995-12-29,12.52,26.54,0.3788420991568634,1897312571.486,0.0006056855772305381
1996-01-02,12.19,26.54,0.3788420991568634,1897312571.486,0.0006056855772305381
1996-01-03,12.1,26.54,0.3788420991568634,1897312571.486,0.0006056855772305381
1996-01-04,13.78,26.54,0.3788420991568634,1897312571.486,0.0006056855772305381
1996-01-05,13.58,26.54,0.3788420991568634,1897312571.486,0.0006056855772305381
1996-01-08,13.11,26.54,0.3788420991568634,1897312571.486,0.0006056855772305381
1996-01-09,15.21,26.54,0.3788420991568634,1897312571.486,0.0006056855772305381
1996-01-10,16.4,26.54,0.3788420991568634,1897312571.486,0.0006056855772305381
1996-01-11,14.69,26.54,0.3788420991568634,1897312571.486,0.0006056855772305381
1996-01-12,14.23,26.54,0.3788420991568634,1897312571.486,0.0006056855772305381
1996-01-15,14.99,26.54,0.3788420991568634,1897312571.486,0.0006056855772305381
1996-01-16,14.09,26.54,0.3788420991568634,1897312571.486,0.0006056855772305381
1996-01-17,14.25,26.54,0.3788420991568634,1897312571.486,0.0006056855772305381
1996-01-18,13.58,26.54,0.3788420991568634,1897312571.486,0.0006056855772305381
1996-01-19,12.7,26.54,0.3788420991568634,1897312571.486,0.0006056855772305381
1996-01-22,13.34,26.54,0.3788420991568634,1897312571.486,0.0006056855772305381
1996-01-23,13.56,26.54,0.3788420991568634,1897312571.486,0.0006056855772305381
1996-01-24,12.54,26.54,0.3788420991568634,1897312571.486,0.0006056855772305381
1996-01-25,12.94,26.54,0.3788420991568634,1897312571.486,0.0006056855772305381
1996-01-26,12.0,26.54,0.3788420991568634,1897312571.486,0.0006056855772305381
1996-01-29,12.19,26.54,0.3788420991568634,1897312571.486,0.0006056855772305381
1996-01-30,12.42,26.54,0.3788420991568634,1897312571.486,0.0006056855772305381
1996-01-31,12.53,26.54,0.3788420991568634,1897312571.486,0.0006056855772305381
1996-02-01,12.65,26.54,0.3788420991568634,1897312571.486,0.0006056855772305381
1996-02-02,13.23,26.54,0.3788420991568634,1897312571.486,0.0006056855772305381
1996-02-05,13.46,26.54,0.3788420991568634,1897312571.486,0.0006056855772305381
1996-02-06,14.59,26.54,0.3788420991568634,1897312571.486,0.0006056855772305381
1996-02-07,14.11,26.54,0.3788420991568634,1897312571.486,0.0006056855772305381
1996-02-08,13.89,26.54,0.3788420991568634,1897312571.486,0.0006056855772305381
1996-02-09,14.63,26.54,0.3788420991568634,1897312571.486,0.0006056855772305381
1996-02-12,14.69,26.54,0.3788420991568634,1897312571.486,0.0006056855772305381
1996-02-13,14.94,26.54,0.3788420991568634,1897312571.486,0.0006056855772305381
1996-02-14,15.59,26.54,0.3788420991568634,1897312571.486,0.0006056855772305381
1996-02-15,16.13,26.54,0.3788420991568634,1897312571.486,0.0006056855772305381
1996-02-16,15.37,26.54,0.3788420991568634,1897312571.486,0.0006056855772305381
1996-02-20,16.8,26.54,0.3788420991568634,1897312571.486,0.0006056855772305381
1996-02-21,14.47,26.54,0.3788420991568634,1897312571.486,0.0006056855772305381
1996-02-22,14.56,26.54,0.3788420991568634,1897312571.486,0.0006056855772305381
1996-02-23,14.78,26.54,0.3788420991568634,1897312571.486,0.0006056855772305381
1996-02-26,16.38,26.54,0.3788420991568634,1897312571.486,0.0006056855772305381
1996-02-27,16.63,26.54,0.3788420991568634,1897312571.486,0.0006056855772305381
1996-02-28,16.72,26.54,0.3788420991568634,1897312571.486,0.0006056855772305381
1996-02-29,17.04,26.54,0.3788420991568634,1897312571.486,0.0006056855772305381
1996-03-01,16.72,26.54,0.3788420991568634,1897312571.486,0.0006056855772305381
1996-03-04,16.67,26.54,0.3788420991568634,1897312571.486,0.0006056855772305381
1996-03-05,16.1,26.54,0.3788420991568634,1897312571.486,0.0006056855772305381
1996-03-06,16.56,26.54,0.3788420991568634,1897312571.486,0.0006056855772305381
1996-03-07,16.49,26.54,0.3788420991568634,1897312571.486,0.0006056855772305381
1996-03-08,20.7,26.54,0.3788420991568634,1897312571.486,0.0006056855772305381
1996-03-11,19.4,26.54,0.3788420991568634,1897312571.486,0.0006056855772305381
1996-03-12,19.09,26.54,0.3788420991568634,1897312571.486,0.0006056855772305381
1996-03-13,18.13,26.54,0.3788420991568634,1897312571.486,0.0006056855772305381
1996-03-14,16.93,26.54,0.3788420991568634,1897312571.486,0.0006056855772305381
1996-03-15,16.54,26.54,0.3788420991568634,1897312571.486,0.0006056855772305381
1996-03-18,17.31,26.54,0.3788420991568634,1897312571.486,0.0006056855772305381
1996-03-19,18.35,26.54,0.3788420991568634,1897312571.486,0.0006056855772305381
1996-03-20,18.66,26.54,0.3788420991568634,1897312571.486,0.0006056855772305381
1996-03-21,17.74,26.54,0.3788420991568634,1897312571.486,0.0006056855772305381
1996-03-22,17.05,26.54,0.3788420991568634,1897312571.486,0.0006056855772305381
1996-03-25,17.84,26.54,0.3788420991568634,1897312571.486,0.0006056855772305381
1996-03-26,17.8,26.54,0.3788420991568634,1897312571.486,0.0006056855772305381
1996-03-27,17.89,26.54,0.3788420991568634,1897312571.486,0.0006056855772305381
1996-03-28,18.16,26.54,0.3788420991568634,1897312571.486,0.0006056855772305381
1996-03-29,18.88,26.54,0.3788420991568634,1897312571.486,0.0006056855772305381
1996-04-01,17.9,26.54,0.3788420991568634,1897312571.486,0.0006056855772305381
1996-04-02,16.45,26.54,0.3788420991568634,1897312571.486,0.0006056855772305381
1996-04-03,16.33,26.54,0.3788420991568634,1897312571.486,0.0006056855772305381
1996-04-04,16.18,26.54,0.3788420991568634,1897312571.486,0.0006056855772305381
1996-04-08,18.72,26.54,0.3788420991568634,1897312571.486,0.0006056855772305381
1996-04-09,17.32,26.54,0.3788420991568634,1897312571.486,0.0006056855772305381
1996-04-10,20.22,26.54,0.3788420991568634,1897312571.486,0.0006056855772305381
1996-04-11,19.65,26.54,0.3788420991568634,1897312571.486,0.0006056855772305381
1996-04-12,17.38,26.54,0.3788420991568634,1897312571.486,0.0006056855772305381
1996-04-15,16.83,26.54,0.3788420991568634,1897312571.486,0.0006056855772305381
1996-04-16,16.45,26.54,0.3788420991568634,1897312571.486,0.0006056855772305381
1996-04-17,17.07,26.54,0.3788420991568634,1897312571.486,0.0006056855772305381
1996-04-18,16.41,26.54,0.3788420991568634,1897312571.486,0.0006056855772305381
1996-04-19,15.12,26.54,0.3788420991568634,1897312571.486,0.0006056855772305381
1996-04-22,15.38,26.54,0.3788420991568634,1897312571.486,0.0006056855772305381
1996-04-23,15.01,26.54,0.3788420991568634,1897312571.486,0.0006056855772305381
1996-04-24,14.91,26.54,0.3788420991568634,1897312571.486,0.0006056855772305381
1996-04-25,14.72,26.54,0.3788420991568634,1897312571.486,0.0006056855772305381
1996-04-26,14.75,26.54,0.3788420991568634,1897312571.486,0.0006056855772305381
1996-04-29,15.45,26.54,0.3788420991568634,1897312571.486,0.0006056855772305381
1996-04-30,15.83,26.54,0.3788420991568634,1897312571.486,0.0006056855772305381
1996-05-01,16.07,26.54,0.3788420991568634,1897312571.486,0.0006056855772305381
1996-05-02,18.62,26.54,0.3788420991568634,1897312571.486,0.0006056855772305381
1996-05-03,16.7,26.54,0.3788420991568634,1897312571.486,0.0006056855772305381
1996-05-06,16.92,26.54,0.3788420991568634,1897312571.486,0.0006056855772305381
1996-05-07,16.87,26.54,0.3788420991568634,1897312571.486,0.0006056855772305381
1996-05-08,15.78,26.54,0.3788420991568634,1897312571.486,0.0006056855772305381
1996-05-09,16.99,26.54,0.3788420991568634,1897312571.486,0.0006056855772305381
1996-05-10,15.61,26.54,0.3788420991568634,1897312571.486,0.0006056855772305381
1996-05-13,15.16,26.54,0.3788420991568634,1897312571.486,0.0006056855772305381
1996-05-14,14.9,26.54,0.3788420991568634,1897312571.486,0.0006056855772305381
1996-05-15,15.59,26.54,0.3788420991568634,1897312571.486,0.0006056855772305381
1996-05-16,15.71,26.54,0.3788420991568634,1897312571.486,0.0006056855772305381
1996-05-17,15.13,26.54,0.3788420991568634,1897312571.486,0.0006056855772305381
1996-05-20,15.8,26.54,0.3788420991568634,1897312571.486,0.0006056855772305381
1996-05-21,16.0,26.54,0.3788420991568634,1897312571.486,0.0006056855772305381
1996-05-22,15.5,26.54,0.3788420991568634,1897312571.486,0.0006056855772305381
1996-05-23,16.17,26.54,0.3788420991568634,1897312571.486,0.0006056855772305381
1996-05-24,15.54,26.54,0.3788420991568634,1897312571.486,0.0006056855772305381
1996-05-28,16.92,26.54,0.3788420991568634,1897312571.486,0.0006056855772305381
1996-05-29,17.15,26.54,0.3788420991568634,1897312571.486,0.0006056855772305381
1996-05-30,16.02,26.54,0.3788420991568634,1897312571.486,0.0006056855772305381
1996-05-31,16.07,26.54,0.3788420991568634,1897312571.486,0.0006056855772305381
1996-06-03,16.86,26.54,0.3788420991568634,1897312571.486,0.0006056855772305381
1996-06-04,16.18,26.54,0.3788420991568634,1897312571.486,0.0006056855772305381
1996-06-05,16.04,26.54,0.3788420991568634,1897312571.486,0.0006056855772305381
1996-06-06,16.84,26.54,0.3788420991568634,1897312571.486,0.0006056855772305381
1996-06-07,16.1,26.54,0.3788420991568634,1897312571.486,0.0006056855772305381
1996-06-10,16.78,26.54,0.3788420991568634,1897312571.486,0.0006056855772305381
1996-06-11,16.68,26.54,0.3788420991568634,1897312571.486,0.0006056855772305381
1996-06-12,17.0,26.54,0.3788420991568634,1897312571.486,0.0006056855772305381
1996-06-13,17.12,26.54,0.3788420991568634,1897312571.486,0.0006056855772305381
1996-06-14,18.64,26.54,0.3788420991568634,1897312571.486,0.0006056855772305381
1996-06-17,17.46,26.54,0.3788420991568634,1897312571.486,0.0006056855772305381
1996-06-18,17.45,26.54,0.3788420991568634,1897312571.486,0.0006056855772305381
1996-06-19,17.54,26.54,0.3788420991568634,1897312571.486,0.0006056855772305381
1996-06-20,16.97,26.54,0.3788420991568634,1897312571.486,0.0006056855772305381
1996-06-21,15.8,26.54,0.3788420991568634,1897312571.486,0.0006056855772305381
1996-06-24,15.91,26.54,0.3788420991568634,1897312571.486,0.0006056855772305381
1996-06-25,15.43,26.54,0.3788420991568634,1897312571.486,0.0006056855772305381
1996-06-26,15.23,26.54,0.3788420991568634,1897312571.486,0.0006056855772305381
1996-06-27,14.19,26.54,0.3788420991568634,1897312571.486,0.0006056855772305381
1996-06-28,13.68,26.54,0.3788420991568634,1897312571.486,0.0006056855772305381
1996-07-01,13.78,26.54,0.3788420991568634,1897312571.486,0.0006056855772305381
1996-07-02,14.19,26.54,0.3788420991568634,1897312571.486,0.0006056855772305381
1996-07-03,14.21,26.54,0.3788420991568634,1897312571.486,0.0006056855772305381
1996-07-05,16.09,26.54,0.3788420991568634,1897312571.486,0.0006056855772305381
1996-07-08,16.42,26.54,0.3788420991568634,1897312571.486,0.0006056855772305381
1996-07-09,15.49,26.54,0.3788420991568634,1897312571.486,0.0006056855772305381
1996-07-10,15.51,26.54,0.3788420991568634,1897312571.486,0.0006056855772305381
1996-07-11,17.81,26.54,0.3788420991568634,1897312571.486,0.0006056855772305381
1996-07-12,17.09,26.54,0.3788420991568634,1897312571.486,0.0006056855772305381
1996-07-15,20.11,26.54,0.3788420991568634,1897312571.486,0.0006056855772305381
1996-07-16,20.1,26.54,0.3788420991568634,1897312571.486,0.0006056855772305381
1996-07-17,19.22,26.54,0.3788420991568634,1897312571.486,0.0006056855772305381
1996-07-18,17.93,26.54,0.3788420991568634,1897312571.486,0.0006056855772305381
1996-07-19,17.26,26.54,0.3788420991568634,1897312571.486,0.0006056855772305381
1996-07-22,20.41,26.54,0.3788420991568634,1897312571.486,0.0006056855772305381
1996-07-23,21.55,26.54,0.3788420991568634,1897312571.486,0.0006056855772305381
1996-07-24,21.44,26.54,0.3788420991568634,1897312571.486,0.0006056855772305381
1996-07-25,19.39,26.54,0.3788420991568634,1897312571.486,0.0006056855772305381
1996-07-26,17.45,26.54,0.3788420991568634,1897312571.486,0.0006056855772305381
1996-07-29,20.09,26.54,0.3788420991568634,1897312571.486,0.0006056855772305381
1996-07-30,20.53,26.54,0.3788420991568634,1897312571.486,0.0006056855772305381
1996-07-31,19.46,26.54,0.3788420991568634,1897312571.486,0.0006056855772305381
1996-08-01,18.76,26.54,0.3788420991568634,1897312571.486,0.0006056855772305381
1996-08-02,16.19,26.54,0.3788420991568634,1897312571.486,0.0006056855772305381
1996-08-05,17.36,26.54,0.3788420991568634,1897312571.486,0.0006056855772305381
1996-08-06,16.93,26.54,0.3788420991568634,1897312571.486,0.0006056855772305381
1996-08-07,16.24,26.54,0.3788420991568634,1897312571.486,0.0006056855772305381
1996-08-08,16.04,26.54,0.3788420991568634,1897312571.486,0.0006056855772305381
1996-08-09,15.77,26.54,0.3788420991568634,1897312571.486,0.0006056855772305381
1996-08-12,15.57,26.54,0.3788420991568634,1897312571.486,0.0006056855772305381
1996-08-13,16.41,26.54,0.3788420991568634,1897312571.486,0.0006056855772305381
1996-08-14,15.96,26.54,0.3788420991568634,1897312571.486,0.0006056855772305381
1996-08-15,15.46,26.54,0.3788420991568634,1897312571.486,0.0006056855772305381
1996-08-16,14.81,26.54,0.3788420991568634,1897312571.486,0.0006056855772305381
1996-08-19,15.27,26.54,0.3788420991568634,1897312571.486,0.0006056855772305381
1996-08-20,14.73,26.54,0.3788420991568634,1897312571.486,0.0006056855772305381
1996-08-21,14.52,26.54,0.3788420991568634,1897312571.486,0.0006056855772305381
1996-08-22,13.71,26.54,0.3788420991568634,1897312571.486,0.0006056855772305381
1996-08-23,14.18,26.54,0.3788420991568634,1897312571.486,0.0006056855772305381
1996-08-26,15.38,26.54,0.3788420991568634,1897312571.486,0.0006056855772305381
1996-08-27,15.11,26.54,0.3788420991568634,1897312571.486,0.0006056855772305381
1996-08-28,15.1,26.54,0.3788420991568634,1897312571.486,0.0006056855772305381
1996-08-29,16.22,26.54,0.3788420991568634,1897312571.486,0.0006056855772305381
1996-08-30,17.01,26.54,0.3788420991568634,1897312571.486,0.0006056855772305381
1996-09-03,18.47,26.54,0.3788420991568634,1897312571.486,0.0006056855772305381
1996-09-04,18.64,26.54,0.3788420991568634,1897312571.486,0.0006056855772305381
1996-09-05,20.51,26.54,0.3788420991568634,1897312571.486,0.0006056855772305381
1996-09-06,17.1,26.54,0.3788420991568634,1897312571.486,0.0006056855772305381
1996-09-09,16.36,26.54,0.3788420991568634,1897312571.486,0.0006056855772305381
1996-09-10,16.25,26.54,0.3788420991568634,1897312571.486,0.0006056855772305381
1996-09-11,16.06,26.54,0.3788420991568634,1897312571.486,0.0006056855772305381
1996-09-12,15.97,26.54,0.3788420991568634,1897312571.486,0.0006056855772305381
1996-09-13,15.2,26.54,0.3788420991568634,1897312571.486,0.0006056855772305381
1996-09-16,15.43,26.54,0.3788420991568634,1897312571.486,0.0006056855772305381
1996-09-17,15.74,26.54,0.3788420991568634,1897312571.486,0.0006056855772305381
1996-09-18,15.86,26.54,0.3788420991568634,1897312571.486,0.0006056855772305381
1996-09-19,16.03,26.54,0.3788420991568634,1897312571.486,0.0006056855772305381
1996-09-20,15.65,26.54,0.3788420991568634,1897312571.486,0.0006056855772305381
1996-09-23,16.46,26.54,0.3788420991568634,1897312571.486,0.0006056855772305381
1996-09-24,16.45,26.54,0.3788420991568634,1897312571.486,0.0006056855772305381
1996-09-25,16.22,26.54,0.3788420991568634,1897312571.486,0.0006056855772305381
1996-09-26,16.11,26.54,0.3788420991568634,1897312571.486,0.0006056855772305381
1996-09-27,16.1,26.54,0.3788420991568634,1897312571.486,0.0006056855772305381
1996-09-30,16.95,26.54,0.3788420991568634,1897312571.486,0.0006056855772305381
1996-10-01,17.05,26.54,0.3788420991568634,1897312571.486,0.0006056855772305381
1996-10-02,16.78,26.54,0.3788420991568634,1897312571.486,0.0006056855772305381
1996-10-03,16.77,26.54,0.3788420991568634,1897312571.486,0.0006056855772305381
1996-10-04,14.8,26.54,0.3788420991568634,1897312571.486,0.0006056855772305381
1996-10-07,15.11,26.54,0.3788420991568634,1897312571.486,0.0006056855772305381
1996-10-08,15.58,26.54,0.3788420991568634,1897312571.486,0.0006056855772305381
1996-10-09,16.09,26.54,0.3788420991568634,1897312571.486,0.0006056855772305381
1996-10-10,16.26,26.54,0.3788420991568634,1897312571.486,0.0006056855772305381
1996-10-11,15.07,26.54,0.3788420991568634,1897312571.486,0.0006056855772305381
1996-10-14,15.13,26.54,0.3788420991568634,1897312571.486,0.0006056855772305381
1996-10-15,15.83,26.54,0.3788420991568634,1897312571.486,0.0006056855772305381
1996-10-16,15.6,26.54,0.3788420991568634,1897312571.486,0.0006056855772305381
1996-10-17,15.41,26.54,0.3788420991568634,1897312571.486,0.0006056855772305381
1996-10-18,15.08,26.54,0.3788420991568634,1897312571.486,0.0006056855772305381
1996-10-21,15.98,26.54,0.3788420991568634,1897312571.486,0.0006056855772305381
1996-10-22,16.4,26.54,0.3788420991568634,1897312571.486,0.0006056855772305381
1996-10-23,16.45,26.54,0.3788420991568634,1897312571.486,0.0006056855772305381
1996-10-24,16.89,26.54,0.3788420991568634,1897312571.486,0.0006056855772305381
1996-10-25,17.29,26.54,0.3788420991568634,1897312571.486,0.0006056855772305381
1996-10-28,18.34,26.54,0.3788420991568634,1897312571.486,0.0006056855772305381
1996-10-29,18.28,26.54,0.3788420991568634,1897312571.486,0.0006056855772305381
1996-10-30,18.48,26.54,0.3788420991568634,1897312571.486,0.0006056855772305381
1996-10-31,18.11,26.54,0.3788420991568634,1897312571.486,0.0006056855772305381
1996-11-01,17.89,26.54,0.3788420991568634,1897312571.486,0.0006056855772305381
1996-11-04,18.04,26.54,0.3788420991568634,1897312571.486,0.0006056855772305381
1996-11-05,17.65,26.54,0.3788420991568634,1897312571.486,0.0006056855772305381
1996-11-06,16.97,26.54,0.3788420991568634,1897312571.486,0.0006056855772305381
1996-11-07,17.21,26.54,0.3788420991568634,1897312571.486,0.0006056855772305381
1996-11-08,15.78,26.54,0.3788420991568634,1897312571.486,0.0006056855772305381
1996-11-11,14.04,26.54,0.3788420991568634,1897312571.486,0.0006056855772305381
1996-11-12,15.36,26.54,0.3788420991568634,1897312571.486,0.0006056855772305381
1996-11-13,14.89,26.54,0.3788420991568634,1897312571.486,0.0006056855772305381
1996-11-14,13.79,26.54,0.3788420991568634,1897312571.486,0.0006056855772305381
1996-11-15,14.36,26.54,0.3788420991568634,1897312571.486,0.0006056855772305381
1996-11-18,15.12,26.54,0.3788420991568634,1897312571.486,0.0006056855772305381
1996-11-19,15.23,26.54,0.3788420991568634,1897312571.486,0.0006056855772305381
1996-11-20,15.94,26.54,0.3788420991568634,1897312571.486,0.0006056855772305381
1996-11-21,15.77,26.54,0.3788420991568634,1897312571.486,0.0006056855772305381
1996-11-22,14.92,26.54,0.3788420991568634,1897312571.486,0.0006056855772305381
1996-11-25,15.91,26.54,0.3788420991568634,1897312571.486,0.0006056855772305381
1996-11-26,16.97,26.54,0.3788420991568634,1897312571.486,0.0006056855772305381
1996-11-27,16.96,26.54,0.3788420991568634,1897312571.486,0.0006056855772305381
1996-11-29,17.14,26.54,0.3788420991568634,1897312571.486,0.0006056855772305381
1996-12-02,17.93,26.54,0.3788420991568634,1897312571.486,0.0006056855772305381
1996-12-03,18.68,26.54,0.3788420991568634,1897312571.486,0.0006056855772305381
1996-12-04,17.93,26.54,0.3788420991568634,1897312571.486,0.0006056855772305381
1996-12-05,18.14,26.54,0.3788420991568634,1897312571.486,0.0006056855772305381
1996-12-06,18.82,26.54,0.3788420991568634,1897312571.486,0.0006056855772305381
1996-12-09,17.75,26.54,0.3788420991568634,1897312571.486,0.0006056855772305381
1996-12-10,17.88,26.54,0.3788420991568634,1897312571.486,0.0006056855772305381
1996-12-11,19.68,26.54,0.3788420991568634,1897312571.486,0.0006056855772305381
1996-12-12,20.45,26.54,0.3788420991568634,1897312571.486,0.0006056855772305381
1996-12-13,21.09,26.54,0.3788420991568634,1897312571.486,0.0006056855772305381
1996-12-16,21.99,26.54,0.3788420991568634,1897312571.486,0.0006056855772305381
1996-12-17,20.77,26.54,0.3788420991568634,1897312571.486,0.0006056855772305381
1996-12-18,19.42,26.54,0.3788420991568634,1897312571.486,0.0006056855772305381
1996-12-19,18.77,26.54,0.3788420991568634,1897312571.486,0.0006056855772305381
1996-12-20,18.85,26.54,0.3788420991568634,1897312571.486,0.0006056855772305381
1996-12-23,19.5,26.54,0.3788420991568634,1897312571.486,0.0006056855772305381
1996-12-24,18.68,26.54,0.3788420991568634,1897312571.486,0.0006056855772305381
1996-12-26,18.59,26.54,0.3788420991568634,1897312571.486,0.0006056855772305381
1996-12-27,19.13,26.54,0.3788420991568634,1897312571.486,0.0006056855772305381
1996-12-30,19.51,26.54,0.3788420991568634,1897312571.486,0.0006056855772305381
1996-12-31,20.92,26.54,0.3788420991568634,1897312571.486,0.0006056855772305381
1997-01-02,21.14,26.54,0.3788420991568634,1897312571.486,0.0006056855772305381
1997-01-03,19.13,26.54,0.3788420991568634,1897312571.486,0.0006056855772305381
1997-01-06,19.89,26.54,0.3788420991568634,1897312571.486,0.0006056855772305381
1997-01-07,19.35,26.54,0.3788420991568634,1897312571.486,0.0006056855772305381
1997-01-08,20.24,26.54,0.3788420991568634,1897312571.486,0.0006056855772305381
1997-01-09,20.91,26.54,0.3788420991568634,1897312571.486,0.0006056855772305381
1997-01-10,19.63,26.54,0.3788420991568634,1897312571.486,0.0006056855772305381
1997-01-13,19.84,26.54,0.3788420991568634,1897312571.486,0.0006056855772305381
1997-01-14,19.27,26.54,0.3788420991568634,1897312571.486,0.0006056855772305381
1997-01-15,19.4,26.54,0.3788420991568634,1897312571.486,0.0006056855772305381
1997-01-16,19.61,26.54,0.3788420991568634,1897312571.486,0.0006056855772305381
1997-01-17,18.63,26.54,0.3788420991568634,1897312571.486,0.0006056855772305381
1997-01-20,18.6,26.54,0.3788420991568634,1897312571.486,0.0006056855772305381
1997-01-21,17.81,26.54,0.3788420991568634,1897312571.486,0.0006056855772305381
1997-01-22,17.09,26.54,0.3788420991568634,1897312571.486,0.0006056855772305381
1997-01-23,18.47,26.54,0.3788420991568634,1897312571.486,0.0006056855772305381
1997-01-24,19.33,26.54,0.3788420991568634,1897312571.486,0.0006056855772305381
1997-01-27,20.16,26.54,0.3788420991568634,1897312571.486,0.0006056855772305381
1997-01-28,20.74,26.54,0.3788420991568634,1897312571.486,0.0006056855772305381
1997-01-29,20.23,26.54,0.3788420991568634,1897312571.486,0.0006056855772305381
1997-01-30,19.47,26.54,0.3788420991568634,1897312571.486,0.0006056855772305381
1997-02-03,19.58,26.54,0.3788420991568634,1897312571.486,0.0006056855772305381
1997-02-04,19.43,26.54,0.3788420991568634,1897312571.486,0.0006056855772305381
1997-02-05,21.06,26.54,0.3788420991568634,1897312571.486,0.0006056855772305381
1997-02-06,20.16,26.54,0.3788420991568634,1897312571.486,0.0006056855772305381
1997-02-07,18.9,26.54,0.3788420991568634,1897312571.486,0.0006056855772305381
1997-02-10,20.65,26.54,0.3788420991568634,1897312571.486,0.0006056855772305381
1997-02-11,19.97,26.54,0.3788420991568634,1897312571.486,0.0006056855772305381
1997-02-12,19.48,26.54,0.3788420991568634,1897312571.486,0.0006056855772305381
1997-02-13,19.23,26.54,0.3788420991568634,1897312571.486,0.0006056855772305381
1997-02-14,19.18,26.54,0.3788420991568634,1897312571.486,0.0006056855772305381
1997-02-18,19.7,26.54,0.3788420991568634,1897312571.486,0.0006056855772305381
1997-02-19,20.61,26.54,0.3788420991568634,1897312571.486,0.0006056855772305381
1997-02-20,21.41,26.54,0.3788420991568634,1897312571.486,0.0006056855772305381
1997-02-21,20.55,26.54,0.3788420991568634,1897312571.486,0.0006056855772305381
1997-02-24,19.84,26.54,0.3788420991568634,1897312571.486,0.0006056855772305381
1997-02-25,19.98,26.54,0.3788420991568634,1897312571.486,0.0006056855772305381
1997-02-26,20.74,26.54,0.3788420991568634,1897312571.486,0.0006056855772305381
1997-02-27,21.08,26.54,0.3788420991568634,1897312571.486,0.0006056855772305381
1997-02-28,21.1,26.54,0.3788420991568634,1897312571.486,0.0006056855772305381
1997-03-03,20.89,26.54,0.3788420991568634,1897312571.486,0.0006056855772305381
1997-03-04,20.62,26.54,0.3788420991568634,1897312571.486,0.0006056855772305381
1997-03-05,19.49,26.54,0.3788420991568634,1897312571.486,0.0006056855772305381
1997-03-06,20.48,26.54,0.3788420991568634,1897312571.486,0.0006056855772305381
1997-03-07,19.32,26.54,0.3788420991568634,1897312571.486,0.0006056855772305381
1997-03-10,19.0,26.54,0.3788420991568634,1897312571.486,0.0006056855772305381
1997-03-11,19.25,26.54,0.3788420991568634,1897312571.486,0.0006056855772305381
1997-03-12,19.61,26.54,0.3788420991568634,1897312571.486,0.0006056855772305381
1997-03-13,19.79,26.54,0.3788420991568634,1897312571.486,0.0006056855772305381
1997-03-14,19.81,26.54,0.3788420991568634,1897312571.486,0.0006056855772305381
1997-03-17,20.95,26.54,0.3788420991568634,1897312571.486,0.0006056855772305381
1997-03-18,21.26,26.54,0.3788420991568634,1897312571.486,0.0006056855772305381
1997-03-19,21.74,26.54,0.3788420991568634,1897312571.486,0.0006056855772305381
1997-03-20,21.22,26.54,0.3788420991568634,1897312571.486,0.0006056855772305381
1997-03-21,19.69,26.54,0.3788420991568634,1897312571.486,0.0006056855772305381
1997-03-24,20.06,26.54,0.3788420991568634,1897312571.486,0.0006056855772305381
1997-03-25,19.26,26.54,0.3788420991568634,1897312571.486,0.0006056855772305381
1997-03-26,18.32,26.54,0.3788420991568634,1897312571.486,0.0006056855772305381
1997-03-27,20.5,26.54,0.3788420991568634,1897312571.486,0.0006056855772305381
1997-03-31,22.14,26.54,0.3788420991568634,1897312571.486,0.0006056855772305381
1997-04-01,20.84,26.54,0.3788420991568634,1897312571.486,0.0006056855772305381
1997-04-02,21.3,26.54,0.3788420991568634,1897312571.486,0.0006056855772305381
1997-04-03,21.19,26.54,0.3788420991568634,1897312571.486,0.0006056855772305381
1997-04-04,19.23,26.54,0.3788420991568634,1897312571.486,0.0006056855772305381
1997-04-07,18.51,26.54,0.3788420991568634,1897312571.486,0.0006056855772305381
1997-04-08,18.44,26.54,0.3788420991568634,1897312571.486,0.0006056855772305381
1997-04-09,18.56,26.54,0.3788420991568634,1897312571.486,0.0006056855772305381
1997-04-10,19.01,26.54,0.3788420991568634,1897312571.486,0.0006056855772305381
1997-04-11,19.76,26.54,0.3788420991568634,1897312571.486,0.0006056855772305381
1997-04-14,19.09,26.54,0.3788420991568634,1897312571.486,0.0006056855772305381
1997-04-15,18.25,26.54,0.3788420991568634,1897312571.486,0.0006056855772305381
1997-04-16,17.64,26.54,0.3788420991568634,1897312571.486,0.0006056855772305381
1997-04-17,18.71,26.54,0.3788420991568634,1897312571.486,0.0006056855772305381
1997-04-18,18.75,26.54,0.3788420991568634,1897312571.486,0.0006056855772305381
1997-04-21,20.1,26.54,0.3788420991568634,1897312571.486,0.0006056855772305381
1997-04-22,19.52,26.54,0.3788420991568634,1897312571.486,0.0006056855772305381
1997-04-23,20.48,26.54,0.3788420991568634,1897312571.486,0.0006056855772305381
1997-04-24,20.83,26.54,0.3788420991568634,1897312571.486,0.0006056855772305381
1997-04-25,21.15,26.54,0.3788420991568634,1897312571.486,0.0006056855772305381
1997-04-28,21.34,26.54,0.3788420991568634,1897312571.486,0.0006056855772305381
1997-04-29,19.81,26.54,0.3788420991568634,1897312571.486,0.0006056855772305381
1997-04-30,20.06,26.54,0.3788420991568634,1897312571.486,0.0006056855772305381
1997-05-01,19.87,26.54,0.3788420991568634,1897312571.486,0.0006056855772305381
1997-05-02,17.51,26.54,0.3788420991568634,1897312571.486,0.0006056855772305381
1997-05-05,20.13,26.54,0.3788420991568634,1897312571.486,0.0006056855772305381
1997-05-06,20.85,26.54,0.3788420991568634,1897312571.486,0.0006056855772305381
1997-05-07,21.34,26.54,0.3788420991568634,1897312571.486,0.0006056855772305381
1997-05-08,21.26,26.54,0.3788420991568634,1897312571.486,0.0006056855772305381
1997-05-09,20.11,26.54,0.3788420991568634,1897312571.486,0.0006056855772305381
1997-05-12,20.25,26.54,0.3788420991568634,1897312571.486,0.0006056855772305381
1997-05-13,20.81,26.54,0.3788420991568634,1897312571.486,0.0006056855772305381
1997-05-14,21.09,26.54,0.3788420991568634,1897312571.486,0.0006056855772305381
1997-05-15,19.91,26.54,0.3788420991568634,1897312571.486,0.0006056855772305381
1997-05-16,21.57,26.54,0.3788420991568634,1897312571.486,0.0006056855772305381
1997-05-19,21.48,26.54,0.3788420991568634,1897312571.486,0.0006056855772305381
1997-05-20,19.26,26.54,0.3788420991568634,1897312571.486,0.0006056855772305381
1997-05-21,19.28,26.54,0.3788420991568634,1897312571.486,0.0006056855772305381
1997-05-22,18.77,26.54,0.3788420991568634,1897312571.486,0.0006056855772305381
1997-05-23,18.08,26.54,0.3788420991568634,1897312571.486,0.0006056855772305381
1997-05-27,19.36,26.54,0.3788420991568634,1897312571.486,0.0006056855772305381
1997-05-28,19.28,26.54,0.3788420991568634,1897312571.486,0.0006056855772305381
1997-05-29,19.02,26.54,0.3788420991568634,1897312571.486,0.0006056855772305381
1997-05-30,19.19,26.54,0.3788420991568634,1897312571.486,0.0006056855772305381
1997-06-02,20.85,26.54,0.3788420991568634,1897312571.486,0.0006056855772305381
1997-06-03,20.01,26.54,0.3788420991568634,1897312571.486,0.0006056855772305381
1997-06-04,20.1,26.54,0.3788420991568634,1897312571.486,0.0006056855772305381
1997-06-05,20.36,26.54,0.3788420991568634,1897312571.486,0.0006056855772305381
1997-06-06,18.94,26.54,0.3788420991568634,1897312571.486,0.0006056855772305381
1997-06-09,19.46,26.54,0.3788420991568634,1897312571.486,0.0006056855772305381
1997-06-10,19.04,26.54,0.3788420991568634,1897312571.486,0.0006056855772305381
1997-06-11,18.85,26.54,0.3788420991568634,1897312571.486,0.0006056855772305381
1997-06-12,18.51,26.54,0.3788420991568634,1897312571.486,0.0006056855772305381
1997-06-13,19.27,26.54,0.3788420991568634,1897312571.486,0.0006056855772305381
1997-06-16,19.77,26.54,0.3788420991568634,1897312571.486,0.0006056855772305381
1997-06-17,20.17,26.54,0.3788420991568634,1897312571.486,0.0006056855772305381
1997-06-18,20.45,26.54,0.3788420991568634,1897312571.486,0.0006056855772305381
1997-06-19,20.1,26.54,0.3788420991568634,1897312571.486,0.0006056855772305381
1997-06-20,20.2,26.54,0.3788420991568634,1897312571.486,0.0006056855772305381
1997-06-23,21.19,26.54,0.3788420991568634,1897312571.486,0.0006056855772305381
1997-06-24,20.74,26.54,0.3788420991568634,1897312571.486,0.0006056855772305381
1997-06-25,21.5,26.54,0.3788420991568634,1897312571.486,0.0006056855772305381
1997-06-26,21.82,26.54,0.3788420991568634,1897312571.486,0.0006056855772305381
1997-06-27,21.22,26.54,0.3788420991568634,1897312571.486,0.0006056855772305381
1997-06-30,21.53,26.54,0.3788420991568634,1897312571.486,0.0006056855772305381
1997-07-01,21.0,26.54,0.3788420991568634,1897312571.486,0.0006056855772305381
1997-07-02,19.7,26.54,0.3788420991568634,1897312571.486,0.0006056855772305381
1997-07-03,17.82,26.54,0.3788420991568634,1897312571.486,0.0006056855772305381
1997-07-07,19.13,26.54,0.3788420991568634,1897312571.486,0.0006056855772305381
1997-07-08,18.76,26.54,0.3788420991568634,1897312571.486,0.0006056855772305381
1997-07-09,20.4,26.54,0.3788420991568634,1897312571.486,0.0006056855772305381
1997-07-10,19.92,26.54,0.3788420991568634,1897312571.486,0.0006056855772305381
1997-07-11,19.06,26.54,0.3788420991568634,1897312571.486,0.0006056855772305381
1997-07-14,19.58,26.54,0.3788420991568634,1897312571.486,0.0006056855772305381
1997-07-15,19.0,26.54,0.3788420991568634,1897312571.486,0.0006056855772305381
1997-07-16,19.36,26.54,0.3788420991568634,1897312571.486,0.0006056855772305381
1997-07-17,20.54,26.54,0.3788420991568634,1897312571.486,0.0006056855772305381
1997-07-18,22.28,26.54,0.3788420991568634,1897312571.486,0.0006056855772305381
1997-07-21,23.51,26.54,0.3788420991568634,1897312571.486,0.0006056855772305381
1997-07-22,21.77,26.54,0.3788420991568634,1897312571.486,0.0006056855772305381
1997-07-23,21.3,26.54,0.3788420991568634,1897312571.486,0.0006056855772305381
1997-07-24,20.96,26.54,0.3788420991568634,1897312571.486,0.0006056855772305381
1997-07-25,20.82,26.54,0.3788420991568634,1897312571.486,0.0006056855772305381
1997-07-28,21.84,26.54,0.3788420991568634,1897312571.486,0.0006056855772305381
1997-07-29,22.02,26.54,0.3788420991568634,1897312571.486,0.0006056855772305381
1997-07-30,21.39,26.54,0.3788420991568634,1897312571.486,0.0006056855772305381
1997-07-31,21.48,26.54,0.3788420991568634,1897312571.486,0.0006056855772305381
1997-08-01,22.29,26.54,0.3788420991568634,1897312571.486,0.0006056855772305381
1997-08-04,21.94,26.54,0.3788420991568634,1897312571.486,0.0006056855772305381
1997-08-05,20.64,26.54,0.3788420991568634,1897312571.486,0.0006056855772305381
1997-08-06,20.05,26.54,0.3788420991568634,1897312571.486,0.0006056855772305381
1997-08-07,19.77,26.54,0.3788420991568634,1897312571.486,0.0006056855772305381
1997-08-08,22.46,26.54,0.3788420991568634,1897312571.486,0.0006056855772305381
1997-08-11,22.77,26.54,0.3788420991568634,1897312571.486,0.0006056855772305381
1997-08-12,23.75,26.54,0.3788420991568634,1897312571.486,0.0006056855772305381
1997-08-13,24.52,26.54,0.3788420991568634,1897312571.486,0.0006056855772305381
1997-08-14,23.11,26.54,0.3788420991568634,1897312571.486,0.0006056855772305381
1997-08-15,24.45,26.54,0.3788420991568634,1897312571.486,0.0006056855772305381
1997-08-18,24.37,26.54,0.3788420991568634,1897312571.486,0.0006056855772305381
1997-08-19,22.64,26.54,0.3788420991568634,1897312571.486,0.0006056855772305381
1997-08-20,21.09,26.54,0.3788420991568634,1897312571.486,0.0006056855772305381
1997-08-21,23.83,26.54,0.3788420991568634,1897312571.486,0.0006056855772305381
1997-08-22,24.74,26.54,0.3788420991568634,1897312571.486,0.0006056855772305381
1997-08-25,24.1,26.54,0.3788420991568634,1897312571.486,0.0006056855772305381
1997-08-26,24.73,26.54,0.3788420991568634,1897312571.486,0.0006056855772305381
1997-08-27,24.26,26.54,0.3788420991568634,1897312571.486,0.0006056855772305381
1997-08-28,24.51,26.54,0.3788420991568634,1897312571.486,0.0006056855772305381
1997-08-29,24.76,26.54,0.3788420991568634,1897312571.486,0.0006056855772305381
1997-09-02,24.53,26.54,0.3788420991568634,1897312571.486,0.0006056855772305381
1997-09-03,24.95,26.54,0.3788420991568634,1897312571.486,0.0006056855772305381
1997-09-04,25.27,26.54,0.3788420991568634,1897312571.486,0.0006056855772305381
1997-09-05,24.31,26.54,0.3788420991568634,1897312571.486,0.0006056855772305381
1997-09-08,24.4,26.54,0.3788420991568634,1897312571.486,0.0006056855772305381
1997-09-09,23.89,26.54,0.3788420991568634,1897312571.486,0.0006056855772305381
1997-09-10,24.64,26.54,0.3788420991568634,1897312571.486,0.0006056855772305381
1997-09-11,25.99,26.54,0.3788420991568634,1897312571.486,0.0006056855772305381
1997-09-12,25.17,26.54,0.3788420991568634,1897312571.486,0.0006056855772305381
1997-09-15,25.74,26.54,0.3788420991568634,1897312571.486,0.0006056855772305381
1997-09-16,23.77,26.54,0.3788420991568634,1897312571.486,0.0006056855772305381
1997-09-17,24.1,26.54,0.3788420991568634,1897312571.486,0.0006056855772305381
1997-09-18,23.48,26.54,0.3788420991568634,1897312571.486,0.0006056855772305381
1997-09-19,22.74,26.54,0.3788420991568634,1897312571.486,0.0006056855772305381
1997-09-22,22.08,26.54,0.3788420991568634,1897312571.486,0.0006056855772305381
1997-09-23,22.0,26.54,0.3788420991568634,1897312571.486,0.0006056855772305381
1997-09-24,22.64,26.54,0.3788420991568634,1897312571.486,0.0006056855772305381
1997-09-25,22.96,26.54,0.3788420991568634,1897312571.486,0.0006056855772305381
1997-09-26,22.26,26.54,0.3788420991568634,1897312571.486,0.0006056855772305381
1997-09-29,22.23,26.54,0.3788420991568634,1897312571.486,0.0006056855772305381
1997-09-30,22.91,26.54,0.3788420991568634,1897312571.486,0.0006056855772305381
1997-10-01,22.32,26.54,0.3788420991568634,1897312571.486,0.0006056855772305381
1997-10-02,22.27,26.54,0.3788420991568634,1897312571.486,0.0006056855772305381
1997-10-03,21.54,26.54,0.3788420991568634,1897312571.486,0.0006056855772305381
1997-10-06,21.61,26.54,0.3788420991568634,1897312571.486,0.0006056855772305381
1997-10-07,20.29,26.54,0.3788420991568634,1897312571.486,0.0006056855772305381
1997-10-08,20.77,26.54,0.3788420991568634,1897312571.486,0.0006056855772305381
1997-10-09,22.31,26.54,0.3788420991568634,1897312571.486,0.0006056855772305381
1997-10-10,19.75,26.54,0.3788420991568634,1897312571.486,0.0006056855772305381
1997-10-13,20.26,26.54,0.3788420991568634,1897312571.486,0.0006056855772305381
1997-10-14,19.99,26.54,0.3788420991568634,1897312571.486,0.0006056855772305381
1997-10-15,20.05,26.54,0.3788420991568634,1897312571.486,0.0006056855772305381
1997-10-16,20.53,26.54,0.3788420991568634,1897312571.486,0.0006056855772305381
1997-10-17,21.69,26.54,0.3788420991568634,1897312571.486,0.0006056855772305381
1997-10-20,20.72,26.54,0.3788420991568634,1897312571.486,0.0006056855772305381
1997-10-21,19.53,26.54,0.3788420991568634,1897312571.486,0.0006056855772305381
1997-10-22,19.86,26.54,0.3788420991568634,1897312571.486,0.0006056855772305381
1997-10-23,22.99,26.54,0.3788420991568634,1897312571.486,0.0006056855772305381
1997-10-24,23.17,26.54,0.3788420991568634,1897312571.486,0.0006056855772305381
1997-10-27,31.12,26.54,0.3788420991568634,1897312571.486,0.0006056855772305381
1997-10-28,31.22,26.54,0.3788420991568634,1897312571.486,0.0006056855772305381
1997-10-29,33.75,26.54,0.3788420991568634,1897312571.486,0.0006056855772305381
1997-10-30,38.2,26.54,0.3788420991568634,1897312571.486,0.0006056855772305381
1997-10-31,35.09,26.54,0.3788420991568634,1897312571.486,0.0006056855772305381
1997-11-03,32.09,26.54,0.3788420991568634,1897312571.486,0.0006056855772305381
1997-11-04,32.24,26.54,0.3788420991568634,1897312571.486,0.0006056855772305381
1997-11-05,32.18,26.54,0.3788420991568634,1897312571.486,0.0006056855772305381
1997-11-06,32.57,26.54,0.3788420991568634,1897312571.486,0.0006056855772305381
1997-11-07,36.27,26.54,0.3788420991568634,1897312571.486,0.0006056855772305381
1997-11-10,36.63,26.54,0.3788420991568634,1897312571.486,0.0006056855772305381
1997-11-11,36.38,26.54,0.3788420991568634,1897312571.486,0.0006056855772305381
1997-11-12,37.84,26.54,0.3788420991568634,1897312571.486,0.0006056855772305381
1997-11-13,36.64,26.54,0.3788420991568634,1897312571.486,0.0006056855772305381
1997-11-14,33.66,26.54,0.3788420991568634,1897312571.486,0.0006056855772305381
1997-11-17,31.58,26.54,0.3788420991568634,1897312571.486,0.0006056855772305381
1997-11-18,31.55,26.54,0.3788420991568634,1897312571.486,0.0006056855772305381
1997-11-19,29.93,26.54,0.3788420991568634,1897312571.486,0.0006056855772305381
1997-11-20,27.32,26.54,0.3788420991568634,1897312571.486,0.0006056855772305381
1997-11-21,26.65,26.54,0.3788420991568634,1897312571.486,0.0006056855772305381
1997-11-24,29.8,26.54,0.3788420991568634,1897312571.486,0.0006056855772305381
1997-11-25,28.95,26.54,0.3788420991568634,1897312571.486,0.0006056855772305381
1997-11-28,27.43,26.54,0.3788420991568634,1897312571.486,0.0006056855772305381
1997-12-01,26.01,26.54,0.3788420991568634,1897312571.486,0.0006056855772305381
1997-12-02,25.66,26.54,0.3788420991568634,1897312571.486,0.0006056855772305381
1997-12-03,23.92,26.54,0.3788420991568634,1897312571.486,0.0006056855772305381
1997-12-04,23.84,26.54,0.3788420991568634,1897312571.486,0.0006056855772305381
1997-12-05,22.65,26.54,0.3788420991568634,1897312571.486,0.0006056855772305381
1997-12-08,23.22,26.54,0.3788420991568634,1897312571.486,0.0006056855772305381
1997-12-09,23.36,26.54,0.3788420991568634,1897312571.486,0.0006056855772305381
1997-12-10,24.55,26.54,0.3788420991568634,1897312571.486,0.0006056855772305381
1997-12-11,27.63,26.54,0.3788420991568634,1897312571.486,0.0006056855772305381
1997-12-12,27.92,26.54,0.3788420991568634,1897312571.486,0.0006056855772305381
1997-12-15,27.37,26.54,0.3788420991568634,1897312571.486,0.0006056855772305381
1997-12-16,26.11,26.54,0.3788420991568634,1897312571.486,0.0006056855772305381
1997-12-17,26.33,26.54,0.3788420991568634,1897312571.486,0.0006056855772305381
1997-12-18,27.19,26.54,0.3788420991568634,1897312571.486,0.0006056855772305381
1997-12-19,29.18,26.54,0.3788420991568634,1897312571.486,0.0006056855772305381
1997-12-22,28.56,26.54,0.3788420991568634,1897312571.486,0.0006056855772305381
1997-12-23,29.86,26.54,0.3788420991568634,1897312571.486,0.0006056855772305381
1997-12-24,30.27,26.54,0.3788420991568634,1897312571.486,0.0006056855772305381
1997-12-26,29.27,26.54,0.3788420991568634,1897312571.486,0.0006056855772305381
1997-12-29,26.79,26.54,0.3788420991568634,1897312571.486,0.0006056855772305381
1997-12-30,24.38,26.54,0.3788420991568634,1897312571.486,0.0006056855772305381
1997-12-31,24.01,26.54,0.3788420991568634,1897312571.486,0.0006056855772305381
1998-01-02,23.42,26.54,0.3788420991568634,1897312571.486,0.0006056855772305381
1998-01-05,24.36,26.54,0.3788420991568634,1897312571.486,0.0006056855772305381
1998-01-06,25.66,26.54,0.3788420991568634,1897312571.486,0.0006056855772305381
1998-01-07,25.07,26.54,0.3788420991568634,1897312571.486,0.0006056855772305381
1998-01-08,26.01,26.54,0.3788420991568634,1897312571.486,0.0006056855772305381
1998-01-09,28.69,26.54,0.3788420991568634,1897312571.486,0.0006056855772305381
1998-01-12,28.02,26.54,0.3788420991568634,1897312571.486,0.0006056855772305381
1998-01-13,25.17,26.54,0.3788420991568634,1897312571.486,0.0006056855772305381
1998-01-14,23.75,26.54,0.3788420991568634,1897312571.486,0.0006056855772305381
1998-01-15,23.45,26.54,0.3788420991568634,1897312571.486,0.0006056855772305381
1998-01-16,21.65,26.54,0.3788420991568634,1897312571.486,0.0006056855772305381
1998-01-20,21.65,26.54,0.3788420991568634,1897312571.486,0.0006056855772305381
1998-01-21,22.53,26.54,0.3788420991568634,1897312571.486,0.0006056855772305381
1998-01-22,23.16,26.54,0.3788420991568634,1897312571.486,0.0006056855772305381
1998-01-23,23.32,26.54,0.3788420991568634,1897312571.486,0.0006056855772305381
1998-01-26,23.97,26.54,0.3788420991568634,1897312571.486,0.0006056855772305381
1998-01-27,22.27,26.54,0.3788420991568634,1897312571.486,0.0006056855772305381
1998-01-28,22.06,26.54,0.3788420991568634,1897312571.486,0.0006056855772305381
1998-01-29,21.65,26.54,0.3788420991568634,1897312571.486,0.0006056855772305381
1998-01-30,21.47,26.54,0.3788420991568634,1897312571.486,0.0006056855772305381
1998-02-02,21.36,26.54,0.3788420991568634,1897312571.486,0.0006056855772305381
1998-02-03,20.67,26.54,0.3788420991568634,1897312571.486,0.0006056855772305381
1998-02-04,20.55,26.54,0.3788420991568634,1897312571.486,0.0006056855772305381
1998-02-05,21.29,26.54,0.3788420991568634,1897312571.486,0.0006056855772305381
1998-02-06,20.51,26.54,0.3788420991568634,1897312571.486,0.0006056855772305381
1998-02-09,21.55,26.54,0.3788420991568634,1897312571.486,0.0006056855772305381
1998-02-10,20.66,26.54,0.3788420991568634,1897312571.486,0.0006056855772305381
1998-02-11,20.38,26.54,0.3788420991568634,1897312571.486,0.0006056855772305381
1998-02-12,19.73,26.54,0.3788420991568634,1897312571.486,0.0006056855772305381
1998-02-13,19.84,26.54,0.3788420991568634,1897312571.486,0.0006056855772305381
1998-02-17,20.76,26.54,0.3788420991568634,1897312571.486,0.0006056855772305381
1998-02-18,19.66,26.54,0.3788420991568634,1897312571.486,0.0006056855772305381
1998-02-19,19.88,26.54,0.3788420991568634,1897312571.486,0.0006056855772305381
1998-02-20,19.0,26.54,0.3788420991568634,1897312571.486,0.0006056855772305381
1998-02-23,18.99,26.54,0.3788420991568634,1897312571.486,0.0006056855772305381
1998-02-24,19.35,26.54,0.3788420991568634,1897312571.486,0.0006056855772305381
1998-02-25,18.62,26.54,0.3788420991568634,1897312571.486,0.0006056855772305381
1998-02-26,18.63,26.54,0.3788420991568634,1897312571.486,0.0006056855772305381
1998-02-27,18.55,26.54,0.3788420991568634,1897312571.486,0.0006056855772305381
1998-03-02,19.19,26.54,0.3788420991568634,1897312571.486,0.0006056855772305381
1998-03-03,19.04,26.54,0.3788420991568634,1897312571.486,0.0006056855772305381
1998-03-04,19.58,26.54,0.3788420991568634,1897312571.486,0.0006056855772305381
1998-03-05,20.93,26.54,0.3788420991568634,1897312571.486,0.0006056855772305381
1998-03-06,19.14,26.54,0.3788420991568634,1897312571.486,0.0006056855772305381
1998-03-09,20.23,26.54,0.3788420991568634,1897312571.486,0.0006056855772305381
1998-03-10,19.43,26.54,0.3788420991568634,1897312571.486,0.0006056855772305381
1998-03-11,18.89,26.54,0.3788420991568634,1897312571.486,0.0006056855772305381
1998-03-12,18.25,26.54,0.3788420991568634,1897312571.486,0.0006056855772305381
1998-03-13,18.71,26.54,0.3788420991568634,1897312571.486,0.0006056855772305381
1998-03-16,18.51,26.54,0.3788420991568634,1897312571.486,0.0006056855772305381
1998-03-17,18.66,26.54,0.3788420991568634,1897312571.486,0.0006056855772305381
1998-03-18,18.29,26.54,0.3788420991568634,1897312571.486,0.0006056855772305381
1998-03-19,17.76,26.54,0.3788420991568634,1897312571.486,0.0006056855772305381
1998-03-20,18.69,26.54,0.3788420991568634,1897312571.486,0.0006056855772305381
1998-03-23,19.98,26.54,0.3788420991568634,1897312571.486,0.0006056855772305381
1998-03-24,20.51,26.54,0.3788420991568634,1897312571.486,0.0006056855772305381
1998-03-25,22.54,26.54,0.3788420991568634,1897312571.486,0.0006056855772305381
1998-03-26,22.81,26.54,0.3788420991568634,1897312571.486,0.0006056855772305381
1998-03-27,23.47,26.54,0.3788420991568634,1897312571.486,0.0006056855772305381
1998-03-30,24.66,26.54,0.3788420991568634,1897312571.486,0.0006056855772305381
1998-03-31,24.22,26.54,0.3788420991568634,1897312571.486,0.0006056855772305381
1998-04-01,23.37,26.54,0.3788420991568634,1897312571.486,0.0006056855772305381
1998-04-02,21.98,26.54,0.3788420991568634,1897312571.486,0.0006056855772305381
1998-04-03,21.82,26.54,0.3788420991568634,1897312571.486,0.0006056855772305381
1998-04-06,22.47,26.54,0.3788420991568634,1897312571.486,0.0006056855772305381
1998-04-07,23.66,26.54,0.3788420991568634,1897312571.486,0.0006056855772305381
1998-04-08,23.17,26.54,0.3788420991568634,1897312571.486,0.0006056855772305381
1998-04-09,21.51,26.54,0.3788420991568634,1897312571.486,0.0006056855772305381
1998-04-13,22.77,26.54,0.3788420991568634,1897312571.486,0.0006056855772305381
1998-04-14,21.61,26.54,0.3788420991568634,1897312571.486,0.0006056855772305381
1998-04-15,20.89,26.54,0.3788420991568634,1897312571.486,0.0006056855772305381
1998-04-16,22.06,26.54,0.3788420991568634,1897312571.486,0.0006056855772305381
1998-04-17,20.76,26.54,0.3788420991568634,1897312571.486,0.0006056855772305381
1998-04-20,20.39,26.54,0.3788420991568634,1897312571.486,0.0006056855772305381
1998-04-21,19.91,26.54,0.3788420991568634,1897312571.486,0.0006056855772305381
1998-04-22,19.44,26.54,0.3788420991568634,1897312571.486,0.0006056855772305381
1998-04-23,20.6,26.54,0.3788420991568634,1897312571.486,0.0006056855772305381
1998-04-24,21.97,26.54,0.3788420991568634,1897312571.486,0.0006056855772305381
1998-04-27,26.09,26.54,0.3788420991568634,1897312571.486,0.0006056855772305381
1998-04-28,24.17,26.54,0.3788420991568634,1897312571.486,0.0006056855772305381
1998-04-29,22.78,26.54,0.3788420991568634,1897312571.486,0.0006056855772305381
1998-04-30,21.18,26.54,0.3788420991568634,1897312571.486,0.0006056855772305381
1998-05-01,19.34,26.54,0.3788420991568634,1897312571.486,0.0006056855772305381
1998-05-04,20.32,26.54,0.3788420991568634,1897312571.486,0.0006056855772305381
1998-05-05,21.46,26.54,0.3788420991568634,1897312571.486,0.0006056855772305381
1998-05-06,22.79,26.54,0.3788420991568634,1897312571.486,0.0006056855772305381
1998-05-07,23.39,26.54,0.3788420991568634,1897312571.486,0.0006056855772305381
1998-05-08,20.57,26.54,0.3788420991568634,1897312571.486,0.0006056855772305381
1998-05-11,21.05,26.54,0.3788420991568634,1897312571.486,0.0006056855772305381
1998-05-12,20.98,26.54,0.3788420991568634,1897312571.486,0.0006056855772305381
1998-05-13,20.44,26.54,0.3788420991568634,1897312571.486,0.0006056855772305381
1998-05-14,19.64,26.54,0.3788420991568634,1897312571.486,0.0006056855772305381
1998-05-15,20.44,26.54,0.3788420991568634,1897312571.486,0.0006056855772305381
1998-05-18,21.69,26.54,0.3788420991568634,1897312571.486,0.0006056855772305381
1998-05-19,20.39,26.54,0.3788420991568634,1897312571.486,0.0006056855772305381
1998-05-20,19.89,26.54,0.3788420991568634,1897312571.486,0.0006056855772305381
1998-05-21,19.38,26.54,0.3788420991568634,1897312571.486,0.0006056855772305381
1998-05-22,18.99,26.54,0.3788420991568634,1897312571.486,0.0006056855772305381
1998-05-26,22.07,26.54,0.3788420991568634,1897312571.486,0.0006056855772305381
1998-05-27,22.59,26.54,0.3788420991568634,1897312571.486,0.0006056855772305381
1998-05-28,20.74,26.54,0.3788420991568634,1897312571.486,0.0006056855772305381
1998-05-29,21.32,26.54,0.3788420991568634,1897312571.486,0.0006056855772305381
1998-06-01,22.83,26.54,0.3788420991568634,1897312571.486,0.0006056855772305381
1998-06-02,22.0,26.54,0.3788420991568634,1897312571.486,0.0006056855772305381
1998-06-03,22.85,26.54,0.3788420991568634,1897312571.486,0.0006056855772305381
1998-06-04,21.22,26.54,0.3788420991568634,1897312571.486,0.0006056855772305381
1998-06-05,19.78,26.54,0.3788420991568634,1897312571.486,0.0006056855772305381
1998-06-08,20.58,26.54,0.3788420991568634,1897312571.486,0.0006056855772305381
1998-06-09,20.52,26.54,0.3788420991568634,1897312571.486,0.0006056855772305381
1998-06-10,21.48,26.54,0.3788420991568634,1897312571.486,0.0006056855772305381
1998-06-11,23.57,26.54,0.3788420991568634,1897312571.486,0.0006056855772305381
1998-06-12,22.78,26.54,0.3788420991568634,1897312571.486,0.0006056855772305381
1998-06-15,25.94,26.54,0.3788420991568634,1897312571.486,0.0006056855772305381
1998-06-16,24.8,26.54,0.3788420991568634,1897312571.486,0.0006056855772305381
1998-06-17,22.89,26.54,0.3788420991568634,1897312571.486,0.0006056855772305381
1998-06-18,22.4,26.54,0.3788420991568634,1897312571.486,0.0006056855772305381
1998-06-19,21.92,26.54,0.3788420991568634,1897312571.486,0.0006056855772305381
1998-06-22,21.94,26.54,0.3788420991568634,1897312571.486,0.0006056855772305381
1998-06-23,20.17,26.54,0.3788420991568634,1897312571.486,0.0006056855772305381
1998-06-24,20.02,26.54,0.3788420991568634,1897312571.486,0.0006056855772305381
1998-06-25,20.25,26.54,0.3788420991568634,1897312571.486,0.0006056855772305381
1998-06-26,19.36,26.54,0.3788420991568634,1897312571.486,0.0006056855772305381
1998-06-29,19.57,26.54,0.3788420991568634,1897312571.486,0.0006056855772305381
1998-06-30,19.71,26.54,0.3788420991568634,1897312571.486,0.0006056855772305381
1998-07-01,18.0,26.54,0.3788420991568634,1897312571.486,0.0006056855772305381
1998-07-02,17.67,26.54,0.3788420991568634,1897312571.486,0.0006056855772305381
1998-07-06,18.63,26.54,0.3788420991568634,1897312571.486,0.0006056855772305381
1998-07-07,18.62,26.54,0.3788420991568634,1897312571.486,0.0006056855772305381
1998-07-08,17.82,26.54,0.3788420991568634,1897312571.486,0.0006056855772305381
1998-07-09,18.16,26.54,0.3788420991568634,1897312571.486,0.0006056855772305381
1998-07-10,17.92,26.54,0.3788420991568634,1897312571.486,0.0006056855772305381
1998-07-13,18.26,26.54,0.3788420991568634,1897312571.486,0.0006056855772305381
1998-07-14,17.88,26.54,0.3788420991568634,1897312571.486,0.0006056855772305381
1998-07-15,17.89,26.54,0.3788420991568634,1897312571.486,0.0006056855772305381
1998-07-16,16.97,26.54,0.3788420991568634,1897312571.486,0.0006056855772305381
1998-07-17,16.23,26.54,0.3788420991568634,1897312571.486,0.0006056855772305381
1998-07-20,17.34,26.54,0.3788420991568634,1897312571.486,0.0006056855772305381
1998-07-21,20.1,26.54,0.3788420991568634,1897312571.486,0.0006056855772305381
1998-07-22,20.32,26.54,0.3788420991568634,1897312571.486,0.0006056855772305381
1998-07-23,23.01,26.54,0.3788420991568634,1897312571.486,0.0006056855772305381
1998-07-24,23.01,26.54,0.3788420991568634,1897312571.486,0.0006056855772305381
1998-07-27,23.13,26.54,0.3788420991568634,1897312571.486,0.0006056855772305381
1998-07-28,25.25,26.54,0.3788420991568634,1897312571.486,0.0006056855772305381
1998-07-29,24.79,26.54,0.3788420991568634,1897312571.486,0.0006056855772305381
1998-07-30,22.66,26.54,0.3788420991568634,1897312571.486,0.0006056855772305381
1998-07-31,24.8,26.54,0.3788420991568634,1897312571.486,0.0006056855772305381
1998-08-03,25.98,26.54,0.3788420991568634,1897312571.486,0.0006056855772305381
1998-08-04,31.06,26.54,0.3788420991568634,1897312571.486,0.0006056855772305381
1998-08-05,29.83,26.54,0.3788420991568634,1897312571.486,0.0006056855772305381
1998-08-06,28.2,26.54,0.3788420991568634,1897312571.486,0.0006056855772305381
1998-08-07,27.02,26.54,0.3788420991568634,1897312571.486,0.0006056855772305381
1998-08-10,28.75,26.54,0.3788420991568634,1897312571.486,0.0006056855772305381
1998-08-11,31.91,26.54,0.3788420991568634,1897312571.486,0.0006056855772305381
1998-08-12,28.55,26.54,0.3788420991568634,1897312571.486,0.0006056855772305381
1998-08-13,29.92,26.54,0.3788420991568634,1897312571.486,0.0006056855772305381
1998-08-14,34.34,26.54,0.3788420991568634,1897312571.486,0.0006056855772305381
1998-08-17,31.86,26.54,0.3788420991568634,1897312571.486,0.0006056855772305381
1998-08-18,28.4,26.54,0.3788420991568634,1897312571.486,0.0006056855772305381
1998-08-19,28.69,26.54,0.3788420991568634,1897312571.486,0.0006056855772305381
1998-08-20,30.0,26.54,0.3788420991568634,1897312571.486,0.0006056855772305381
1998-08-21,33.14,26.54,0.3788420991568634,1897312571.486,0.0006056855772305381
1998-08-24,31.8,26.54,0.3788420991568634,1897312571.486,0.0006056855772305381
1998-08-25,30.33,26.54,0.3788420991568634,1897312571.486,0.0006056855772305381
1998-08-26,31.14,26.54,0.3788420991568634,1897312571.486,0.0006056855772305381
1998-08-27,38.55,26.54,0.3788420991568634,1897312571.486,0.0006056855772305381
1998-08-28,39.6,26.54,0.3788420991568634,1897312571.486,0.0006056855772305381
1998-08-31,44.28,26.54,0.3788420991568634,1897312571.486,0.0006056855772305381
1998-09-01,36.48,26.54,0.3788420991568634,1897312571.486,0.0006056855772305381
1998-09-02,36.76,26.54,0.3788420991568634,1897312571.486,0.0006056855772305381
1998-09-03,41.43,26.54,0.3788420991568634,1897312571.486,0.0006056855772305381
1998-09-04,43.31,26.54,0.3788420991568634,1897312571.486,0.0006056855772305381
1998-09-08,37.9,26.54,0.3788420991568634,1897312571.486,0.0006056855772305381
1998-09-09,39.66,26.54,0.3788420991568634,1897312571.486,0.0006056855772305381
1998-09-10,45.29,26.54,0.3788420991568634,1897312571.486,0.0006056855772305381
1998-09-11,43.74,26.54,0.3788420991568634,1897312571.486,0.0006056855772305381
1998-09-14,38.57,26.54,0.3788420991568634,1897312571.486,0.0006056855772305381
1998-09-15,36.58,26.54,0.3788420991568634,1897312571.486,0.0006056855772305381
1998-09-16,35.94,26.54,0.3788420991568634,1897312571.486,0.0006056855772305381
1998-09-17,39.23,26.54,0.3788420991568634,1897312571.486,0.0006056855772305381
1998-09-18,38.63,26.54,0.3788420991568634,1897312571.486,0.0006056855772305381
1998-09-21,38.58,26.54,0.3788420991568634,1897312571.486,0.0006056855772305381
1998-09-22,36.62,26.54,0.3788420991568634,1897312571.486,0.0006056855772305381
1998-09-23,32.47,26.54,0.3788420991568634,1897312571.486,0.0006056855772305381
1998-09-24,34.66,26.54,0.3788420991568634,1897312571.486,0.0006056855772305381
1998-09-25,34.55,26.54,0.3788420991568634,1897312571.486,0.0006056855772305381
1998-09-28,34.87,26.54,0.3788420991568634,1897312571.486,0.0006056855772305381
1998-09-29,36.08,26.54,0.3788420991568634,1897312571.486,0.0006056855772305381
1998-09-30,40.95,26.54,0.3788420991568634,1897312571.486,0.0006056855772305381
1998-10-01,43.48,26.54,0.3788420991568634,1897312571.486,0.0006056855772305381
1998-10-02,40.47,26.54,0.3788420991568634,1897312571.486,0.0006056855772305381
1998-10-05,42.81,26.54,0.3788420991568634,1897312571.486,0.0006056855772305381
1998-10-06,41.2,26.54,0.3788420991568634,1897312571.486,0.0006056855772305381
1998-10-07,43.51,26.54,0.3788420991568634,1897312571.486,0.0006056855772305381
1998-10-08,45.74,26.54,0.3788420991568634,1897312571.486,0.0006056855772305381
1998-10-09,42.2,26.54,0.3788420991568634,1897312571.486,0.0006056855772305381
1998-10-12,40.07,26.54,0.3788420991568634,1897312571.486,0.0006056855772305381
1998-10-13,40.23,26.54,0.3788420991568634,1897312571.486,0.0006056855772305381
1998-10-14,38.96,26.54,0.3788420991568634,1897312571.486,0.0006056855772305381
1998-10-15,33.34,26.54,0.3788420991568634,1897312571.486,0.0006056855772305381
1998-10-16,34.82,26.54,0.3788420991568634,1897312571.486,0.0006056855772305381
1998-10-19,33.13,26.54,0.3788420991568634,1897312571.486,0.0006056855772305381
1998-10-20,33.11,26.54,0.3788420991568634,1897312571.486,0.0006056855772305381
1998-10-21,33.21,26.54,0.3788420991568634,1897312571.486,0.0006056855772305381
1998-10-22,31.53,26.54,0.3788420991568634,1897312571.486,0.0006056855772305381
1998-10-23,32.27,26.54,0.3788420991568634,1897312571.486,0.0006056855772305381
1998-10-26,32.38,26.54,0.3788420991568634,1897312571.486,0.0006056855772305381
1998-10-27,32.95,26.54,0.3788420991568634,1897312571.486,0.0006056855772305381
1998-10-28,32.42,26.54,0.3788420991568634,1897312571.486,0.0006056855772305381
1998-10-29,29.5,26.54,0.3788420991568634,1897312571.486,0.0006056855772305381
1998-10-30,28.05,26.54,0.3788420991568634,1897312571.486,0.0006056855772305381
1998-11-02,27.26,26.54,0.3788420991568634,1897312571.486,0.0006056855772305381
1998-11-03,27.76,26.54,0.3788420991568634,1897312571.486,0.0006056855772305381
1998-11-04,27.37,26.54,0.3788420991568634,1897312571.486,0.0006056855772305381
1998-11-05,26.01,26.54,0.3788420991568634,1897312571.486,0.0006056855772305381
1998-11-06,25.7,26.54,0.3788420991568634,1897312571.486,0.0006056855772305381
1998-11-09,28.09,26.54,0.3788420991568634,1897312571.486,0.0006056855772305381
1998-11-10,28.17,26.54,0.3788420991568634,1897312571.486,0.0006056855772305381
1998-11-11,28.47,26.54,0.3788420991568634,1897312571.486,0.0006056855772305381
1998-11-12,29.28,26.54,0.3788420991568634,1897312571.486,0.0006056855772305381
1998-11-13,29.03,26.54,0.3788420991568634,1897312571.486,0.0006056855772305381
1998-11-16,28.9,26.54,0.3788420991568634,1897312571.486,0.0006056855772305381
1998-11-17,27.95,26.54,0.3788420991568634,1897312571.486,0.0006056855772305381
1998-11-18,27.13,26.54,0.3788420991568634,1897312571.486,0.0006056855772305381
1998-11-19,25.5,26.54,0.3788420991568634,1897312571.486,0.0006056855772305381
1998-11-20,22.47,26.54,0.3788420991568634,1897312571.486,0.0006056855772305381
1998-11-23,21.84,26.54,0.3788420991568634,1897312571.486,0.0006056855772305381
1998-11-24,23.28,26.54,0.3788420991568634,1897312571.486,0.0006056855772305381
1998-11-25,22.15,26.54,0.3788420991568634,1897312571.486,0.0006056855772305381
1998-11-27,22.09,26.54,0.3788420991568634,1897312571.486,0.0006056855772305381
1998-11-30,26.01,26.54,0.3788420991568634,1897312571.486,0.0006056855772305381
1998-12-01,24.97,26.54,0.3788420991568634,1897312571.486,0.0006056855772305381
1998-12-02,25.43,26.54,0.3788420991568634,1897312571.486,0.0006056855772305381
1998-12-03,28.7,26.54,0.3788420991568634,1897312571.486,0.0006056855772305381
1998-12-04,25.31,26.54,0.3788420991568634,1897312571.486,0.0006056855772305381
1998-12-07,24.9,26.54,0.3788420991568634,1897312571.486,0.0006056855772305381
1998-12-08,25.58,26.54,0.3788420991568634,1897312571.486,0.0006056855772305381
1998-12-09,25.66,26.54,0.3788420991568634,1897312571.486,0.0006056855772305381
1998-12-10,26.81,26.54,0.3788420991568634,1897312571.486,0.0006056855772305381
1998-12-11,27.72,26.54,0.3788420991568634,1897312571.486,0.0006056855772305381
1998-12-14,31.31,26.54,0.3788420991568634,1897312571.486,0.0006056855772305381
1998-12-15,29.42,26.54,0.3788420991568634,1897312571.486,0.0006056855772305381
1998-12-16,29.96,26.54,0.3788420991568634,1897312571.486,0.0006056855772305381
1998-12-17,27.96,26.54,0.3788420991568634,1897312571.486,0.0006056855772305381
1998-12-18,25.04,26.54,0.3788420991568634,1897312571.486,0.0006056855772305381
1998-12-21,23.86,26.54,0.3788420991568634,1897312571.486,0.0006056855772305381
1998-12-22,22.78,26.54,0.3788420991568634,1897312571.486,0.0006056855772305381
1998-12-23,20.21,26.54,0.3788420991568634,1897312571.486,0.0006056855772305381
1998-12-24,21.48,26.54,0.3788420991568634,1897312571.486,0.0006056855772305381
1998-12-28,23.5,26.54,0.3788420991568634,1897312571.486,0.0006056855772305381
1998-12-29,22.18,26.54,0.3788420991568634,1897312571.486,0.0006056855772305381
1998-12-30,23.34,26.54,0.3788420991568634,1897312571.486,0.0006056855772305381
1998-12-31,24.42,26.54,0.3788420991568634,1897312571.486,0.0006056855772305381
1999-01-04,26.17,26.54,0.3788420991568634,1897312571.486,0.0006056855772305381
1999-01-05,24.46,26.54,0.3788420991568634,1897312571.486,0.0006056855772305381
1999-01-06,23.34,26.54,0.3788420991568634,1897312571.486,0.0006056855772305381
1999-01-07,24.37,26.54,0.3788420991568634,1897312571.486,0.0006056855772305381
1999-01-08,23.28,26.54,0.3788420991568634,1897312571.486,0.0006056855772305381
1999-01-11,25.46,26.54,0.3788420991568634,1897312571.486,0.0006056855772305381
1999-01-12,28.1,26.54,0.3788420991568634,1897312571.486,0.0006056855772305381
1999-01-13,30.11,26.54,0.3788420991568634,1897312571.486,0.0006056855772305381
1999-01-14,32.98,26.54,0.3788420991568634,1897312571.486,0.0006056855772305381
1999-01-15,29.24,26.54,0.3788420991568634,1897312571.486,0.0006056855772305381
1999-01-19,29.24,26.54,0.3788420991568634,1897312571.486,0.0006056855772305381
1999-01-20,28.6,26.54,0.3788420991568634,1897312571.486,0.0006056855772305381
1999-01-21,30.92,26.54,0.3788420991568634,1897312571.486,0.0006056855772305381
1999-01-22,31.95,26.54,0.3788420991568634,1897312571.486,0.0006056855772305381
1999-01-25,31.13,26.54,0.3788420991568634,1897312571.486,0.0006056855772305381
1999-01-26,29.23,26.54,0.3788420991568634,1897312571.486,0.0006056855772305381
1999-01-27,29.73,26.54,0.3788420991568634,1897312571.486,0.0006056855772305381
1999-01-28,28.11,26.54,0.3788420991568634,1897312571.486,0.0006056855772305381
1999-01-29,26.25,26.54,0.3788420991568634,1897312571.486,0.0006056855772305381
1999-02-01,27.67,26.54,0.3788420991568634,1897312571.486,0.0006056855772305381
1999-02-02,28.16,26.54,0.3788420991568634,1897312571.486,0.0006056855772305381
1999-02-03,27.88,26.54,0.3788420991568634,1897312571.486,0.0006056855772305381
1999-02-04,29.48,26.54,0.3788420991568634,1897312571.486,0.0006056855772305381
1999-02-05,29.67,26.54,0.3788420991568634,1897312571.486,0.0006056855772305381
1999-02-08,30.27,26.54,0.3788420991568634,1897312571.486,0.0006056855772305381
1999-02-09,31.36,26.54,0.3788420991568634,1897312571.486,0.0006056855772305381
1999-02-10,30.45,26.54,0.3788420991568634,1897312571.486,0.0006056855772305381
1999-02-11,27.42,26.54,0.3788420991568634,1897312571.486,0.0006056855772305381
1999-02-12,29.76,26.54,0.3788420991568634,1897312571.486,0.0006056855772305381
1999-02-16,29.65,26.54,0.3788420991568634,1897312571.486,0.0006056855772305381
1999-02-17,30.65,26.54,0.3788420991568634,1897312571.486,0.0006056855772305381
1999-02-18,30.45,26.54,0.3788420991568634,1897312571.486,0.0006056855772305381
1999-02-19,29.3,26.54,0.3788420991568634,1897312571.486,0.0006056855772305381
1999-02-22,25.87,26.54,0.3788420991568634,1897312571.486,0.0006056855772305381
1999-02-23,26.49,26.54,0.3788420991568634,1897312571.486,0.0006056855772305381
1999-02-24,27.21,26.54,0.3788420991568634,1897312571.486,0.0006056855772305381
1999-02-25,28.01,26.54,0.3788420991568634,1897312571.486,0.0006056855772305381
1999-02-26,27.88,26.54,0.3788420991568634,1897312571.486,0.0006056855772305381
1999-03-01,28.37,26.54,0.3788420991568634,1897312571.486,0.0006056855772305381
1999-03-02,29.22,26.54,0.3788420991568634,1897312571.486,0.0006056855772305381
1999-03-03,29.04,26.54,0.3788420991568634,1897312571.486,0.0006056855772305381
1999-03-04,26.67,26.54,0.3788420991568634,1897312571.486,0.0006056855772305381
1999-03-05,24.08,26.54,0.3788420991568634,1897312571.486,0.0006056855772305381
1999-03-08,24.54,26.54,0.3788420991568634,1897312571.486,0.0006056855772305381
1999-03-09,25.02,26.54,0.3788420991568634,1897312571.486,0.0006056855772305381
1999-03-10,24.79,26.54,0.3788420991568634,1897312571.486,0.0006056855772305381
1999-03-11,24.37,26.54,0.3788420991568634,1897312571.486,0.0006056855772305381
1999-03-12,24.84,26.54,0.3788420991568634,1897312571.486,0.0006056855772305381
1999-03-15,25.24,26.54,0.3788420991568634,1897312571.486,0.0006056855772305381
1999-03-16,25.15,26.54,0.3788420991568634,1897312571.486,0.0006056855772305381
1999-03-17,25.57,26.54,0.3788420991568634,1897312571.486,0.0006056855772305381
1999-03-18,24.13,26.54,0.3788420991568634,1897312571.486,0.0006056855772305381
1999-03-19,24.32,26.54,0.3788420991568634,1897312571.486,0.0006056855772305381
1999-03-22,25.0,26.54,0.3788420991568634,1897312571.486,0.0006056855772305381
1999-03-23,27.27,26.54,0.3788420991568634,1897312571.486,0.0006056855772305381
1999-03-24,26.6,26.54,0.3788420991568634,1897312571.486,0.0006056855772305381
1999-03-25,24.33,26.54,0.3788420991568634,1897312571.486,0.0006056855772305381
1999-03-26,24.04,26.54,0.3788420991568634,1897312571.486,0.0006056855772305381
1999-03-29,23.54,26.54,0.3788420991568634,1897312571.486,0.0006056855772305381
1999-03-30,22.73,26.54,0.3788420991568634,1897312571.486,0.0006056855772305381
1999-03-31,23.26,26.54,0.3788420991568634,1897312571.486,0.0006056855772305381
1999-04-01,22.06,26.54,0.3788420991568634,1897312571.486,0.0006056855772305381
1999-04-05,22.19,26.54,0.3788420991568634,1897312571.486,0.0006056855772305381
1999-04-06,22.65,26.54,0.3788420991568634,1897312571.486,0.0006056855772305381
1999-04-07,22.81,26.54,0.3788420991568634,1897312571.486,0.0006056855772305381
1999-04-08,22.59,26.54,0.3788420991568634,1897312571.486,0.0006056855772305381
1999-04-09,21.77,26.54,0.3788420991568634,1897312571.486,0.0006056855772305381
1999-04-12,21.93,26.54,0.3788420991568634,1897312571.486,0.0006056855772305381
1999-04-13,22.73,26.54,0.3788420991568634,1897312571.486,0.0006056855772305381
1999-04-14,24.94,26.54,0.3788420991568634,1897312571.486,0.0006056855772305381
1999-04-15,23.93,26.54,0.3788420991568634,1897312571.486,0.0006056855772305381
1999-04-16,23.9,26.54,0.3788420991568634,1897312571.486,0.0006056855772305381
1999-04-19,26.42,26.54,0.3788420991568634,1897312571.486,0.0006056855772305381
1999-04-20,25.02,26.54,0.3788420991568634,1897312571.486,0.0006056855772305381
1999-04-21,23.31,26.54,0.3788420991568634,1897312571.486,0.0006056855772305381
1999-04-22,22.62,26.54,0.3788420991568634,1897312571.486,0.0006056855772305381
1999-04-23,22.76,26.54,0.3788420991568634,1897312571.486,0.0006056855772305381
1999-04-26,23.53,26.54,0.3788420991568634,1897312571.486,0.0006056855772305381
1999-04-27,23.36,26.54,0.3788420991568634,1897312571.486,0.0006056855772305381
1999-04-28,24.4,26.54,0.3788420991568634,1897312571.486,0.0006056855772305381
1999-04-29,25.06,26.54,0.3788420991568634,1897312571.486,0.0006056855772305381
1999-04-30,25.07,26.54,0.3788420991568634,1897312571.486,0.0006056855772305381
1999-05-03,24.15,26.54,0.3788420991568634,1897312571.486,0.0006056855772305381
1999-05-04,25.62,26.54,0.3788420991568634,1897312571.486,0.0006056855772305381
1999-05-05,25.19,26.54,0.3788420991568634,1897312571.486,0.0006056855772305381
1999-05-06,27.44,26.54,0.3788420991568634,1897312571.486,0.0006056855772305381
1999-05-07,25.36,26.54,0.3788420991568634,1897312571.486,0.0006056855772305381
1999-05-10,26.62,26.54,0.3788420991568634,1897312571.486,0.0006056855772305381
1999-05-11,25.62,26.54,0.3788420991568634,1897312571.486,0.0006056855772305381
1999-05-12,26.13,26.54,0.3788420991568634,1897312571.486,0.0006056855772305381
1999-05-13,25.02,26.54,0.3788420991568634,1897312571.486,0.0006056855772305381
1999-05-14,26.86,26.54,0.3788420991568634,1897312571.486,0.0006056855772305381
1999-05-17,27.28,26.54,0.3788420991568634,1897312571.486,0.0006056855772305381
1999-05-18,27.26,26.54,0.3788420991568634,1897312571.486,0.0006056855772305381
1999-05-19,25.08,26.54,0.3788420991568634,1897312571.486,0.0006056855772305381
1999-05-20,24.46,26.54,0.3788420991568634,1897312571.486,0.0006056855772305381
1999-05-21,24.4,26.54,0.3788420991568634,1897312571.486,0.0006056855772305381
1999-05-24,27.62,26.54,0.3788420991568634,1897312571.486,0.0006056855772305381
1999-05-25,28.9,26.54,0.3788420991568634,1897312571.486,0.0006056855772305381
1999-05-26,27.57,26.54,0.3788420991568634,1897312571.486,0.0006056855772305381
1999-05-27,28.12,26.54,0.3788420991568634,1897312571.486,0.0006056855772305381
1999-05-28,25.39,26.54,0.3788420991568634,1897312571.486,0.0006056855772305381
1999-06-01,26.62,26.54,0.3788420991568634,1897312571.486,0.0006056855772305381
1999-06-02,26.21,26.54,0.3788420991568634,1897312571.486,0.0006056855772305381
1999-06-03,26.2,26.54,0.3788420991568634,1897312571.486,0.0006056855772305381
1999-06-04,23.43,26.54,0.3788420991568634,1897312571.486,0.0006056855772305381
1999-06-07,23.78,26.54,0.3788420991568634,1897312571.486,0.0006056855772305381
1999-06-08,24.02,26.54,0.3788420991568634,1897312571.486,0.0006056855772305381
1999-06-09,23.9,26.54,0.3788420991568634,1897312571.486,0.0006056855772305381
1999-06-10,25.32,26.54,0.3788420991568634,1897312571.486,0.0006056855772305381
1999-06-11,25.9,26.54,0.3788420991568634,1897312571.486,0.0006056855772305381
1999-06-14,26.51,26.54,0.3788420991568634,1897312571.486,0.0006056855772305381
1999-06-15,25.91,26.54,0.3788420991568634,1897312571.486,0.0006056855772305381
1999-06-16,22.4,26.54,0.3788420991568634,1897312571.486,0.0006056855772305381
1999-06-17,21.95,26.54,0.3788420991568634,1897312571.486,0.0006056855772305381
1999-06-18,21.75,26.54,0.3788420991568634,1897312571.486,0.0006056855772305381
1999-06-21,21.81,26.54,0.3788420991568634,1897312571.486,0.0006056855772305381
1999-06-22,21.7,26.54,0.3788420991568634,1897312571.486,0.0006056855772305381
1999-06-23,21.32,26.54,0.3788420991568634,1897312571.486,0.0006056855772305381
1999-06-24,23.06,26.54,0.3788420991568634,1897312571.486,0.0006056855772305381
1999-06-25,21.76,26.54,0.3788420991568634,1897312571.486,0.0006056855772305381
1999-06-28,22.63,26.54,0.3788420991568634,1897312571.486,0.0006056855772305381
1999-06-29,22.51,26.54,0.3788420991568634,1897312571.486,0.0006056855772305381
1999-06-30,21.09,26.54,0.3788420991568634,1897312571.486,0.0006056855772305381
1999-07-01,19.69,26.54,0.3788420991568634,1897312571.486,0.0006056855772305381
1999-07-02,18.66,26.54,0.3788420991568634,1897312571.486,0.0006056855772305381
1999-07-06,20.73,26.54,0.3788420991568634,1897312571.486,0.0006056855772305381
1999-07-07,20.35,26.54,0.3788420991568634,1897312571.486,0.0006056855772305381
1999-07-08,20.24,26.54,0.3788420991568634,1897312571.486,0.0006056855772305381
1999-07-09,17.96,26.54,0.3788420991568634,1897312571.486,0.0006056855772305381
1999-07-12,19.73,26.54,0.3788420991568634,1897312571.486,0.0006056855772305381
1999-07-13,19.95,26.54,0.3788420991568634,1897312571.486,0.0006056855772305381
1999-07-14,19.71,26.54,0.3788420991568634,1897312571.486,0.0006056855772305381
1999-07-15,18.68,26.54,0.3788420991568634,1897312571.486,0.0006056855772305381
1999-07-16,17.42,26.54,0.3788420991568634,1897312571.486,0.0006056855772305381
1999-07-19,19.07,26.54,0.3788420991568634,1897312571.486,0.0006056855772305381
1999-07-20,21.79,26.54,0.3788420991568634,1897312571.486,0.0006056855772305381
1999-07-21,21.46,26.54,0.3788420991568634,1897312571.486,0.0006056855772305381
1999-07-22,23.05,26.54,0.3788420991568634,1897312571.486,0.0006056855772305381
1999-07-23,23.32,26.54,0.3788420991568634,1897312571.486,0.0006056855772305381
1999-07-26,24.98,26.54,0.3788420991568634,1897312571.486,0.0006056855772305381
1999-07-27,23.23,26.54,0.3788420991568634,1897312571.486,0.0006056855772305381
1999-07-28,22.85,26.54,0.3788420991568634,1897312571.486,0.0006056855772305381
1999-07-29,24.52,26.54,0.3788420991568634,1897312571.486,0.0006056855772305381
1999-07-30,24.64,26.54,0.3788420991568634,1897312571.486,0.0006056855772305381
1999-08-02,25.59,26.54,0.3788420991568634,1897312571.486,0.0006056855772305381
1999-08-03,26.27,26.54,0.3788420991568634,1897312571.486,0.0006056855772305381
1999-08-04,27.4,26.54,0.3788420991568634,1897312571.486,0.0006056855772305381
1999-08-05,27.01,26.54,0.3788420991568634,1897312571.486,0.0006056855772305381
1999-08-06,26.6,26.54,0.3788420991568634,1897312571.486,0.0006056855772305381
1999-08-09,27.66,26.54,0.3788420991568634,1897312571.486,0.0006056855772305381
1999-08-10,28.45,26.54,0.3788420991568634,1897312571.486,0.0006056855772305381
1999-08-11,25.39,26.54,0.3788420991568634,1897312571.486,0.0006056855772305381
1999-08-12,25.03,26.54,0.3788420991568634,1897312571.486,0.0006056855772305381
1999-08-13,22.31,26.54,0.3788420991568634,1897312571.486,0.0006056855772305381
1999-08-16,23.07,26.54,0.3788420991568634,1897312571.486,0.0006056855772305381
1999-08-17,21.67,26.54,0.3788420991568634,1897312571.486,0.0006056855772305381
1999-08-18,23.3,26.54,0.3788420991568634,1897312571.486,0.0006056855772305381
1999-08-19,24.39,26.54,0.3788420991568634,1897312571.486,0.0006056855772305381
1999-08-20,22.95,26.54,0.3788420991568634,1897312571.486,0.0006056855772305381
1999-08-23,22.55,26.54,0.3788420991568634,1897312571.486,0.0006056855772305381
1999-08-24,22.4,26.54,0.3788420991568634,1897312571.486,0.0006056855772305381
1999-08-25,20.96,26.54,0.3788420991568634,1897312571.486,0.0006056855772305381
1999-08-26,21.21,26.54,0.3788420991568634,1897312571.486,0.0006056855772305381
1999-08-27,21.83,26.54,0.3788420991568634,1897312571.486,0.0006056855772305381
1999-08-30,24.63,26.54,0.3788420991568634,1897312571.486,0.0006056855772305381
1999-08-31,24.45,26.54,0.3788420991568634,1897312571.486,0.0006056855772305381
1999-09-01,22.93,26.54,0.3788420991568634,1897312571.486,0.0006056855772305381
1999-09-02,24.53,26.54,0.3788420991568634,1897312571.486,0.0006056855772305381
1999-09-03,20.98,26.54,0.3788420991568634,1897312571.486,0.0006056855772305381
1999-09-07,23.44,26.54,0.3788420991568634,1897312571.486,0.0006056855772305381
1999-09-08,23.82,26.54,0.3788420991568634,1897312571.486,0.0006056855772305381
1999-09-09,23.01,26.54,0.3788420991568634,1897312571.486,0.0006056855772305381
1999-09-10,22.03,26.54,0.3788420991568634,1897312571.486,0.0006056855772305381
1999-09-13,22.89,26.54,0.3788420991568634,1897312571.486,0.0006056855772305381
1999-09-14,23.77,26.54,0.3788420991568634,1897312571.486,0.0006056855772305381
1999-09-15,24.56,26.54,0.3788420991568634,1897312571.486,0.0006056855772305381
1999-09-16,25.25,26.54,0.3788420991568634,1897312571.486,0.0006056855772305381
1999-09-17,23.3,26.54,0.3788420991568634,1897312571.486,0.0006056855772305381
1999-09-20,24.03,26.54,0.3788420991568634,1897312571.486,0.0006056855772305381
1999-09-21,25.65,26.54,0.3788420991568634,1897312571.486,0.0006056855772305381
1999-09-22,25.19,26.54,0.3788420991568634,1897312571.486,0.0006056855772305381
1999-09-23,27.84,26.54,0.3788420991568634,1897312571.486,0.0006056855772305381
1999-09-24,27.79,26.54,0.3788420991568634,1897312571.486,0.0006056855772305381
1999-09-27,26.4,26.54,0.3788420991568634,1897312571.486,0.0006056855772305381
1999-09-28,26.06,26.54,0.3788420991568634,1897312571.486,0.0006056855772305381
1999-09-29,26.49,26.54,0.3788420991568634,1897312571.486,0.0006056855772305381
1999-09-30,25.41,26.54,0.3788420991568634,1897312571.486,0.0006056855772305381
1999-10-01,24.93,26.54,0.3788420991568634,1897312571.486,0.0006056855772305381
1999-10-04,24.46,26.54,0.3788420991568634,1897312571.486,0.0006056855772305381
1999-10-05,24.79,26.54,0.3788420991568634,1897312571.486,0.0006056855772305381
1999-10-06,22.06,26.54,0.3788420991568634,1897312571.486,0.0006056855772305381
1999-10-07,23.58,26.54,0.3788420991568634,1897312571.486,0.0006056855772305381
1999-10-08,20.49,26.54,0.3788420991568634,1897312571.486,0.0006056855772305381
1999-10-11,20.63,26.54,0.3788420991568634,1897312571.486,0.0006056855772305381
1999-10-12,22.84,26.54,0.3788420991568634,1897312571.486,0.0006056855772305381
1999-10-13,25.96,26.54,0.3788420991568634,1897312571.486,0.0006056855772305381
1999-10-14,26.05,26.54,0.3788420991568634,1897312571.486,0.0006056855772305381
1999-10-15,28.75,26.54,0.3788420991568634,1897312571.486,0.0006056855772305381
1999-10-18,28.19,26.54,0.3788420991568634,1897312571.486,0.0006056855772305381
1999-10-19,26.56,26.54,0.3788420991568634,1897312571.486,0.0006056855772305381
1999-10-20,23.9,26.54,0.3788420991568634,1897312571.486,0.0006056855772305381
1999-10-21,24.02,26.54,0.3788420991568634,1897312571.486,0.0006056855772305381
1999-10-22,21.64,26.54,0.3788420991568634,1897312571.486,0.0006056855772305381
1999-10-25,23.6,26.54,0.3788420991568634,1897312571.486,0.0006056855772305381
1999-10-26,24.26,26.54,0.3788420991568634,1897312571.486,0.0006056855772305381
1999-10-27,24.2,26.54,0.3788420991568634,1897312571.486,0.0006056855772305381
1999-10-28,21.34,26.54,0.3788420991568634,1897312571.486,0.0006056855772305381
1999-10-29,22.2,26.54,0.3788420991568634,1897312571.486,0.0006056855772305381
1999-11-01,22.09,26.54,0.3788420991568634,1897312571.486,0.0006056855772305381
1999-11-02,23.1,26.54,0.3788420991568634,1897312571.486,0.0006056855772305381
1999-11-03,23.16,26.54,0.3788420991568634,1897312571.486,0.0006056855772305381
1999-11-04,23.0,26.54,0.3788420991568634,1897312571.486,0.0006056855772305381
1999-11-05,21.66,26.54,0.3788420991568634,1897312571.486,0.0006056855772305381
1999-11-08,21.87,26.54,0.3788420991568634,1897312571.486,0.0006056855772305381
1999-11-09,22.7,26.54,0.3788420991568634,1897312571.486,0.0006056855772305381
1999-11-10,22.26,26.54,0.3788420991568634,1897312571.486,0.0006056855772305381
1999-11-11,22.07,26.54,0.3788420991568634,1897312571.486,0.0006056855772305381
1999-11-12,21.65,26.54,0.3788420991568634,1897312571.486,0.0006056855772305381
1999-11-15,22.74,26.54,0.3788420991568634,1897312571.486,0.0006056855772305381
1999-11-16,20.73,26.54,0.3788420991568634,1897312571.486,0.0006056855772305381
1999-11-17,20.96,26.54,0.3788420991568634,1897312571.486,0.0006056855772305381
1999-11-18,19.76,26.54,0.3788420991568634,1897312571.486,0.0006056855772305381
1999-11-19,19.11,26.54,0.3788420991568634,1897312571.486,0.0006056855772305381
1999-11-22,19.98,26.54,0.3788420991568634,1897312571.486,0.0006056855772305381
1999-11-23,21.0,26.54,0.3788420991568634,1897312571.486,0.0006056855772305381
1999-11-24,20.26,26.54,0.3788420991568634,1897312571.486,0.0006056855772305381
1999-11-26,22.33,26.54,0.3788420991568634,1897312571.486,0.0006056855772305381
1999-11-29,23.57,26.54,0.3788420991568634,1897312571.486,0.0006056855772305381
1999-11-30,24.18,26.54,0.3788420991568634,1897312571.486,0.0006056855772305381
1999-12-01,22.23,26.54,0.3788420991568634,1897312571.486,0.0006056855772305381
1999-12-02,21.77,26.54,0.3788420991568634,1897312571.486,0.0006056855772305381
1999-12-03,19.32,26.54,0.3788420991568634,1897312571.486,0.0006056855772305381
1999-12-06,20.58,26.54,0.3788420991568634,1897312571.486,0.0006056855772305381
1999-12-07,21.09,26.54,0.3788420991568634,1897312571.486,0.0006056855772305381
1999-12-08,21.25,26.54,0.3788420991568634,1897312571.486,0.0006056855772305381
1999-12-09,21.19,26.54,0.3788420991568634,1897312571.486,0.0006056855772305381
1999-12-10,21.48,26.54,0.3788420991568634,1897312571.486,0.0006056855772305381
1999-12-13,21.72,26.54,0.3788420991568634,1897312571.486,0.0006056855772305381
1999-12-14,23.06,26.54,0.3788420991568634,1897312571.486,0.0006056855772305381
1999-12-15,22.03,26.54,0.3788420991568634,1897312571.486,0.0006056855772305381
1999-12-16,21.91,26.54,0.3788420991568634,1897312571.486,0.0006056855772305381
1999-12-17,21.35,26.54,0.3788420991568634,1897312571.486,0.0006056855772305381
1999-12-20,23.78,26.54,0.3788420991568634,1897312571.486,0.0006056855772305381
1999-12-21,22.66,26.54,0.3788420991568634,1897312571.486,0.0006056855772305381
1999-12-22,22.43,26.54,0.3788420991568634,1897312571.486,0.0006056855772305381
1999-12-23,21.12,26.54,0.3788420991568634,1897312571.486,0.0006056855772305381
1999-12-27,23.07,26.54,0.3788420991568634,1897312571.486,0.0006056855772305381
1999-12-28,22.97,26.54,0.3788420991568634,1897312571.486,0.0006056855772305381
1999-12-29,23.09,26.54,0.3788420991568634,1897312571.486,0.0006056855772305381
1999-12-30,24.76,26.54,0.3788420991568634,1897312571.486,0.0006056855772305381
2000-01-03,24.21,26.54,0.3788420991568634,1897312571.486,0.0006056855772305381
2000-01-04,27.01,26.54,0.3788420991568634,1897312571.486,0.0006056855772305381
2000-01-05,26.41,26.54,0.3788420991568634,1897312571.486,0.0006056855772305381
2000-01-06,25.73,26.54,0.3788420991568634,1897312571.486,0.0006056855772305381
2000-01-07,21.72,26.54,0.3788420991568634,1897312571.486,0.0006056855772305381
2000-01-10,21.71,26.54,0.3788420991568634,1897312571.486,0.0006056855772305381
2000-01-11,22.5,26.54,0.3788420991568634,1897312571.486,0.0006056855772305381
2000-01-12,22.84,26.54,0.3788420991568634,1897312571.486,0.0006056855772305381
2000-01-13,21.71,26.54,0.3788420991568634,1897312571.486,0.0006056855772305381
2000-01-14,19.66,26.54,0.3788420991568634,1897312571.486,0.0006056855772305381
2000-01-18,21.5,26.54,0.3788420991568634,1897312571.486,0.0006056855772305381
2000-01-19,21.72,26.54,0.3788420991568634,1897312571.486,0.0006056855772305381
2000-01-20,21.75,26.54,0.3788420991568634,1897312571.486,0.0006056855772305381
2000-01-21,20.82,26.54,0.3788420991568634,1897312571.486,0.0006056855772305381
2000-01-24,24.07,26.54,0.3788420991568634,1897312571.486,0.0006056855772305381
2000-01-25,23.02,26.54,0.3788420991568634,1897312571.486,0.0006056855772305381
2000-01-26,23.03,26.54,0.3788420991568634,1897312571.486,0.0006056855772305381
2000-01-27,23.54,26.54,0.3788420991568634,1897312571.486,0.0006056855772305381
2000-01-28,26.14,26.54,0.3788420991568634,1897312571.486,0.0006056855772305381
2000-01-31,24.95,26.54,0.3788420991568634,1897312571.486,0.0006056855772305381
2000-02-01,23.45,26.54,0.3788420991568634,1897312571.486,0.0006056855772305381
2000-02-02,23.12,26.54,0.3788420991568634,1897312571.486,0.0006056855772305381
2000-02-03,22.01,26.54,0.3788420991568634,1897312571.486,0.0006056855772305381
2000-02-04,21.54,26.54,0.3788420991568634,1897312571.486,0.0006056855772305381
2000-02-07,22.79,26.54,0.3788420991568634,1897312571.486,0.0006056855772305381
2000-02-08,21.25,26.54,0.3788420991568634,1897312571.486,0.0006056855772305381
2000-02-09,22.9,26.54,0.3788420991568634,1897312571.486,0.0006056855772305381
2000-02-10,23.07,26.54,0.3788420991568634,1897312571.486,0.0006056855772305381
2000-02-11,24.42,26.54,0.3788420991568634,1897312571.486,0.0006056855772305381
2000-02-14,24.38,26.54,0.3788420991568634,1897312571.486,0.0006056855772305381
2000-02-15,22.92,26.54,0.3788420991568634,1897312571.486,0.0006056855772305381
2000-02-16,23.51,26.54,0.3788420991568634,1897312571.486,0.0006056855772305381
2000-02-17,23.17,26.54,0.3788420991568634,1897312571.486,0.0006056855772305381
2000-02-18,26.0,26.54,0.3788420991568634,1897312571.486,0.0006056855772305381
2000-02-22,25.86,26.54,0.3788420991568634,1897312571.486,0.0006056855772305381
2000-02-23,23.89,26.54,0.3788420991568634,1897312571.486,0.0006056855772305381
2000-02-24,24.38,26.54,0.3788420991568634,1897312571.486,0.0006056855772305381
2000-02-25,25.2,26.54,0.3788420991568634,1897312571.486,0.0006056855772305381
2000-02-28,24.68,26.54,0.3788420991568634,1897312571.486,0.0006056855772305381
2000-02-29,23.37,26.54,0.3788420991568634,1897312571.486,0.0006056855772305381
2000-03-01,21.64,26.54,0.3788420991568634,1897312571.486,0.0006056855772305381
2000-03-02,21.06,26.54,0.3788420991568634,1897312571.486,0.0006056855772305381
2000-03-03,19.21,26.54,0.3788420991568634,1897312571.486,0.0006056855772305381
2000-03-06,21.5,26.54,0.3788420991568634,1897312571.486,0.0006056855772305381
2000-03-07,24.31,26.54,0.3788420991568634,1897312571.486,0.0006056855772305381
2000-03-08,23.82,26.54,0.3788420991568634,1897312571.486,0.0006056855772305381
2000-03-09,22.21,26.54,0.3788420991568634,1897312571.486,0.0006056855772305381
2000-03-10,21.24,26.54,0.3788420991568634,1897312571.486,0.0006056855772305381
2000-03-13,22.85,26.54,0.3788420991568634,1897312571.486,0.0006056855772305381
2000-03-14,24.41,26.54,0.3788420991568634,1897312571.486,0.0006056855772305381
2000-03-15,22.34,26.54,0.3788420991568634,1897312571.486,0.0006056855772305381
2000-03-16,20.77,26.54,0.3788420991568634,1897312571.486,0.0006056855772305381
2000-03-17,22.37,26.54,0.3788420991568634,1897312571.486,0.0006056855772305381
2000-03-20,22.96,26.54,0.3788420991568634,1897312571.486,0.0006056855772305381
2000-03-21,21.7,26.54,0.3788420991568634,1897312571.486,0.0006056855772305381
2000-03-22,21.49,26.54,0.3788420991568634,1897312571.486,0.0006056855772305381
2000-03-23,22.26,26.54,0.3788420991568634,1897312571.486,0.0006056855772305381
2000-03-24,23.31,26.54,0.3788420991568634,1897312571.486,0.0006056855772305381
2000-03-27,24.53,26.54,0.3788420991568634,1897312571.486,0.0006056855772305381
2000-03-28,24.86,26.54,0.3788420991568634,1897312571.486,0.0006056855772305381
2000-03-29,24.1,26.54,0.3788420991568634,1897312571.486,0.0006056855772305381
2000-03-30,25.47,26.54,0.3788420991568634,1897312571.486,0.0006056855772305381
2000-03-31,24.11,26.54,0.3788420991568634,1897312571.486,0.0006056855772305381
2000-04-03,24.03,26.54,0.3788420991568634,1897312571.486,0.0006056855772305381
2000-04-04,27.12,26.54,0.3788420991568634,1897312571.486,0.0006056855772305381
2000-04-05,28.41,26.54,0.3788420991568634,1897312571.486,0.0006056855772305381
2000-04-06,27.15,26.54,0.3788420991568634,1897312571.486,0.0006056855772305381
2000-04-07,24.39,26.54,0.3788420991568634,1897312571.486,0.0006056855772305381
2000-04-10,25.99,26.54,0.3788420991568634,1897312571.486,0.0006056855772305381
2000-04-11,27.25,26.54,0.3788420991568634,1897312571.486,0.0006056855772305381
2000-04-12,28.98,26.54,0.3788420991568634,1897312571.486,0.0006056855772305381
2000-04-13,29.4,26.54,0.3788420991568634,1897312571.486,0.0006056855772305381
2000-04-14,33.49,26.54,0.3788420991568634,1897312571.486,0.0006056855772305381
2000-04-17,28.95,26.54,0.3788420991568634,1897312571.486,0.0006056855772305381
2000-04-18,26.12,26.54,0.3788420991568634,1897312571.486,0.0006056855772305381
2000-04-19,27.02,26.54,0.3788420991568634,1897312571.486,0.0006056855772305381
2000-04-20,25.85,26.54,0.3788420991568634,1897312571.486,0.0006056855772305381
2000-04-24,27.37,26.54,0.3788420991568634,1897312571.486,0.0006056855772305381
2000-04-25,25.24,26.54,0.3788420991568634,1897312571.486,0.0006056855772305381
2000-04-26,26.97,26.54,0.3788420991568634,1897312571.486,0.0006056855772305381
2000-04-27,26.19,26.54,0.3788420991568634,1897312571.486,0.0006056855772305381
2000-04-28,26.2,26.54,0.3788420991568634,1897312571.486,0.0006056855772305381
2000-05-01,25.88,26.54,0.3788420991568634,1897312571.486,0.0006056855772305381
2000-05-02,28.5,26.54,0.3788420991568634,1897312571.486,0.0006056855772305381
2000-05-03,31.63,26.54,0.3788420991568634,1897312571.486,0.0006056855772305381
2000-05-04,30.77,26.54,0.3788420991568634,1897312571.486,0.0006056855772305381
2000-05-05,27.53,26.54,0.3788420991568634,1897312571.486,0.0006056855772305381
2000-05-08,28.2,26.54,0.3788420991568634,1897312571.486,0.0006056855772305381
2000-05-09,28.93,26.54,0.3788420991568634,1897312571.486,0.0006056855772305381
2000-05-10,29.87,26.54,0.3788420991568634,1897312571.486,0.0006056855772305381
2000-05-11,27.76,26.54,0.3788420991568634,1897312571.486,0.0006056855772305381
2000-05-12,26.05,26.54,0.3788420991568634,1897312571.486,0.0006056855772305381
2000-05-15,24.86,26.54,0.3788420991568634,1897312571.486,0.0006056855772305381
2000-05-16,24.34,26.54,0.3788420991568634,1897312571.486,0.0006056855772305381
2000-05-17,23.98,26.54,0.3788420991568634,1897312571.486,0.0006056855772305381
2000-05-18,23.96,26.54,0.3788420991568634,1897312571.486,0.0006056855772305381
2000-05-19,25.44,26.54,0.3788420991568634,1897312571.486,0.0006056855772305381
2000-05-22,26.0,26.54,0.3788420991568634,1897312571.486,0.0006056855772305381
2000-05-23,25.87,26.54,0.3788420991568634,1897312571.486,0.0006056855772305381
2000-05-24,24.32,26.54,0.3788420991568634,1897312571.486,0.0006056855772305381
2000-05-25,24.58,26.54,0.3788420991568634,1897312571.486,0.0006056855772305381
2000-05-26,24.47,26.54,0.3788420991568634,1897312571.486,0.0006056855772305381
2000-05-30,23.62,26.54,0.3788420991568634,1897312571.486,0.0006056855772305381
2000-05-31,23.65,26.54,0.3788420991568634,1897312571.486,0.0006056855772305381
2000-06-01,22.36,26.54,0.3788420991568634,1897312571.486,0.0006056855772305381
2000-06-02,21.48,26.54,0.3788420991568634,1897312571.486,0.0006056855772305381
2000-06-05,22.71,26.54,0.3788420991568634,1897312571.486,0.0006056855772305381
2000-06-06,23.05,26.54,0.3788420991568634,1897312571.486,0.0006056855772305381
2000-06-07,22.48,26.54,0.3788420991568634,1897312571.486,0.0006056855772305381
2000-06-08,22.77,26.54,0.3788420991568634,1897312571.486,0.0006056855772305381
2000-06-09,22.14,26.54,0.3788420991568634,1897312571.486,0.0006056855772305381
2000-06-12,22.32,26.54,0.3788420991568634,1897312571.486,0.0006056855772305381
2000-06-13,21.67,26.54,0.3788420991568634,1897312571.486,0.0006056855772305381
2000-06-14,21.48,26.54,0.3788420991568634,1897312571.486,0.0006056855772305381
2000-06-15,20.68,26.54,0.3788420991568634,1897312571.486,0.0006056855772305381
2000-06-16,20.5,26.54,0.3788420991568634,1897312571.486,0.0006056855772305381
2000-06-19,20.63,26.54,0.3788420991568634,1897312571.486,0.0006056855772305381
2000-06-20,20.88,26.54,0.3788420991568634,1897312571.486,0.0006056855772305381
2000-06-21,20.61,26.54,0.3788420991568634,1897312571.486,0.0006056855772305381
2000-06-22,22.0,26.54,0.3788420991568634,1897312571.486,0.0006056855772305381
2000-06-23,22.34,26.54,0.3788420991568634,1897312571.486,0.0006056855772305381
2000-06-26,22.45,26.54,0.3788420991568634,1897312571.486,0.0006056855772305381
2000-06-27,21.8,26.54,0.3788420991568634,1897312571.486,0.0006056855772305381
2000-06-28,20.29,26.54,0.3788420991568634,1897312571.486,0.0006056855772305381
2000-06-29,19.7,26.54,0.3788420991568634,1897312571.486,0.0006056855772305381
2000-06-30,19.54,26.54,0.3788420991568634,1897312571.486,0.0006056855772305381
2000-07-03,19.83,26.54,0.3788420991568634,1897312571.486,0.0006056855772305381
2000-07-05,21.16,26.54,0.3788420991568634,1897312571.486,0.0006056855772305381
2000-07-06,20.94,26.54,0.3788420991568634,1897312571.486,0.0006056855772305381
2000-07-07,19.22,26.54,0.3788420991568634,1897312571.486,0.0006056855772305381
2000-07-10,20.33,26.54,0.3788420991568634,1897312571.486,0.0006056855772305381
2000-07-11,20.11,26.54,0.3788420991568634,1897312571.486,0.0006056855772305381
2000-07-12,20.03,26.54,0.3788420991568634,1897312571.486,0.0006056855772305381
2000-07-13,20.03,26.54,0.3788420991568634,1897312571.486,0.0006056855772305381
2000-07-14,19.32,26.54,0.3788420991568634,1897312571.486,0.0006056855772305381
2000-07-17,19.45,26.54,0.3788420991568634,1897312571.486,0.0006056855772305381
2000-07-18,19.75,26.54,0.3788420991568634,1897312571.486,0.0006056855772305381
2000-07-19,19.65,26.54,0.3788420991568634,1897312571.486,0.0006056855772305381
2000-07-20,18.94,26.54,0.3788420991568634,1897312571.486,0.0006056855772305381
2000-07-21,18.94,26.54,0.3788420991568634,1897312571.486,0.0006056855772305381
2000-07-24,19.92,26.54,0.3788420991568634,1897312571.486,0.0006056855772305381
2000-07-25,19.39,26.54,0.3788420991568634,1897312571.486,0.0006056855772305381
2000-07-26,19.67,26.54,0.3788420991568634,1897312571.486,0.0006056855772305381
2000-07-27,19.6,26.54,0.3788420991568634,1897312571.486,0.0006056855772305381
2000-07-28,20.84,26.54,0.3788420991568634,1897312571.486,0.0006056855772305381
2000-07-31,20.74,26.54,0.3788420991568634,1897312571.486,0.0006056855772305381
2000-08-01,20.55,26.54,0.3788420991568634,1897312571.486,0.0006056855772305381
2000-08-02,20.0,26.54,0.3788420991568634,1897312571.486,0.0006056855772305381
2000-08-03,19.99,26.54,0.3788420991568634,1897312571.486,0.0006056855772305381
2000-08-04,18.62,26.54,0.3788420991568634,1897312571.486,0.0006056855772305381
2000-08-07,19.03,26.54,0.3788420991568634,1897312571.486,0.0006056855772305381
2000-08-08,18.79,26.54,0.3788420991568634,1897312571.486,0.0006056855772305381
2000-08-09,19.18,26.54,0.3788420991568634,1897312571.486,0.0006056855772305381
2000-08-10,19.19,26.54,0.3788420991568634,1897312571.486,0.0006056855772305381
2000-08-11,18.55,26.54,0.3788420991568634,1897312571.486,0.0006056855772305381
2000-08-14,17.88,26.54,0.3788420991568634,1897312571.486,0.0006056855772305381
2000-08-15,17.98,26.54,0.3788420991568634,1897312571.486,0.0006056855772305381
2000-08-16,18.02,26.54,0.3788420991568634,1897312571.486,0.0006056855772305381
2000-08-17,17.48,26.54,0.3788420991568634,1897312571.486,0.0006056855772305381
2000-08-18,17.05,26.54,0.3788420991568634,1897312571.486,0.0006056855772305381
2000-08-21,17.35,26.54,0.3788420991568634,1897312571.486,0.0006056855772305381
2000-08-22,17.47,26.54,0.3788420991568634,1897312571.486,0.0006056855772305381
2000-08-23,17.38,26.54,0.3788420991568634,1897312571.486,0.0006056855772305381
2000-08-24,17.04,26.54,0.3788420991568634,1897312571.486,0.0006056855772305381
2000-08-25,16.53,26.54,0.3788420991568634,1897312571.486,0.0006056855772305381
2000-08-28,16.54,26.54,0.3788420991568634,1897312571.486,0.0006056855772305381
2000-08-29,16.89,26.54,0.3788420991568634,1897312571.486,0.0006056855772305381
2000-08-30,17.69,26.54,0.3788420991568634,1897312571.486,0.0006056855772305381
2000-08-31,16.84,26.54,0.3788420991568634,1897312571.486,0.0006056855772305381
2000-09-01,17.53,26.54,0.3788420991568634,1897312571.486,0.0006056855772305381
2000-09-05,19.82,26.54,0.3788420991568634,1897312571.486,0.0006056855772305381
2000-09-06,20.79,26.54,0.3788420991568634,1897312571.486,0.0006056855772305381
2000-09-07,19.42,26.54,0.3788420991568634,1897312571.486,0.0006056855772305381
2000-09-08,18.46,26.54,0.3788420991568634,1897312571.486,0.0006056855772305381
2000-09-11,18.4,26.54,0.3788420991568634,1897312571.486,0.0006056855772305381
2000-09-12,18.59,26.54,0.3788420991568634,1897312571.486,0.0006056855772305381
2000-09-13,18.32,26.54,0.3788420991568634,1897312571.486,0.0006056855772305381
2000-09-14,18.26,26.54,0.3788420991568634,1897312571.486,0.0006056855772305381
2000-09-15,18.52,26.54,0.3788420991568634,1897312571.486,0.0006056855772305381
2000-09-18,20.25,26.54,0.3788420991568634,1897312571.486,0.0006056855772305381
2000-09-19,19.54,26.54,0.3788420991568634,1897312571.486,0.0006056855772305381
2000-09-20,19.93,26.54,0.3788420991568634,1897312571.486,0.0006056855772305381
2000-09-21,20.18,26.54,0.3788420991568634,1897312571.486,0.0006056855772305381
2000-09-22,20.74,26.54,0.3788420991568634,1897312571.486,0.0006056855772305381
2000-09-25,21.41,26.54,0.3788420991568634,1897312571.486,0.0006056855772305381
2000-09-26,21.88,26.54,0.3788420991568634,1897312571.486,0.0006056855772305381
2000-09-27,21.67,26.54,0.3788420991568634,1897312571.486,0.0006056855772305381
2000-09-28,19.47,26.54,0.3788420991568634,1897312571.486,0.0006056855772305381
2000-09-29,20.57,26.54,0.3788420991568634,1897312571.486,0.0006056855772305381
2000-10-02,21.23,26.54,0.3788420991568634,1897312571.486,0.0006056855772305381
2000-10-03,21.85,26.54,0.3788420991568634,1897312571.486,0.0006056855772305381
2000-10-04,21.54,26.54,0.3788420991568634,1897312571.486,0.0006056855772305381
2000-10-05,21.03,26.54,0.3788420991568634,1897312571.486,0.0006056855772305381
2000-10-06,22.71,26.54,0.3788420991568634,1897312571.486,0.0006056855772305381
2000-10-09,24.02,26.54,0.3788420991568634,1897312571.486,0.0006056855772305381
2000-10-10,24.86,26.54,0.3788420991568634,1897312571.486,0.0006056855772305381
2000-10-11,26.57,26.54,0.3788420991568634,1897312571.486,0.0006056855772305381
2000-10-12,30.51,26.54,0.3788420991568634,1897312571.486,0.0006056855772305381
2000-10-13,27.6,26.54,0.3788420991568634,1897312571.486,0.0006056855772305381
2000-10-16,26.79,26.54,0.3788420991568634,1897312571.486,0.0006056855772305381
2000-10-17,27.84,26.54,0.3788420991568634,1897312571.486,0.0006056855772305381
2000-10-18,28.72,26.54,0.3788420991568634,1897312571.486,0.0006056855772305381
2000-10-19,25.09,26.54,0.3788420991568634,1897312571.486,0.0006056855772305381
2000-10-20,24.24,26.54,0.3788420991568634,1897312571.486,0.0006056855772305381
2000-10-23,24.69,26.54,0.3788420991568634,1897312571.486,0.0006056855772305381
2000-10-24,24.28,26.54,0.3788420991568634,1897312571.486,0.0006056855772305381
2000-10-25,26.65,26.54,0.3788420991568634,1897312571.486,0.0006056855772305381
2000-10-26,28.62,26.54,0.3788420991568634,1897312571.486,0.0006056855772305381
2000-10-27,26.47,26.54,0.3788420991568634,1897312571.486,0.0006056855772305381
2000-10-30,25.46,26.54,0.3788420991568634,1897312571.486,0.0006056855772305381
2000-10-31,23.63,26.54,0.3788420991568634,1897312571.486,0.0006056855772305381
2000-11-01,24.28,26.54,0.3788420991568634,1897312571.486,0.0006056855772305381
2000-11-02,23.92,26.54,0.3788420991568634,1897312571.486,0.0006056855772305381
2000-11-03,23.67,26.54,0.3788420991568634,1897312571.486,0.0006056855772305381
2000-11-06,24.52,26.54,0.3788420991568634,1897312571.486,0.0006056855772305381
2000-11-07,24.91,26.54,0.3788420991568634,1897312571.486,0.0006056855772305381
2000-11-08,25.66,26.54,0.3788420991568634,1897312571.486,0.0006056855772305381
2000-11-09,27.2,26.54,0.3788420991568634,1897312571.486,0.0006056855772305381
2000-11-10,28.53,26.54,0.3788420991568634,1897312571.486,0.0006056855772305381
2000-11-13,29.06,26.54,0.3788420991568634,1897312571.486,0.0006056855772305381
2000-11-14,26.81,26.54,0.3788420991568634,1897312571.486,0.0006056855772305381
2000-11-15,26.15,26.54,0.3788420991568634,1897312571.486,0.0006056855772305381
2000-11-16,25.05,26.54,0.3788420991568634,1897312571.486,0.0006056855772305381
2000-11-17,24.81,26.54,0.3788420991568634,1897312571.486,0.0006056855772305381
2000-11-20,27.43,26.54,0.3788420991568634,1897312571.486,0.0006056855772305381
2000-11-21,26.62,26.54,0.3788420991568634,1897312571.486,0.0006056855772305381
2000-11-22,27.71,26.54,0.3788420991568634,1897312571.486,0.0006056855772305381
2000-11-24,26.0,26.54,0.3788420991568634,1897312571.486,0.0006056855772305381
2000-11-27,26.93,26.54,0.3788420991568634,1897312571.486,0.0006056855772305381
2000-11-28,27.64,26.54,0.3788420991568634,1897312571.486,0.0006056855772305381
2000-11-29,27.49,26.54,0.3788420991568634,1897312571.486,0.0006056855772305381
2000-11-30,29.65,26.54,0.3788420991568634,1897312571.486,0.0006056855772305381
2000-12-01,27.48,26.54,0.3788420991568634,1897312571.486,0.0006056855772305381
2000-12-04,27.78,26.54,0.3788420991568634,1897312571.486,0.0006056855772305381
2000-12-05,24.99,26.54,0.3788420991568634,1897312571.486,0.0006056855772305381
2000-12-06,25.07,26.54,0.3788420991568634,1897312571.486,0.0006056855772305381
2000-12-07,25.34,26.54,0.3788420991568634,1897312571.486,0.0006056855772305381
2000-12-08,22.41,26.54,0.3788420991568634,1897312571.486,0.0006056855772305381
2000-12-11,23.51,26.54,0.3788420991568634,1897312571.486,0.0006056855772305381
2000-12-12,24.88,26.54,0.3788420991568634,1897312571.486,0.0006056855772305381
2000-12-13,23.63,26.54,0.3788420991568634,1897312571.486,0.0006056855772305381
2000-12-14,24.86,26.54,0.3788420991568634,1897312571.486,0.0006056855772305381
2000-12-15,26.55,26.54,0.3788420991568634,1897312571.486,0.0006056855772305381
2000-12-18,27.7,26.54,0.3788420991568634,1897312571.486,0.0006056855772305381
2000-12-19,27.17,26.54,0.3788420991568634,1897312571.486,0.0006056855772305381
2000-12-20,31.74,26.54,0.3788420991568634,1897312571.486,0.0006056855772305381
2000-12-21,29.66,26.54,0.3788420991568634,1897312571.486,0.0006056855772305381
2000-12-22,27.55,26.54,0.3788420991568634,1897312571.486,0.0006056855772305381
2000-12-26,28.73,26.54,0.3788420991568634,1897312571.486,0.0006056855772305381
2000-12-27,28.14,26.54,0.3788420991568634,1897312571.486,0.0006056855772305381
2000-12-28,26.57,26.54,0.3788420991568634,1897312571.486,0.0006056855772305381
2000-12-29,26.85,26.54,0.3788420991568634,1897312571.486,0.0006056855772305381
2001-01-02,29.99,26.54,0.3788420991568634,1897312571.486,0.0006056855772305381
2001-01-03,26.6,26.54,0.3788420991568634,1897312571.486,0.0006056855772305381
2001-01-04,26.97,26.54,0.3788420991568634,1897312571.486,0.0006056855772305381
2001-01-05,28.67,26.54,0.3788420991568634,1897312571.486,0.0006056855772305381
2001-01-08,29.84,26.54,0.3788420991568634,1897312571.486,0.0006056855772305381
2001-01-09,27.99,26.54,0.3788420991568634,1897312571.486,0.0006056855772305381
2001-01-10,26.8,26.54,0.3788420991568634,1897312571.486,0.0006056855772305381
2001-01-11,25.79,26.54,0.3788420991568634,1897312571.486,0.0006056855772305381
2001-01-12,24.56,26.54,0.3788420991568634,1897312571.486,0.0006056855772305381
2001-01-16,25.28,26.54,0.3788420991568634,1897312571.486,0.0006056855772305381
2001-01-17,24.93,26.54,0.3788420991568634,1897312571.486,0.0006056855772305381
2001-01-18,23.37,26.54,0.3788420991568634,1897312571.486,0.0006056855772305381
2001-01-19,23.24,26.54,0.3788420991568634,1897312571.486,0.0006056855772305381
2001-01-22,23.25,26.54,0.3788420991568634,1897312571.486,0.0006056855772305381
2001-01-23,21.57,26.54,0.3788420991568634,1897312571.486,0.0006056855772305381
2001-01-24,22.03,26.54,0.3788420991568634,1897312571.486,0.0006056855772305381
2001-01-25,22.64,26.54,0.3788420991568634,1897312571.486,0.0006056855772305381
2001-01-26,22.57,26.54,0.3788420991568634,1897312571.486,0.0006056855772305381
2001-01-29,22.61,26.54,0.3788420991568634,1897312571.486,0.0006056855772305381
2001-01-30,22.57,26.54,0.3788420991568634,1897312571.486,0.0006056855772305381
2001-01-31,22.02,26.54,0.3788420991568634,1897312571.486,0.0006056855772305381
2001-02-01,21.66,26.54,0.3788420991568634,1897312571.486,0.0006056855772305381
2001-02-02,21.95,26.54,0.3788420991568634,1897312571.486,0.0006056855772305381
2001-02-05,22.19,26.54,0.3788420991568634,1897312571.486,0.0006056855772305381
2001-02-06,21.98,26.54,0.3788420991568634,1897312571.486,0.0006056855772305381
2001-02-07,21.67,26.54,0.3788420991568634,1897312571.486,0.0006056855772305381
2001-02-08,21.46,26.54,0.3788420991568634,1897312571.486,0.0006056855772305381
2001-02-09,22.03,26.54,0.3788420991568634,1897312571.486,0.0006056855772305381
2001-02-12,21.92,26.54,0.3788420991568634,1897312571.486,0.0006056855772305381
2001-02-13,21.37,26.54,0.3788420991568634,1897312571.486,0.0006056855772305381
2001-02-14,21.52,26.54,0.3788420991568634,1897312571.486,0.0006056855772305381
2001-02-15,20.27,26.54,0.3788420991568634,1897312571.486,0.0006056855772305381
2001-02-16,22.12,26.54,0.3788420991568634,1897312571.486,0.0006056855772305381
2001-02-20,24.69,26.54,0.3788420991568634,1897312571.486,0.0006056855772305381
2001-02-21,25.75,26.54,0.3788420991568634,1897312571.486,0.0006056855772305381
2001-02-22,26.76,26.54,0.3788420991568634,1897312571.486,0.0006056855772305381
2001-02-23,27.21,26.54,0.3788420991568634,1897312571.486,0.0006056855772305381
2001-02-26,25.43,26.54,0.3788420991568634,1897312571.486,0.0006056855772305381
2001-02-27,26.49,26.54,0.3788420991568634,1897312571.486,0.0006056855772305381
2001-02-28,28.35,26.54,0.3788420991568634,1897312571.486,0.0006056855772305381
2001-03-01,28.08,26.54,0.3788420991568634,1897312571.486,0.0006056855772305381
2001-03-02,27.43,26.54,0.3788420991568634,1897312571.486,0.0006056855772305381
2001-03-05,27.12,26.54,0.3788420991568634,1897312571.486,0.0006056855772305381
2001-03-06,25.89,26.54,0.3788420991568634,1897312571.486,0.0006056855772305381
2001-03-07,24.12,26.54,0.3788420991568634,1897312571.486,0.0006056855772305381
2001-03-08,24.29,26.54,0.3788420991568634,1897312571.486,0.0006056855772305381
2001-03-09,25.62,26.54,0.3788420991568634,1897312571.486,0.0006056855772305381
2001-03-12,30.32,26.54,0.3788420991568634,1897312571.486,0.0006056855772305381
2001-03-13,27.55,26.54,0.3788420991568634,1897312571.486,0.0006056855772305381
2001-03-14,29.61,26.54,0.3788420991568634,1897312571.486,0.0006056855772305381
2001-03-15,28.56,26.54,0.3788420991568634,1897312571.486,0.0006056855772305381
2001-03-16,29.91,26.54,0.3788420991568634,1897312571.486,0.0006056855772305381
2001-03-19,29.78,26.54,0.3788420991568634,1897312571.486,0.0006056855772305381
2001-03-20,30.96,26.54,0.3788420991568634,1897312571.486,0.0006056855772305381
2001-03-21,31.93,26.54,0.3788420991568634,1897312571.486,0.0006056855772305381
2001-03-22,32.84,26.54,0.3788420991568634,1897312571.486,0.0006056855772305381
2001-03-23,30.45,26.54,0.3788420991568634,1897312571.486,0.0006056855772305381
2001-03-26,29.04,26.54,0.3788420991568634,1897312571.486,0.0006056855772305381
2001-03-27,27.04,26.54,0.3788420991568634,1897312571.486,0.0006056855772305381
2001-03-28,28.58,26.54,0.3788420991568634,1897312571.486,0.0006056855772305381
2001-03-29,29.17,26.54,0.3788420991568634,1897312571.486,0.0006056855772305381
2001-03-30,28.64,26.54,0.3788420991568634,1897312571.486,0.0006056855772305381
2001-04-02,31.21,26.54,0.3788420991568634,1897312571.486,0.0006056855772305381
2001-04-03,34.72,26.54,0.3788420991568634,1897312571.486,0.0006056855772305381
2001-04-04,34.07,26.54,0.3788420991568634,1897312571.486,0.0006056855772305381
2001-04-05,29.94,26.54,0.3788420991568634,1897312571.486,0.0006056855772305381
2001-04-06,31.69,26.54,0.3788420991568634,1897312571.486,0.0006056855772305381
2001-04-09,31.91,26.54,0.3788420991568634,1897312571.486,0.0006056855772305381
2001-04-10,29.44,26.54,0.3788420991568634,1897312571.486,0.0006056855772305381
2001-04-11,28.46,26.54,0.3788420991568634,1897312571.486,0.0006056855772305381
2001-04-12,26.12,26.54,0.3788420991568634,1897312571.486,0.0006056855772305381
2001-04-16,26.33,26.54,0.3788420991568634,1897312571.486,0.0006056855772305381
2001-04-17,25.61,26.54,0.3788420991568634,1897312571.486,0.0006056855772305381
2001-04-18,24.13,26.54,0.3788420991568634,1897312571.486,0.0006056855772305381
2001-04-19,24.16,26.54,0.3788420991568634,1897312571.486,0.0006056855772305381
2001-04-20,25.38,26.54,0.3788420991568634,1897312571.486,0.0006056855772305381
2001-04-23,28.16,26.54,0.3788420991568634,1897312571.486,0.0006056855772305381
2001-04-24,28.49,26.54,0.3788420991568634,1897312571.486,0.0006056855772305381
2001-04-25,27.4,26.54,0.3788420991568634,1897312571.486,0.0006056855772305381
2001-04-26,25.96,26.54,0.3788420991568634,1897312571.486,0.0006056855772305381
2001-04-27,24.02,26.54,0.3788420991568634,1897312571.486,0.0006056855772305381
2001-04-30,25.48,26.54,0.3788420991568634,1897312571.486,0.0006056855772305381
2001-05-01,24.2,26.54,0.3788420991568634,1897312571.486,0.0006056855772305381
2001-05-02,24.23,26.54,0.3788420991568634,1897312571.486,0.0006056855772305381
2001-05-03,25.78,26.54,0.3788420991568634,1897312571.486,0.0006056855772305381
2001-05-04,23.91,26.54,0.3788420991568634,1897312571.486,0.0006056855772305381
2001-05-07,24.86,26.54,0.3788420991568634,1897312571.486,0.0006056855772305381
2001-05-08,24.44,26.54,0.3788420991568634,1897312571.486,0.0006056855772305381
2001-05-09,24.35,26.54,0.3788420991568634,1897312571.486,0.0006056855772305381
2001-05-10,24.0,26.54,0.3788420991568634,1897312571.486,0.0006056855772305381
2001-05-11,23.54,26.54,0.3788420991568634,1897312571.486,0.0006056855772305381
2001-05-14,24.26,26.54,0.3788420991568634,1897312571.486,0.0006056855772305381
2001-05-15,23.71,26.54,0.3788420991568634,1897312571.486,0.0006056855772305381
2001-05-16,21.89,26.54,0.3788420991568634,1897312571.486,0.0006056855772305381
2001-05-17,21.47,26.54,0.3788420991568634,1897312571.486,0.0006056855772305381
2001-05-18,21.23,26.54,0.3788420991568634,1897312571.486,0.0006056855772305381
2001-05-21,20.76,26.54,0.3788420991568634,1897312571.486,0.0006056855772305381
2001-05-22,21.35,26.54,0.3788420991568634,1897312571.486,0.0006056855772305381
2001-05-23,22.08,26.54,0.3788420991568634,1897312571.486,0.0006056855772305381
2001-05-24,20.57,26.54,0.3788420991568634,1897312571.486,0.0006056855772305381
2001-05-25,20.6,26.54,0.3788420991568634,1897312571.486,0.0006056855772305381
2001-05-29,22.14,26.54,0.3788420991568634,1897312571.486,0.0006056855772305381
2001-05-30,22.76,26.54,0.3788420991568634,1897312571.486,0.0006056855772305381
2001-05-31,22.64,26.54,0.3788420991568634,1897312571.486,0.0006056855772305381
2001-06-01,21.59,26.54,0.3788420991568634,1897312571.486,0.0006056855772305381
2001-06-04,21.38,26.54,0.3788420991568634,1897312571.486,0.0006056855772305381
2001-06-05,19.58,26.54,0.3788420991568634,1897312571.486,0.0006056855772305381
2001-06-06,20.39,26.54,0.3788420991568634,1897312571.486,0.0006056855772305381
2001-06-07,19.67,26.54,0.3788420991568634,1897312571.486,0.0006056855772305381
2001-06-08,19.92,26.54,0.3788420991568634,1897312571.486,0.0006056855772305381
2001-06-11,20.7,26.54,0.3788420991568634,1897312571.486,0.0006056855772305381
2001-06-12,20.7,26.54,0.3788420991568634,1897312571.486,0.0006056855772305381
2001-06-13,21.45,26.54,0.3788420991568634,1897312571.486,0.0006056855772305381
2001-06-14,23.12,26.54,0.3788420991568634,1897312571.486,0.0006056855772305381
2001-06-15,22.81,26.54,0.3788420991568634,1897312571.486,0.0006056855772305381
2001-06-18,23.17,26.54,0.3788420991568634,1897312571.486,0.0006056855772305381
2001-06-19,22.34,26.54,0.3788420991568634,1897312571.486,0.0006056855772305381
2001-06-20,21.71,26.54,0.3788420991568634,1897312571.486,0.0006056855772305381
2001-06-21,19.38,26.54,0.3788420991568634,1897312571.486,0.0006056855772305381
2001-06-22,20.02,26.54,0.3788420991568634,1897312571.486,0.0006056855772305381
2001-06-25,20.67,26.54,0.3788420991568634,1897312571.486,0.0006056855772305381
2001-06-26,21.2,26.54,0.3788420991568634,1897312571.486,0.0006056855772305381
2001-06-27,20.88,26.54,0.3788420991568634,1897312571.486,0.0006056855772305381
2001-06-28,20.01,26.54,0.3788420991568634,1897312571.486,0.0006056855772305381
2001-06-29,19.06,26.54,0.3788420991568634,1897312571.486,0.0006056855772305381
2001-07-02,18.76,26.54,0.3788420991568634,1897312571.486,0.0006056855772305381
2001-07-03,18.92,26.54,0.3788420991568634,1897312571.486,0.0006056855772305381
2001-07-05,20.09,26.54,0.3788420991568634,1897312571.486,0.0006056855772305381
2001-07-06,21.63,26.54,0.3788420991568634,1897312571.486,0.0006056855772305381
2001-07-09,22.48,26.54,0.3788420991568634,1897312571.486,0.0006056855772305381
2001-07-10,23.25,26.54,0.3788420991568634,1897312571.486,0.0006056855772305381
2001-07-11,24.01,26.54,0.3788420991568634,1897312571.486,0.0006056855772305381
2001-07-12,22.09,26.54,0.3788420991568634,1897312571.486,0.0006056855772305381
2001-07-13,21.14,26.54,0.3788420991568634,1897312571.486,0.0006056855772305381
2001-07-16,22.91,26.54,0.3788420991568634,1897312571.486,0.0006056855772305381
2001-07-17,22.61,26.54,0.3788420991568634,1897312571.486,0.0006056855772305381
2001-07-18,23.6,26.54,0.3788420991568634,1897312571.486,0.0006056855772305381
2001-07-19,22.51,26.54,0.3788420991568634,1897312571.486,0.0006056855772305381
2001-07-20,22.34,26.54,0.3788420991568634,1897312571.486,0.0006056855772305381
2001-07-23,23.74,26.54,0.3788420991568634,1897312571.486,0.0006056855772305381
2001-07-24,25.24,26.54,0.3788420991568634,1897312571.486,0.0006056855772305381
2001-07-25,24.0,26.54,0.3788420991568634,1897312571.486,0.0006056855772305381
2001-07-26,23.01,26.54,0.3788420991568634,1897312571.486,0.0006056855772305381
2001-07-27,22.0,26.54,0.3788420991568634,1897312571.486,0.0006056855772305381
2001-07-30,22.69,26.54,0.3788420991568634,1897312571.486,0.0006056855772305381
2001-07-31,21.62,26.54,0.3788420991568634,1897312571.486,0.0006056855772305381
2001-08-01,20.56,26.54,0.3788420991568634,1897312571.486,0.0006056855772305381
2001-08-02,20.09,26.54,0.3788420991568634,1897312571.486,0.0006056855772305381
2001-08-03,19.89,26.54,0.3788420991568634,1897312571.486,0.0006056855772305381
2001-08-06,21.89,26.54,0.3788420991568634,1897312571.486,0.0006056855772305381
2001-08-07,21.01,26.54,0.3788420991568634,1897312571.486,0.0006056855772305381
2001-08-08,22.32,26.54,0.3788420991568634,1897312571.486,0.0006056855772305381
2001-08-09,21.75,26.54,0.3788420991568634,1897312571.486,0.0006056855772305381
2001-08-10,20.55,26.54,0.3788420991568634,1897312571.486,0.0006056855772305381
2001-08-13,20.42,26.54,0.3788420991568634,1897312571.486,0.0006056855772305381
2001-08-14,20.48,26.54,0.3788420991568634,1897312571.486,0.0006056855772305381
2001-08-15,20.91,26.54,0.3788420991568634,1897312571.486,0.0006056855772305381
2001-08-16,21.54,26.54,0.3788420991568634,1897312571.486,0.0006056855772305381
2001-08-17,23.84,26.54,0.3788420991568634,1897312571.486,0.0006056855772305381
2001-08-20,22.87,26.54,0.3788420991568634,1897312571.486,0.0006056855772305381
2001-08-21,24.4,26.54,0.3788420991568634,1897312571.486,0.0006056855772305381
2001-08-22,22.44,26.54,0.3788420991568634,1897312571.486,0.0006056855772305381
2001-08-23,22.23,26.54,0.3788420991568634,1897312571.486,0.0006056855772305381
2001-08-24,19.71,26.54,0.3788420991568634,1897312571.486,0.0006056855772305381
2001-08-27,20.56,26.54,0.3788420991568634,1897312571.486,0.0006056855772305381
2001-08-28,22.0,26.54,0.3788420991568634,1897312571.486,0.0006056855772305381
2001-08-29,23.03,26.54,0.3788420991568634,1897312571.486,0.0006056855772305381
2001-08-30,25.41,26.54,0.3788420991568634,1897312571.486,0.0006056855772305381
2001-08-31,24.92,26.54,0.3788420991568634,1897312571.486,0.0006056855772305381
2001-09-04,25.85,26.54,0.3788420991568634,1897312571.486,0.0006056855772305381
2001-09-05,26.35,26.54,0.3788420991568634,1897312571.486,0.0006056855772305381
2001-09-06,28.61,26.54,0.3788420991568634,1897312571.486,0.0006056855772305381
2001-09-07,30.99,26.54,0.3788420991568634,1897312571.486,0.0006056855772305381
2001-09-10,31.84,26.54,0.3788420991568634,1897312571.486,0.0006056855772305381
2001-09-17,41.76,26.54,0.3788420991568634,1897312571.486,0.0006056855772305381
2001-09-18,38.87,26.54,0.3788420991568634,1897312571.486,0.0006056855772305381
2001-09-19,40.56,26.54,0.3788420991568634,1897312571.486,0.0006056855772305381
2001-09-20,43.74,26.54,0.3788420991568634,1897312571.486,0.0006056855772305381
2001-09-21,42.66,26.54,0.3788420991568634,1897312571.486,0.0006056855772305381
2001-09-24,37.75,26.54,0.3788420991568634,1897312571.486,0.0006056855772305381
2001-09-25,35.81,26.54,0.3788420991568634,1897312571.486,0.0006056855772305381
2001-09-26,35.26,26.54,0.3788420991568634,1897312571.486,0.0006056855772305381
2001-09-27,34.0,26.54,0.3788420991568634,1897312571.486,0.0006056855772305381
2001-09-28,31.93,26.54,0.3788420991568634,1897312571.486,0.0006056855772305381
2001-10-01,32.32,26.54,0.3788420991568634,1897312571.486,0.0006056855772305381
2001-10-02,31.18,26.54,0.3788420991568634,1897312571.486,0.0006056855772305381
2001-10-03,31.34,26.54,0.3788420991568634,1897312571.486,0.0006056855772305381
2001-10-04,31.97,26.54,0.3788420991568634,1897312571.486,0.0006056855772305381
2001-10-05,33.39,26.54,0.3788420991568634,1897312571.486,0.0006056855772305381
2001-10-08,35.12,26.54,0.3788420991568634,1897312571.486,0.0006056855772305381
2001-10-09,34.83,26.54,0.3788420991568634,1897312571.486,0.0006056855772305381
2001-10-10,31.6,26.54,0.3788420991568634,1897312571.486,0.0006056855772305381
2001-10-11,31.5,26.54,0.3788420991568634,1897312571.486,0.0006056855772305381
2001-10-12,35.27,26.54,0.3788420991568634,1897312571.486,0.0006056855772305381
2001-10-15,35.31,26.54,0.3788420991568634,1897312571.486,0.0006056855772305381
2001-10-16,32.88,26.54,0.3788420991568634,1897312571.486,0.0006056855772305381
2001-10-17,35.08,26.54,0.3788420991568634,1897312571.486,0.0006056855772305381
2001-10-18,34.95,26.54,0.3788420991568634,1897312571.486,0.0006056855772305381
2001-10-19,34.11,26.54,0.3788420991568634,1897312571.486,0.0006056855772305381
2001-10-22,32.25,26.54,0.3788420991568634,1897312571.486,0.0006056855772305381
2001-10-23,32.0,26.54,0.3788420991568634,1897312571.486,0.0006056855772305381
2001-10-24,30.95,26.54,0.3788420991568634,1897312571.486,0.0006056855772305381
2001-10-25,29.46,26.54,0.3788420991568634,1897312571.486,0.0006056855772305381
2001-10-26,28.42,26.54,0.3788420991568634,1897312571.486,0.0006056855772305381
2001-10-29,31.64,26.54,0.3788420991568634,1897312571.486,0.0006056855772305381
2001-10-30,33.46,26.54,0.3788420991568634,1897312571.486,0.0006056855772305381
2001-10-31,33.56,26.54,0.3788420991568634,1897312571.486,0.0006056855772305381
2001-11-01,32.31,26.54,0.3788420991568634,1897312571.486,0.0006056855772305381
2001-11-02,30.71,26.54,0.3788420991568634,1897312571.486,0.0006056855772305381
2001-11-05,30.5,26.54,0.3788420991568634,1897312571.486,0.0006056855772305381
2001-11-06,28.8,26.54,0.3788420991568634,1897312571.486,0.0006056855772305381
2001-11-07,29.13,26.54,0.3788420991568634,1897312571.486,0.0006056855772305381
2001-11-08,28.62,26.54,0.3788420991568634,1897312571.486,0.0006056855772305381
2001-11-09,27.44,26.54,0.3788420991568634,1897312571.486,0.0006056855772305381
2001-11-12,29.35,26.54,0.3788420991568634,1897312571.486,0.0006056855772305381
2001-11-13,26.47,26.54,0.3788420991568634,1897312571.486,0.0006056855772305381
2001-11-14,26.56,26.54,0.3788420991568634,1897312571.486,0.0006056855772305381
2001-11-15,25.56,26.54,0.3788420991568634,1897312571.486,0.0006056855772305381
2001-11-16,25.07,26.54,0.3788420991568634,1897312571.486,0.0006056855772305381
2001-11-19,24.46,26.54,0.3788420991568634,1897312571.486,0.0006056855772305381
2001-11-20,24.12,26.54,0.3788420991568634,1897312571.486,0.0006056855772305381
2001-11-21,24.19,26.54,0.3788420991568634,1897312571.486,0.0006056855772305381
2001-11-23,23.25,26.54,0.3788420991568634,1897312571.486,0.0006056855772305381
2001-11-26,23.79,26.54,0.3788420991568634,1897312571.486,0.0006056855772305381
2001-11-27,24.0,26.54,0.3788420991568634,1897312571.486,0.0006056855772305381
2001-11-28,25.9,26.54,0.3788420991568634,1897312571.486,0.0006056855772305381
2001-11-29,25.18,26.54,0.3788420991568634,1897312571.486,0.0006056855772305381
2001-11-30,23.84,26.54,0.3788420991568634,1897312571.486,0.0006056855772305381
2001-12-03,25.77,26.54,0.3788420991568634,1897312571.486,0.0006056855772305381
2001-12-04,24.08,26.54,0.3788420991568634,1897312571.486,0.0006056855772305381
2001-12-05,23.02,26.54,0.3788420991568634,1897312571.486,0.0006056855772305381
2001-12-06,23.71,26.54,0.3788420991568634,1897312571.486,0.0006056855772305381
2001-12-07,23.49,26.54,0.3788420991568634,1897312571.486,0.0006056855772305381
2001-12-10,25.62,26.54,0.3788420991568634,1897312571.486,0.0006056855772305381
2001-12-11,25.3,26.54,0.3788420991568634,1897312571.486,0.0006056855772305381
2001-12-12,24.87,26.54,0.3788420991568634,1897312571.486,0.0006056855772305381
2001-12-13,25.91,26.54,0.3788420991568634,1897312571.486,0.0006056855772305381
2001-12-14,24.63,26.54,0.3788420991568634,1897312571.486,0.0006056855772305381
2001-12-17,24.26,26.54,0.3788420991568634,1897312571.486,0.0006056855772305381
2001-12-18,23.29,26.54,0.3788420991568634,1897312571.486,0.0006056855772305381
2001-12-19,22.58,26.54,0.3788420991568634,1897312571.486,0.0006056855772305381
2001-12-20,23.67,26.54,0.3788420991568634,1897312571.486,0.0006056855772305381
2001-12-21,22.5,26.54,0.3788420991568634,1897312571.486,0.0006056855772305381
2001-12-24,22.62,26.54,0.3788420991568634,1897312571.486,0.0006056855772305381
2001-12-26,22.29,26.54,0.3788420991568634,1897312571.486,0.0006056855772305381
2001-12-27,21.59,26.54,0.3788420991568634,1897312571.486,0.0006056855772305381
2001-12-28,21.4,26.54,0.3788420991568634,1897312571.486,0.0006056855772305381
2001-12-31,23.8,26.54,0.3788420991568634,1897312571.486,0.0006056855772305381
2002-01-02,22.71,26.54,0.3788420991568634,1897312571.486,0.0006056855772305381
2002-01-03,21.34,26.54,0.3788420991568634,1897312571.486,0.0006056855772305381
2002-01-04,20.45,26.54,0.3788420991568634,1897312571.486,0.0006056855772305381
2002-01-07,21.94,26.54,0.3788420991568634,1897312571.486,0.0006056855772305381
2002-01-08,21.83,26.54,0.3788420991568634,1897312571.486,0.0006056855772305381
2002-01-09,22.13,26.54,0.3788420991568634,1897312571.486,0.0006056855772305381
2002-01-10,22.36,26.54,0.3788420991568634,1897312571.486,0.0006056855772305381
2002-01-11,22.6,26.54,0.3788420991568634,1897312571.486,0.0006056855772305381
2002-01-14,23.58,26.54,0.3788420991568634,1897312571.486,0.0006056855772305381
2002-01-15,22.7,26.54,0.3788420991568634,1897312571.486,0.0006056855772305381
2002-01-16,23.45,26.54,0.3788420991568634,1897312571.486,0.0006056855772305381
2002-01-17,22.25,26.54,0.3788420991568634,1897312571.486,0.0006056855772305381
2002-01-18,22.52,26.54,0.3788420991568634,1897312571.486,0.0006056855772305381
2002-01-22,23.61,26.54,0.3788420991568634,1897312571.486,0.0006056855772305381
2002-01-23,21.88,26.54,0.3788420991568634,1897312571.486,0.0006056855772305381
2002-01-24,21.15,26.54,0.3788420991568634,1897312571.486,0.0006056855772305381
2002-01-25,21.01,26.54,0.3788420991568634,1897312571.486,0.0006056855772305381
2002-01-28,21.14,26.54,0.3788420991568634,1897312571.486,0.0006056855772305381
2002-01-29,24.35,26.54,0.3788420991568634,1897312571.486,0.0006056855772305381
2002-01-30,23.22,26.54,0.3788420991568634,1897312571.486,0.0006056855772305381
2002-01-31,21.09,26.54,0.3788420991568634,1897312571.486,0.0006056855772305381
2002-02-01,21.12,26.54,0.3788420991568634,1897312571.486,0.0006056855772305381
2002-02-04,24.87,26.54,0.3788420991568634,1897312571.486,0.0006056855772305381
2002-02-05,25.45,26.54,0.3788420991568634,1897312571.486,0.0006056855772305381
2002-02-06,26.09,26.54,0.3788420991568634,1897312571.486,0.0006056855772305381
2002-02-07,25.11,26.54,0.3788420991568634,1897312571.486,0.0006056855772305381
2002-02-08,23.26,26.54,0.3788420991568634,1897312571.486,0.0006056855772305381
2002-02-11,21.78,26.54,0.3788420991568634,1897312571.486,0.0006056855772305381
2002-02-12,21.62,26.54,0.3788420991568634,1897312571.486,0.0006056855772305381
2002-02-13,20.85,26.54,0.3788420991568634,1897312571.486,0.0006056855772305381
2002-02-14,21.77,26.54,0.3788420991568634,1897312571.486,0.0006056855772305381
2002-02-15,22.37,26.54,0.3788420991568634,1897312571.486,0.0006056855772305381
2002-02-19,24.43,26.54,0.3788420991568634,1897312571.486,0.0006056855772305381
2002-02-20,22.66,26.54,0.3788420991568634,1897312571.486,0.0006056855772305381
2002-02-21,23.8,26.54,0.3788420991568634,1897312571.486,0.0006056855772305381
2002-02-22,22.86,26.54,0.3788420991568634,1897312571.486,0.0006056855772305381
2002-02-25,21.84,26.54,0.3788420991568634,1897312571.486,0.0006056855772305381
2002-02-26,21.68,26.54,0.3788420991568634,1897312571.486,0.0006056855772305381
2002-02-27,21.49,26.54,0.3788420991568634,1897312571.486,0.0006056855772305381
2002-02-28,21.59,26.54,0.3788420991568634,1897312571.486,0.0006056855772305381
2002-03-01,19.96,26.54,0.3788420991568634,1897312571.486,0.0006056855772305381
2002-03-04,20.5,26.54,0.3788420991568634,1897312571.486,0.0006056855772305381
2002-03-05,20.3,26.54,0.3788420991568634,1897312571.486,0.0006056855772305381
2002-03-06,19.94,26.54,0.3788420991568634,1897312571.486,0.0006056855772305381
2002-03-07,20.04,26.54,0.3788420991568634,1897312571.486,0.0006056855772305381
2002-03-08,19.27,26.54,0.3788420991568634,1897312571.486,0.0006056855772305381
2002-03-11,19.84,26.54,0.3788420991568634,1897312571.486,0.0006056855772305381
2002-03-12,19.59,26.54,0.3788420991568634,1897312571.486,0.0006056855772305381
2002-03-13,19.46,26.54,0.3788420991568634,1897312571.486,0.0006056855772305381
2002-03-14,19.2,26.54,0.3788420991568634,1897312571.486,0.0006056855772305381
2002-03-15,18.42,26.54,0.3788420991568634,1897312571.486,0.0006056855772305381
2002-03-18,18.93,26.54,0.3788420991568634,1897312571.486,0.0006056855772305381
2002-03-19,18.16,26.54,0.3788420991568634,1897312571.486,0.0006056855772305381
2002-03-20,18.46,26.54,0.3788420991568634,1897312571.486,0.0006056855772305381
2002-03-21,18.15,26.54,0.3788420991568634,1897312571.486,0.0006056855772305381
2002-03-22,17.77,26.54,0.3788420991568634,1897312571.486,0.0006056855772305381
2002-03-25,18.48,26.54,0.3788420991568634,1897312571.486,0.0006056855772305381
2002-03-26,18.13,26.54,0.3788420991568634,1897312571.486,0.0006056855772305381
2002-03-27,17.7,26.54,0.3788420991568634,1897312571.486,0.0006056855772305381
2002-03-28,17.4,26.54,0.3788420991568634,1897312571.486,0.0006056855772305381
2002-04-01,18.73,26.54,0.3788420991568634,1897312571.486,0.0006056855772305381
2002-04-02,19.16,26.54,0.3788420991568634,1897312571.486,0.0006056855772305381
2002-04-03,20.2,26.54,0.3788420991568634,1897312571.486,0.0006056855772305381
2002-04-04,19.78,26.54,0.3788420991568634,1897312571.486,0.0006056855772305381
2002-04-05,19.13,26.54,0.3788420991568634,1897312571.486,0.0006056855772305381
2002-04-08,19.61,26.54,0.3788420991568634,1897312571.486,0.0006056855772305381
2002-04-09,19.47,26.54,0.3788420991568634,1897312571.486,0.0006056855772305381
2002-04-10,18.19,26.54,0.3788420991568634,1897312571.486,0.0006056855772305381
2002-04-11,20.3,26.54,0.3788420991568634,1897312571.486,0.0006056855772305381
2002-04-12,19.42,26.54,0.3788420991568634,1897312571.486,0.0006056855772305381
2002-04-15,19.82,26.54,0.3788420991568634,1897312571.486,0.0006056855772305381
2002-04-16,18.11,26.54,0.3788420991568634,1897312571.486,0.0006056855772305381
2002-04-17,18.43,26.54,0.3788420991568634,1897312571.486,0.0006056855772305381
2002-04-18,19.29,26.54,0.3788420991568634,1897312571.486,0.0006056855772305381
2002-04-19,18.3,26.54,0.3788420991568634,1897312571.486,0.0006056855772305381
2002-04-22,19.77,26.54,0.3788420991568634,1897312571.486,0.0006056855772305381
2002-04-23,20.28,26.54,0.3788420991568634,1897312571.486,0.0006056855772305381
2002-04-24,20.77,26.54,0.3788420991568634,1897312571.486,0.0006056855772305381
2002-04-25,20.95,26.54,0.3788420991568634,1897312571.486,0.0006056855772305381
2002-04-26,22.14,26.54,0.3788420991568634,1897312571.486,0.0006056855772305381
2002-04-29,24.05,26.54,0.3788420991568634,1897312571.486,0.0006056855772305381
2002-04-30,21.91,26.54,0.3788420991568634,1897312571.486,0.0006056855772305381
2002-05-01,20.06,26.54,0.3788420991568634,1897312571.486,0.0006056855772305381
2002-05-02,20.07,26.54,0.3788420991568634,1897312571.486,0.0006056855772305381
2002-05-03,20.19,26.54,0.3788420991568634,1897312571.486,0.0006056855772305381
2002-05-06,22.56,26.54,0.3788420991568634,1897312571.486,0.0006056855772305381
2002-05-07,21.94,26.54,0.3788420991568634,1897312571.486,0.0006056855772305381
2002-05-08,20.39,26.54,0.3788420991568634,1897312571.486,0.0006056855772305381
2002-05-09,21.56,26.54,0.3788420991568634,1897312571.486,0.0006056855772305381
2002-05-10,22.41,26.54,0.3788420991568634,1897312571.486,0.0006056855772305381
2002-05-13,20.72,26.54,0.3788420991568634,1897312571.486,0.0006056855772305381
2002-05-14,19.35,26.54,0.3788420991568634,1897312571.486,0.0006056855772305381
2002-05-15,19.19,26.54,0.3788420991568634,1897312571.486,0.0006056855772305381
2002-05-16,18.5,26.54,0.3788420991568634,1897312571.486,0.0006056855772305381
2002-05-17,17.7,26.54,0.3788420991568634,1897312571.486,0.0006056855772305381
2002-05-20,19.24,26.54,0.3788420991568634,1897312571.486,0.0006056855772305381
2002-05-21,20.05,26.54,0.3788420991568634,1897312571.486,0.0006056855772305381
2002-05-22,19.58,26.54,0.3788420991568634,1897312571.486,0.0006056855772305381
2002-05-23,18.23,26.54,0.3788420991568634,1897312571.486,0.0006056855772305381
2002-05-24,18.9,26.54,0.3788420991568634,1897312571.486,0.0006056855772305381
2002-05-28,20.31,26.54,0.3788420991568634,1897312571.486,0.0006056855772305381
2002-05-29,20.39,26.54,0.3788420991568634,1897312571.486,0.0006056855772305381
2002-05-30,20.61,26.54,0.3788420991568634,1897312571.486,0.0006056855772305381
2002-05-31,19.98,26.54,0.3788420991568634,1897312571.486,0.0006056855772305381
2002-06-03,23.37,26.54,0.3788420991568634,1897312571.486,0.0006056855772305381
2002-06-04,23.89,26.54,0.3788420991568634,1897312571.486,0.0006056855772305381
2002-06-05,22.61,26.54,0.3788420991568634,1897312571.486,0.0006056855772305381
2002-06-06,24.16,26.54,0.3788420991568634,1897312571.486,0.0006056855772305381
2002-06-07,23.51,26.54,0.3788420991568634,1897312571.486,0.0006056855772305381
2002-06-10,23.72,26.54,0.3788420991568634,1897312571.486,0.0006056855772305381
2002-06-11,24.45,26.54,0.3788420991568634,1897312571.486,0.0006056855772305381
2002-06-12,24.15,26.54,0.3788420991568634,1897312571.486,0.0006056855772305381
2002-06-13,25.02,26.54,0.3788420991568634,1897312571.486,0.0006056855772305381
2002-06-14,25.96,26.54,0.3788420991568634,1897312571.486,0.0006056855772305381
2002-06-17,24.64,26.54,0.3788420991568634,1897312571.486,0.0006056855772305381
2002-06-18,24.24,26.54,0.3788420991568634,1897312571.486,0.0006056855772305381
2002-06-19,26.06,26.54,0.3788420991568634,1897312571.486,0.0006056855772305381
2002-06-20,27.48,26.54,0.3788420991568634,1897312571.486,0.0006056855772305381
2002-06-21,27.23,26.54,0.3788420991568634,1897312571.486,0.0006056855772305381
2002-06-24,26.98,26.54,0.3788420991568634,1897312571.486,0.0006056855772305381
2002-06-25,27.84,26.54,0.3788420991568634,1897312571.486,0.0006056855772305381
2002-06-26,28.42,26.54,0.3788420991568634,1897312571.486,0.0006056855772305381
2002-06-27,26.29,26.54,0.3788420991568634,1897312571.486,0.0006056855772305381
2002-06-28,25.4,26.54,0.3788420991568634,1897312571.486,0.0006056855772305381
2002-07-01,27.11,26.54,0.3788420991568634,1897312571.486,0.0006056855772305381
2002-07-02,28.96,26.54,0.3788420991568634,1897312571.486,0.0006056855772305381
2002-07-03,29.42,26.54,0.3788420991568634,1897312571.486,0.0006056855772305381
2002-07-05,27.11,26.54,0.3788420991568634,1897312571.486,0.0006056855772305381
2002-07-08,28.25,26.54,0.3788420991568634,1897312571.486,0.0006056855772305381
2002-07-09,30.22,26.54,0.3788420991568634,1897312571.486,0.0006056855772305381
2002-07-10,34.1,26.54,0.3788420991568634,1897312571.486,0.0006056855772305381
2002-07-11,33.85,26.54,0.3788420991568634,1897312571.486,0.0006056855772305381
2002-07-12,32.94,26.54,0.3788420991568634,1897312571.486,0.0006056855772305381
2002-07-15,35.03,26.54,0.3788420991568634,1897312571.486,0.0006056855772305381
2002-07-16,36.65,26.54,0.3788420991568634,1897312571.486,0.0006056855772305381
2002-07-17,35.45,26.54,0.3788420991568634,1897312571.486,0.0006056855772305381
2002-07-18,35.12,26.54,0.3788420991568634,1897312571.486,0.0006056855772305381
2002-07-19,38.17,26.54,0.3788420991568634,1897312571.486,0.0006056855772305381
2002-07-22,41.87,26.54,0.3788420991568634,1897312571.486,0.0006056855772305381
2002-07-23,44.92,26.54,0.3788420991568634,1897312571.486,0.0006056855772305381
2002-07-24,39.86,26.54,0.3788420991568634,1897312571.486,0.0006056855772305381
2002-07-25,39.27,26.54,0.3788420991568634,1897312571.486,0.0006056855772305381
2002-07-26,35.51,26.54,0.3788420991568634,1897312571.486,0.0006056855772305381
2002-07-29,31.33,26.54,0.3788420991568634,1897312571.486,0.0006056855772305381
2002-07-30,31.92,26.54,0.3788420991568634,1897312571.486,0.0006056855772305381
2002-07-31,32.03,26.54,0.3788420991568634,1897312571.486,0.0006056855772305381
2002-08-01,36.95,26.54,0.3788420991568634,1897312571.486,0.0006056855772305381
2002-08-02,41.29,26.54,0.3788420991568634,1897312571.486,0.0006056855772305381
2002-08-05,45.08,26.54,0.3788420991568634,1897312571.486,0.0006056855772305381
2002-08-06,42.03,26.54,0.3788420991568634,1897312571.486,0.0006056855772305381
2002-08-07,38.73,26.54,0.3788420991568634,1897312571.486,0.0006056855772305381
2002-08-08,36.33,26.54,0.3788420991568634,1897312571.486,0.0006056855772305381
2002-08-09,35.33,26.54,0.3788420991568634,1897312571.486,0.0006056855772305381
2002-08-12,37.05,26.54,0.3788420991568634,1897312571.486,0.0006056855772305381
2002-08-13,35.82,26.54,0.3788420991568634,1897312571.486,0.0006056855772305381
2002-08-14,32.36,26.54,0.3788420991568634,1897312571.486,0.0006056855772305381
2002-08-15,29.43,26.54,0.3788420991568634,1897312571.486,0.0006056855772305381
2002-08-16,28.81,26.54,0.3788420991568634,1897312571.486,0.0006056855772305381
2002-08-19,28.61,26.54,0.3788420991568634,1897312571.486,0.0006056855772305381
2002-08-20,29.59,26.54,0.3788420991568634,1897312571.486,0.0006056855772305381
2002-08-21,28.23,26.54,0.3788420991568634,1897312571.486,0.0006056855772305381
2002-08-22,27.75,26.54,0.3788420991568634,1897312571.486,0.0006056855772305381
2002-08-23,29.32,26.54,0.3788420991568634,1897312571.486,0.0006056855772305381
2002-08-26,29.89,26.54,0.3788420991568634,1897312571.486,0.0006056855772305381
2002-08-27,30.11,26.54,0.3788420991568634,1897312571.486,0.0006056855772305381
2002-08-28,33.32,26.54,0.3788420991568634,1897312571.486,0.0006056855772305381
2002-08-29,33.67,26.54,0.3788420991568634,1897312571.486,0.0006056855772305381
2002-08-30,32.64,26.54,0.3788420991568634,1897312571.486,0.0006056855772305381
2002-09-03,39.97,26.54,0.3788420991568634,1897312571.486,0.0006056855772305381
2002-09-04,37.44,26.54,0.3788420991568634,1897312571.486,0.0006056855772305381
2002-09-05,38.86,26.54,0.3788420991568634,1897312571.486,0.0006056855772305381
2002-09-06,36.33,26.54,0.3788420991568634,1897312571.486,0.0006056855772305381
2002-09-09,36.45,26.54,0.3788420991568634,1897312571.486,0.0006056855772305381
2002-09-10,35.08,26.54,0.3788420991568634,1897312571.486,0.0006056855772305381
2002-09-11,34.81,26.54,0.3788420991568634,1897312571.486,0.0006056855772305381
2002-09-12,37.5,26.54,0.3788420991568634,1897312571.486,0.0006056855772305381
2002-09-13,35.82,26.54,0.3788420991568634,1897312571.486,0.0006056855772305381
2002-09-16,36.74,26.54,0.3788420991568634,1897312571.486,0.0006056855772305381
2002-09-17,38.01,26.54,0.3788420991568634,1897312571.486,0.0006056855772305381
2002-09-18,37.52,26.54,0.3788420991568634,1897312571.486,0.0006056855772305381
2002-09-19,40.65,26.54,0.3788420991568634,1897312571.486,0.0006056855772305381
2002-09-20,38.98,26.54,0.3788420991568634,1897312571.486,0.0006056855772305381
2002-09-23,39.68,26.54,0.3788420991568634,1897312571.486,0.0006056855772305381
2002-09-24,40.52,26.54,0.3788420991568634,1897312571.486,0.0006056855772305381
2002-09-25,37.33,26.54,0.3788420991568634,1897312571.486,0.0006056855772305381
2002-09-26,34.6,26.54,0.3788420991568634,1897312571.486,0.0006056855772305381
2002-09-27,36.97,26.54,0.3788420991568634,1897312571.486,0.0006056855772305381
2002-09-30,39.69,26.54,0.3788420991568634,1897312571.486,0.0006056855772305381
2002-10-01,34.12,26.54,0.3788420991568634,1897312571.486,0.0006056855772305381
2002-10-02,36.83,26.54,0.3788420991568634,1897312571.486,0.0006056855772305381
2002-10-03,37.31,26.54,0.3788420991568634,1897312571.486,0.0006056855772305381
2002-10-04,39.46,26.54,0.3788420991568634,1897312571.486,0.0006056855772305381
2002-10-07,42.64,26.54,0.3788420991568634,1897312571.486,0.0006056855772305381
2002-10-08,41.02,26.54,0.3788420991568634,1897312571.486,0.0006056855772305381
2002-10-09,42.13,26.54,0.3788420991568634,1897312571.486,0.0006056855772305381
2002-10-10,37.55,26.54,0.3788420991568634,1897312571.486,0.0006056855772305381
2002-10-11,35.7,26.54,0.3788420991568634,1897312571.486,0.0006056855772305381
2002-10-14,36.04,26.54,0.3788420991568634,1897312571.486,0.0006056855772305381
2002-10-15,34.02,26.54,0.3788420991568634,1897312571.486,0.0006056855772305381
2002-10-16,36.0,26.54,0.3788420991568634,1897312571.486,0.0006056855772305381
2002-10-17,34.1,26.54,0.3788420991568634,1897312571.486,0.0006056855772305381
2002-10-18,33.53,26.54,0.3788420991568634,1897312571.486,0.0006056855772305381
2002-10-21,33.11,26.54,0.3788420991568634,1897312571.486,0.0006056855772305381
2002-10-22,34.09,26.54,0.3788420991568634,1897312571.486,0.0006056855772305381
2002-10-23,33.2,26.54,0.3788420991568634,1897312571.486,0.0006056855772305381
2002-10-24,34.03,26.54,0.3788420991568634,1897312571.486,0.0006056855772305381
2002-10-25,30.0,26.54,0.3788420991568634,1897312571.486,0.0006056855772305381
2002-10-28,31.07,26.54,0.3788420991568634,1897312571.486,0.0006056855772305381
2002-10-29,32.27,26.54,0.3788420991568634,1897312571.486,0.0006056855772305381
2002-10-30,31.23,26.54,0.3788420991568634,1897312571.486,0.0006056855772305381
2002-10-31,31.14,26.54,0.3788420991568634,1897312571.486,0.0006056855772305381
2002-11-01,29.3,26.54,0.3788420991568634,1897312571.486,0.0006056855772305381
2002-11-04,30.82,26.54,0.3788420991568634,1897312571.486,0.0006056855772305381
2002-11-05,31.23,26.54,0.3788420991568634,1897312571.486,0.0006056855772305381
2002-11-06,30.73,26.54,0.3788420991568634,1897312571.486,0.0006056855772305381
2002-11-07,31.42,26.54,0.3788420991568634,1897312571.486,0.0006056855772305381
2002-11-08,29.41,26.54,0.3788420991568634,1897312571.486,0.0006056855772305381
2002-11-11,31.3,26.54,0.3788420991568634,1897312571.486,0.0006056855772305381
2002-11-12,30.58,26.54,0.3788420991568634,1897312571.486,0.0006056855772305381
2002-11-13,31.24,26.54,0.3788420991568634,1897312571.486,0.0006056855772305381
2002-11-14,28.67,26.54,0.3788420991568634,1897312571.486,0.0006056855772305381
2002-11-15,26.65,26.54,0.3788420991568634,1897312571.486,0.0006056855772305381
2002-11-18,27.66,26.54,0.3788420991568634,1897312571.486,0.0006056855772305381
2002-11-19,27.41,26.54,0.3788420991568634,1897312571.486,0.0006056855772305381
2002-11-20,25.32,26.54,0.3788420991568634,1897312571.486,0.0006056855772305381
2002-11-21,23.81,26.54,0.3788420991568634,1897312571.486,0.0006056855772305381
2002-11-22,23.16,26.54,0.3788420991568634,1897312571.486,0.0006056855772305381
2002-11-25,24.07,26.54,0.3788420991568634,1897312571.486,0.0006056855772305381
2002-11-26,25.97,26.54,0.3788420991568634,1897312571.486,0.0006056855772305381
2002-11-27,27.25,26.54,0.3788420991568634,1897312571.486,0.0006056855772305381
2002-11-29,27.5,26.54,0.3788420991568634,1897312571.486,0.0006056855772305381
2002-12-02,27.46,26.54,0.3788420991568634,1897312571.486,0.0006056855772305381
2002-12-03,28.33,26.54,0.3788420991568634,1897312571.486,0.0006056855772305381
2002-12-04,28.92,26.54,0.3788420991568634,1897312571.486,0.0006056855772305381
2002-12-05,30.1,26.54,0.3788420991568634,1897312571.486,0.0006056855772305381
2002-12-06,28.88,26.54,0.3788420991568634,1897312571.486,0.0006056855772305381
2002-12-09,30.78,26.54,0.3788420991568634,1897312571.486,0.0006056855772305381
2002-12-10,28.76,26.54,0.3788420991568634,1897312571.486,0.0006056855772305381
2002-12-11,27.76,26.54,0.3788420991568634,1897312571.486,0.0006056855772305381
2002-12-12,27.29,26.54,0.3788420991568634,1897312571.486,0.0006056855772305381
2002-12-13,28.18,26.54,0.3788420991568634,1897312571.486,0.0006056855772305381
2002-12-16,26.24,26.54,0.3788420991568634,1897312571.486,0.0006056855772305381
2002-12-17,26.66,26.54,0.3788420991568634,1897312571.486,0.0006056855772305381
2002-12-18,28.29,26.54,0.3788420991568634,1897312571.486,0.0006056855772305381
2002-12-19,30.21,26.54,0.3788420991568634,1897312571.486,0.0006056855772305381
2002-12-20,26.71,26.54,0.3788420991568634,1897312571.486,0.0006056855772305381
2002-12-23,26.2,26.54,0.3788420991568634,1897312571.486,0.0006056855772305381
2002-12-24,26.49,26.54,0.3788420991568634,1897312571.486,0.0006056855772305381
2002-12-26,27.37,26.54,0.3788420991568634,1897312571.486,0.0006056855772305381
2002-12-27,29.55,26.54,0.3788420991568634,1897312571.486,0.0006056855772305381
2002-12-30,29.62,26.54,0.3788420991568634,1897312571.486,0.0006056855772305381
2002-12-31,28.62,26.54,0.3788420991568634,1897312571.486,0.0006056855772305381
2003-01-02,25.39,26.54,0.3788420991568634,1897312571.486,0.0006056855772305381
2003-01-03,24.68,26.54,0.3788420991568634,1897312571.486,0.0006056855772305381
2003-01-06,24.91,26.54,0.3788420991568634,1897312571.486,0.0006056855772305381
2003-01-07,25.13,26.54,0.3788420991568634,1897312571.486,0.0006056855772305381
2003-01-08,25.53,26.54,0.3788420991568634,1897312571.486,0.0006056855772305381
2003-01-09,24.25,26.54,0.3788420991568634,1897312571.486,0.0006056855772305381
2003-01-10,24.32,26.54,0.3788420991568634,1897312571.486,0.0006056855772305381
2003-01-13,24.9,26.54,0.3788420991568634,1897312571.486,0.0006056855772305381
2003-01-14,24.57,26.54,0.3788420991568634,1897312571.486,0.0006056855772305381
2003-01-15,25.51,26.54,0.3788420991568634,1897312571.486,0.0006056855772305381
2003-01-16,25.01,26.54,0.3788420991568634,1897312571.486,0.0006056855772305381
2003-01-17,25.7,26.54,0.3788420991568634,1897312571.486,0.0006056855772305381
2003-01-21,27.59,26.54,0.3788420991568634,1897312571.486,0.0006056855772305381
2003-01-22,29.01,26.54,0.3788420991568634,1897312571.486,0.0006056855772305381
2003-01-23,27.53,26.54,0.3788420991568634,1897312571.486,0.0006056855772305381
2003-01-24,31.51,26.54,0.3788420991568634,1897312571.486,0.0006056855772305381
2003-01-27,34.69,26.54,0.3788420991568634,1897312571.486,0.0006056855772305381
2003-01-28,31.93,26.54,0.3788420991568634,1897312571.486,0.0006056855772305381
2003-01-29,31.26,26.54,0.3788420991568634,1897312571.486,0.0006056855772305381
2003-01-30,31.32,26.54,0.3788420991568634,1897312571.486,0.0006056855772305381
2003-01-31,31.17,26.54,0.3788420991568634,1897312571.486,0.0006056855772305381
2003-02-03,31.02,26.54,0.3788420991568634,1897312571.486,0.0006056855772305381
2003-02-04,32.76,26.54,0.3788420991568634,1897312571.486,0.0006056855772305381
2003-02-05,33.04,26.54,0.3788420991568634,1897312571.486,0.0006056855772305381
2003-02-06,33.35,26.54,0.3788420991568634,1897312571.486,0.0006056855772305381
2003-02-07,34.01,26.54,0.3788420991568634,1897312571.486,0.0006056855772305381
2003-02-10,33.99,26.54,0.3788420991568634,1897312571.486,0.0006056855772305381
2003-02-11,33.68,26.54,0.3788420991568634,1897312571.486,0.0006056855772305381
2003-02-12,34.33,26.54,0.3788420991568634,1897312571.486,0.0006056855772305381
2003-02-13,33.7,26.54,0.3788420991568634,1897312571.486,0.0006056855772305381
2003-02-14,32.62,26.54,0.3788420991568634,1897312571.486,0.0006056855772305381
2003-02-18,31.11,26.54,0.3788420991568634,1897312571.486,0.0006056855772305381
2003-02-19,31.31,26.54,0.3788420991568634,1897312571.486,0.0006056855772305381
2003-02-20,31.16,26.54,0.3788420991568634,1897312571.486,0.0006056855772305381
2003-02-21,30.25,26.54,0.3788420991568634,1897312571.486,0.0006056855772305381
2003-02-24,31.98,26.54,0.3788420991568634,1897312571.486,0.0006056855772305381
2003-02-25,31.74,26.54,0.3788420991568634,1897312571.486,0.0006056855772305381
2003-02-26,31.94,26.54,0.3788420991568634,1897312571.486,0.0006056855772305381
2003-02-27,30.53,26.54,0.3788420991568634,1897312571.486,0.0006056855772305381
2003-02-28,29.63,26.54,0.3788420991568634,1897312571.486,0.0006056855772305381
2003-03-03,30.43,26.54,0.3788420991568634,1897312571.486,0.0006056855772305381
2003-03-04,31.83,26.54,0.3788420991568634,1897312571.486,0.0006056855772305381
2003-03-05,30.38,26.54,0.3788420991568634,1897312571.486,0.0006056855772305381
2003-03-06,31.37,26.54,0.3788420991568634,1897312571.486,0.0006056855772305381
2003-03-07,31.08,26.54,0.3788420991568634,1897312571.486,0.0006056855772305381
2003-03-10,33.31,26.54,0.3788420991568634,1897312571.486,0.0006056855772305381
2003-03-11,33.61,26.54,0.3788420991568634,1897312571.486,0.0006056855772305381
2003-03-12,33.51,26.54,0.3788420991568634,1897312571.486,0.0006056855772305381
2003-03-13,31.76,26.54,0.3788420991568634,1897312571.486,0.0006056855772305381
2003-03-14,30.98,26.54,0.3788420991568634,1897312571.486,0.0006056855772305381
2003-03-17,31.75,26.54,0.3788420991568634,1897312571.486,0.0006056855772305381
2003-03-18,30.43,26.54,0.3788420991568634,1897312571.486,0.0006056855772305381
2003-03-19,31.54,26.54,0.3788420991568634,1897312571.486,0.0006056855772305381
2003-03-20,30.44,26.54,0.3788420991568634,1897312571.486,0.0006056855772305381
2003-03-21,28.67,26.54,0.3788420991568634,1897312571.486,0.0006056855772305381
2003-03-24,30.39,26.54,0.3788420991568634,1897312571.486,0.0006056855772305381
2003-03-25,28.75,26.54,0.3788420991568634,1897312571.486,0.0006056855772305381
2003-03-26,28.23,26.54,0.3788420991568634,1897312571.486,0.0006056855772305381
2003-03-27,27.96,26.54,0.3788420991568634,1897312571.486,0.0006056855772305381
2003-03-28,27.75,26.54,0.3788420991568634,1897312571.486,0.0006056855772305381
2003-03-31,29.15,26.54,0.3788420991568634,1897312571.486,0.0006056855772305381
2003-04-01,28.36,26.54,0.3788420991568634,1897312571.486,0.0006056855772305381
2003-04-02,28.02,26.54,0.3788420991568634,1897312571.486,0.0006056855772305381
2003-04-03,28.21,26.54,0.3788420991568634,1897312571.486,0.0006056855772305381
2003-04-04,29.13,26.54,0.3788420991568634,1897312571.486,0.0006056855772305381
2003-04-07,28.45,26.54,0.3788420991568634,1897312571.486,0.0006056855772305381
2003-04-08,27.13,26.54,0.3788420991568634,1897312571.486,0.0006056855772305381
2003-04-09,27.11,26.54,0.3788420991568634,1897312571.486,0.0006056855772305381
2003-04-10,25.6,26.54,0.3788420991568634,1897312571.486,0.0006056855772305381
2003-04-11,24.44,26.54,0.3788420991568634,1897312571.486,0.0006056855772305381
2003-04-14,23.41,26.54,0.3788420991568634,1897312571.486,0.0006056855772305381
2003-04-15,22.56,26.54,0.3788420991568634,1897312571.486,0.0006056855772305381
2003-04-16,22.52,26.54,0.3788420991568634,1897312571.486,0.0006056855772305381
2003-04-17,21.5,26.54,0.3788420991568634,1897312571.486,0.0006056855772305381
2003-04-21,21.95,26.54,0.3788420991568634,1897312571.486,0.0006056855772305381
2003-04-22,20.7,26.54,0.3788420991568634,1897312571.486,0.0006056855772305381
2003-04-23,20.8,26.54,0.3788420991568634,1897312571.486,0.0006056855772305381
2003-04-24,20.33,26.54,0.3788420991568634,1897312571.486,0.0006056855772305381
2003-04-25,20.8,26.54,0.3788420991568634,1897312571.486,0.0006056855772305381
2003-04-28,20.84,26.54,0.3788420991568634,1897312571.486,0.0006056855772305381
2003-04-29,20.76,26.54,0.3788420991568634,1897312571.486,0.0006056855772305381
2003-04-30,21.21,26.54,0.3788420991568634,1897312571.486,0.0006056855772305381
2003-05-01,21.59,26.54,0.3788420991568634,1897312571.486,0.0006056855772305381
2003-05-02,20.63,26.54,0.3788420991568634,1897312571.486,0.0006056855772305381
2003-05-05,21.13,26.54,0.3788420991568634,1897312571.486,0.0006056855772305381
2003-05-06,20.8,26.54,0.3788420991568634,1897312571.486,0.0006056855772305381
2003-05-07,21.0,26.54,0.3788420991568634,1897312571.486,0.0006056855772305381
2003-05-08,21.24,26.54,0.3788420991568634,1897312571.486,0.0006056855772305381
2003-05-09,19.69,26.54,0.3788420991568634,1897312571.486,0.0006056855772305381
2003-05-12,19.52,26.54,0.3788420991568634,1897312571.486,0.0006056855772305381
2003-05-13,19.91,26.54,0.3788420991568634,1897312571.486,0.0006056855772305381
2003-05-14,20.0,26.54,0.3788420991568634,1897312571.486,0.0006056855772305381
2003-05-15,19.24,26.54,0.3788420991568634,1897312571.486,0.0006056855772305381
2003-05-16,18.4,26.54,0.3788420991568634,1897312571.486,0.0006056855772305381
2003-05-19,20.51,26.54,0.3788420991568634,1897312571.486,0.0006056855772305381
2003-05-20,21.29,26.54,0.3788420991568634,1897312571.486,0.0006056855772305381
2003-05-21,21.21,26.54,0.3788420991568634,1897312571.486,0.0006056855772305381
2003-05-22,19.78,26.54,0.3788420991568634,1897312571.486,0.0006056855772305381
2003-05-23,19.17,26.54,0.3788420991568634,1897312571.486,0.0006056855772305381
2003-05-27,19.99,26.54,0.3788420991568634,1897312571.486,0.0006056855772305381
2003-05-28,20.03,26.54,0.3788420991568634,1897312571.486,0.0006056855772305381
2003-05-29,20.43,26.54,0.3788420991568634,1897312571.486,0.0006056855772305381
2003-05-30,19.47,26.54,0.3788420991568634,1897312571.486,0.0006056855772305381
2003-06-02,20.85,26.54,0.3788420991568634,1897312571.486,0.0006056855772305381
2003-06-03,20.84,26.54,0.3788420991568634,1897312571.486,0.0006056855772305381
2003-06-04,20.62,26.54,0.3788420991568634,1897312571.486,0.0006056855772305381
2003-06-05,20.83,26.54,0.3788420991568634,1897312571.486,0.0006056855772305381
2003-06-06,21.25,26.54,0.3788420991568634,1897312571.486,0.0006056855772305381
2003-06-09,22.15,26.54,0.3788420991568634,1897312571.486,0.0006056855772305381
2003-06-10,20.64,26.54,0.3788420991568634,1897312571.486,0.0006056855772305381
2003-06-11,20.21,26.54,0.3788420991568634,1897312571.486,0.0006056855772305381
2003-06-12,20.41,26.54,0.3788420991568634,1897312571.486,0.0006056855772305381
2003-06-13,20.66,26.54,0.3788420991568634,1897312571.486,0.0006056855772305381
2003-06-16,20.22,26.54,0.3788420991568634,1897312571.486,0.0006056855772305381
2003-06-17,20.01,26.54,0.3788420991568634,1897312571.486,0.0006056855772305381
2003-06-18,19.76,26.54,0.3788420991568634,1897312571.486,0.0006056855772305381
2003-06-19,19.8,26.54,0.3788420991568634,1897312571.486,0.0006056855772305381
2003-06-20,19.14,26.54,0.3788420991568634,1897312571.486,0.0006056855772305381
2003-06-23,20.58,26.54,0.3788420991568634,1897312571.486,0.0006056855772305381
2003-06-24,20.75,26.54,0.3788420991568634,1897312571.486,0.0006056855772305381
2003-06-25,20.81,26.54,0.3788420991568634,1897312571.486,0.0006056855772305381
2003-06-26,19.4,26.54,0.3788420991568634,1897312571.486,0.0006056855772305381
2003-06-27,19.16,26.54,0.3788420991568634,1897312571.486,0.0006056855772305381
2003-06-30,19.52,26.54,0.3788420991568634,1897312571.486,0.0006056855772305381
2003-07-01,19.46,26.54,0.3788420991568634,1897312571.486,0.0006056855772305381
2003-07-02,19.03,26.54,0.3788420991568634,1897312571.486,0.0006056855772305381
2003-07-03,19.39,26.54,0.3788420991568634,1897312571.486,0.0006056855772305381
2003-07-07,20.06,26.54,0.3788420991568634,1897312571.486,0.0006056855772305381
2003-07-08,19.48,26.54,0.3788420991568634,1897312571.486,0.0006056855772305381
2003-07-09,18.93,26.54,0.3788420991568634,1897312571.486,0.0006056855772305381
2003-07-10,19.19,26.54,0.3788420991568634,1897312571.486,0.0006056855772305381
2003-07-11,18.47,26.54,0.3788420991568634,1897312571.486,0.0006056855772305381
2003-07-14,19.59,26.54,0.3788420991568634,1897312571.486,0.0006056855772305381
2003-07-15,19.55,26.54,0.3788420991568634,1897312571.486,0.0006056855772305381
2003-07-16,19.76,26.54,0.3788420991568634,1897312571.486,0.0006056855772305381
2003-07-17,20.22,26.54,0.3788420991568634,1897312571.486,0.0006056855772305381
2003-07-18,19.11,26.54,0.3788420991568634,1897312571.486,0.0006056855772305381
2003-07-21,19.78,26.54,0.3788420991568634,1897312571.486,0.0006056855772305381
2003-07-22,19.17,26.54,0.3788420991568634,1897312571.486,0.0006056855772305381
2003-07-23,18.64,26.54,0.3788420991568634,1897312571.486,0.0006056855772305381
2003-07-24,18.6,26.54,0.3788420991568634,1897312571.486,0.0006056855772305381
2003-07-25,17.75,26.54,0.3788420991568634,1897312571.486,0.0006056855772305381
2003-07-28,18.36,26.54,0.3788420991568634,1897312571.486,0.0006056855772305381
2003-07-29,18.67,26.54,0.3788420991568634,1897312571.486,0.0006056855772305381
2003-07-30,18.85,26.54,0.3788420991568634,1897312571.486,0.0006056855772305381
2003-07-31,19.49,26.54,0.3788420991568634,1897312571.486,0.0006056855772305381
2003-08-01,20.75,26.54,0.3788420991568634,1897312571.486,0.0006056855772305381
2003-08-04,21.27,26.54,0.3788420991568634,1897312571.486,0.0006056855772305381
2003-08-05,22.68,26.54,0.3788420991568634,1897312571.486,0.0006056855772305381
2003-08-06,21.5,26.54,0.3788420991568634,1897312571.486,0.0006056855772305381
2003-08-07,20.26,26.54,0.3788420991568634,1897312571.486,0.0006056855772305381
2003-08-08,19.59,26.54,0.3788420991568634,1897312571.486,0.0006056855772305381
2003-08-11,19.75,26.54,0.3788420991568634,1897312571.486,0.0006056855772305381
2003-08-12,17.94,26.54,0.3788420991568634,1897312571.486,0.0006056855772305381
2003-08-13,18.77,26.54,0.3788420991568634,1897312571.486,0.0006056855772305381
2003-08-14,18.47,26.54,0.3788420991568634,1897312571.486,0.0006056855772305381
2003-08-15,18.27,26.54,0.3788420991568634,1897312571.486,0.0006056855772305381
2003-08-18,18.18,26.54,0.3788420991568634,1897312571.486,0.0006056855772305381
2003-08-19,17.86,26.54,0.3788420991568634,1897312571.486,0.0006056855772305381
2003-08-20,17.82,26.54,0.3788420991568634,1897312571.486,0.0006056855772305381
2003-08-21,17.84,26.54,0.3788420991568634,1897312571.486,0.0006056855772305381
2003-08-22,18.55,26.54,0.3788420991568634,1897312571.486,0.0006056855772305381
2003-08-25,19.53,26.54,0.3788420991568634,1897312571.486,0.0006056855772305381
2003-08-26,19.49,26.54,0.3788420991568634,1897312571.486,0.0006056855772305381
2003-08-27,19.13,26.54,0.3788420991568634,1897312571.486,0.0006056855772305381
2003-08-28,18.48,26.54,0.3788420991568634,1897312571.486,0.0006056855772305381
2003-08-29,18.63,26.54,0.3788420991568634,1897312571.486,0.0006056855772305381
2003-09-02,19.02,26.54,0.3788420991568634,1897312571.486,0.0006056855772305381
2003-09-03,19.44,26.54,0.3788420991568634,1897312571.486,0.0006056855772305381
2003-09-04,18.71,26.54,0.3788420991568634,1897312571.486,0.0006056855772305381
2003-09-05,18.17,26.54,0.3788420991568634,1897312571.486,0.0006056855772305381
2003-09-08,18.26,26.54,0.3788420991568634,1897312571.486,0.0006056855772305381
2003-09-09,18.85,26.54,0.3788420991568634,1897312571.486,0.0006056855772305381
2003-09-10,20.01,26.54,0.3788420991568634,1897312571.486,0.0006056855772305381
2003-09-11,19.25,26.54,0.3788420991568634,1897312571.486,0.0006056855772305381
2003-09-12,18.68,26.54,0.3788420991568634,1897312571.486,0.0006056855772305381
2003-09-15,19.28,26.54,0.3788420991568634,1897312571.486,0.0006056855772305381
2003-09-16,18.03,26.54,0.3788420991568634,1897312571.486,0.0006056855772305381
2003-09-17,18.15,26.54,0.3788420991568634,1897312571.486,0.0006056855772305381
2003-09-18,17.57,26.54,0.3788420991568634,1897312571.486,0.0006056855772305381
2003-09-19,17.54,26.54,0.3788420991568634,1897312571.486,0.0006056855772305381
2003-09-22,19.65,26.54,0.3788420991568634,1897312571.486,0.0006056855772305381
2003-09-23,19.47,26.54,0.3788420991568634,1897312571.486,0.0006056855772305381
2003-09-24,21.22,26.54,0.3788420991568634,1897312571.486,0.0006056855772305381
2003-09-25,22.26,26.54,0.3788420991568634,1897312571.486,0.0006056855772305381
2003-09-26,22.23,26.54,0.3788420991568634,1897312571.486,0.0006056855772305381
2003-09-29,21.67,26.54,0.3788420991568634,1897312571.486,0.0006056855772305381
2003-09-30,22.72,26.54,0.3788420991568634,1897312571.486,0.0006056855772305381
2003-10-01,21.07,26.54,0.3788420991568634,1897312571.486,0.0006056855772305381
2003-10-02,20.8,26.54,0.3788420991568634,1897312571.486,0.0006056855772305381
2003-10-03,19.5,26.54,0.3788420991568634,1897312571.486,0.0006056855772305381
2003-10-06,19.51,26.54,0.3788420991568634,1897312571.486,0.0006056855772305381
2003-10-07,19.41,26.54,0.3788420991568634,1897312571.486,0.0006056855772305381
2003-10-08,19.18,26.54,0.3788420991568634,1897312571.486,0.0006056855772305381
2003-10-09,18.82,26.54,0.3788420991568634,1897312571.486,0.0006056855772305381
2003-10-10,18.45,26.54,0.3788420991568634,1897312571.486,0.0006056855772305381
2003-10-13,17.55,26.54,0.3788420991568634,1897312571.486,0.0006056855772305381
2003-10-14,17.37,26.54,0.3788420991568634,1897312571.486,0.0006056855772305381
2003-10-15,17.69,26.54,0.3788420991568634,1897312571.486,0.0006056855772305381
2003-10-16,17.19,26.54,0.3788420991568634,1897312571.486,0.0006056855772305381
2003-10-17,17.62,26.54,0.3788420991568634,1897312571.486,0.0006056855772305381
2003-10-20,17.04,26.54,0.3788420991568634,1897312571.486,0.0006056855772305381
2003-10-21,16.55,26.54,0.3788420991568634,1897312571.486,0.0006056855772305381
2003-10-22,17.67,26.54,0.3788420991568634,1897312571.486,0.0006056855772305381
2003-10-23,17.68,26.54,0.3788420991568634,1897312571.486,0.0006056855772305381
2003-10-24,17.71,26.54,0.3788420991568634,1897312571.486,0.0006056855772305381
2003-10-27,18.05,26.54,0.3788420991568634,1897312571.486,0.0006056855772305381
2003-10-28,16.82,26.54,0.3788420991568634,1897312571.486,0.0006056855772305381
2003-10-29,16.43,26.54,0.3788420991568634,1897312571.486,0.0006056855772305381
2003-10-30,16.33,26.54,0.3788420991568634,1897312571.486,0.0006056855772305381
2003-10-31,16.1,26.54,0.3788420991568634,1897312571.486,0.0006056855772305381
2003-11-03,16.55,26.54,0.3788420991568634,1897312571.486,0.0006056855772305381
2003-11-04,16.55,26.54,0.3788420991568634,1897312571.486,0.0006056855772305381
2003-11-05,16.86,26.54,0.3788420991568634,1897312571.486,0.0006056855772305381
2003-11-06,16.74,26.54,0.3788420991568634,1897312571.486,0.0006056855772305381
2003-11-07,16.93,26.54,0.3788420991568634,1897312571.486,0.0006056855772305381
2003-11-10,17.62,26.54,0.3788420991568634,1897312571.486,0.0006056855772305381
2003-11-11,17.54,26.54,0.3788420991568634,1897312571.486,0.0006056855772305381
2003-11-12,16.75,26.54,0.3788420991568634,1897312571.486,0.0006056855772305381
2003-11-13,16.47,26.54,0.3788420991568634,1897312571.486,0.0006056855772305381
2003-11-14,16.94,26.54,0.3788420991568634,1897312571.486,0.0006056855772305381
2003-11-17,18.6,26.54,0.3788420991568634,1897312571.486,0.0006056855772305381
2003-11-18,19.11,26.54,0.3788420991568634,1897312571.486,0.0006056855772305381
2003-11-19,18.8,26.54,0.3788420991568634,1897312571.486,0.0006056855772305381
2003-11-20,19.48,26.54,0.3788420991568634,1897312571.486,0.0006056855772305381
2003-11-21,18.98,26.54,0.3788420991568634,1897312571.486,0.0006056855772305381
2003-11-24,17.44,26.54,0.3788420991568634,1897312571.486,0.0006056855772305381
2003-11-25,16.71,26.54,0.3788420991568634,1897312571.486,0.0006056855772305381
2003-11-26,16.23,26.54,0.3788420991568634,1897312571.486,0.0006056855772305381
2003-11-28,16.32,26.54,0.3788420991568634,1897312571.486,0.0006056855772305381
2003-12-01,16.77,26.54,0.3788420991568634,1897312571.486,0.0006056855772305381
2003-12-02,16.27,26.54,0.3788420991568634,1897312571.486,0.0006056855772305381
2003-12-03,16.63,26.54,0.3788420991568634,1897312571.486,0.0006056855772305381
2003-12-04,16.3,26.54,0.3788420991568634,1897312571.486,0.0006056855772305381
2003-12-05,17.09,26.54,0.3788420991568634,1897312571.486,0.0006056855772305381
2003-12-08,16.54,26.54,0.3788420991568634,1897312571.486,0.0006056855772305381
2003-12-09,17.63,26.54,0.3788420991568634,1897312571.486,0.0006056855772305381
2003-12-10,17.87,26.54,0.3788420991568634,1897312571.486,0.0006056855772305381
2003-12-11,16.73,26.54,0.3788420991568634,1897312571.486,0.0006056855772305381
2003-12-12,16.41,26.54,0.3788420991568634,1897312571.486,0.0006056855772305381
2003-12-15,17.23,26.54,0.3788420991568634,1897312571.486,0.0006056855772305381
2003-12-16,15.93,26.54,0.3788420991568634,1897312571.486,0.0006056855772305381
2003-12-17,15.58,26.54,0.3788420991568634,1897312571.486,0.0006056855772305381
2003-12-18,16.16,26.54,0.3788420991568634,1897312571.486,0.0006056855772305381
2003-12-19,16.42,26.54,0.3788420991568634,1897312571.486,0.0006056855772305381
2003-12-22,16.94,26.54,0.3788420991568634,1897312571.486,0.0006056855772305381
2003-12-23,16.49,26.54,0.3788420991568634,1897312571.486,0.0006056855772305381
2003-12-24,16.66,26.54,0.3788420991568634,1897312571.486,0.0006056855772305381
2003-12-26,17.45,26.54,0.3788420991568634,1897312571.486,0.0006056855772305381
2003-12-29,17.09,26.54,0.3788420991568634,1897312571.486,0.0006056855772305381
2003-12-30,17.68,26.54,0.3788420991568634,1897312571.486,0.0006056855772305381
2003-12-31,18.31,26.54,0.3788420991568634,1897312571.486,0.0006056855772305381
2004-01-02,18.22,26.54,0.3788420991568634,1897312571.486,0.0006056855772305381
2004-01-05,17.49,26.54,0.3788420991568634,1897312571.486,0.0006056855772305381
2004-01-06,16.73,26.54,0.3788420991568634,1897312571.486,0.0006056855772305381
2004-01-07,15.5,26.54,0.3788420991568634,1897312571.486,0.0006056855772305381
2004-01-08,15.61,26.54,0.3788420991568634,1897312571.486,0.0006056855772305381
2004-01-09,16.75,26.54,0.3788420991568634,1897312571.486,0.0006056855772305381
2004-01-12,16.82,26.54,0.3788420991568634,1897312571.486,0.0006056855772305381
2004-01-13,18.04,26.54,0.3788420991568634,1897312571.486,0.0006056855772305381
2004-01-14,16.75,26.54,0.3788420991568634,1897312571.486,0.0006056855772305381
2004-01-15,15.56,26.54,0.3788420991568634,1897312571.486,0.0006056855772305381
2004-01-16,15.0,26.54,0.3788420991568634,1897312571.486,0.0006056855772305381
2004-01-20,15.21,26.54,0.3788420991568634,1897312571.486,0.0006056855772305381
2004-01-21,14.34,26.54,0.3788420991568634,1897312571.486,0.0006056855772305381
2004-01-22,14.71,26.54,0.3788420991568634,1897312571.486,0.0006056855772305381
2004-01-23,14.84,26.54,0.3788420991568634,1897312571.486,0.0006056855772305381
2004-01-26,14.55,26.54,0.3788420991568634,1897312571.486,0.0006056855772305381
2004-01-27,15.35,26.54,0.3788420991568634,1897312571.486,0.0006056855772305381
2004-01-28,16.78,26.54,0.3788420991568634,1897312571.486,0.0006056855772305381
2004-01-29,17.14,26.54,0.3788420991568634,1897312571.486,0.0006056855772305381
2004-01-30,16.63,26.54,0.3788420991568634,1897312571.486,0.0006056855772305381
2004-02-02,17.11,26.54,0.3788420991568634,1897312571.486,0.0006056855772305381
2004-02-03,17.34,26.54,0.3788420991568634,1897312571.486,0.0006056855772305381
2004-02-04,17.87,26.54,0.3788420991568634,1897312571.486,0.0006056855772305381
2004-02-05,17.71,26.54,0.3788420991568634,1897312571.486,0.0006056855772305381
2004-02-06,16.0,26.54,0.3788420991568634,1897312571.486,0.0006056855772305381
2004-02-09,16.39,26.54,0.3788420991568634,1897312571.486,0.0006056855772305381
2004-02-10,15.94,26.54,0.3788420991568634,1897312571.486,0.0006056855772305381
2004-02-11,15.39,26.54,0.3788420991568634,1897312571.486,0.0006056855772305381
2004-02-12,15.31,26.54,0.3788420991568634,1897312571.486,0.0006056855772305381
2004-02-13,15.58,26.54,0.3788420991568634,1897312571.486,0.0006056855772305381
2004-02-17,15.4,26.54,0.3788420991568634,1897312571.486,0.0006056855772305381
2004-02-18,15.59,26.54,0.3788420991568634,1897312571.486,0.0006056855772305381
2004-02-19,15.8,26.54,0.3788420991568634,1897312571.486,0.0006056855772305381
2004-02-20,16.04,26.54,0.3788420991568634,1897312571.486,0.0006056855772305381
2004-02-23,16.29,26.54,0.3788420991568634,1897312571.486,0.0006056855772305381
2004-02-24,15.9,26.54,0.3788420991568634,1897312571.486,0.0006056855772305381
2004-02-25,14.93,26.54,0.3788420991568634,1897312571.486,0.0006056855772305381
2004-02-26,14.83,26.54,0.3788420991568634,1897312571.486,0.0006056855772305381
2004-02-27,14.55,26.54,0.3788420991568634,1897312571.486,0.0006056855772305381
2004-03-01,14.44,26.54,0.3788420991568634,1897312571.486,0.0006056855772305381
2004-03-02,14.86,26.54,0.3788420991568634,1897312571.486,0.0006056855772305381
2004-03-03,14.55,26.54,0.3788420991568634,1897312571.486,0.0006056855772305381
2004-03-04,14.4,26.54,0.3788420991568634,1897312571.486,0.0006056855772305381
2004-03-05,14.48,26.54,0.3788420991568634,1897312571.486,0.0006056855772305381
2004-03-08,15.79,26.54,0.3788420991568634,1897312571.486,0.0006056855772305381
2004-03-09,16.6,26.54,0.3788420991568634,1897312571.486,0.0006056855772305381
2004-03-10,18.67,26.54,0.3788420991568634,1897312571.486,0.0006056855772305381
2004-03-11,20.67,26.54,0.3788420991568634,1897312571.486,0.0006056855772305381
2004-03-12,18.3,26.54,0.3788420991568634,1897312571.486,0.0006056855772305381
2004-03-15,21.13,26.54,0.3788420991568634,1897312571.486,0.0006056855772305381
2004-03-16,20.34,26.54,0.3788420991568634,1897312571.486,0.0006056855772305381
2004-03-17,18.11,26.54,0.3788420991568634,1897312571.486,0.0006056855772305381
2004-03-18,18.53,26.54,0.3788420991568634,1897312571.486,0.0006056855772305381
2004-03-19,19.15,26.54,0.3788420991568634,1897312571.486,0.0006056855772305381
2004-03-22,21.58,26.54,0.3788420991568634,1897312571.486,0.0006056855772305381
2004-03-23,20.67,26.54,0.3788420991568634,1897312571.486,0.0006056855772305381
2004-03-24,19.81,26.54,0.3788420991568634,1897312571.486,0.0006056855772305381
2004-03-25,17.88,26.54,0.3788420991568634,1897312571.486,0.0006056855772305381
2004-03-26,17.33,26.54,0.3788420991568634,1897312571.486,0.0006056855772305381
2004-03-29,16.5,26.54,0.3788420991568634,1897312571.486,0.0006056855772305381
2004-03-30,16.28,26.54,0.3788420991568634,1897312571.486,0.0006056855772305381
2004-03-31,16.74,26.54,0.3788420991568634,1897312571.486,0.0006056855772305381
2004-04-01,16.65,26.54,0.3788420991568634,1897312571.486,0.0006056855772305381
2004-04-02,15.64,26.54,0.3788420991568634,1897312571.486,0.0006056855772305381
2004-04-05,14.97,26.54,0.3788420991568634,1897312571.486,0.0006056855772305381
2004-04-06,15.32,26.54,0.3788420991568634,1897312571.486,0.0006056855772305381
2004-04-07,15.76,26.54,0.3788420991568634,1897312571.486,0.0006056855772305381
2004-04-08,16.26,26.54,0.3788420991568634,1897312571.486,0.0006056855772305381
2004-04-12,15.28,26.54,0.3788420991568634,1897312571.486,0.0006056855772305381
2004-04-13,17.26,26.54,0.3788420991568634,1897312571.486,0.0006056855772305381
2004-04-14,15.62,26.54,0.3788420991568634,1897312571.486,0.0006056855772305381
2004-04-15,15.74,26.54,0.3788420991568634,1897312571.486,0.0006056855772305381
2004-04-16,14.94,26.54,0.3788420991568634,1897312571.486,0.0006056855772305381
2004-04-19,15.42,26.54,0.3788420991568634,1897312571.486,0.0006056855772305381
2004-04-20,16.67,26.54,0.3788420991568634,1897312571.486,0.0006056855772305381
2004-04-21,15.6,26.54,0.3788420991568634,1897312571.486,0.0006056855772305381
2004-04-22,14.61,26.54,0.3788420991568634,1897312571.486,0.0006056855772305381
2004-04-23,14.01,26.54,0.3788420991568634,1897312571.486,0.0006056855772305381
2004-04-26,14.77,26.54,0.3788420991568634,1897312571.486,0.0006056855772305381
2004-04-27,15.07,26.54,0.3788420991568634,1897312571.486,0.0006056855772305381
2004-04-28,16.29,26.54,0.3788420991568634,1897312571.486,0.0006056855772305381
2004-04-29,16.6,26.54,0.3788420991568634,1897312571.486,0.0006056855772305381
2004-04-30,17.19,26.54,0.3788420991568634,1897312571.486,0.0006056855772305381
2004-05-03,16.62,26.54,0.3788420991568634,1897312571.486,0.0006056855772305381
2004-05-04,16.55,26.54,0.3788420991568634,1897312571.486,0.0006056855772305381
2004-05-05,15.77,26.54,0.3788420991568634,1897312571.486,0.0006056855772305381
2004-05-06,17.05,26.54,0.3788420991568634,1897312571.486,0.0006056855772305381
2004-05-07,18.13,26.54,0.3788420991568634,1897312571.486,0.0006056855772305381
2004-05-10,19.77,26.54,0.3788420991568634,1897312571.486,0.0006056855772305381
2004-05-11,18.57,26.54,0.3788420991568634,1897312571.486,0.0006056855772305381
2004-05-12,18.14,26.54,0.3788420991568634,1897312571.486,0.0006056855772305381
2004-05-13,18.86,26.54,0.3788420991568634,1897312571.486,0.0006056855772305381
2004-05-14,18.47,26.54,0.3788420991568634,1897312571.486,0.0006056855772305381
2004-05-17,19.96,26.54,0.3788420991568634,1897312571.486,0.0006056855772305381
2004-05-18,19.33,26.54,0.3788420991568634,1897312571.486,0.0006056855772305381
2004-05-19,18.93,26.54,0.3788420991568634,1897312571.486,0.0006056855772305381
2004-05-20,18.67,26.54,0.3788420991568634,1897312571.486,0.0006056855772305381
2004-05-21,18.49,26.54,0.3788420991568634,1897312571.486,0.0006056855772305381
2004-05-24,18.08,26.54,0.3788420991568634,1897312571.486,0.0006056855772305381
2004-05-25,15.96,26.54,0.3788420991568634,1897312571.486,0.0006056855772305381
2004-05-26,15.97,26.54,0.3788420991568634,1897312571.486,0.0006056855772305381
2004-05-27,15.28,26.54,0.3788420991568634,1897312571.486,0.0006056855772305381
2004-05-28,15.5,26.54,0.3788420991568634,1897312571.486,0.0006056855772305381
2004-06-01,16.3,26.54,0.3788420991568634,1897312571.486,0.0006056855772305381
2004-06-02,16.08,26.54,0.3788420991568634,1897312571.486,0.0006056855772305381
2004-06-03,17.03,26.54,0.3788420991568634,1897312571.486,0.0006056855772305381
2004-06-04,16.78,26.54,0.3788420991568634,1897312571.486,0.0006056855772305381
2004-06-07,15.39,26.54,0.3788420991568634,1897312571.486,0.0006056855772305381
2004-06-08,15.01,26.54,0.3788420991568634,1897312571.486,0.0006056855772305381
2004-06-09,15.39,26.54,0.3788420991568634,1897312571.486,0.0006056855772305381
2004-06-10,15.04,26.54,0.3788420991568634,1897312571.486,0.0006056855772305381
2004-06-11,15.04,26.54,0.3788420991568634,1897312571.486,0.0006056855772305381
2004-06-14,16.07,26.54,0.3788420991568634,1897312571.486,0.0006056855772305381
2004-06-15,15.05,26.54,0.3788420991568634,1897312571.486,0.0006056855772305381
2004-06-16,14.79,26.54,0.3788420991568634,1897312571.486,0.0006056855772305381
2004-06-17,15.15,26.54,0.3788420991568634,1897312571.486,0.0006056855772305381
2004-06-18,14.99,26.54,0.3788420991568634,1897312571.486,0.0006056855772305381
2004-06-21,15.26,26.54,0.3788420991568634,1897312571.486,0.0006056855772305381
2004-06-22,14.31,26.54,0.3788420991568634,1897312571.486,0.0006056855772305381
2004-06-23,13.98,26.54,0.3788420991568634,1897312571.486,0.0006056855772305381
2004-06-24,14.81,26.54,0.3788420991568634,1897312571.486,0.0006056855772305381
2004-06-25,15.19,26.54,0.3788420991568634,1897312571.486,0.0006056855772305381
2004-06-28,16.07,26.54,0.3788420991568634,1897312571.486,0.0006056855772305381
2004-06-29,15.47,26.54,0.3788420991568634,1897312571.486,0.0006056855772305381
2004-06-30,14.34,26.54,0.3788420991568634,1897312571.486,0.0006056855772305381
2004-07-01,15.2,26.54,0.3788420991568634,1897312571.486,0.0006056855772305381
2004-07-02,15.08,26.54,0.3788420991568634,1897312571.486,0.0006056855772305381
2004-07-06,16.25,26.54,0.3788420991568634,1897312571.486,0.0006056855772305381
2004-07-07,15.81,26.54,0.3788420991568634,1897312571.486,0.0006056855772305381
2004-07-08,16.2,26.54,0.3788420991568634,1897312571.486,0.0006056855772305381
2004-07-09,15.78,26.54,0.3788420991568634,1897312571.486,0.0006056855772305381
2004-07-12,14.96,26.54,0.3788420991568634,1897312571.486,0.0006056855772305381
2004-07-13,14.46,26.54,0.3788420991568634,1897312571.486,0.0006056855772305381
2004-07-14,13.76,26.54,0.3788420991568634,1897312571.486,0.0006056855772305381
2004-07-15,14.71,26.54,0.3788420991568634,1897312571.486,0.0006056855772305381
2004-07-16,14.34,26.54,0.3788420991568634,1897312571.486,0.0006056855772305381
2004-07-19,15.17,26.54,0.3788420991568634,1897312571.486,0.0006056855772305381
2004-07-20,14.17,26.54,0.3788420991568634,1897312571.486,0.0006056855772305381
2004-07-21,16.41,26.54,0.3788420991568634,1897312571.486,0.0006056855772305381
2004-07-22,15.75,26.54,0.3788420991568634,1897312571.486,0.0006056855772305381
2004-07-23,16.5,26.54,0.3788420991568634,1897312571.486,0.0006056855772305381
2004-07-26,17.3,26.54,0.3788420991568634,1897312571.486,0.0006056855772305381
2004-07-27,16.55,26.54,0.3788420991568634,1897312571.486,0.0006056855772305381
2004-07-28,16.15,26.54,0.3788420991568634,1897312571.486,0.0006056855772305381
2004-07-29,15.68,26.54,0.3788420991568634,1897312571.486,0.0006056855772305381
2004-07-30,15.32,26.54,0.3788420991568634,1897312571.486,0.0006056855772305381
2004-08-02,15.37,26.54,0.3788420991568634,1897312571.486,0.0006056855772305381
2004-08-03,16.03,26.54,0.3788420991568634,1897312571.486,0.0006056855772305381
2004-08-04,16.21,26.54,0.3788420991568634,1897312571.486,0.0006056855772305381
2004-08-05,18.32,26.54,0.3788420991568634,1897312571.486,0.0006056855772305381
2004-08-06,19.34,26.54,0.3788420991568634,1897312571.486,0.0006056855772305381
2004-08-09,18.89,26.54,0.3788420991568634,1897312571.486,0.0006056855772305381
2004-08-10,17.47,26.54,0.3788420991568634,1897312571.486,0.0006056855772305381
2004-08-11,18.04,26.54,0.3788420991568634,1897312571.486,0.0006056855772305381
2004-08-12,19.08,26.54,0.3788420991568634,1897312571.486,0.0006056855772305381
2004-08-13,17.98,26.54,0.3788420991568634,1897312571.486,0.0006056855772305381
2004-08-16,17.57,26.54,0.3788420991568634,1897312571.486,0.0006056855772305381
2004-08-17,17.02,26.54,0.3788420991568634,1897312571.486,0.0006056855772305381
2004-08-18,16.23,26.54,0.3788420991568634,1897312571.486,0.0006056855772305381
2004-08-19,16.96,26.54,0.3788420991568634,1897312571.486,0.0006056855772305381
2004-08-20,16.0,26.54,0.3788420991568634,1897312571.486,0.0006056855772305381
2004-08-23,15.88,26.54,0.3788420991568634,1897312571.486,0.0006056855772305381
2004-08-24,15.33,26.54,0.3788420991568634,1897312571.486,0.0006056855772305381
2004-08-25,14.98,26.54,0.3788420991568634,1897312571.486,0.0006056855772305381
2004-08-26,14.91,26.54,0.3788420991568634,1897312571.486,0.0006056855772305381
2004-08-27,14.71,26.54,0.3788420991568634,1897312571.486,0.0006056855772305381
2004-08-30,15.44,26.54,0.3788420991568634,1897312571.486,0.0006056855772305381
2004-08-31,15.29,26.54,0.3788420991568634,1897312571.486,0.0006056855772305381
2004-09-01,14.91,26.54,0.3788420991568634,1897312571.486,0.0006056855772305381
2004-09-02,14.28,26.54,0.3788420991568634,1897312571.486,0.0006056855772305381
2004-09-03,13.91,26.54,0.3788420991568634,1897312571.486,0.0006056855772305381
2004-09-07,14.07,26.54,0.3788420991568634,1897312571.486,0.0006056855772305381
2004-09-08,14.06,26.54,0.3788420991568634,1897312571.486,0.0006056855772305381
2004-09-09,14.01,26.54,0.3788420991568634,1897312571.486,0.0006056855772305381
2004-09-10,13.76,26.54,0.3788420991568634,1897312571.486,0.0006056855772305381
2004-09-13,13.17,26.54,0.3788420991568634,1897312571.486,0.0006056855772305381
2004-09-14,13.56,26.54,0.3788420991568634,1897312571.486,0.0006056855772305381
2004-09-15,14.64,26.54,0.3788420991568634,1897312571.486,0.0006056855772305381
2004-09-16,14.39,26.54,0.3788420991568634,1897312571.486,0.0006056855772305381
2004-09-17,14.03,26.54,0.3788420991568634,1897312571.486,0.0006056855772305381
2004-09-20,14.43,26.54,0.3788420991568634,1897312571.486,0.0006056855772305381
2004-09-21,13.66,26.54,0.3788420991568634,1897312571.486,0.0006056855772305381
2004-09-22,14.74,26.54,0.3788420991568634,1897312571.486,0.0006056855772305381
2004-09-23,14.8,26.54,0.3788420991568634,1897312571.486,0.0006056855772305381
2004-09-24,14.28,26.54,0.3788420991568634,1897312571.486,0.0006056855772305381
2004-09-27,14.62,26.54,0.3788420991568634,1897312571.486,0.0006056855772305381
2004-09-28,13.83,26.54,0.3788420991568634,1897312571.486,0.0006056855772305381
2004-09-29,13.21,26.54,0.3788420991568634,1897312571.486,0.0006056855772305381
2004-09-30,13.34,26.54,0.3788420991568634,1897312571.486,0.0006056855772305381
2004-10-01,12.75,26.54,0.3788420991568634,1897312571.486,0.0006056855772305381
2004-10-04,13.41,26.54,0.3788420991568634,1897312571.486,0.0006056855772305381
2004-10-05,13.95,26.54,0.3788420991568634,1897312571.486,0.0006056855772305381
2004-10-06,13.28,26.54,0.3788420991568634,1897312571.486,0.0006056855772305381
2004-10-07,14.5,26.54,0.3788420991568634,1897312571.486,0.0006056855772305381
2004-10-08,15.05,26.54,0.3788420991568634,1897312571.486,0.0006056855772305381
2004-10-11,14.71,26.54,0.3788420991568634,1897312571.486,0.0006056855772305381
2004-10-12,15.05,26.54,0.3788420991568634,1897312571.486,0.0006056855772305381
2004-10-13,15.42,26.54,0.3788420991568634,1897312571.486,0.0006056855772305381
2004-10-14,16.43,26.54,0.3788420991568634,1897312571.486,0.0006056855772305381
2004-10-15,15.04,26.54,0.3788420991568634,1897312571.486,0.0006056855772305381
2004-10-18,14.71,26.54,0.3788420991568634,1897312571.486,0.0006056855772305381
2004-10-19,15.13,26.54,0.3788420991568634,1897312571.486,0.0006056855772305381
2004-10-20,14.85,26.54,0.3788420991568634,1897312571.486,0.0006056855772305381
2004-10-21,14.54,26.54,0.3788420991568634,1897312571.486,0.0006056855772305381
2004-10-22,15.28,26.54,0.3788420991568634,1897312571.486,0.0006056855772305381
2004-10-25,16.58,26.54,0.3788420991568634,1897312571.486,0.0006056855772305381
2004-10-26,16.39,26.54,0.3788420991568634,1897312571.486,0.0006056855772305381
2004-10-27,15.72,26.54,0.3788420991568634,1897312571.486,0.0006056855772305381
2004-10-28,15.39,26.54,0.3788420991568634,1897312571.486,0.0006056855772305381
2004-10-29,16.27,26.54,0.3788420991568634,1897312571.486,0.0006056855772305381
2004-11-01,16.27,26.54,0.3788420991568634,1897312571.486,0.0006056855772305381
2004-11-02,16.18,26.54,0.3788420991568634,1897312571.486,0.0006056855772305381
2004-11-03,14.04,26.54,0.3788420991568634,1897312571.486,0.0006056855772305381
2004-11-04,13.97,26.54,0.3788420991568634,1897312571.486,0.0006056855772305381
2004-11-05,13.84,26.54,0.3788420991568634,1897312571.486,0.0006056855772305381
2004-11-08,13.8,26.54,0.3788420991568634,1897312571.486,0.0006056855772305381
2004-11-09,13.61,26.54,0.3788420991568634,1897312571.486,0.0006056855772305381
2004-11-10,13.08,26.54,0.3788420991568634,1897312571.486,0.0006056855772305381
2004-11-11,13.04,26.54,0.3788420991568634,1897312571.486,0.0006056855772305381
2004-11-12,13.33,26.54,0.3788420991568634,1897312571.486,0.0006056855772305381
2004-11-15,13.38,26.54,0.3788420991568634,1897312571.486,0.0006056855772305381
2004-11-16,13.21,26.54,0.3788420991568634,1897312571.486,0.0006056855772305381
2004-11-17,13.21,26.54,0.3788420991568634,1897312571.486,0.0006056855772305381
2004-11-18,12.98,26.54,0.3788420991568634,1897312571.486,0.0006056855772305381
2004-11-19,13.5,26.54,0.3788420991568634,1897312571.486,0.0006056855772305381
2004-11-22,12.97,26.54,0.3788420991568634,1897312571.486,0.0006056855772305381
2004-11-23,12.67,26.54,0.3788420991568634,1897312571.486,0.0006056855772305381
2004-11-24,12.72,26.54,0.3788420991568634,1897312571.486,0.0006056855772305381
2004-11-26,12.79,26.54,0.3788420991568634,1897312571.486,0.0006056855772305381
2004-11-29,13.3,26.54,0.3788420991568634,1897312571.486,0.0006056855772305381
2004-11-30,13.24,26.54,0.3788420991568634,1897312571.486,0.0006056855772305381
2004-12-01,12.97,26.54,0.3788420991568634,1897312571.486,0.0006056855772305381
2004-12-02,12.98,26.54,0.3788420991568634,1897312571.486,0.0006056855772305381
2004-12-03,12.96,26.54,0.3788420991568634,1897312571.486,0.0006056855772305381
2004-12-06,13.19,26.54,0.3788420991568634,1897312571.486,0.0006056855772305381
2004-12-07,13.67,26.54,0.3788420991568634,1897312571.486,0.0006056855772305381
2004-12-08,13.19,26.54,0.3788420991568634,1897312571.486,0.0006056855772305381
2004-12-09,12.88,26.54,0.3788420991568634,1897312571.486,0.0006056855772305381
2004-12-10,12.76,26.54,0.3788420991568634,1897312571.486,0.0006056855772305381
2004-12-13,12.54,26.54,0.3788420991568634,1897312571.486,0.0006056855772305381
2004-12-14,12.73,26.54,0.3788420991568634,1897312571.486,0.0006056855772305381
2004-12-15,12.35,26.54,0.3788420991568634,1897312571.486,0.0006056855772305381
2004-12-16,12.27,26.54,0.3788420991568634,1897312571.486,0.0006056855772305381
2004-12-17,11.95,26.54,0.3788420991568634,1897312571.486,0.0006056855772305381
2004-12-20,11.83,26.54,0.3788420991568634,1897312571.486,0.0006056855772305381
2004-12-21,11.55,26.54,0.3788420991568634,1897312571.486,0.0006056855772305381
2004-12-22,11.45,26.54,0.3788420991568634,1897312571.486,0.0006056855772305381
2004-12-23,11.23,26.54,0.3788420991568634,1897312571.486,0.0006056855772305381
2004-12-27,12.14,26.54,0.3788420991568634,1897312571.486,0.0006056855772305381
2004-12-28,12.0,26.54,0.3788420991568634,1897312571.486,0.0006056855772305381
2004-12-29,11.62,26.54,0.3788420991568634,1897312571.486,0.0006056855772305381
2004-12-30,12.56,26.54,0.3788420991568634,1897312571.486,0.0006056855772305381
2004-12-31,13.29,26.54,0.3788420991568634,1897312571.486,0.0006056855772305381
2005-01-03,14.08,26.54,0.3788420991568634,1897312571.486,0.0006056855772305381
2005-01-04,13.98,26.54,0.3788420991568634,1897312571.486,0.0006056855772305381
2005-01-05,14.09,26.54,0.3788420991568634,1897312571.486,0.0006056855772305381
2005-01-06,13.58,26.54,0.3788420991568634,1897312571.486,0.0006056855772305381
2005-01-07,13.49,26.54,0.3788420991568634,1897312571.486,0.0006056855772305381
2005-01-10,13.23,26.54,0.3788420991568634,1897312571.486,0.0006056855772305381
2005-01-11,13.19,26.54,0.3788420991568634,1897312571.486,0.0006056855772305381
2005-01-12,12.56,26.54,0.3788420991568634,1897312571.486,0.0006056855772305381
2005-01-13,12.84,26.54,0.3788420991568634,1897312571.486,0.0006056855772305381
2005-01-14,12.43,26.54,0.3788420991568634,1897312571.486,0.0006056855772305381
2005-01-18,12.47,26.54,0.3788420991568634,1897312571.486,0.0006056855772305381
2005-01-19,13.18,26.54,0.3788420991568634,1897312571.486,0.0006056855772305381
2005-01-20,13.83,26.54,0.3788420991568634,1897312571.486,0.0006056855772305381
2005-01-21,14.36,26.54,0.3788420991568634,1897312571.486,0.0006056855772305381
2005-01-24,14.65,26.54,0.3788420991568634,1897312571.486,0.0006056855772305381
2005-01-25,14.06,26.54,0.3788420991568634,1897312571.486,0.0006056855772305381
2005-01-26,13.44,26.54,0.3788420991568634,1897312571.486,0.0006056855772305381
2005-01-27,13.24,26.54,0.3788420991568634,1897312571.486,0.0006056855772305381
2005-01-28,13.24,26.54,0.3788420991568634,1897312571.486,0.0006056855772305381
2005-01-31,12.82,26.54,0.3788420991568634,1897312571.486,0.0006056855772305381
2005-02-01,12.03,26.54,0.3788420991568634,1897312571.486,0.0006056855772305381
2005-02-02,11.66,26.54,0.3788420991568634,1897312571.486,0.0006056855772305381
2005-02-03,11.79,26.54,0.3788420991568634,1897312571.486,0.0006056855772305381
2005-02-04,11.21,26.54,0.3788420991568634,1897312571.486,0.0006056855772305381
2005-02-07,11.73,26.54,0.3788420991568634,1897312571.486,0.0006056855772305381
2005-02-08,11.6,26.54,0.3788420991568634,1897312571.486,0.0006056855772305381
2005-02-09,12.0,26.54,0.3788420991568634,1897312571.486,0.0006056855772305381
2005-02-10,11.51,26.54,0.3788420991568634,1897312571.486,0.0006056855772305381
2005-02-11,11.43,26.54,0.3788420991568634,1897312571.486,0.0006056855772305381
2005-02-14,11.52,26.54,0.3788420991568634,1897312571.486,0.0006056855772305381
2005-02-15,11.27,26.54,0.3788420991568634,1897312571.486,0.0006056855772305381
2005-02-16,11.1,26.54,0.3788420991568634,1897312571.486,0.0006056855772305381
2005-02-17,11.77,26.54,0.3788420991568634,1897312571.486,0.0006056855772305381
2005-02-18,11.18,26.54,0.3788420991568634,1897312571.486,0.0006056855772305381
2005-02-22,13.14,26.54,0.3788420991568634,1897312571.486,0.0006056855772305381
2005-02-23,12.39,26.54,0.3788420991568634,1897312571.486,0.0006056855772305381
2005-02-24,11.57,26.54,0.3788420991568634,1897312571.486,0.0006056855772305381
2005-02-25,11.49,26.54,0.3788420991568634,1897312571.486,0.0006056855772305381
2005-02-28,12.08,26.54,0.3788420991568634,1897312571.486,0.0006056855772305381
2005-03-01,12.04,26.54,0.3788420991568634,1897312571.486,0.0006056855772305381
2005-03-02,12.5,26.54,0.3788420991568634,1897312571.486,0.0006056855772305381
2005-03-03,12.93,26.54,0.3788420991568634,1897312571.486,0.0006056855772305381
2005-03-04,11.94,26.54,0.3788420991568634,1897312571.486,0.0006056855772305381
2005-03-07,12.26,26.54,0.3788420991568634,1897312571.486,0.0006056855772305381
2005-03-08,12.4,26.54,0.3788420991568634,1897312571.486,0.0006056855772305381
2005-03-09,12.7,26.54,0.3788420991568634,1897312571.486,0.0006056855772305381
2005-03-10,12.49,26.54,0.3788420991568634,1897312571.486,0.0006056855772305381
2005-03-11,12.8,26.54,0.3788420991568634,1897312571.486,0.0006056855772305381
2005-03-14,12.39,26.54,0.3788420991568634,1897312571.486,0.0006056855772305381
2005-03-15,13.15,26.54,0.3788420991568634,1897312571.486,0.0006056855772305381
2005-03-16,13.49,26.54,0.3788420991568634,1897312571.486,0.0006056855772305381
2005-03-17,13.29,26.54,0.3788420991568634,1897312571.486,0.0006056855772305381
2005-03-18,13.14,26.54,0.3788420991568634,1897312571.486,0.0006056855772305381
2005-03-21,13.61,26.54,0.3788420991568634,1897312571.486,0.0006056855772305381
2005-03-22,14.27,26.54,0.3788420991568634,1897312571.486,0.0006056855772305381
2005-03-23,14.06,26.54,0.3788420991568634,1897312571.486,0.0006056855772305381
2005-03-24,13.42,26.54,0.3788420991568634,1897312571.486,0.0006056855772305381
2005-03-28,13.75,26.54,0.3788420991568634,1897312571.486,0.0006056855772305381
2005-03-29,14.49,26.54,0.3788420991568634,1897312571.486,0.0006056855772305381
2005-03-30,13.64,26.54,0.3788420991568634,1897312571.486,0.0006056855772305381
2005-03-31,14.02,26.54,0.3788420991568634,1897312571.486,0.0006056855772305381
2005-04-01,14.09,26.54,0.3788420991568634,1897312571.486,0.0006056855772305381
2005-04-04,14.11,26.54,0.3788420991568634,1897312571.486,0.0006056855772305381
2005-04-05,13.68,26.54,0.3788420991568634,1897312571.486,0.0006056855772305381
2005-04-06,13.15,26.54,0.3788420991568634,1897312571.486,0.0006056855772305381
2005-04-07,12.33,26.54,0.3788420991568634,1897312571.486,0.0006056855772305381
2005-04-08,12.62,26.54,0.3788420991568634,1897312571.486,0.0006056855772305381
2005-04-11,11.98,26.54,0.3788420991568634,1897312571.486,0.0006056855772305381
2005-04-12,11.3,26.54,0.3788420991568634,1897312571.486,0.0006056855772305381
2005-04-13,13.31,26.54,0.3788420991568634,1897312571.486,0.0006056855772305381
2005-04-14,14.53,26.54,0.3788420991568634,1897312571.486,0.0006056855772305381
2005-04-15,17.74,26.54,0.3788420991568634,1897312571.486,0.0006056855772305381
2005-04-18,16.56,26.54,0.3788420991568634,1897312571.486,0.0006056855772305381
2005-04-19,14.96,26.54,0.3788420991568634,1897312571.486,0.0006056855772305381
2005-04-20,16.92,26.54,0.3788420991568634,1897312571.486,0.0006056855772305381
2005-04-21,14.41,26.54,0.3788420991568634,1897312571.486,0.0006056855772305381
2005-04-22,15.38,26.54,0.3788420991568634,1897312571.486,0.0006056855772305381
2005-04-25,14.62,26.54,0.3788420991568634,1897312571.486,0.0006056855772305381
2005-04-26,14.91,26.54,0.3788420991568634,1897312571.486,0.0006056855772305381
2005-04-27,14.87,26.54,0.3788420991568634,1897312571.486,0.0006056855772305381
2005-04-28,16.86,26.54,0.3788420991568634,1897312571.486,0.0006056855772305381
2005-04-29,15.31,26.54,0.3788420991568634,1897312571.486,0.0006056855772305381
2005-05-02,15.12,26.54,0.3788420991568634,1897312571.486,0.0006056855772305381
2005-05-03,14.53,26.54,0.3788420991568634,1897312571.486,0.0006056855772305381
2005-05-04,13.85,26.54,0.3788420991568634,1897312571.486,0.0006056855772305381
2005-05-05,13.98,26.54,0.3788420991568634,1897312571.486,0.0006056855772305381
2005-05-06,14.05,26.54,0.3788420991568634,1897312571.486,0.0006056855772305381
2005-05-09,13.75,26.54,0.3788420991568634,1897312571.486,0.0006056855772305381
2005-05-10,14.91,26.54,0.3788420991568634,1897312571.486,0.0006056855772305381
2005-05-11,14.45,26.54,0.3788420991568634,1897312571.486,0.0006056855772305381
2005-05-12,16.12,26.54,0.3788420991568634,1897312571.486,0.0006056855772305381
2005-05-13,16.32,26.54,0.3788420991568634,1897312571.486,0.0006056855772305381
2005-05-16,15.68,26.54,0.3788420991568634,1897312571.486,0.0006056855772305381
2005-05-17,14.57,26.54,0.3788420991568634,1897312571.486,0.0006056855772305381
2005-05-18,13.63,26.54,0.3788420991568634,1897312571.486,0.0006056855772305381
2005-05-19,13.32,26.54,0.3788420991568634,1897312571.486,0.0006056855772305381
2005-05-20,13.14,26.54,0.3788420991568634,1897312571.486,0.0006056855772305381
2005-05-23,12.95,26.54,0.3788420991568634,1897312571.486,0.0006056855772305381
2005-05-24,12.69,26.54,0.3788420991568634,1897312571.486,0.0006056855772305381
2005-05-25,12.58,26.54,0.3788420991568634,1897312571.486,0.0006056855772305381
2005-05-26,12.24,26.54,0.3788420991568634,1897312571.486,0.0006056855772305381
2005-05-27,12.15,26.54,0.3788420991568634,1897312571.486,0.0006056855772305381
2005-05-31,13.29,26.54,0.3788420991568634,1897312571.486,0.0006056855772305381
2005-06-01,12.36,26.54,0.3788420991568634,1897312571.486,0.0006056855772305381
2005-06-02,11.84,26.54,0.3788420991568634,1897312571.486,0.0006056855772305381
2005-06-03,12.15,26.54,0.3788420991568634,1897312571.486,0.0006056855772305381
2005-06-06,12.28,26.54,0.3788420991568634,1897312571.486,0.0006056855772305381
2005-06-07,12.39,26.54,0.3788420991568634,1897312571.486,0.0006056855772305381
2005-06-08,12.7,26.54,0.3788420991568634,1897312571.486,0.0006056855772305381
2005-06-09,12.08,26.54,0.3788420991568634,1897312571.486,0.0006056855772305381
2005-06-10,11.96,26.54,0.3788420991568634,1897312571.486,0.0006056855772305381
2005-06-13,11.65,26.54,0.3788420991568634,1897312571.486,0.0006056855772305381
2005-06-14,11.79,26.54,0.3788420991568634,1897312571.486,0.0006056855772305381
2005-06-15,11.46,26.54,0.3788420991568634,1897312571.486,0.0006056855772305381
2005-06-16,11.15,26.54,0.3788420991568634,1897312571.486,0.0006056855772305381
2005-06-17,11.48,26.54,0.3788420991568634,1897312571.486,0.0006056855772305381
2005-06-20,11.47,26.54,0.3788420991568634,1897312571.486,0.0006056855772305381
2005-06-21,11.08,26.54,0.3788420991568634,1897312571.486,0.0006056855772305381
2005-06-22,11.05,26.54,0.3788420991568634,1897312571.486,0.0006056855772305381
2005-06-23,12.13,26.54,0.3788420991568634,1897312571.486,0.0006056855772305381
2005-06-24,12.18,26.54,0.3788420991568634,1897312571.486,0.0006056855772305381
2005-06-27,12.52,26.54,0.3788420991568634,1897312571.486,0.0006056855772305381
2005-06-28,11.58,26.54,0.3788420991568634,1897312571.486,0.0006056855772305381
2005-06-29,11.77,26.54,0.3788420991568634,1897312571.486,0.0006056855772305381
2005-06-30,12.04,26.54,0.3788420991568634,1897312571.486,0.0006056855772305381
2005-07-01,11.4,26.54,0.3788420991568634,1897312571.486,0.0006056855772305381
2005-07-05,11.68,26.54,0.3788420991568634,1897312571.486,0.0006056855772305381
2005-07-06,12.27,26.54,0.3788420991568634,1897312571.486,0.0006056855772305381
2005-07-07,12.49,26.54,0.3788420991568634,1897312571.486,0.0006056855772305381
2005-07-08,11.45,26.54,0.3788420991568634,1897312571.486,0.0006056855772305381
2005-07-11,11.28,26.54,0.3788420991568634,1897312571.486,0.0006056855772305381
2005-07-12,10.95,26.54,0.3788420991568634,1897312571.486,0.0006056855772305381
2005-07-13,10.84,26.54,0.3788420991568634,1897312571.486,0.0006056855772305381
2005-07-14,10.81,26.54,0.3788420991568634,1897312571.486,0.0006056855772305381
2005-07-15,10.33,26.54,0.3788420991568634,1897312571.486,0.0006056855772305381
2005-07-18,10.77,26.54,0.3788420991568634,1897312571.486,0.0006056855772305381
2005-07-19,10.45,26.54,0.3788420991568634,1897312571.486,0.0006056855772305381
2005-07-20,10.23,26.54,0.3788420991568634,1897312571.486,0.0006056855772305381
2005-07-21,10.97,26.54,0.3788420991568634,1897312571.486,0.0006056855772305381
2005-07-22,10.52,26.54,0.3788420991568634,1897312571.486,0.0006056855772305381
2005-07-25,11.1,26.54,0.3788420991568634,1897312571.486,0.0006056855772305381
2005-07-26,10.99,26.54,0.3788420991568634,1897312571.486,0.0006056855772305381
2005-07-27,10.36,26.54,0.3788420991568634,1897312571.486,0.0006056855772305381
2005-07-28,10.52,26.54,0.3788420991568634,1897312571.486,0.0006056855772305381
2005-07-29,11.57,26.54,0.3788420991568634,1897312571.486,0.0006056855772305381
2005-08-01,12.08,26.54,0.3788420991568634,1897312571.486,0.0006056855772305381
2005-08-02,11.75,26.54,0.3788420991568634,1897312571.486,0.0006056855772305381
2005-08-03,11.83,26.54,0.3788420991568634,1897312571.486,0.0006056855772305381
2005-08-04,12.52,26.54,0.3788420991568634,1897312571.486,0.0006056855772305381
2005-08-05,12.48,26.54,0.3788420991568634,1897312571.486,0.0006056855772305381
2005-08-08,13.21,26.54,0.3788420991568634,1897312571.486,0.0006056855772305381
2005-08-09,12.4,26.54,0.3788420991568634,1897312571.486,0.0006056855772305381
2005-08-10,12.38,26.54,0.3788420991568634,1897312571.486,0.0006056855772305381
2005-08-11,12.42,26.54,0.3788420991568634,1897312571.486,0.0006056855772305381
2005-08-12,12.74,26.54,0.3788420991568634,1897312571.486,0.0006056855772305381
2005-08-15,12.26,26.54,0.3788420991568634,1897312571.486,0.0006056855772305381
2005-08-16,13.52,26.54,0.3788420991568634,1897312571.486,0.0006056855772305381
2005-08-17,13.3,26.54,0.3788420991568634,1897312571.486,0.0006056855772305381
2005-08-18,13.42,26.54,0.3788420991568634,1897312571.486,0.0006056855772305381
2005-08-19,13.42,26.54,0.3788420991568634,1897312571.486,0.0006056855772305381
2005-08-22,13.42,26.54,0.3788420991568634,1897312571.486,0.0006056855772305381
2005-08-23,13.34,26.54,0.3788420991568634,1897312571.486,0.0006056855772305381
2005-08-24,14.17,26.54,0.3788420991568634,1897312571.486,0.0006056855772305381
2005-08-25,13.73,26.54,0.3788420991568634,1897312571.486,0.0006056855772305381
2005-08-26,13.72,26.54,0.3788420991568634,1897312571.486,0.0006056855772305381
2005-08-29,13.52,26.54,0.3788420991568634,1897312571.486,0.0006056855772305381
2005-08-30,13.65,26.54,0.3788420991568634,1897312571.486,0.0006056855772305381
2005-08-31,12.6,26.54,0.3788420991568634,1897312571.486,0.0006056855772305381
2005-09-01,13.15,26.54,0.3788420991568634,1897312571.486,0.0006056855772305381
2005-09-02,13.57,26.54,0.3788420991568634,1897312571.486,0.0006056855772305381
2005-09-06,12.93,26.54,0.3788420991568634,1897312571.486,0.0006056855772305381
2005-09-07,12.52,26.54,0.3788420991568634,1897312571.486,0.0006056855772305381
2005-09-08,12.93,26.54,0.3788420991568634,1897312571.486,0.0006056855772305381
2005-09-09,11.98,26.54,0.3788420991568634,1897312571.486,0.0006056855772305381
2005-09-12,11.65,26.54,0.3788420991568634,1897312571.486,0.0006056855772305381
2005-09-13,12.39,26.54,0.3788420991568634,1897312571.486,0.0006056855772305381
2005-09-14,12.91,26.54,0.3788420991568634,1897312571.486,0.0006056855772305381
2005-09-15,12.49,26.54,0.3788420991568634,1897312571.486,0.0006056855772305381
2005-09-16,11.22,26.54,0.3788420991568634,1897312571.486,0.0006056855772305381
2005-09-19,12.14,26.54,0.3788420991568634,1897312571.486,0.0006056855772305381
2005-09-20,12.64,26.54,0.3788420991568634,1897312571.486,0.0006056855772305381
2005-09-21,13.79,26.54,0.3788420991568634,1897312571.486,0.0006056855772305381
2005-09-22,13.33,26.54,0.3788420991568634,1897312571.486,0.0006056855772305381
2005-09-23,12.96,26.54,0.3788420991568634,1897312571.486,0.0006056855772305381
2005-09-26,13.04,26.54,0.3788420991568634,1897312571.486,0.0006056855772305381
2005-09-27,12.76,26.54,0.3788420991568634,1897312571.486,0.0006056855772305381
2005-09-28,12.63,26.54,0.3788420991568634,1897312571.486,0.0006056855772305381
2005-09-29,12.24,26.54,0.3788420991568634,1897312571.486,0.0006056855772305381
2005-09-30,11.92,26.54,0.3788420991568634,1897312571.486,0.0006056855772305381
2005-10-03,12.46,26.54,0.3788420991568634,1897312571.486,0.0006056855772305381
2005-10-04,13.2,26.54,0.3788420991568634,1897312571.486,0.0006056855772305381
2005-10-05,14.55,26.54,0.3788420991568634,1897312571.486,0.0006056855772305381
2005-10-06,14.96,26.54,0.3788420991568634,1897312571.486,0.0006056855772305381
2005-10-07,14.59,26.54,0.3788420991568634,1897312571.486,0.0006056855772305381
2005-10-10,15.55,26.54,0.3788420991568634,1897312571.486,0.0006056855772305381
2005-10-11,15.63,26.54,0.3788420991568634,1897312571.486,0.0006056855772305381
2005-10-12,16.22,26.54,0.3788420991568634,1897312571.486,0.0006056855772305381
2005-10-13,16.47,26.54,0.3788420991568634,1897312571.486,0.0006056855772305381
2005-10-14,14.87,26.54,0.3788420991568634,1897312571.486,0.0006056855772305381
2005-10-17,14.67,26.54,0.3788420991568634,1897312571.486,0.0006056855772305381
2005-10-18,15.33,26.54,0.3788420991568634,1897312571.486,0.0006056855772305381
2005-10-19,13.5,26.54,0.3788420991568634,1897312571.486,0.0006056855772305381
2005-10-20,16.11,26.54,0.3788420991568634,1897312571.486,0.0006056855772305381
2005-10-21,16.13,26.54,0.3788420991568634,1897312571.486,0.0006056855772305381
2005-10-24,14.74,26.54,0.3788420991568634,1897312571.486,0.0006056855772305381
2005-10-25,14.53,26.54,0.3788420991568634,1897312571.486,0.0006056855772305381
2005-10-26,14.59,26.54,0.3788420991568634,1897312571.486,0.0006056855772305381
2005-10-27,16.02,26.54,0.3788420991568634,1897312571.486,0.0006056855772305381
2005-10-28,14.25,26.54,0.3788420991568634,1897312571.486,0.0006056855772305381
2005-10-31,15.32,26.54,0.3788420991568634,1897312571.486,0.0006056855772305381
2005-11-01,14.85,26.54,0.3788420991568634,1897312571.486,0.0006056855772305381
2005-11-02,13.48,26.54,0.3788420991568634,1897312571.486,0.0006056855772305381
2005-11-03,13.0,26.54,0.3788420991568634,1897312571.486,0.0006056855772305381
2005-11-04,13.17,26.54,0.3788420991568634,1897312571.486,0.0006056855772305381
2005-11-07,13.1,26.54,0.3788420991568634,1897312571.486,0.0006056855772305381
2005-11-08,13.08,26.54,0.3788420991568634,1897312571.486,0.0006056855772305381
2005-11-09,12.8,26.54,0.3788420991568634,1897312571.486,0.0006056855772305381
2005-11-10,11.9,26.54,0.3788420991568634,1897312571.486,0.0006056855772305381
2005-11-11,11.63,26.54,0.3788420991568634,1897312571.486,0.0006056855772305381
2005-11-14,12.18,26.54,0.3788420991568634,1897312571.486,0.0006056855772305381
2005-11-15,12.23,26.54,0.3788420991568634,1897312571.486,0.0006056855772305381
2005-11-16,12.26,26.54,0.3788420991568634,1897312571.486,0.0006056855772305381
2005-11-17,11.25,26.54,0.3788420991568634,1897312571.486,0.0006056855772305381
2005-11-18,11.12,26.54,0.3788420991568634,1897312571.486,0.0006056855772305381
2005-11-21,10.82,26.54,0.3788420991568634,1897312571.486,0.0006056855772305381
2005-11-22,10.6,26.54,0.3788420991568634,1897312571.486,0.0006056855772305381
2005-11-23,10.96,26.54,0.3788420991568634,1897312571.486,0.0006056855772305381
2005-11-25,10.88,26.54,0.3788420991568634,1897312571.486,0.0006056855772305381
2005-11-28,11.84,26.54,0.3788420991568634,1897312571.486,0.0006056855772305381
2005-11-29,11.89,26.54,0.3788420991568634,1897312571.486,0.0006056855772305381
2005-11-30,12.06,26.54,0.3788420991568634,1897312571.486,0.0006056855772305381
2005-12-01,11.24,26.54,0.3788420991568634,1897312571.486,0.0006056855772305381
2005-12-02,11.01,26.54,0.3788420991568634,1897312571.486,0.0006056855772305381
2005-12-05,11.6,26.54,0.3788420991568634,1897312571.486,0.0006056855772305381
2005-12-06,11.52,26.54,0.3788420991568634,1897312571.486,0.0006056855772305381
2005-12-07,12.18,26.54,0.3788420991568634,1897312571.486,0.0006056855772305381
2005-12-08,12.21,26.54,0.3788420991568634,1897312571.486,0.0006056855772305381
2005-12-09,11.69,26.54,0.3788420991568634,1897312571.486,0.0006056855772305381
2005-12-12,11.47,26.54,0.3788420991568634,1897312571.486,0.0006056855772305381
2005-12-13,11.11,26.54,0.3788420991568634,1897312571.486,0.0006056855772305381
2005-12-14,10.48,26.54,0.3788420991568634,1897312571.486,0.0006056855772305381
2005-12-15,10.73,26.54,0.3788420991568634,1897312571.486,0.0006056855772305381
2005-12-16,10.68,26.54,0.3788420991568634,1897312571.486,0.0006056855772305381
2005-12-19,11.38,26.54,0.3788420991568634,1897312571.486,0.0006056855772305381
2005-12-20,11.19,26.54,0.3788420991568634,1897312571.486,0.0006056855772305381
2005-12-21,10.81,26.54,0.3788420991568634,1897312571.486,0.0006056855772305381
2005-12-22,10.29,26.54,0.3788420991568634,1897312571.486,0.0006056855772305381
2005-12-23,10.27,26.54,0.3788420991568634,1897312571.486,0.0006056855772305381
2005-12-27,11.57,26.54,0.3788420991568634,1897312571.486,0.0006056855772305381
2005-12-28,11.35,26.54,0.3788420991568634,1897312571.486,0.0006056855772305381
2005-12-29,11.61,26.54,0.3788420991568634,1897312571.486,0.0006056855772305381
2005-12-30,12.07,26.54,0.3788420991568634,1897312571.486,0.0006056855772305381
2006-01-03,11.14,26.54,0.3788420991568634,1897312571.486,0.0006056855772305381
2006-01-04,11.37,26.54,0.3788420991568634,1897312571.486,0.0006056855772305381
2006-01-05,11.31,26.54,0.3788420991568634,1897312571.486,0.0006056855772305381
2006-01-06,11.0,26.54,0.3788420991568634,1897312571.486,0.0006056855772305381
2006-01-09,11.13,26.54,0.3788420991568634,1897312571.486,0.0006056855772305381
2006-01-10,10.86,26.54,0.3788420991568634,1897312571.486,0.0006056855772305381
2006-01-11,10.94,26.54,0.3788420991568634,1897312571.486,0.0006056855772305381
2006-01-12,11.2,26.54,0.3788420991568634,1897312571.486,0.0006056855772305381
2006-01-13,11.23,26.54,0.3788420991568634,1897312571.486,0.0006056855772305381
2006-01-17,11.91,26.54,0.3788420991568634,1897312571.486,0.0006056855772305381
2006-01-18,12.25,26.54,0.3788420991568634,1897312571.486,0.0006056855772305381
2006-01-19,11.98,26.54,0.3788420991568634,1897312571.486,0.0006056855772305381
2006-01-20,14.56,26.54,0.3788420991568634,1897312571.486,0.0006056855772305381
2006-01-23,13.93,26.54,0.3788420991568634,1897312571.486,0.0006056855772305381
2006-01-24,13.31,26.54,0.3788420991568634,1897312571.486,0.0006056855772305381
2006-01-25,12.87,26.54,0.3788420991568634,1897312571.486,0.0006056855772305381
2006-01-26,12.42,26.54,0.3788420991568634,1897312571.486,0.0006056855772305381
2006-01-27,11.97,26.54,0.3788420991568634,1897312571.486,0.0006056855772305381
2006-01-30,12.39,26.54,0.3788420991568634,1897312571.486,0.0006056855772305381
2006-01-31,12.95,26.54,0.3788420991568634,1897312571.486,0.0006056855772305381
2006-02-01,12.36,26.54,0.3788420991568634,1897312571.486,0.0006056855772305381
2006-02-02,13.23,26.54,0.3788420991568634,1897312571.486,0.0006056855772305381
2006-02-03,12.96,26.54,0.3788420991568634,1897312571.486,0.0006056855772305381
2006-02-06,13.04,26.54,0.3788420991568634,1897312571.486,0.0006056855772305381
2006-02-07,13.59,26.54,0.3788420991568634,1897312571.486,0.0006056855772305381
2006-02-08,12.83,26.54,0.3788420991568634,1897312571.486,0.0006056855772305381
2006-02-09,13.12,26.54,0.3788420991568634,1897312571.486,0.0006056855772305381
2006-02-10,12.87,26.54,0.3788420991568634,1897312571.486,0.0006056855772305381
2006-02-13,13.35,26.54,0.3788420991568634,1897312571.486,0.0006056855772305381
2006-02-14,12.25,26.54,0.3788420991568634,1897312571.486,0.0006056855772305381
2006-02-15,12.31,26.54,0.3788420991568634,1897312571.486,0.0006056855772305381
2006-02-16,11.48,26.54,0.3788420991568634,1897312571.486,0.0006056855772305381
2006-02-17,12.01,26.54,0.3788420991568634,1897312571.486,0.0006056855772305381
2006-02-21,12.41,26.54,0.3788420991568634,1897312571.486,0.0006056855772305381
2006-02-22,11.88,26.54,0.3788420991568634,1897312571.486,0.0006056855772305381
2006-02-23,11.87,26.54,0.3788420991568634,1897312571.486,0.0006056855772305381
2006-02-24,11.46,26.54,0.3788420991568634,1897312571.486,0.0006056855772305381
2006-02-27,11.59,26.54,0.3788420991568634,1897312571.486,0.0006056855772305381
2006-02-28,12.34,26.54,0.3788420991568634,1897312571.486,0.0006056855772305381
2006-03-01,11.54,26.54,0.3788420991568634,1897312571.486,0.0006056855772305381
2006-03-02,11.72,26.54,0.3788420991568634,1897312571.486,0.0006056855772305381
2006-03-03,11.96,26.54,0.3788420991568634,1897312571.486,0.0006056855772305381
2006-03-06,12.74,26.54,0.3788420991568634,1897312571.486,0.0006056855772305381
2006-03-07,12.66,26.54,0.3788420991568634,1897312571.486,0.0006056855772305381
2006-03-08,12.32,26.54,0.3788420991568634,1897312571.486,0.0006056855772305381
2006-03-09,12.68,26.54,0.3788420991568634,1897312571.486,0.0006056855772305381
2006-03-10,11.85,26.54,0.3788420991568634,1897312571.486,0.0006056855772305381
2006-03-13,11.37,26.54,0.3788420991568634,1897312571.486,0.0006056855772305381
2006-03-14,10.74,26.54,0.3788420991568634,1897312571.486,0.0006056855772305381
2006-03-15,11.35,26.54,0.3788420991568634,1897312571.486,0.0006056855772305381
2006-03-16,11.98,26.54,0.3788420991568634,1897312571.486,0.0006056855772305381
2006-03-17,12.12,26.54,0.3788420991568634,1897312571.486,0.0006056855772305381
2006-03-20,11.79,26.54,0.3788420991568634,1897312571.486,0.0006056855772305381
2006-03-21,11.62,26.54,0.3788420991568634,1897312571.486,0.0006056855772305381
2006-03-22,11.21,26.54,0.3788420991568634,1897312571.486,0.0006056855772305381
2006-03-23,11.17,26.54,0.3788420991568634,1897312571.486,0.0006056855772305381
2006-03-24,11.19,26.54,0.3788420991568634,1897312571.486,0.0006056855772305381
2006-03-27,11.46,26.54,0.3788420991568634,1897312571.486,0.0006056855772305381
2006-03-28,11.58,26.54,0.3788420991568634,1897312571.486,0.0006056855772305381
2006-03-29,10.95,26.54,0.3788420991568634,1897312571.486,0.0006056855772305381
2006-03-30,11.57,26.54,0.3788420991568634,1897312571.486,0.0006056855772305381
2006-03-31,11.39,26.54,0.3788420991568634,1897312571.486,0.0006056855772305381
2006-04-03,11.57,26.54,0.3788420991568634,1897312571.486,0.0006056855772305381
2006-04-04,11.14,26.54,0.3788420991568634,1897312571.486,0.0006056855772305381
2006-04-05,11.13,26.54,0.3788420991568634,1897312571.486,0.0006056855772305381
2006-04-06,11.45,26.54,0.3788420991568634,1897312571.486,0.0006056855772305381
2006-04-07,12.26,26.54,0.3788420991568634,1897312571.486,0.0006056855772305381
2006-04-10,12.19,26.54,0.3788420991568634,1897312571.486,0.0006056855772305381
2006-04-11,13.0,26.54,0.3788420991568634,1897312571.486,0.0006056855772305381
2006-04-12,12.76,26.54,0.3788420991568634,1897312571.486,0.0006056855772305381
2006-04-13,12.38,26.54,0.3788420991568634,1897312571.486,0.0006056855772305381
2006-04-17,12.58,26.54,0.3788420991568634,1897312571.486,0.0006056855772305381
2006-04-18,11.4,26.54,0.3788420991568634,1897312571.486,0.0006056855772305381
2006-04-19,11.32,26.54,0.3788420991568634,1897312571.486,0.0006056855772305381
2006-04-20,11.64,26.54,0.3788420991568634,1897312571.486,0.0006056855772305381
2006-04-21,11.59,26.54,0.3788420991568634,1897312571.486,0.0006056855772305381
2006-04-24,11.75,26.54,0.3788420991568634,1897312571.486,0.0006056855772305381
2006-04-25,11.75,26.54,0.3788420991568634,1897312571.486,0.0006056855772305381
2006-04-26,11.76,26.54,0.3788420991568634,1897312571.486,0.0006056855772305381
2006-04-27,11.84,26.54,0.3788420991568634,1897312571.486,0.0006056855772305381
2006-04-28,11.59,26.54,0.3788420991568634,1897312571.486,0.0006056855772305381
2006-05-01,12.54,26.54,0.3788420991568634,1897312571.486,0.0006056855772305381
2006-05-02,11.99,26.54,0.3788420991568634,1897312571.486,0.0006056855772305381
2006-05-03,11.99,26.54,0.3788420991568634,1897312571.486,0.0006056855772305381
2006-05-04,11.86,26.54,0.3788420991568634,1897312571.486,0.0006056855772305381
2006-05-05,11.62,26.54,0.3788420991568634,1897312571.486,0.0006056855772305381
2006-05-08,12.0,26.54,0.3788420991568634,1897312571.486,0.0006056855772305381
2006-05-09,11.99,26.54,0.3788420991568634,1897312571.486,0.0006056855772305381
2006-05-10,11.78,26.54,0.3788420991568634,1897312571.486,0.0006056855772305381
2006-05-11,12.49,26.54,0.3788420991568634,1897312571.486,0.0006056855772305381
2006-05-12,14.19,26.54,0.3788420991568634,1897312571.486,0.0006056855772305381
2006-05-15,13.57,26.54,0.3788420991568634,1897312571.486,0.0006056855772305381
2006-05-16,13.35,26.54,0.3788420991568634,1897312571.486,0.0006056855772305381
2006-05-17,16.26,26.54,0.3788420991568634,1897312571.486,0.0006056855772305381
2006-05-18,16.99,26.54,0.3788420991568634,1897312571.486,0.0006056855772305381
2006-05-19,17.18,26.54,0.3788420991568634,1897312571.486,0.0006056855772305381
2006-05-22,17.72,26.54,0.3788420991568634,1897312571.486,0.0006056855772305381
2006-05-23,18.26,26.54,0.3788420991568634,1897312571.486,0.0006056855772305381
2006-05-24,17.36,26.54,0.3788420991568634,1897312571.486,0.0006056855772305381
2006-05-25,15.5,26.54,0.3788420991568634,1897312571.486,0.0006056855772305381
2006-05-26,14.26,26.54,0.3788420991568634,1897312571.486,0.0006056855772305381
2006-05-30,18.66,26.54,0.3788420991568634,1897312571.486,0.0006056855772305381
2006-05-31,16.44,26.54,0.3788420991568634,1897312571.486,0.0006056855772305381
2006-06-01,14.52,26.54,0.3788420991568634,1897312571.486,0.0006056855772305381
2006-06-02,14.32,26.54,0.3788420991568634,1897312571.486,0.0006056855772305381
2006-06-05,16.65,26.54,0.3788420991568634,1897312571.486,0.0006056855772305381
2006-06-06,17.34,26.54,0.3788420991568634,1897312571.486,0.0006056855772305381
2006-06-07,17.8,26.54,0.3788420991568634,1897312571.486,0.0006056855772305381
2006-06-08,18.35,26.54,0.3788420991568634,1897312571.486,0.0006056855772305381
2006-06-09,18.12,26.54,0.3788420991568634,1897312571.486,0.0006056855772305381
2006-06-12,20.96,26.54,0.3788420991568634,1897312571.486,0.0006056855772305381
2006-06-13,23.81,26.54,0.3788420991568634,1897312571.486,0.0006056855772305381
2006-06-14,21.46,26.54,0.3788420991568634,1897312571.486,0.0006056855772305381
2006-06-15,15.9,26.54,0.3788420991568634,1897312571.486,0.0006056855772305381
2006-06-16,17.25,26.54,0.3788420991568634,1897312571.486,0.0006056855772305381
2006-06-19,17.83,26.54,0.3788420991568634,1897312571.486,0.0006056855772305381
2006-06-20,16.69,26.54,0.3788420991568634,1897312571.486,0.0006056855772305381
2006-06-21,15.52,26.54,0.3788420991568634,1897312571.486,0.0006056855772305381
2006-06-22,15.88,26.54,0.3788420991568634,1897312571.486,0.0006056855772305381
2006-06-23,15.89,26.54,0.3788420991568634,1897312571.486,0.0006056855772305381
2006-06-26,15.62,26.54,0.3788420991568634,1897312571.486,0.0006056855772305381
2006-06-27,16.4,26.54,0.3788420991568634,1897312571.486,0.0006056855772305381
2006-06-28,15.79,26.54,0.3788420991568634,1897312571.486,0.0006056855772305381
2006-06-29,13.03,26.54,0.3788420991568634,1897312571.486,0.0006056855772305381
2006-06-30,13.08,26.54,0.3788420991568634,1897312571.486,0.0006056855772305381
2006-07-03,13.05,26.54,0.3788420991568634,1897312571.486,0.0006056855772305381
2006-07-05,14.15,26.54,0.3788420991568634,1897312571.486,0.0006056855772305381
2006-07-06,13.65,26.54,0.3788420991568634,1897312571.486,0.0006056855772305381
2006-07-07,13.97,26.54,0.3788420991568634,1897312571.486,0.0006056855772305381
2006-07-10,14.02,26.54,0.3788420991568634,1897312571.486,0.0006056855772305381
2006-07-11,13.14,26.54,0.3788420991568634,1897312571.486,0.0006056855772305381
2006-07-12,14.49,26.54,0.3788420991568634,1897312571.486,0.0006056855772305381
2006-07-13,17.79,26.54,0.3788420991568634,1897312571.486,0.0006056855772305381
2006-07-14,18.05,26.54,0.3788420991568634,1897312571.486,0.0006056855772305381
2006-07-17,18.64,26.54,0.3788420991568634,1897312571.486,0.0006056855772305381
2006-07-18,17.74,26.54,0.3788420991568634,1897312571.486,0.0006056855772305381
2006-07-19,15.55,26.54,0.3788420991568634,1897312571.486,0.0006056855772305381
2006-07-20,16.21,26.54,0.3788420991568634,1897312571.486,0.0006056855772305381
2006-07-21,17.4,26.54,0.3788420991568634,1897312571.486,0.0006056855772305381
2006-07-24,14.98,26.54,0.3788420991568634,1897312571.486,0.0006056855772305381
2006-07-25,14.85,26.54,0.3788420991568634,1897312571.486,0.0006056855772305381
2006-07-26,14.62,26.54,0.3788420991568634,1897312571.486,0.0006056855772305381
2006-07-27,14.94,26.54,0.3788420991568634,1897312571.486,0.0006056855772305381
2006-07-28,14.33,26.54,0.3788420991568634,1897312571.486,0.0006056855772305381
2006-07-31,14.95,26.54,0.3788420991568634,1897312571.486,0.0006056855772305381
2006-08-01,15.05,26.54,0.3788420991568634,1897312571.486,0.0006056855772305381
2006-08-02,14.34,26.54,0.3788420991568634,1897312571.486,0.0006056855772305381
2006-08-03,14.46,26.54,0.3788420991568634,1897312571.486,0.0006056855772305381
2006-08-04,14.34,26.54,0.3788420991568634,1897312571.486,0.0006056855772305381
2006-08-07,15.23,26.54,0.3788420991568634,1897312571.486,0.0006056855772305381
2006-08-08,15.23,26.54,0.3788420991568634,1897312571.486,0.0006056855772305381
2006-08-09,15.2,26.54,0.3788420991568634,1897312571.486,0.0006056855772305381
2006-08-10,14.46,26.54,0.3788420991568634,1897312571.486,0.0006056855772305381
2006-08-11,14.3,26.54,0.3788420991568634,1897312571.486,0.0006056855772305381
2006-08-14,14.26,26.54,0.3788420991568634,1897312571.486,0.0006056855772305381
2006-08-15,13.42,26.54,0.3788420991568634,1897312571.486,0.0006056855772305381
2006-08-16,12.41,26.54,0.3788420991568634,1897312571.486,0.0006056855772305381
2006-08-17,12.24,26.54,0.3788420991568634,1897312571.486,0.0006056855772305381
2006-08-18,11.64,26.54,0.3788420991568634,1897312571.486,0.0006056855772305381
2006-08-21,12.22,26.54,0.3788420991568634,1897312571.486,0.0006056855772305381
2006-08-22,12.19,26.54,0.3788420991568634,1897312571.486,0.0006056855772305381
2006-08-23,12.4,26.54,0.3788420991568634,1897312571.486,0.0006056855772305381
2006-08-24,12.4,26.54,0.3788420991568634,1897312571.486,0.0006056855772305381
2006-08-25,12.31,26.54,0.3788420991568634,1897312571.486,0.0006056855772305381
2006-08-28,12.18,26.54,0.3788420991568634,1897312571.486,0.0006056855772305381
2006-08-29,12.28,26.54,0.3788420991568634,1897312571.486,0.0006056855772305381
2006-08-30,12.22,26.54,0.3788420991568634,1897312571.486,0.0006056855772305381
2006-08-31,12.31,26.54,0.3788420991568634,1897312571.486,0.0006056855772305381
2006-09-01,11.96,26.54,0.3788420991568634,1897312571.486,0.0006056855772305381
2006-09-05,12.63,26.54,0.3788420991568634,1897312571.486,0.0006056855772305381
2006-09-06,13.74,26.54,0.3788420991568634,1897312571.486,0.0006056855772305381
2006-09-07,13.88,26.54,0.3788420991568634,1897312571.486,0.0006056855772305381
2006-09-08,13.16,26.54,0.3788420991568634,1897312571.486,0.0006056855772305381
2006-09-11,12.99,26.54,0.3788420991568634,1897312571.486,0.0006056855772305381
2006-09-12,11.92,26.54,0.3788420991568634,1897312571.486,0.0006056855772305381
2006-09-13,11.18,26.54,0.3788420991568634,1897312571.486,0.0006056855772305381
2006-09-14,11.55,26.54,0.3788420991568634,1897312571.486,0.0006056855772305381
2006-09-15,11.76,26.54,0.3788420991568634,1897312571.486,0.0006056855772305381
2006-09-18,11.78,26.54,0.3788420991568634,1897312571.486,0.0006056855772305381
2006-09-19,11.98,26.54,0.3788420991568634,1897312571.486,0.0006056855772305381
2006-09-20,11.39,26.54,0.3788420991568634,1897312571.486,0.0006056855772305381
2006-09-21,12.25,26.54,0.3788420991568634,1897312571.486,0.0006056855772305381
2006-09-22,12.59,26.54,0.3788420991568634,1897312571.486,0.0006056855772305381
2006-09-25,12.12,26.54,0.3788420991568634,1897312571.486,0.0006056855772305381
2006-09-26,11.53,26.54,0.3788420991568634,1897312571.486,0.0006056855772305381
2006-09-27,11.58,26.54,0.3788420991568634,1897312571.486,0.0006056855772305381
2006-09-28,11.72,26.54,0.3788420991568634,1897312571.486,0.0006056855772305381
2006-09-29,11.98,26.54,0.3788420991568634,1897312571.486,0.0006056855772305381
2006-10-02,12.57,26.54,0.3788420991568634,1897312571.486,0.0006056855772305381
2006-10-03,12.24,26.54,0.3788420991568634,1897312571.486,0.0006056855772305381
2006-10-04,11.86,26.54,0.3788420991568634,1897312571.486,0.0006056855772305381
2006-10-05,11.98,26.54,0.3788420991568634,1897312571.486,0.0006056855772305381
2006-10-06,11.56,26.54,0.3788420991568634,1897312571.486,0.0006056855772305381
2006-10-09,11.68,26.54,0.3788420991568634,1897312571.486,0.0006056855772305381
2006-10-10,11.52,26.54,0.3788420991568634,1897312571.486,0.0006056855772305381
2006-10-11,11.62,26.54,0.3788420991568634,1897312571.486,0.0006056855772305381
2006-10-12,11.09,26.54,0.3788420991568634,1897312571.486,0.0006056855772305381
2006-10-13,10.75,26.54,0.3788420991568634,1897312571.486,0.0006056855772305381
2006-10-16,11.09,26.54,0.3788420991568634,1897312571.486,0.0006056855772305381
2006-10-17,11.73,26.54,0.3788420991568634,1897312571.486,0.0006056855772305381
2006-10-18,11.34,26.54,0.3788420991568634,1897312571.486,0.0006056855772305381
2006-10-19,10.9,26.54,0.3788420991568634,1897312571.486,0.0006056855772305381
2006-10-20,10.63,26.54,0.3788420991568634,1897312571.486,0.0006056855772305381
2006-10-23,11.08,26.54,0.3788420991568634,1897312571.486,0.0006056855772305381
2006-10-24,10.78,26.54,0.3788420991568634,1897312571.486,0.0006056855772305381
2006-10-25,10.66,26.54,0.3788420991568634,1897312571.486,0.0006056855772305381
2006-10-26,10.56,26.54,0.3788420991568634,1897312571.486,0.0006056855772305381
2006-10-27,10.8,26.54,0.3788420991568634,1897312571.486,0.0006056855772305381
2006-10-30,11.2,26.54,0.3788420991568634,1897312571.486,0.0006056855772305381
2006-10-31,11.1,26.54,0.3788420991568634,1897312571.486,0.0006056855772305381
2006-11-01,11.51,26.54,0.3788420991568634,1897312571.486,0.0006056855772305381
2006-11-02,11.42,26.54,0.3788420991568634,1897312571.486,0.0006056855772305381
2006-11-03,11.16,26.54,0.3788420991568634,1897312571.486,0.0006056855772305381
2006-11-06,11.16,26.54,0.3788420991568634,1897312571.486,0.0006056855772305381
2006-11-07,11.09,26.54,0.3788420991568634,1897312571.486,0.0006056855772305381
2006-11-08,10.75,26.54,0.3788420991568634,1897312571.486,0.0006056855772305381
2006-11-09,11.01,26.54,0.3788420991568634,1897312571.486,0.0006056855772305381
2006-11-10,10.79,26.54,0.3788420991568634,1897312571.486,0.0006056855772305381
2006-11-13,10.86,26.54,0.3788420991568634,1897312571.486,0.0006056855772305381
2006-11-14,10.5,26.54,0.3788420991568634,1897312571.486,0.0006056855772305381
2006-11-15,10.31,26.54,0.3788420991568634,1897312571.486,0.0006056855772305381
2006-11-16,10.16,26.54,0.3788420991568634,1897312571.486,0.0006056855772305381
2006-11-17,10.05,26.54,0.3788420991568634,1897312571.486,0.0006056855772305381
2006-11-20,9.97,26.54,0.3788420991568634,1897312571.486,0.0006056855772305381
2006-11-21,9.9,26.54,0.3788420991568634,1897312571.486,0.0006056855772305381
2006-11-22,10.14,26.54,0.3788420991568634,1897312571.486,0.0006056855772305381
2006-11-24,10.73,26.54,0.3788420991568634,1897312571.486,0.0006056855772305381
2006-11-27,12.3,26.54,0.3788420991568634,1897312571.486,0.0006056855772305381
2006-11-28,11.62,26.54,0.3788420991568634,1897312571.486,0.0006056855772305381
2006-11-29,10.83,26.54,0.3788420991568634,1897312571.486,0.0006056855772305381
2006-11-30,10.91,26.54,0.3788420991568634,1897312571.486,0.0006056855772305381
2006-12-01,11.66,26.54,0.3788420991568634,1897312571.486,0.0006056855772305381
2006-12-04,11.23,26.54,0.3788420991568634,1897312571.486,0.0006056855772305381
2006-12-05,11.27,26.54,0.3788420991568634,1897312571.486,0.0006056855772305381
2006-12-06,11.33,26.54,0.3788420991568634,1897312571.486,0.0006056855772305381
2006-12-07,12.67,26.54,0.3788420991568634,1897312571.486,0.0006056855772305381
2006-12-08,12.07,26.54,0.3788420991568634,1897312571.486,0.0006056855772305381
2006-12-11,10.71,26.54,0.3788420991568634,1897312571.486,0.0006056855772305381
2006-12-12,10.65,26.54,0.3788420991568634,1897312571.486,0.0006056855772305381
2006-12-13,10.18,26.54,0.3788420991568634,1897312571.486,0.0006056855772305381
2006-12-14,9.97,26.54,0.3788420991568634,1897312571.486,0.0006056855772305381
2006-12-15,10.05,26.54,0.3788420991568634,1897312571.486,0.0006056855772305381
2006-12-18,10.6,26.54,0.3788420991568634,1897312571.486,0.0006056855772305381
2006-12-19,10.3,26.54,0.3788420991568634,1897312571.486,0.0006056855772305381
2006-12-20,10.26,26.54,0.3788420991568634,1897312571.486,0.0006056855772305381
2006-12-21,10.53,26.54,0.3788420991568634,1897312571.486,0.0006056855772305381
2006-12-22,11.36,26.54,0.3788420991568634,1897312571.486,0.0006056855772305381
2006-12-26,11.26,26.54,0.3788420991568634,1897312571.486,0.0006056855772305381
2006-12-27,10.64,26.54,0.3788420991568634,1897312571.486,0.0006056855772305381
2006-12-28,10.99,26.54,0.3788420991568634,1897312571.486,0.0006056855772305381
2006-12-29,11.56,26.54,0.3788420991568634,1897312571.486,0.0006056855772305381
2007-01-03,12.04,26.54,0.3788420991568634,1897312571.486,0.0006056855772305381
2007-01-04,11.51,26.54,0.3788420991568634,1897312571.486,0.0006056855772305381
2007-01-05,12.14,26.54,0.3788420991568634,1897312571.486,0.0006056855772305381
2007-01-08,12.0,26.54,0.3788420991568634,1897312571.486,0.0006056855772305381
2007-01-09,11.91,26.54,0.3788420991568634,1897312571.486,0.0006056855772305381
2007-01-10,11.47,26.54,0.3788420991568634,1897312571.486,0.0006056855772305381
2007-01-11,10.87,26.54,0.3788420991568634,1897312571.486,0.0006056855772305381
2007-01-12,10.15,26.54,0.3788420991568634,1897312571.486,0.0006056855772305381
2007-01-16,10.74,26.54,0.3788420991568634,1897312571.486,0.0006056855772305381
2007-01-17,10.59,26.54,0.3788420991568634,1897312571.486,0.0006056855772305381
2007-01-18,10.85,26.54,0.3788420991568634,1897312571.486,0.0006056855772305381
2007-01-19,10.4,26.54,0.3788420991568634,1897312571.486,0.0006056855772305381
2007-01-22,10.77,26.54,0.3788420991568634,1897312571.486,0.0006056855772305381
2007-01-23,10.34,26.54,0.3788420991568634,1897312571.486,0.0006056855772305381
2007-01-24,9.89,26.54,0.3788420991568634,1897312571.486,0.0006056855772305381
2007-01-25,11.22,26.54,0.3788420991568634,1897312571.486,0.0006056855772305381
2007-01-26,11.13,26.54,0.3788420991568634,1897312571.486,0.0006056855772305381
2007-01-29,11.45,26.54,0.3788420991568634,1897312571.486,0.0006056855772305381
2007-01-30,10.96,26.54,0.3788420991568634,1897312571.486,0.0006056855772305381
2007-01-31,10.42,26.54,0.3788420991568634,1897312571.486,0.0006056855772305381
2007-02-01,10.31,26.54,0.3788420991568634,1897312571.486,0.0006056855772305381
2007-02-02,10.08,26.54,0.3788420991568634,1897312571.486,0.0006056855772305381
2007-02-05,10.55,26.54,0.3788420991568634,1897312571.486,0.0006056855772305381
2007-02-06,10.65,26.54,0.3788420991568634,1897312571.486,0.0006056855772305381
2007-02-07,10.32,26.54,0.3788420991568634,1897312571.486,0.0006056855772305381
2007-02-08,10.44,26.54,0.3788420991568634,1897312571.486,0.0006056855772305381
2007-02-09,11.1,26.54,0.3788420991568634,1897312571.486,0.0006056855772305381
2007-02-12,11.61,26.54,0.3788420991568634,1897312571.486,0.0006056855772305381
2007-02-13,10.34,26.54,0.3788420991568634,1897312571.486,0.0006056855772305381
2007-02-14,10.23,26.54,0.3788420991568634,1897312571.486,0.0006056855772305381
2007-02-15,10.22,26.54,0.3788420991568634,1897312571.486,0.0006056855772305381
2007-02-16,10.02,26.54,0.3788420991568634,1897312571.486,0.0006056855772305381
2007-02-20,10.24,26.54,0.3788420991568634,1897312571.486,0.0006056855772305381
2007-02-21,10.2,26.54,0.3788420991568634,1897312571.486,0.0006056855772305381
2007-02-22,10.18,26.54,0.3788420991568634,1897312571.486,0.0006056855772305381
2007-02-23,10.58,26.54,0.3788420991568634,1897312571.486,0.0006056855772305381
2007-02-26,11.15,26.54,0.3788420991568634,1897312571.486,0.0006056855772305381
2007-02-27,18.31,26.54,0.3788420991568634,1897312571.486,0.0006056855772305381
2007-02-28,15.42,26.54,0.3788420991568634,1897312571.486,0.0006056855772305381
2007-03-01,15.82,26.54,0.3788420991568634,1897312571.486,0.0006056855772305381
2007-03-02,18.61,26.54,0.3788420991568634,1897312571.486,0.0006056855772305381
2007-03-05,19.63,26.54,0.3788420991568634,1897312571.486,0.0006056855772305381
2007-03-06,15.96,26.54,0.3788420991568634,1897312571.486,0.0006056855772305381
2007-03-07,15.24,26.54,0.3788420991568634,1897312571.486,0.0006056855772305381
2007-03-08,14.29,26.54,0.3788420991568634,1897312571.486,0.0006056855772305381
2007-03-09,14.09,26.54,0.3788420991568634,1897312571.486,0.0006056855772305381
2007-03-12,13.99,26.54,0.3788420991568634,1897312571.486,0.0006056855772305381
2007-03-13,18.13,26.54,0.3788420991568634,1897312571.486,0.0006056855772305381
2007-03-14,17.27,26.54,0.3788420991568634,1897312571.486,0.0006056855772305381
2007-03-15,16.43,26.54,0.3788420991568634,1897312571.486,0.0006056855772305381
2007-03-16,16.79,26.54,0.3788420991568634,1897312571.486,0.0006056855772305381
2007-03-19,14.59,26.54,0.3788420991568634,1897312571.486,0.0006056855772305381
2007-03-20,13.27,26.54,0.3788420991568634,1897312571.486,0.0006056855772305381
2007-03-21,12.19,26.54,0.3788420991568634,1897312571.486,0.0006056855772305381
2007-03-22,12.93,26.54,0.3788420991568634,1897312571.486,0.0006056855772305381
2007-03-23,12.95,26.54,0.3788420991568634,1897312571.486,0.0006056855772305381
2007-03-26,13.16,26.54,0.3788420991568634,1897312571.486,0.0006056855772305381
2007-03-27,13.48,26.54,0.3788420991568634,1897312571.486,0.0006056855772305381
2007-03-28,14.98,26.54,0.3788420991568634,1897312571.486,0.0006056855772305381
2007-03-29,15.14,26.54,0.3788420991568634,1897312571.486,0.0006056855772305381
2007-03-30,14.64,26.54,0.3788420991568634,1897312571.486,0.0006056855772305381
2007-04-02,14.53,26.54,0.3788420991568634,1897312571.486,0.0006056855772305381
2007-04-03,13.46,26.54,0.3788420991568634,1897312571.486,0.0006056855772305381
2007-04-04,13.24,26.54,0.3788420991568634,1897312571.486,0.0006056855772305381
2007-04-05,13.23,26.54,0.3788420991568634,1897312571.486,0.0006056855772305381
2007-04-09,13.14,26.54,0.3788420991568634,1897312571.486,0.0006056855772305381
2007-04-10,12.68,26.54,0.3788420991568634,1897312571.486,0.0006056855772305381
2007-04-11,13.49,26.54,0.3788420991568634,1897312571.486,0.0006056855772305381
2007-04-12,12.71,26.54,0.3788420991568634,1897312571.486,0.0006056855772305381
2007-04-13,12.2,26.54,0.3788420991568634,1897312571.486,0.0006056855772305381
2007-04-16,11.98,26.54,0.3788420991568634,1897312571.486,0.0006056855772305381
2007-04-17,12.14,26.54,0.3788420991568634,1897312571.486,0.0006056855772305381
2007-04-18,12.42,26.54,0.3788420991568634,1897312571.486,0.0006056855772305381
2007-04-19,12.54,26.54,0.3788420991568634,1897312571.486,0.0006056855772305381
2007-04-20,12.07,26.54,0.3788420991568634,1897312571.486,0.0006056855772305381
2007-04-23,13.04,26.54,0.3788420991568634,1897312571.486,0.0006056855772305381
2007-04-24,13.12,26.54,0.3788420991568634,1897312571.486,0.0006056855772305381
2007-04-25,13.21,26.54,0.3788420991568634,1897312571.486,0.0006056855772305381
2007-04-26,12.79,26.54,0.3788420991568634,1897312571.486,0.0006056855772305381
2007-04-27,12.45,26.54,0.3788420991568634,1897312571.486,0.0006056855772305381
2007-04-30,14.22,26.54,0.3788420991568634,1897312571.486,0.0006056855772305381
2007-05-01,13.51,26.54,0.3788420991568634,1897312571.486,0.0006056855772305381
2007-05-02,13.08,26.54,0.3788420991568634,1897312571.486,0.0006056855772305381
2007-05-03,13.09,26.54,0.3788420991568634,1897312571.486,0.0006056855772305381
2007-05-04,12.91,26.54,0.3788420991568634,1897312571.486,0.0006056855772305381
2007-05-07,13.15,26.54,0.3788420991568634,1897312571.486,0.0006056855772305381
2007-05-08,13.21,26.54,0.3788420991568634,1897312571.486,0.0006056855772305381
2007-05-09,12.88,26.54,0.3788420991568634,1897312571.486,0.0006056855772305381
2007-05-10,13.6,26.54,0.3788420991568634,1897312571.486,0.0006056855772305381
2007-05-11,12.95,26.54,0.3788420991568634,1897312571.486,0.0006056855772305381
2007-05-14,13.96,26.54,0.3788420991568634,1897312571.486,0.0006056855772305381
2007-05-15,14.01,26.54,0.3788420991568634,1897312571.486,0.0006056855772305381
2007-05-16,13.5,26.54,0.3788420991568634,1897312571.486,0.0006056855772305381
2007-05-17,13.51,26.54,0.3788420991568634,1897312571.486,0.0006056855772305381
2007-05-18,12.76,26.54,0.3788420991568634,1897312571.486,0.0006056855772305381
2007-05-21,13.3,26.54,0.3788420991568634,1897312571.486,0.0006056855772305381
2007-05-22,13.06,26.54,0.3788420991568634,1897312571.486,0.0006056855772305381
2007-05-23,13.24,26.54,0.3788420991568634,1897312571.486,0.0006056855772305381
2007-05-24,14.08,26.54,0.3788420991568634,1897312571.486,0.0006056855772305381
2007-05-25,13.34,26.54,0.3788420991568634,1897312571.486,0.0006056855772305381
2007-05-29,13.53,26.54,0.3788420991568634,1897312571.486,0.0006056855772305381
2007-05-30,12.83,26.54,0.3788420991568634,1897312571.486,0.0006056855772305381
2007-05-31,13.05,26.54,0.3788420991568634,1897312571.486,0.0006056855772305381
2007-06-01,12.78,26.54,0.3788420991568634,1897312571.486,0.0006056855772305381
2007-06-04,13.29,26.54,0.3788420991568634,1897312571.486,0.0006056855772305381
2007-06-05,13.63,26.54,0.3788420991568634,1897312571.486,0.0006056855772305381
2007-06-06,14.87,26.54,0.3788420991568634,1897312571.486,0.0006056855772305381
2007-06-07,17.06,26.54,0.3788420991568634,1897312571.486,0.0006056855772305381
2007-06-08,14.84,26.54,0.3788420991568634,1897312571.486,0.0006056855772305381
2007-06-11,14.71,26.54,0.3788420991568634,1897312571.486,0.0006056855772305381
2007-06-12,16.67,26.54,0.3788420991568634,1897312571.486,0.0006056855772305381
2007-06-13,14.73,26.54,0.3788420991568634,1897312571.486,0.0006056855772305381
2007-06-14,13.64,26.54,0.3788420991568634,1897312571.486,0.0006056855772305381
2007-06-15,13.94,26.54,0.3788420991568634,1897312571.486,0.0006056855772305381
2007-06-18,13.42,26.54,0.3788420991568634,1897312571.486,0.0006056855772305381
2007-06-19,12.85,26.54,0.3788420991568634,1897312571.486,0.0006056855772305381
2007-06-20,14.67,26.54,0.3788420991568634,1897312571.486,0.0006056855772305381
2007-06-21,14.21,26.54,0.3788420991568634,1897312571.486,0.0006056855772305381
2007-06-22,15.75,26.54,0.3788420991568634,1897312571.486,0.0006056855772305381
2007-06-25,16.65,26.54,0.3788420991568634,1897312571.486,0.0006056855772305381
2007-06-26,18.89,26.54,0.3788420991568634,1897312571.486,0.0006056855772305381
2007-06-27,15.53,26.54,0.3788420991568634,1897312571.486,0.0006056855772305381
2007-06-28,15.54,26.54,0.3788420991568634,1897312571.486,0.0006056855772305381
2007-06-29,16.23,26.54,0.3788420991568634,1897312571.486,0.0006056855772305381
2007-07-02,15.4,26.54,0.3788420991568634,1897312571.486,0.0006056855772305381
2007-07-03,14.92,26.54,0.3788420991568634,1897312571.486,0.0006056855772305381
2007-07-05,15.48,26.54,0.3788420991568634,1897312571.486,0.0006056855772305381
2007-07-06,14.72,26.54,0.3788420991568634,1897312571.486,0.0006056855772305381
2007-07-09,15.16,26.54,0.3788420991568634,1897312571.486,0.0006056855772305381
2007-07-10,17.57,26.54,0.3788420991568634,1897312571.486,0.0006056855772305381
2007-07-11,16.64,26.54,0.3788420991568634,1897312571.486,0.0006056855772305381
2007-07-12,15.54,26.54,0.3788420991568634,1897312571.486,0.0006056855772305381
2007-07-13,15.15,26.54,0.3788420991568634,1897312571.486,0.0006056855772305381
2007-07-16,15.59,26.54,0.3788420991568634,1897312571.486,0.0006056855772305381
2007-07-17,15.63,26.54,0.3788420991568634,1897312571.486,0.0006056855772305381
2007-07-18,16.0,26.54,0.3788420991568634,1897312571.486,0.0006056855772305381
2007-07-19,15.23,26.54,0.3788420991568634,1897312571.486,0.0006056855772305381
2007-07-20,16.95,26.54,0.3788420991568634,1897312571.486,0.0006056855772305381
2007-07-23,16.81,26.54,0.3788420991568634,1897312571.486,0.0006056855772305381
2007-07-24,18.55,26.54,0.3788420991568634,1897312571.486,0.0006056855772305381
2007-07-25,18.1,26.54,0.3788420991568634,1897312571.486,0.0006056855772305381
2007-07-26,20.74,26.54,0.3788420991568634,1897312571.486,0.0006056855772305381
2007-07-27,24.17,26.54,0.3788420991568634,1897312571.486,0.0006056855772305381
2007-07-30,20.87,26.54,0.3788420991568634,1897312571.486,0.0006056855772305381
2007-07-31,23.52,26.54,0.3788420991568634,1897312571.486,0.0006056855772305381
2007-08-01,23.67,26.54,0.3788420991568634,1897312571.486,0.0006056855772305381
2007-08-02,21.22,26.54,0.3788420991568634,1897312571.486,0.0006056855772305381
2007-08-03,25.16,26.54,0.3788420991568634,1897312571.486,0.0006056855772305381
2007-08-06,22.94,26.54,0.3788420991568634,1897312571.486,0.0006056855772305381
2007-08-07,21.56,26.54,0.3788420991568634,1897312571.486,0.0006056855772305381
2007-08-08,21.45,26.54,0.3788420991568634,1897312571.486,0.0006056855772305381
2007-08-09,26.48,26.54,0.3788420991568634,1897312571.486,0.0006056855772305381
2007-08-10,28.3,26.54,0.3788420991568634,1897312571.486,0.0006056855772305381
2007-08-13,26.57,26.54,0.3788420991568634,1897312571.486,0.0006056855772305381
2007-08-14,27.68,26.54,0.3788420991568634,1897312571.486,0.0006056855772305381
2007-08-15,30.67,26.54,0.3788420991568634,1897312571.486,0.0006056855772305381
2007-08-16,30.83,26.54,0.3788420991568634,1897312571.486,0.0006056855772305381
2007-08-17,29.99,26.54,0.3788420991568634,1897312571.486,0.0006056855772305381
2007-08-20,26.33,26.54,0.3788420991568634,1897312571.486,0.0006056855772305381
2007-08-21,25.25,26.54,0.3788420991568634,1897312571.486,0.0006056855772305381
2007-08-22,22.89,26.54,0.3788420991568634,1897312571.486,0.0006056855772305381
2007-08-23,22.62,26.54,0.3788420991568634,1897312571.486,0.0006056855772305381
2007-08-24,20.72,26.54,0.3788420991568634,1897312571.486,0.0006056855772305381
2007-08-27,22.72,26.54,0.3788420991568634,1897312571.486,0.0006056855772305381
2007-08-28,26.3,26.54,0.3788420991568634,1897312571.486,0.0006056855772305381
2007-08-29,23.81,26.54,0.3788420991568634,1897312571.486,0.0006056855772305381
2007-08-30,25.06,26.54,0.3788420991568634,1897312571.486,0.0006056855772305381
2007-08-31,23.38,26.54,0.3788420991568634,1897312571.486,0.0006056855772305381
2007-09-04,22.78,26.54,0.3788420991568634,1897312571.486,0.0006056855772305381
2007-09-05,24.58,26.54,0.3788420991568634,1897312571.486,0.0006056855772305381
2007-09-06,23.99,26.54,0.3788420991568634,1897312571.486,0.0006056855772305381
2007-09-07,26.23,26.54,0.3788420991568634,1897312571.486,0.0006056855772305381
2007-09-10,27.38,26.54,0.3788420991568634,1897312571.486,0.0006056855772305381
2007-09-11,25.27,26.54,0.3788420991568634,1897312571.486,0.0006056855772305381
2007-09-12,24.96,26.54,0.3788420991568634,1897312571.486,0.0006056855772305381
2007-09-13,24.76,26.54,0.3788420991568634,1897312571.486,0.0006056855772305381
2007-09-14,24.92,26.54,0.3788420991568634,1897312571.486,0.0006056855772305381
2007-09-17,26.48,26.54,0.3788420991568634,1897312571.486,0.0006056855772305381
2007-09-18,20.35,26.54,0.3788420991568634,1897312571.486,0.0006056855772305381
2007-09-19,20.03,26.54,0.3788420991568634,1897312571.486,0.0006056855772305381
2007-09-20,20.45,26.54,0.3788420991568634,1897312571.486,0.0006056855772305381
2007-09-21,19.0,26.54,0.3788420991568634,1897312571.486,0.0006056855772305381
2007-09-24,19.37,26.54,0.3788420991568634,1897312571.486,0.0006056855772305381
2007-09-25,18.6,26.54,0.3788420991568634,1897312571.486,0.0006056855772305381
2007-09-26,17.63,26.54,0.3788420991568634,1897312571.486,0.0006056855772305381
2007-09-27,17.0,26.54,0.3788420991568634,1897312571.486,0.0006056855772305381
2007-09-28,18.0,26.54,0.3788420991568634,1897312571.486,0.0006056855772305381
2007-10-01,17.84,26.54,0.3788420991568634,1897312571.486,0.0006056855772305381
2007-10-02,18.49,26.54,0.3788420991568634,1897312571.486,0.0006056855772305381
2007-10-03,18.8,26.54,0.3788420991568634,1897312571.486,0.0006056855772305381
2007-10-04,18.44,26.54,0.3788420991568634,1897312571.486,0.0006056855772305381
2007-10-05,16.91,26.54,0.3788420991568634,1897312571.486,0.0006056855772305381
2007-10-08,17.46,26.54,0.3788420991568634,1897312571.486,0.0006056855772305381
2007-10-09,16.12,26.54,0.3788420991568634,1897312571.486,0.0006056855772305381
2007-10-10,16.67,26.54,0.3788420991568634,1897312571.486,0.0006056855772305381
2007-10-11,18.88,26.54,0.3788420991568634,1897312571.486,0.0006056855772305381
2007-10-12,17.73,26.54,0.3788420991568634,1897312571.486,0.0006056855772305381
2007-10-15,19.25,26.54,0.3788420991568634,1897312571.486,0.0006056855772305381
2007-10-16,20.02,26.54,0.3788420991568634,1897312571.486,0.0006056855772305381
2007-10-17,18.54,26.54,0.3788420991568634,1897312571.486,0.0006056855772305381
2007-10-18,18.5,26.54,0.3788420991568634,1897312571.486,0.0006056855772305381
2007-10-19,22.96,26.54,0.3788420991568634,1897312571.486,0.0006056855772305381
2007-10-22,21.64,26.54,0.3788420991568634,1897312571.486,0.0006056855772305381
2007-10-23,20.41,26.54,0.3788420991568634,1897312571.486,0.0006056855772305381
2007-10-24,20.8,26.54,0.3788420991568634,1897312571.486,0.0006056855772305381
2007-10-25,21.17,26.54,0.3788420991568634,1897312571.486,0.0006056855772305381
2007-10-26,19.56,26.54,0.3788420991568634,1897312571.486,0.0006056855772305381
2007-10-29,19.87,26.54,0.3788420991568634,1897312571.486,0.0006056855772305381
2007-10-30,21.07,26.54,0.3788420991568634,1897312571.486,0.0006056855772305381
2007-10-31,18.53,26.54,0.3788420991568634,1897312571.486,0.0006056855772305381
2007-11-01,23.21,26.54,0.3788420991568634,1897312571.486,0.0006056855772305381
2007-11-02,23.01,26.54,0.3788420991568634,1897312571.486,0.0006056855772305381
2007-11-05,24.31,26.54,0.3788420991568634,1897312571.486,0.0006056855772305381
2007-11-06,21.39,26.54,0.3788420991568634,1897312571.486,0.0006056855772305381
2007-11-07,26.49,26.54,0.3788420991568634,1897312571.486,0.0006056855772305381
2007-11-08,26.16,26.54,0.3788420991568634,1897312571.486,0.0006056855772305381
2007-11-09,28.5,26.54,0.3788420991568634,1897312571.486,0.0006056855772305381
2007-11-12,31.09,26.54,0.3788420991568634,1897312571.486,0.0006056855772305381
2007-11-13,24.1,26.54,0.3788420991568634,1897312571.486,0.0006056855772305381
2007-11-14,25.94,26.54,0.3788420991568634,1897312571.486,0.0006056855772305381
2007-11-15,28.06,26.54,0.3788420991568634,1897312571.486,0.0006056855772305381
2007-11-16,25.49,26.54,0.3788420991568634,1897312571.486,0.0006056855772305381
2007-11-19,26.01,26.54,0.3788420991568634,1897312571.486,0.0006056855772305381
2007-11-20,24.88,26.54,0.3788420991568634,1897312571.486,0.0006056855772305381
2007-11-21,26.84,26.54,0.3788420991568634,1897312571.486,0.0006056855772305381
2007-11-23,25.61,26.54,0.3788420991568634,1897312571.486,0.0006056855772305381
2007-11-26,28.91,26.54,0.3788420991568634,1897312571.486,0.0006056855772305381
2007-11-27,26.28,26.54,0.3788420991568634,1897312571.486,0.0006056855772305381
2007-11-28,24.11,26.54,0.3788420991568634,1897312571.486,0.0006056855772305381
2007-11-29,23.97,26.54,0.3788420991568634,1897312571.486,0.0006056855772305381
2007-11-30,22.87,26.54,0.3788420991568634,1897312571.486,0.0006056855772305381
2007-12-03,23.61,26.54,0.3788420991568634,1897312571.486,0.0006056855772305381
2007-12-04,23.79,26.54,0.3788420991568634,1897312571.486,0.0006056855772305381
2007-12-05,22.53,26.54,0.3788420991568634,1897312571.486,0.0006056855772305381
2007-12-06,20.96,26.54,0.3788420991568634,1897312571.486,0.0006056855772305381
2007-12-07,20.85,26.54,0.3788420991568634,1897312571.486,0.0006056855772305381
2007-12-10,20.74,26.54,0.3788420991568634,1897312571.486,0.0006056855772305381
2007-12-11,23.59,26.54,0.3788420991568634,1897312571.486,0.0006056855772305381
2007-12-12,22.47,26.54,0.3788420991568634,1897312571.486,0.0006056855772305381
2007-12-13,22.56,26.54,0.3788420991568634,1897312571.486,0.0006056855772305381
2007-12-14,23.27,26.54,0.3788420991568634,1897312571.486,0.0006056855772305381
2007-12-17,24.52,26.54,0.3788420991568634,1897312571.486,0.0006056855772305381
2007-12-18,22.64,26.54,0.3788420991568634,1897312571.486,0.0006056855772305381
2007-12-19,21.68,26.54,0.3788420991568634,1897312571.486,0.0006056855772305381
2007-12-20,20.58,26.54,0.3788420991568634,1897312571.486,0.0006056855772305381
2007-12-21,18.47,26.54,0.3788420991568634,1897312571.486,0.0006056855772305381
2007-12-24,18.6,26.54,0.3788420991568634,1897312571.486,0.0006056855772305381
2007-12-26,18.66,26.54,0.3788420991568634,1897312571.486,0.0006056855772305381
2007-12-27,20.26,26.54,0.3788420991568634,1897312571.486,0.0006056855772305381
2007-12-28,20.74,26.54,0.3788420991568634,1897312571.486,0.0006056855772305381
2007-12-31,22.5,26.54,0.3788420991568634,1897312571.486,0.0006056855772305381
2008-01-02,23.17,26.54,0.3788420991568634,1897312571.486,0.0006056855772305381
2008-01-03,22.49,26.54,0.3788420991568634,1897312571.486,0.0006056855772305381
2008-01-04,23.94,26.54,0.3788420991568634,1897312571.486,0.0006056855772305381
2008-01-07,23.79,26.54,0.3788420991568634,1897312571.486,0.0006056855772305381
2008-01-08,25.43,26.54,0.3788420991568634,1897312571.486,0.0006056855772305381
2008-01-09,24.12,26.54,0.3788420991568634,1897312571.486,0.0006056855772305381
2008-01-10,23.45,26.54,0.3788420991568634,1897312571.486,0.0006056855772305381
2008-01-11,23.68,26.54,0.3788420991568634,1897312571.486,0.0006056855772305381
2008-01-14,22.9,26.54,0.3788420991568634,1897312571.486,0.0006056855772305381
2008-01-15,23.34,26.54,0.3788420991568634,1897312571.486,0.0006056855772305381
2008-01-16,24.38,26.54,0.3788420991568634,1897312571.486,0.0006056855772305381
2008-01-17,28.46,26.54,0.3788420991568634,1897312571.486,0.0006056855772305381
2008-01-18,27.18,26.54,0.3788420991568634,1897312571.486,0.0006056855772305381
2008-01-22,31.01,26.54,0.3788420991568634,1897312571.486,0.0006056855772305381
2008-01-23,29.02,26.54,0.3788420991568634,1897312571.486,0.0006056855772305381
2008-01-24,27.78,26.54,0.3788420991568634,1897312571.486,0.0006056855772305381
2008-01-25,29.08,26.54,0.3788420991568634,1897312571.486,0.0006056855772305381
2008-01-28,27.78,26.54,0.3788420991568634,1897312571.486,0.0006056855772305381
2008-01-29,27.32,26.54,0.3788420991568634,1897312571.486,0.0006056855772305381
2008-01-30,27.62,26.54,0.3788420991568634,1897312571.486,0.0006056855772305381
2008-01-31,26.2,26.54,0.3788420991568634,1897312571.486,0.0006056855772305381
2008-02-01,24.02,26.54,0.3788420991568634,1897312571.486,0.0006056855772305381
2008-02-04,25.99,26.54,0.3788420991568634,1897312571.486,0.0006056855772305381
2008-02-05,28.24,26.54,0.3788420991568634,1897312571.486,0.0006056855772305381
2008-02-06,28.97,26.54,0.3788420991568634,1897312571.486,0.0006056855772305381
2008-02-07,27.66,26.54,0.3788420991568634,1897312571.486,0.0006056855772305381
2008-02-08,28.01,26.54,0.3788420991568634,1897312571.486,0.0006056855772305381
2008-02-11,27.6,26.54,0.3788420991568634,1897312571.486,0.0006056855772305381
2008-02-12,26.33,26.54,0.3788420991568634,1897312571.486,0.0006056855772305381
2008-02-13,24.88,26.54,0.3788420991568634,1897312571.486,0.0006056855772305381
2008-02-14,25.54,26.54,0.3788420991568634,1897312571.486,0.0006056855772305381
2008-02-15,25.02,26.54,0.3788420991568634,1897312571.486,0.0006056855772305381
2008-02-19,25.59,26.54,0.3788420991568634,1897312571.486,0.0006056855772305381
2008-02-20,24.4,26.54,0.3788420991568634,1897312571.486,0.0006056855772305381
2008-02-21,25.12,26.54,0.3788420991568634,1897312571.486,0.0006056855772305381
2008-02-22,24.06,26.54,0.3788420991568634,1897312571.486,0.0006056855772305381
2008-02-25,23.03,26.54,0.3788420991568634,1897312571.486,0.0006056855772305381
2008-02-26,21.9,26.54,0.3788420991568634,1897312571.486,0.0006056855772305381
2008-02-27,22.69,26.54,0.3788420991568634,1897312571.486,0.0006056855772305381
2008-02-28,23.53,26.54,0.3788420991568634,1897312571.486,0.0006056855772305381
2008-02-29,26.54,26.54,0.3788420991568634,1897312571.486,0.0006056855772305381
2008-03-03,26.28,26.54,0.3788420991568634,1897312571.486,0.0006056855772305381
2008-03-04,25.52,26.54,0.3788420991568634,1897312571.486,0.0006056855772305381
2008-03-05,24.6,26.54,0.3788420991568634,1897312571.486,0.0006056855772305381
2008-03-06,27.55,26.54,0.3788420991568634,1897312571.486,0.0006056855772305381
2008-03-07,27.49,26.54,0.3788420991568634,1897312571.486,0.0006056855772305381
2008-03-10,29.38,26.54,0.3788420991568634,1897312571.486,0.0006056855772305381
2008-03-11,26.36,26.54,0.3788420991568634,1897312571.486,0.0006056855772305381
2008-03-12,27.22,26.54,0.3788420991568634,1897312571.486,0.0006056855772305381
2008-03-13,27.29,26.54,0.3788420991568634,1897312571.486,0.0006056855772305381
2008-03-14,31.16,26.54,0.3788420991568634,1897312571.486,0.0006056855772305381
2008-03-17,32.24,26.54,0.3788420991568634,1897312571.486,0.0006056855772305381
2008-03-18,25.79,26.54,0.3788420991568634,1897312571.486,0.0006056855772305381
2008-03-19,29.84,26.54,0.3788420991568634,1897312571.486,0.0006056855772305381
2008-03-20,26.62,26.54,0.3788420991568634,1897312571.486,0.0006056855772305381
2008-03-24,25.73,26.54,0.3788420991568634,1897312571.486,0.0006056855772305381
2008-03-25,25.72,26.54,0.3788420991568634,1897312571.486,0.0006056855772305381
2008-03-26,26.08,26.54,0.3788420991568634,1897312571.486,0.0006056855772305381
2008-03-27,25.88,26.54,0.3788420991568634,1897312571.486,0.0006056855772305381
2008-03-28,25.71,26.54,0.3788420991568634,1897312571.486,0.0006056855772305381
2008-03-31,25.61,26.54,0.3788420991568634,1897312571.486,0.0006056855772305381
2008-04-01,22.68,26.54,0.3788420991568634,1897312571.486,0.0006056855772305381
2008-04-02,23.43,26.54,0.3788420991568634,1897312571.486,0.0006056855772305381
2008-04-03,23.21,26.54,0.3788420991568634,1897312571.486,0.0006056855772305381
2008-04-04,22.45,26.54,0.3788420991568634,1897312571.486,0.0006056855772305381
2008-04-07,22.42,26.54,0.3788420991568634,1897312571.486,0.0006056855772305381
2008-04-08,22.36,26.54,0.3788420991568634,1897312571.486,0.0006056855772305381
2008-04-09,22.81,26.54,0.3788420991568634,1897312571.486,0.0006056855772305381
2008-04-10,21.98,26.54,0.3788420991568634,1897312571.486,0.0006056855772305381
2008-04-11,23.46,26.54,0.3788420991568634,1897312571.486,0.0006056855772305381
2008-04-14,23.82,26.54,0.3788420991568634,1897312571.486,0.0006056855772305381
2008-04-15,22.78,26.54,0.3788420991568634,1897312571.486,0.0006056855772305381
2008-04-16,20.53,26.54,0.3788420991568634,1897312571.486,0.0006056855772305381
2008-04-17,20.37,26.54,0.3788420991568634,1897312571.486,0.0006056855772305381
2008-04-18,20.13,26.54,0.3788420991568634,1897312571.486,0.0006056855772305381
2008-04-21,20.5,26.54,0.3788420991568634,1897312571.486,0.0006056855772305381
2008-04-22,20.87,26.54,0.3788420991568634,1897312571.486,0.0006056855772305381
2008-04-23,20.26,26.54,0.3788420991568634,1897312571.486,0.0006056855772305381
2008-04-24,20.06,26.54,0.3788420991568634,1897312571.486,0.0006056855772305381
2008-04-25,19.59,26.54,0.3788420991568634,1897312571.486,0.0006056855772305381
2008-04-28,19.64,26.54,0.3788420991568634,1897312571.486,0.0006056855772305381
2008-04-29,20.24,26.54,0.3788420991568634,1897312571.486,0.0006056855772305381
2008-04-30,20.79,26.54,0.3788420991568634,1897312571.486,0.0006056855772305381
2008-05-01,18.88,26.54,0.3788420991568634,1897312571.486,0.0006056855772305381
2008-05-02,18.18,26.54,0.3788420991568634,1897312571.486,0.0006056855772305381
2008-05-05,18.9,26.54,0.3788420991568634,1897312571.486,0.0006056855772305381
2008-05-06,18.21,26.54,0.3788420991568634,1897312571.486,0.0006056855772305381
2008-05-07,19.73,26.54,0.3788420991568634,1897312571.486,0.0006056855772305381
2008-05-08,19.4,26.54,0.3788420991568634,1897312571.486,0.0006056855772305381
2008-05-09,19.41,26.54,0.3788420991568634,1897312571.486,0.0006056855772305381
2008-05-12,17.79,26.54,0.3788420991568634,1897312571.486,0.0006056855772305381
2008-05-13,17.98,26.54,0.3788420991568634,1897312571.486,0.0006056855772305381
2008-05-14,17.66,26.54,0.3788420991568634,1897312571.486,0.0006056855772305381
2008-05-15,16.3,26.54,0.3788420991568634,1897312571.486,0.0006056855772305381
2008-05-16,16.47,26.54,0.3788420991568634,1897312571.486,0.0006056855772305381
2008-05-19,17.01,26.54,0.3788420991568634,1897312571.486,0.0006056855772305381
2008-05-20,17.58,26.54,0.3788420991568634,1897312571.486,0.0006056855772305381
2008-05-21,18.59,26.54,0.3788420991568634,1897312571.486,0.0006056855772305381
2008-05-22,18.05,26.54,0.3788420991568634,1897312571.486,0.0006056855772305381
2008-05-23,19.55,26.54,0.3788420991568634,1897312571.486,0.0006056855772305381
2008-05-27,19.64,26.54,0.3788420991568634,1897312571.486,0.0006056855772305381
2008-05-28,19.07,26.54,0.3788420991568634,1897312571.486,0.0006056855772305381
2008-05-29,18.14,26.54,0.3788420991568634,1897312571.486,0.0006056855772305381
2008-05-30,17.83,26.54,0.3788420991568634,1897312571.486,0.0006056855772305381
2008-06-02,19.83,26.54,0.3788420991568634,1897312571.486,0.0006056855772305381
2008-06-03,20.24,26.54,0.3788420991568634,1897312571.486,0.0006056855772305381
2008-06-04,20.8,26.54,0.3788420991568634,1897312571.486,0.0006056855772305381
2008-06-05,18.63,26.54,0.3788420991568634,1897312571.486,0.0006056855772305381
2008-06-06,23.56,26.54,0.3788420991568634,1897312571.486,0.0006056855772305381
2008-06-09,23.12,26.54,0.3788420991568634,1897312571.486,0.0006056855772305381
2008-06-10,23.18,26.54,0.3788420991568634,1897312571.486,0.0006056855772305381
2008-06-11,24.12,26.54,0.3788420991568634,1897312571.486,0.0006056855772305381
2008-06-12,23.33,26.54,0.3788420991568634,1897312571.486,0.0006056855772305381
2008-06-13,21.22,26.54,0.3788420991568634,1897312571.486,0.0006056855772305381
2008-06-16,20.95,26.54,0.3788420991568634,1897312571.486,0.0006056855772305381
2008-06-17,21.13,26.54,0.3788420991568634,1897312571.486,0.0006056855772305381
2008-06-18,22.24,26.54,0.3788420991568634,1897312571.486,0.0006056855772305381
2008-06-19,21.58,26.54,0.3788420991568634,1897312571.486,0.0006056855772305381
2008-06-20,22.87,26.54,0.3788420991568634,1897312571.486,0.0006056855772305381
2008-06-23,22.64,26.54,0.3788420991568634,1897312571.486,0.0006056855772305381
2008-06-24,22.42,26.54,0.3788420991568634,1897312571.486,0.0006056855772305381
2008-06-25,21.14,26.54,0.3788420991568634,1897312571.486,0.0006056855772305381
2008-06-26,23.93,26.54,0.3788420991568634,1897312571.486,0.0006056855772305381
2008-06-27,23.44,26.54,0.3788420991568634,1897312571.486,0.0006056855772305381
2008-06-30,23.95,26.54,0.3788420991568634,1897312571.486,0.0006056855772305381
2008-07-01,23.65,26.54,0.3788420991568634,1897312571.486,0.0006056855772305381
2008-07-02,25.92,26.54,0.3788420991568634,1897312571.486,0.0006056855772305381
2008-07-03,24.79,26.54,0.3788420991568634,1897312571.486,0.0006056855772305381
2008-07-07,25.78,26.54,0.3788420991568634,1897312571.486,0.0006056855772305381
2008-07-08,23.15,26.54,0.3788420991568634,1897312571.486,0.0006056855772305381
2008-07-09,25.23,26.54,0.3788420991568634,1897312571.486,0.0006056855772305381
2008-07-10,25.59,26.54,0.3788420991568634,1897312571.486,0.0006056855772305381
2008-07-11,27.49,26.54,0.3788420991568634,1897312571.486,0.0006056855772305381
2008-07-14,28.48,26.54,0.3788420991568634,1897312571.486,0.0006056855772305381
2008-07-15,28.54,26.54,0.3788420991568634,1897312571.486,0.0006056855772305381
2008-07-16,25.1,26.54,0.3788420991568634,1897312571.486,0.0006056855772305381
2008-07-17,25.01,26.54,0.3788420991568634,1897312571.486,0.0006056855772305381
2008-07-18,24.05,26.54,0.3788420991568634,1897312571.486,0.0006056855772305381
2008-07-21,23.05,26.54,0.3788420991568634,1897312571.486,0.0006056855772305381
2008-07-22,21.18,26.54,0.3788420991568634,1897312571.486,0.0006056855772305381
2008-07-23,21.31,26.54,0.3788420991568634,1897312571.486,0.0006056855772305381
2008-07-24,23.44,26.54,0.3788420991568634,1897312571.486,0.0006056855772305381
2008-07-25,22.91,26.54,0.3788420991568634,1897312571.486,0.0006056855772305381
2008-07-28,24.23,26.54,0.3788420991568634,1897312571.486,0.0006056855772305381
2008-07-29,22.03,26.54,0.3788420991568634,1897312571.486,0.0006056855772305381
2008-07-30,21.21,26.54,0.3788420991568634,1897312571.486,0.0006056855772305381
2008-07-31,22.94,26.54,0.3788420991568634,1897312571.486,0.0006056855772305381
2008-08-01,22.57,26.54,0.3788420991568634,1897312571.486,0.0006056855772305381
2008-08-04,23.49,26.54,0.3788420991568634,1897312571.486,0.0006056855772305381
2008-08-05,21.14,26.54,0.3788420991568634,1897312571.486,0.0006056855772305381
2008-08-06,20.23,26.54,0.3788420991568634,1897312571.486,0.0006056855772305381
2008-08-07,21.15,26.54,0.3788420991568634,1897312571.486,0.0006056855772305381
2008-08-08,20.66,26.54,0.3788420991568634,1897312571.486,0.0006056855772305381
2008-08-11,20.12,26.54,0.3788420991568634,1897312571.486,0.0006056855772305381
2008-08-12,21.17,26.54,0.3788420991568634,1897312571.486,0.0006056855772305381
2008-08-13,21.55,26.54,0.3788420991568634,1897312571.486,0.0006056855772305381
2008-08-14,20.34,26.54,0.3788420991568634,1897312571.486,0.0006056855772305381
2008-08-15,19.58,26.54,0.3788420991568634,1897312571.486,0.0006056855772305381
2008-08-18,20.98,26.54,0.3788420991568634,1897312571.486,0.0006056855772305381
2008-08-19,21.28,26.54,0.3788420991568634,1897312571.486,0.0006056855772305381
2008-08-20,20.42,26.54,0.3788420991568634,1897312571.486,0.0006056855772305381
2008-08-21,19.82,26.54,0.3788420991568634,1897312571.486,0.0006056855772305381
2008-08-22,18.81,26.54,0.3788420991568634,1897312571.486,0.0006056855772305381
2008-08-25,20.97,26.54,0.3788420991568634,1897312571.486,0.0006056855772305381
2008-08-26,20.49,26.54,0.3788420991568634,1897312571.486,0.0006056855772305381
2008-08-27,19.76,26.54,0.3788420991568634,1897312571.486,0.0006056855772305381
2008-08-28,19.43,26.54,0.3788420991568634,1897312571.486,0.0006056855772305381
2008-08-29,20.65,26.54,0.3788420991568634,1897312571.486,0.0006056855772305381
2008-09-02,21.99,26.54,0.3788420991568634,1897312571.486,0.0006056855772305381
2008-09-03,21.43,26.54,0.3788420991568634,1897312571.486,0.0006056855772305381
2008-09-04,24.03,26.54,0.3788420991568634,1897312571.486,0.0006056855772305381
2008-09-05,23.06,26.54,0.3788420991568634,1897312571.486,0.0006056855772305381
2008-09-08,22.64,26.54,0.3788420991568634,1897312571.486,0.0006056855772305381
2008-09-09,25.47,26.54,0.3788420991568634,1897312571.486,0.0006056855772305381
2008-09-10,24.52,26.54,0.3788420991568634,1897312571.486,0.0006056855772305381
2008-09-11,24.39,26.54,0.3788420991568634,1897312571.486,0.0006056855772305381
2008-09-12,25.66,26.54,0.3788420991568634,1897312571.486,0.0006056855772305381
2008-09-15,31.7,26.54,0.3788420991568634,1897312571.486,0.0006056855772305381
2008-09-16,30.3,26.54,0.3788420991568634,1897312571.486,0.0006056855772305381
2008-09-17,36.22,26.54,0.3788420991568634,1897312571.486,0.0006056855772305381
2008-09-18,33.1,26.54,0.3788420991568634,1897312571.486,0.0006056855772305381
2008-09-19,32.07,26.54,0.3788420991568634,1897312571.486,0.0006056855772305381
2008-09-22,33.85,26.54,0.3788420991568634,1897312571.486,0.0006056855772305381
2008-09-23,35.72,26.54,0.3788420991568634,1897312571.486,0.0006056855772305381
2008-09-24,35.19,26.54,0.3788420991568634,1897312571.486,0.0006056855772305381
2008-09-25,32.82,26.54,0.3788420991568634,1897312571.486,0.0006056855772305381
2008-09-26,34.74,26.54,0.3788420991568634,1897312571.486,0.0006056855772305381
2008-09-29,46.72,26.54,0.3788420991568634,1897312571.486,0.0006056855772305381
2008-09-30,39.39,26.54,0.3788420991568634,1897312571.486,0.0006056855772305381
2008-10-01,39.81,26.54,0.3788420991568634,1897312571.486,0.0006056855772305381
2008-10-02,45.26,26.54,0.3788420991568634,1897312571.486,0.0006056855772305381
2008-10-03,45.14,26.54,0.3788420991568634,1897312571.486,0.0006056855772305381
2008-10-06,52.05,26.54,0.3788420991568634,1897312571.486,0.0006056855772305381
2008-10-07,53.68,26.54,0.3788420991568634,1897312571.486,0.0006056855772305381
2008-10-08,57.53,26.54,0.3788420991568634,1897312571.486,0.0006056855772305381
2008-10-09,63.92,26.54,0.3788420991568634,1897312571.486,0.0006056855772305381
2008-10-10,69.95,26.54,0.3788420991568634,1897312571.486,0.0006056855772305381
2008-10-13,54.99,26.54,0.3788420991568634,1897312571.486,0.0006056855772305381
2008-10-14,55.13,26.54,0.3788420991568634,1897312571.486,0.0006056855772305381
2008-10-15,69.25,26.54,0.3788420991568634,1897312571.486,0.0006056855772305381
2008-10-16,67.61,26.54,0.3788420991568634,1897312571.486,0.0006056855772305381
2008-10-17,70.33,26.54,0.3788420991568634,1897312571.486,0.0006056855772305381
2008-10-20,52.97,26.54,0.3788420991568634,1897312571.486,0.0006056855772305381
2008-10-21,53.11,26.54,0.3788420991568634,1897312571.486,0.0006056855772305381
2008-10-22,69.65,26.54,0.3788420991568634,1897312571.486,0.0006056855772305381
2008-10-23,67.8,26.54,0.3788420991568634,1897312571.486,0.0006056855772305381
2008-10-24,79.13,26.54,0.3788420991568634,1897312571.486,0.0006056855772305381
2008-10-27,80.06,26.54,0.3788420991568634,1897312571.486,0.0006056855772305381
2008-10-28,66.96,26.54,0.3788420991568634,1897312571.486,0.0006056855772305381
2008-10-29,69.96,26.54,0.3788420991568634,1897312571.486,0.0006056855772305381
2008-10-30,62.9,26.54,0.3788420991568634,1897312571.486,0.0006056855772305381
2008-10-31,59.89,26.54,0.3788420991568634,1897312571.486,0.0006056855772305381
2008-11-03,53.68,26.54,0.3788420991568634,1897312571.486,0.0006056855772305381
2008-11-04,47.73,26.54,0.3788420991568634,1897312571.486,0.0006056855772305381
2008-11-05,54.56,26.54,0.3788420991568634,1897312571.486,0.0006056855772305381
2008-11-06,63.68,26.54,0.3788420991568634,1897312571.486,0.0006056855772305381
2008-11-07,56.1,26.54,0.3788420991568634,1897312571.486,0.0006056855772305381
2008-11-10,59.98,26.54,0.3788420991568634,1897312571.486,0.0006056855772305381
2008-11-11,61.44,26.54,0.3788420991568634,1897312571.486,0.0006056855772305381
2008-11-12,66.46,26.54,0.3788420991568634,1897312571.486,0.0006056855772305381
2008-11-13,59.83,26.54,0.3788420991568634,1897312571.486,0.0006056855772305381
2008-11-14,66.31,26.54,0.3788420991568634,1897312571.486,0.0006056855772305381
2008-11-17,69.15,26.54,0.3788420991568634,1897312571.486,0.0006056855772305381
2008-11-18,67.64,26.54,0.3788420991568634,1897312571.486,0.0006056855772305381
2008-11-19,74.26,26.54,0.3788420991568634,1897312571.486,0.0006056855772305381
2008-11-20,80.86,26.54,0.3788420991568634,1897312571.486,0.0006056855772305381
2008-11-21,72.67,26.54,0.3788420991568634,1897312571.486,0.0006056855772305381
2008-11-24,64.7,26.54,0.3788420991568634,1897312571.486,0.0006056855772305381
2008-11-25,60.9,26.54,0.3788420991568634,1897312571.486,0.0006056855772305381
2008-11-26,54.92,26.54,0.3788420991568634,1897312571.486,0.0006056855772305381
2008-11-28,55.84,26.54,0.3788420991568634,1897312571.486,0.0006056855772305381
2008-12-01,68.51,26.54,0.3788420991568634,1897312571.486,0.0006056855772305381
2008-12-02,62.98,26.54,0.3788420991568634,1897312571.486,0.0006056855772305381
2008-12-03,60.72,26.54,0.3788420991568634,1897312571.486,0.0006056855772305381
2008-12-04,63.64,26.54,0.3788420991568634,1897312571.486,0.0006056855772305381
2008-12-05,59.93,26.54,0.3788420991568634,1897312571.486,0.0006056855772305381
2008-12-08,58.49,26.54,0.3788420991568634,1897312571.486,0.0006056855772305381
2008-12-09,58.91,26.54,0.3788420991568634,1897312571.486,0.0006056855772305381
2008-12-10,55.73,26.54,0.3788420991568634,1897312571.486,0.0006056855772305381
2008-12-11,55.78,26.54,0.3788420991568634,1897312571.486,0.0006056855772305381
2008-12-12,54.28,26.54,0.3788420991568634,1897312571.486,0.0006056855772305381
2008-12-15,56.76,26.54,0.3788420991568634,1897312571.486,0.0006056855772305381
2008-12-16,52.37,26.54,0.3788420991568634,1897312571.486,0.0006056855772305381
2008-12-17,49.84,26.54,0.3788420991568634,1897312571.486,0.0006056855772305381
2008-12-18,47.34,26.54,0.3788420991568634,1897312571.486,0.0006056855772305381
2008-12-19,44.93,26.54,0.3788420991568634,1897312571.486,0.0006056855772305381
2008-12-22,44.56,26.54,0.3788420991568634,1897312571.486,0.0006056855772305381
2008-12-23,45.02,26.54,0.3788420991568634,1897312571.486,0.0006056855772305381
2008-12-24,44.21,26.54,0.3788420991568634,1897312571.486,0.0006056855772305381
2008-12-26,43.38,26.54,0.3788420991568634,1897312571.486,0.0006056855772305381
2008-12-29,43.9,26.54,0.3788420991568634,1897312571.486,0.0006056855772305381
2008-12-30,41.63,26.54,0.3788420991568634,1897312571.486,0.0006056855772305381
2008-12-31,40.0,26.54,0.3788420991568634,1897312571.486,0.0006056855772305381
2009-01-02,39.19,26.54,0.3788420991568634,1897312571.486,0.0006056855772305381
2009-01-05,39.08,26.54,0.3788420991568634,1897312571.486,0.0006056855772305381
2009-01-06,38.56,26.54,0.3788420991568634,1897312571.486,0.0006056855772305381
2009-01-07,43.39,26.54,0.3788420991568634,1897312571.486,0.0006056855772305381
2009-01-08,42.56,26.54,0.3788420991568634,1897312571.486,0.0006056855772305381
2009-01-09,42.82,26.54,0.3788420991568634,1897312571.486,0.0006056855772305381
2009-01-12,45.84,26.54,0.3788420991568634,1897312571.486,0.0006056855772305381
2009-01-13,43.27,26.54,0.3788420991568634,1897312571.486,0.0006056855772305381
2009-01-14,49.14,26.54,0.3788420991568634,1897312571.486,0.0006056855772305381
2009-01-15,51.0,26.54,0.3788420991568634,1897312571.486,0.0006056855772305381
2009-01-16,46.11,26.54,0.3788420991568634,1897312571.486,0.0006056855772305381
2009-01-20,56.65,26.54,0.3788420991568634,1897312571.486,0.0006056855772305381
2009-01-21,46.42,26.54,0.3788420991568634,1897312571.486,0.0006056855772305381
2009-01-22,47.29,26.54,0.3788420991568634,1897312571.486,0.0006056855772305381
2009-01-23,47.27,26.54,0.3788420991568634,1897312571.486,0.0006056855772305381
2009-01-26,45.69,26.54,0.3788420991568634,1897312571.486,0.0006056855772305381
2009-01-27,42.25,26.54,0.3788420991568634,1897312571.486,0.0006056855772305381
2009-01-28,39.66,26.54,0.3788420991568634,1897312571.486,0.0006056855772305381
2009-01-29,42.63,26.54,0.3788420991568634,1897312571.486,0.0006056855772305381
2009-01-30,44.84,26.54,0.3788420991568634,1897312571.486,0.0006056855772305381
2009-02-02,45.52,26.54,0.3788420991568634,1897312571.486,0.0006056855772305381
2009-02-03,43.06,26.54,0.3788420991568634,1897312571.486,0.0006056855772305381
2009-02-04,43.85,26.54,0.3788420991568634,1897312571.486,0.0006056855772305381
2009-02-05,43.73,26.54,0.3788420991568634,1897312571.486,0.0006056855772305381
2009-02-06,43.37,26.54,0.3788420991568634,1897312571.486,0.0006056855772305381
2009-02-09,43.64,26.54,0.3788420991568634,1897312571.486,0.0006056855772305381
2009-02-10,46.67,26.54,0.3788420991568634,1897312571.486,0.0006056855772305381
2009-02-11,44.53,26.54,0.3788420991568634,1897312571.486,0.0006056855772305381
2009-02-12,41.25,26.54,0.3788420991568634,1897312571.486,0.0006056855772305381
2009-02-13,42.93,26.54,0.3788420991568634,1897312571.486,0.0006056855772305381
2009-02-17,48.66,26.54,0.3788420991568634,1897312571.486,0.0006056855772305381
2009-02-18,48.46,26.54,0.3788420991568634,1897312571.486,0.0006056855772305381
2009-02-19,47.08,26.54,0.3788420991568634,1897312571.486,0.0006056855772305381
2009-02-20,49.3,26.54,0.3788420991568634,1897312571.486,0.0006056855772305381
2009-02-23,52.62,26.54,0.3788420991568634,1897312571.486,0.0006056855772305381
2009-02-24,45.49,26.54,0.3788420991568634,1897312571.486,0.0006056855772305381
2009-02-25,44.67,26.54,0.3788420991568634,1897312571.486,0.0006056855772305381
2009-02-26,44.66,26.54,0.3788420991568634,1897312571.486,0.0006056855772305381
2009-02-27,46.35,26.54,0.3788420991568634,1897312571.486,0.0006056855772305381
2009-03-02,52.65,26.54,0.3788420991568634,1897312571.486,0.0006056855772305381
2009-03-03,50.93,26.54,0.3788420991568634,1897312571.486,0.0006056855772305381
2009-03-04,47.56,26.54,0.3788420991568634,1897312571.486,0.0006056855772305381
2009-03-05,50.17,26.54,0.3788420991568634,1897312571.486,0.0006056855772305381
2009-03-06,49.33,26.54,0.3788420991568634,1897312571.486,0.0006056855772305381
2009-03-09,49.68,26.54,0.3788420991568634,1897312571.486,0.0006056855772305381
2009-03-10,44.37,26.54,0.3788420991568634,1897312571.486,0.0006056855772305381
2009-03-11,43.61,26.54,0.3788420991568634,1897312571.486,0.0006056855772305381
2009-03-12,41.18,26.54,0.3788420991568634,1897312571.486,0.0006056855772305381
2009-03-13,42.36,26.54,0.3788420991568634,1897312571.486,0.0006056855772305381
2009-03-16,43.74,26.54,0.3788420991568634,1897312571.486,0.0006056855772305381
2009-03-17,40.8,26.54,0.3788420991568634,1897312571.486,0.0006056855772305381
2009-03-18,40.06,26.54,0.3788420991568634,1897312571.486,0.0006056855772305381
2009-03-19,43.68,26.54,0.3788420991568634,1897312571.486,0.0006056855772305381
2009-03-20,45.89,26.54,0.3788420991568634,1897312571.486,0.0006056855772305381
2009-03-23,43.23,26.54,0.3788420991568634,1897312571.486,0.0006056855772305381
2009-03-24,42.93,26.54,0.3788420991568634,1897312571.486,0.0006056855772305381
2009-03-25,42.25,26.54,0.3788420991568634,1897312571.486,0.0006056855772305381
2009-03-26,40.36,26.54,0.3788420991568634,1897312571.486,0.0006056855772305381
2009-03-27,41.04,26.54,0.3788420991568634,1897312571.486,0.0006056855772305381
2009-03-30,45.54,26.54,0.3788420991568634,1897312571.486,0.0006056855772305381
2009-03-31,44.14,26.54,0.3788420991568634,1897312571.486,0.0006056855772305381
2009-04-01,42.28,26.54,0.3788420991568634,1897312571.486,0.0006056855772305381
2009-04-02,42.04,26.54,0.3788420991568634,1897312571.486,0.0006056855772305381
2009-04-03,39.7,26.54,0.3788420991568634,1897312571.486,0.0006056855772305381
2009-04-06,40.93,26.54,0.3788420991568634,1897312571.486,0.0006056855772305381
2009-04-07,40.39,26.54,0.3788420991568634,1897312571.486,0.0006056855772305381
2009-04-08,38.85,26.54,0.3788420991568634,1897312571.486,0.0006056855772305381
2009-04-09,36.53,26.54,0.3788420991568634,1897312571.486,0.0006056855772305381
2009-04-13,37.81,26.54,0.3788420991568634,1897312571.486,0.0006056855772305381
2009-04-14,37.67,26.54,0.3788420991568634,1897312571.486,0.0006056855772305381
2009-04-15,36.17,26.54,0.3788420991568634,1897312571.486,0.0006056855772305381
2009-04-16,35.79,26.54,0.3788420991568634,1897312571.486,0.0006056855772305381
2009-04-17,33.94,26.54,0.3788420991568634,1897312571.486,0.0006056855772305381
2009-04-20,39.18,26.54,0.3788420991568634,1897312571.486,0.0006056855772305381
2009-04-21,37.14,26.54,0.3788420991568634,1897312571.486,0.0006056855772305381
2009-04-22,38.1,26.54,0.3788420991568634,1897312571.486,0.0006056855772305381
2009-04-23,37.15,26.54,0.3788420991568634,1897312571.486,0.0006056855772305381
2009-04-24,36.82,26.54,0.3788420991568634,1897312571.486,0.0006056855772305381
2009-04-27,38.32,26.54,0.3788420991568634,1897312571.486,0.0006056855772305381
2009-04-28,37.95,26.54,0.3788420991568634,1897312571.486,0.0006056855772305381
2009-04-29,36.08,26.54,0.3788420991568634,1897312571.486,0.0006056855772305381
2009-04-30,36.5,26.54,0.3788420991568634,1897312571.486,0.0006056855772305381
2009-05-01,35.3,26.54,0.3788420991568634,1897312571.486,0.0006056855772305381
2009-05-04,34.53,26.54,0.3788420991568634,1897312571.486,0.0006056855772305381
2009-05-05,33.36,26.54,0.3788420991568634,1897312571.486,0.0006056855772305381
2009-05-06,32.45,26.54,0.3788420991568634,1897312571.486,0.0006056855772305381
2009-05-07,33.44,26.54,0.3788420991568634,1897312571.486,0.0006056855772305381
2009-05-08,32.05,26.54,0.3788420991568634,1897312571.486,0.0006056855772305381
2009-05-11,32.87,26.54,0.3788420991568634,1897312571.486,0.0006056855772305381
2009-05-12,31.8,26.54,0.3788420991568634,1897312571.486,0.0006056855772305381
2009-05-13,33.65,26.54,0.3788420991568634,1897312571.486,0.0006056855772305381
2009-05-14,31.37,26.54,0.3788420991568634,1897312571.486,0.0006056855772305381
2009-05-15,33.12,26.54,0.3788420991568634,1897312571.486,0.0006056855772305381
2009-05-18,30.24,26.54,0.3788420991568634,1897312571.486,0.0006056855772305381
2009-05-19,28.8,26.54,0.3788420991568634,1897312571.486,0.0006056855772305381
2009-05-20,29.03,26.54,0.3788420991568634,1897312571.486,0.0006056855772305381
2009-05-21,31.35,26.54,0.3788420991568634,1897312571.486,0.0006056855772305381
2009-05-22,32.63,26.54,0.3788420991568634,1897312571.486,0.0006056855772305381
2009-05-26,30.62,26.54,0.3788420991568634,1897312571.486,0.0006056855772305381
2009-05-27,32.36,26.54,0.3788420991568634,1897312571.486,0.0006056855772305381
2009-05-28,31.67,26.54,0.3788420991568634,1897312571.486,0.0006056855772305381
2009-05-29,28.92,26.54,0.3788420991568634,1897312571.486,0.0006056855772305381
2009-06-01,30.04,26.54,0.3788420991568634,1897312571.486,0.0006056855772305381
2009-06-02,29.63,26.54,0.3788420991568634,1897312571.486,0.0006056855772305381
2009-06-03,31.02,26.54,0.3788420991568634,1897312571.486,0.0006056855772305381
2009-06-04,30.18,26.54,0.3788420991568634,1897312571.486,0.0006056855772305381
2009-06-05,29.62,26.54,0.3788420991568634,1897312571.486,0.0006056855772305381
2009-06-08,29.77,26.54,0.3788420991568634,1897312571.486,0.0006056855772305381
2009-06-09,28.27,26.54,0.3788420991568634,1897312571.486,0.0006056855772305381
2009-06-10,28.46,26.54,0.3788420991568634,1897312571.486,0.0006056855772305381
2009-06-11,28.11,26.54,0.3788420991568634,1897312571.486,0.0006056855772305381
2009-06-12,28.15,26.54,0.3788420991568634,1897312571.486,0.0006056855772305381
2009-06-15,30.81,26.54,0.3788420991568634,1897312571.486,0.0006056855772305381
2009-06-16,32.68,26.54,0.3788420991568634,1897312571.486,0.0006056855772305381
2009-06-17,31.54,26.54,0.3788420991568634,1897312571.486,0.0006056855772305381
2009-06-18,30.03,26.54,0.3788420991568634,1897312571.486,0.0006056855772305381
2009-06-19,27.99,26.54,0.3788420991568634,1897312571.486,0.0006056855772305381
2009-06-22,31.17,26.54,0.3788420991568634,1897312571.486,0.0006056855772305381
2009-06-23,30.58,26.54,0.3788420991568634,1897312571.486,0.0006056855772305381
2009-06-24,29.05,26.54,0.3788420991568634,1897312571.486,0.0006056855772305381
2009-06-25,26.36,26.54,0.3788420991568634,1897312571.486,0.0006056855772305381
2009-06-26,25.93,26.54,0.3788420991568634,1897312571.486,0.0006056855772305381
2009-06-29,25.35,26.54,0.3788420991568634,1897312571.486,0.0006056855772305381
2009-06-30,26.35,26.54,0.3788420991568634,1897312571.486,0.0006056855772305381
2009-07-01,26.22,26.54,0.3788420991568634,1897312571.486,0.0006056855772305381
2009-07-02,27.95,26.54,0.3788420991568634,1897312571.486,0.0006056855772305381
2009-07-06,29.0,26.54,0.3788420991568634,1897312571.486,0.0006056855772305381
2009-07-07,30.85,26.54,0.3788420991568634,1897312571.486,0.0006056855772305381
2009-07-08,31.3,26.54,0.3788420991568634,1897312571.486,0.0006056855772305381
2009-07-09,29.78,26.54,0.3788420991568634,1897312571.486,0.0006056855772305381
2009-07-10,29.02,26.54,0.3788420991568634,1897312571.486,0.0006056855772305381
2009-07-13,26.31,26.54,0.3788420991568634,1897312571.486,0.0006056855772305381
2009-07-14,25.02,26.54,0.3788420991568634,1897312571.486,0.0006056855772305381
2009-07-15,25.89,26.54,0.3788420991568634,1897312571.486,0.0006056855772305381
2009-07-16,25.42,26.54,0.3788420991568634,1897312571.486,0.0006056855772305381
2009-07-17,24.34,26.54,0.3788420991568634,1897312571.486,0.0006056855772305381
2009-07-20,24.4,26.54,0.3788420991568634,1897312571.486,0.0006056855772305381
2009-07-21,23.87,26.54,0.3788420991568634,1897312571.486,0.0006056855772305381
2009-07-22,23.47,26.54,0.3788420991568634,1897312571.486,0.0006056855772305381
2009-07-23,23.43,26.54,0.3788420991568634,1897312571.486,0.0006056855772305381
2009-07-24,23.09,26.54,0.3788420991568634,1897312571.486,0.0006056855772305381
2009-07-27,24.28,26.54,0.3788420991568634,1897312571.486,0.0006056855772305381
2009-07-28,25.01,26.54,0.3788420991568634,1897312571.486,0.0006056855772305381
2009-07-29,25.61,26.54,0.3788420991568634,1897312571.486,0.0006056855772305381
2009-07-30,25.4,26.54,0.3788420991568634,1897312571.486,0.0006056855772305381
2009-07-31,25.92,26.54,0.3788420991568634,1897312571.486,0.0006056855772305381
2009-08-03,25.56,26.54,0.3788420991568634,1897312571.486,0.0006056855772305381
2009-08-04,24.89,26.54,0.3788420991568634,1897312571.486,0.0006056855772305381
2009-08-05,24.9,26.54,0.3788420991568634,1897312571.486,0.0006056855772305381
2009-08-06,25.67,26.54,0.3788420991568634,1897312571.486,0.0006056855772305381
2009-08-07,24.76,26.54,0.3788420991568634,1897312571.486,0.0006056855772305381
2009-08-10,24.99,26.54,0.3788420991568634,1897312571.486,0.0006056855772305381
2009-08-11,25.99,26.54,0.3788420991568634,1897312571.486,0.0006056855772305381
2009-08-12,25.45,26.54,0.3788420991568634,1897312571.486,0.0006056855772305381
2009-08-13,24.71,26.54,0.3788420991568634,1897312571.486,0.0006056855772305381
2009-08-14,24.27,26.54,0.3788420991568634,1897312571.486,0.0006056855772305381
2009-08-17,27.89,26.54,0.3788420991568634,1897312571.486,0.0006056855772305381
2009-08-18,26.18,26.54,0.3788420991568634,1897312571.486,0.0006056855772305381
2009-08-19,26.26,26.54,0.3788420991568634,1897312571.486,0.0006056855772305381
2009-08-20,25.09,26.54,0.3788420991568634,1897312571.486,0.0006056855772305381
2009-08-21,25.01,26.54,0.3788420991568634,1897312571.486,0.0006056855772305381
2009-08-24,25.14,26.54,0.3788420991568634,1897312571.486,0.0006056855772305381
2009-08-25,24.92,26.54,0.3788420991568634,1897312571.486,0.0006056855772305381
2009-08-26,24.95,26.54,0.3788420991568634,1897312571.486,0.0006056855772305381
2009-08-27,24.68,26.54,0.3788420991568634,1897312571.486,0.0006056855772305381
2009-08-28,24.76,26.54,0.3788420991568634,1897312571.486,0.0006056855772305381
2009-08-31,26.01,26.54,0.3788420991568634,1897312571.486,0.0006056855772305381
2009-09-01,29.15,26.54,0.3788420991568634,1897312571.486,0.0006056855772305381
2009-09-02,28.9,26.54,0.3788420991568634,1897312571.486,0.0006056855772305381
2009-09-03,27.1,26.54,0.3788420991568634,1897312571.486,0.0006056855772305381
2009-09-04,25.26,26.54,0.3788420991568634,1897312571.486,0.0006056855772305381
2009-09-08,25.62,26.54,0.3788420991568634,1897312571.486,0.0006056855772305381
2009-09-09,24.32,26.54,0.3788420991568634,1897312571.486,0.0006056855772305381
2009-09-10,23.55,26.54,0.3788420991568634,1897312571.486,0.0006056855772305381
2009-09-11,24.15,26.54,0.3788420991568634,1897312571.486,0.0006056855772305381
2009-09-14,23.86,26.54,0.3788420991568634,1897312571.486,0.0006056855772305381
2009-09-15,23.42,26.54,0.3788420991568634,1897312571.486,0.0006056855772305381
2009-09-16,23.69,26.54,0.3788420991568634,1897312571.486,0.0006056855772305381
2009-09-17,23.65,26.54,0.3788420991568634,1897312571.486,0.0006056855772305381
2009-09-18,23.92,26.54,0.3788420991568634,1897312571.486,0.0006056855772305381
2009-09-21,24.06,26.23,0.3788420991568634,1897312571.486,0.0006056855772305381
2009-09-22,23.08,25.69,0.3788420991568634,1897312571.486,0.0006056855772305381
2009-09-23,23.49,26.09,0.3788420991568634,1897312571.486,0.0006056855772305381
2009-09-24,24.95,27.13,0.3788420991568634,1897312571.486,0.0006056855772305381
2009-09-25,25.61,27.21,0.3788420991568634,1897312571.486,0.0006056855772305381
2009-09-28,24.88,26.27,0.3788420991568634,1897312571.486,0.0006056855772305381
2009-09-29,25.19,26.48,0.3788420991568634,1897312571.486,0.0006056855772305381
2009-09-30,25.61,26.66,0.3788420991568634,1897312571.486,0.0006056855772305381
2009-10-01,28.27,28.33,0.3788420991568634,1897312571.486,0.0006056855772305381
2009-10-02,28.68,28.8,0.3788420991568634,1897312571.486,0.0006056855772305381
2009-10-05,26.84,27.61,0.3788420991568634,1897312571.486,0.0006056855772305381
2009-10-06,25.7,26.73,0.3788420991568634,1897312571.486,0.0006056855772305381
2009-10-07,24.68,26.12,0.3788420991568634,1897312571.486,0.0006056855772305381
2009-10-08,24.18,25.74,0.3788420991568634,1897312571.486,0.0006056855772305381
2009-10-09,23.12,25.08,0.3788420991568634,1897312571.486,0.0006056855772305381
2009-10-12,23.01,25.17,0.3788420991568634,1897312571.486,0.0006056855772305381
2009-10-13,22.99,25.09,0.3788420991568634,1897312571.486,0.0006056855772305381
2009-10-14,22.86,24.58,0.3788420991568634,1897312571.486,0.0006056855772305381
2009-10-15,21.72,24.22,0.3788420991568634,1897312571.486,0.0006056855772305381
2009-10-16,21.43,24.4,0.3788420991568634,1897312571.486,0.0006056855772305381
2009-10-19,21.49,24.15,0.3788420991568634,1897312571.486,0.0006056855772305381
2009-10-20,20.9,23.72,0.3788420991568634,1897312571.486,0.0006056855772305381
2009-10-21,22.22,24.55,0.3788420991568634,1897312571.486,0.0006056855772305381
2009-10-22,20.69,23.35,0.3788420991568634,1897312571.486,0.0006056855772305381
2009-10-23,22.27,24.31,0.3788420991568634,1897312571.486,0.0006056855772305381
2009-10-26,24.31,25.37,0.3788420991568634,1897312571.486,0.0006056855772305381
2009-10-27,24.83,25.46,0.3788420991568634,1897312571.486,0.0006056855772305381
2009-10-28,27.91,27.42,0.3788420991568634,1897312571.486,0.0006056855772305381
2009-10-29,24.76,25.66,0.3788420991568634,1897312571.486,0.0006056855772305381
2009-10-30,30.69,29.07,0.3788420991568634,1897312571.486,0.0006056855772305381
2009-11-02,29.78,28.82,0.3788420991568634,1897312571.486,0.0006056855772305381
2009-11-03,28.81,28.87,0.3788420991568634,1897312571.486,0.0006056855772305381
2009-11-04,27.72,28.18,0.3788420991568634,1897312571.486,0.0006056855772305381
2009-11-05,25.43,26.61,0.3788420991568634,1897312571.486,0.0006056855772305381
2009-11-06,24.19,25.88,0.3788420991568634,1897312571.486,0.0006056855772305381
2009-11-09,23.15,24.41,0.3788420991568634,1897312571.486,0.0006056855772305381
2009-11-10,22.84,24.71,0.3788420991568634,1897312571.486,0.0006056855772305381
2009-11-11,23.04,24.97,0.3788420991568634,1897312571.486,0.0006056855772305381
2009-11-12,24.24,26.07,0.3788420991568634,1897312571.486,0.0006056855772305381
2009-11-13,23.36,25.6,0.3788420991568634,1897312571.486,0.0006056855772305381
2009-11-16,22.89,25.15,0.3788420991568634,1897312571.486,0.0006056855772305381
2009-11-17,22.41,25.04,0.3788420991568634,1897312571.486,0.0006056855772305381
2009-11-18,21.63,24.72,0.3788420991568634,1897312571.486,0.0006056855772305381
2009-11-19,22.63,25.11,0.3788420991568634,1897312571.486,0.0006056855772305381
2009-11-20,22.19,24.66,0.3788420991568634,1897312571.486,0.0006056855772305381
2009-11-23,21.16,24.11,0.3788420991568634,1897312571.486,0.0006056855772305381
2009-11-24,20.47,23.74,0.3788420991568634,1897312571.486,0.0006056855772305381
2009-11-25,20.48,23.66,0.3788420991568634,1897312571.486,0.0006056855772305381
2009-11-27,24.85,26.15,0.3788420991568634,1897312571.486,0.0006056855772305381
2009-11-30,24.51,26.24,0.3788420991568634,1897312571.486,0.0006056855772305381
2009-12-01,21.92,24.94,0.3788420991568634,1897312571.486,0.0006056855772305381
2009-12-02,21.12,24.8,0.3788420991568634,1897312571.486,0.0006056855772305381
2009-12-03,22.46,25.51,0.3788420991568634,1897312571.486,0.0006056855772305381
2009-12-04,21.25,24.76,0.3788420991568634,1897312571.486,0.0006056855772305381
2009-12-07,22.1,25.3,0.3788420991568634,1897312571.486,0.0006056855772305381
2009-12-08,23.69,26.13,0.3788420991568634,1897312571.486,0.0006056855772305381
2009-12-09,22.66,25.8,0.3788420991568634,1897312571.486,0.0006056855772305381
2009-12-10,22.32,25.34,0.3788420991568634,1897312571.486,0.0006056855772305381
2009-12-11,21.59,25.12,0.3788420991568634,1897312571.486,0.0006056855772305381
2009-12-14,21.15,24.56,0.3788420991568634,1897312571.486,0.0006056855772305381
2009-12-15,21.49,24.73,0.3788420991568634,1897312571.486,0.0006056855772305381
2009-12-16,20.54,24.25,0.3788420991568634,1897312571.486,0.0006056855772305381
2009-12-17,22.51,24.78,0.3788420991568634,1897312571.486,0.0006056855772305381
2009-12-18,21.68,24.52,0.3788420991568634,1897312571.486,0.0006056855772305381
2009-12-21,20.49,23.53,0.3788420991568634,1897312571.486,0.0006056855772305381
2009-12-22,19.54,22.76,0.3788420991568634,1897312571.486,0.0006056855772305381
2009-12-23,19.71,22.68,0.3788420991568634,1897312571.486,0.0006056855772305381
2009-12-24,19.47,22.43,0.3788420991568634,1897312571.486,0.0006056855772305381
2009-12-28,19.93,22.49,0.3788420991568634,1897312571.486,0.0006056855772305381
2009-12-29,20.01,22.63,0.3788420991568634,1897312571.486,0.0006056855772305381
2009-12-30,19.96,22.66,0.3788420991568634,1897312571.486,0.0006056855772305381
2009-12-31,21.68,23.89,0.3788420991568634,1897312571.486,0.0006056855772305381
2010-01-04,20.04,22.77,0.3788420991568634,1897312571.486,0.0006056855772305381
2010-01-05,19.35,22.39,0.3788420991568634,1897312571.486,0.0006056855772305381
2010-01-06,19.16,21.8,0.3788420991568634,1897312571.486,0.0006056855772305381
2010-01-07,19.06,21.6,0.3788420991568634,1897312571.486,0.0006056855772305381
2010-01-08,18.13,21.0,0.3788420991568634,1897312571.486,0.0006056855772305381
2010-01-11,17.55,21.27,0.3788420991568634,1897312571.486,0.0006056855772305381
2010-01-12,18.25,21.79,0.3788420991568634,1897312571.486,0.0006056855772305381
2010-01-13,17.85,21.29,0.3788420991568634,1897312571.486,0.0006056855772305381
2010-01-14,17.63,20.71,0.3788420991568634,1897312571.486,0.0006056855772305381
2010-01-15,17.91,21.48,0.3788420991568634,1897312571.486,0.0006056855772305381
2010-01-19,17.58,20.89,0.3788420991568634,1897312571.486,0.0006056855772305381
2010-01-20,18.68,21.4,0.3788420991568634,1897312571.486,0.0006056855772305381
2010-01-21,22.27,23.15,0.3788420991568634,1897312571.486,0.0006056855772305381
2010-01-22,27.31,26.29,0.3788420991568634,1897312571.486,0.0006056855772305381
2010-01-25,25.41,25.19,0.3788420991568634,1897312571.486,0.0006056855772305381
2010-01-26,24.55,25.17,0.3788420991568634,1897312571.486,0.0006056855772305381
2010-01-27,23.14,24.13,0.3788420991568634,1897312571.486,0.0006056855772305381
2010-01-28,23.73,24.67,0.3788420991568634,1897312571.486,0.0006056855772305381
2010-01-29,24.62,25.38,0.3788420991568634,1897312571.486,0.0006056855772305381
2010-02-01,22.59,23.64,0.3788420991568634,1897312571.486,0.0006056855772305381
2010-02-02,21.48,22.93,0.3788420991568634,1897312571.486,0.0006056855772305381
2010-02-03,21.6,23.0,0.3788420991568634,1897312571.486,0.0006056855772305381
2010-02-04,26.08,25.98,0.3788420991568634,1897312571.486,0.0006056855772305381
2010-02-05,26.11,26.0,0.3788420991568634,1897312571.486,0.0006056855772305381
2010-02-08,26.51,26.43,0.3788420991568634,1897312571.486,0.0006056855772305381
2010-02-09,26.0,26.04,0.3788420991568634,1897312571.486,0.0006056855772305381
2010-02-10,25.4,25.87,0.3788420991568634,1897312571.486,0.0006056855772305381
2010-02-11,23.96,24.57,0.3788420991568634,1897312571.486,0.0006056855772305381
2010-02-12,22.73,24.46,0.3788420991568634,1897312571.486,0.0006056855772305381
2010-02-16,22.25,23.57,0.3788420991568634,1897312571.486,0.0006056855772305381
2010-02-17,21.72,23.29,0.3788420991568634,1897312571.486,0.0006056855772305381
2010-02-18,20.63,22.78,0.3788420991568634,1897312571.486,0.0006056855772305381
2010-02-19,20.02,22.31,0.3788420991568634,1897312571.486,0.0006056855772305381
2010-02-22,19.94,21.73,0.3788420991568634,1897312571.486,0.0006056855772305381
2010-02-23,21.37,22.62,0.3788420991568634,1897312571.486,0.0006056855772305381
2010-02-24,20.27,22.08,0.3788420991568634,1897312571.486,0.0006056855772305381
2010-02-25,20.1,22.07,0.3788420991568634,1897312571.486,0.0006056855772305381
2010-02-26,19.5,21.65,0.3788420991568634,1897312571.486,0.0006056855772305381
2010-03-01,19.26,21.44,0.3788420991568634,1897312571.486,0.0006056855772305381
2010-03-02,19.06,21.18,0.3788420991568634,1897312571.486,0.0006056855772305381
2010-03-03,18.83,20.97,0.3788420991568634,1897312571.486,0.0006056855772305381
2010-03-04,18.72,21.03,0.3788420991568634,1897312571.486,0.0006056855772305381
2010-03-05,17.42,20.23,0.3788420991568634,1897312571.486,0.0006056855772305381
2010-03-08,17.79,20.26,0.3788420991568634,1897312571.486,0.0006056855772305381
2010-03-09,17.92,20.16,0.3788420991568634,1897312571.486,0.0006056855772305381
2010-03-10,18.57,20.51,0.3788420991568634,1897312571.486,0.0006056855772305381
2010-03-11,18.06,20.7,0.3788420991568634,1897312571.486,0.0006056855772305381
2010-03-12,17.58,20.27,0.3788420991568634,1897312571.486,0.0006056855772305381
2010-03-15,18.0,20.72,0.3788420991568634,1897312571.486,0.0006056855772305381
2010-03-16,17.69,20.16,0.3788420991568634,1897312571.486,0.0006056855772305381
2010-03-17,16.91,19.72,0.3788420991568634,1897312571.486,0.0006056855772305381
2010-03-18,16.62,19.48,0.3788420991568634,1897312571.486,0.0006056855772305381
2010-03-19,16.97,19.95,0.3788420991568634,1897312571.486,0.0006056855772305381
2010-03-22,16.87,20.11,0.3788420991568634,1897312571.486,0.0006056855772305381
2010-03-23,16.35,19.68,0.3788420991568634,1897312571.486,0.0006056855772305381
2010-03-24,17.55,20.08,0.3788420991568634,1897312571.486,0.0006056855772305381
2010-03-25,18.4,20.58,0.3788420991568634,1897312571.486,0.0006056855772305381
2010-03-26,17.77,20.06,0.3788420991568634,1897312571.486,0.0006056855772305381
2010-03-29,17.59,19.85,0.3788420991568634,1897312571.486,0.0006056855772305381
2010-03-30,17.13,19.54,0.3788420991568634,1897312571.486,0.0006056855772305381
2010-03-31,17.59,19.92,0.3788420991568634,1897312571.486,0.0006056855772305381
2010-04-01,17.47,19.9,0.3788420991568634,1897312571.486,0.0006056855772305381
2010-04-05,17.02,19.35,0.3788420991568634,1897312571.486,0.0006056855772305381
2010-04-06,16.23,18.84,0.3788420991568634,1897312571.486,0.0006056855772305381
2010-04-07,16.62,19.19,0.3788420991568634,1897312571.486,0.0006056855772305381
2010-04-08,16.48,19.08,0.3788420991568634,1897312571.486,0.0006056855772305381
2010-04-09,16.14,18.62,0.3788420991568634,1897312571.486,0.0006056855772305381
2010-04-12,15.58,18.96,0.3788420991568634,1897312571.486,0.0006056855772305381
2010-04-13,16.2,18.99,0.3788420991568634,1897312571.486,0.0006056855772305381
2010-04-14,15.59,18.77,0.3788420991568634,1897312571.486,0.0006056855772305381
2010-04-15,15.89,18.9,0.3788420991568634,1897312571.486,0.0006056855772305381
2010-04-16,18.36,20.23,0.3788420991568634,1897312571.486,0.0006056855772305381
2010-04-19,17.34,19.79,0.3788420991568634,1897312571.486,0.0006056855772305381
2010-04-20,15.73,18.99,0.3788420991568634,1897312571.486,0.0006056855772305381
2010-04-21,16.32,19.3,0.3788420991568634,1897312571.486,0.0006056855772305381
2010-04-22,16.47,19.59,0.3788420991568634,1897312571.486,0.0006056855772305381
2010-04-23,16.62,19.39,0.3788420991568634,1897312571.486,0.0006056855772305381
2010-04-26,17.47,19.86,0.3788420991568634,1897312571.486,0.0006056855772305381
2010-04-27,22.81,22.72,0.3788420991568634,1897312571.486,0.0006056855772305381
2010-04-28,21.08,22.31,0.3788420991568634,1897312571.486,0.0006056855772305381
2010-04-29,18.44,20.96,0.3788420991568634,1897312571.486,0.0006056855772305381
2010-04-30,22.05,23.67,0.3788420991568634,1897312571.486,0.0006056855772305381
2010-05-03,20.19,22.58,0.3788420991568634,1897312571.486,0.0006056855772305381
2010-05-04,23.84,25.07,0.3788420991568634,1897312571.486,0.0006056855772305381
2010-05-05,24.91,26.37,0.3788420991568634,1897312571.486,0.0006056855772305381
2010-05-06,32.8,26.37,0.3788420991568634,1897312571.486,0.0006056855772305381
2010-05-07,40.95,36.62,0.3788420991568634,1897312571.486,0.0006056855772305381
2010-05-10,28.84,28.98,0.3788420991568634,1897312571.486,0.0006056855772305381
2010-05-11,28.32,28.87,0.3788420991568634,1897312571.486,0.0006056855772305381
2010-05-12,25.52,26.65,0.3788420991568634,1897312571.486,0.0006056855772305381
2010-05-13,26.68,27.61,0.3788420991568634,1897312571.486,0.0006056855772305381
2010-05-14,31.24,30.8,0.3788420991568634,1897312571.486,0.0006056855772305381
2010-05-17,30.84,30.51,0.3788420991568634,1897312571.486,0.0006056855772305381
2010-05-18,33.55,32.81,0.3788420991568634,1897312571.486,0.0006056855772305381
2010-05-19,35.32,34.18,0.3788420991568634,1897312571.486,0.0006056855772305381
2010-05-20,45.79,40.83,0.3788420991568634,1897312571.486,0.0006056855772305381
2010-05-21,40.1,37.4,0.3788420991568634,1897312571.486,0.0006056855772305381
2010-05-24,38.32,36.91,0.3788420991568634,1897312571.486,0.0006056855772305381
2010-05-25,34.61,34.9,0.3788420991568634,1897312571.486,0.0006056855772305381
2010-05-26,35.02,33.95,0.3788420991568634,1897312571.486,0.0006056855772305381
2010-05-27,29.68,30.64,0.3788420991568634,1897312571.486,0.0006056855772305381
2010-05-28,32.07,32.0,0.3788420991568634,1897312571.486,0.0006056855772305381
2010-06-01,35.54,34.02,0.3788420991568634,1897312571.486,0.0006056855772305381
2010-06-02,30.17,30.59,0.3788420991568634,1897312571.486,0.0006056855772305381
2010-06-03,29.46,30.24,0.3788420991568634,1897312571.486,0.0006056855772305381
2010-06-04,35.48,34.37,0.3788420991568634,1897312571.486,0.0006056855772305381
2010-06-07,36.57,35.3,0.3788420991568634,1897312571.486,0.0006056855772305381
2010-06-08,33.7,33.65,0.3788420991568634,1897312571.486,0.0006056855772305381
2010-06-09,33.73,33.8,0.3788420991568634,1897312571.486,0.0006056855772305381
2010-06-10,30.57,31.47,0.3788420991568634,1897312571.486,0.0006056855772305381
2010-06-11,28.79,30.95,0.3788420991568634,1897312571.486,0.0006056855772305381
2010-06-14,28.58,30.68,0.3788420991568634,1897312571.486,0.0006056855772305381
2010-06-15,25.87,28.45,0.3788420991568634,1897312571.486,0.0006056855772305381
2010-06-16,25.92,28.78,0.3788420991568634,1897312571.486,0.0006056855772305381
2010-06-17,25.05,28.21,0.3788420991568634,1897312571.486,0.0006056855772305381
2010-06-18,23.95,27.96,0.3788420991568634,1897312571.486,0.0006056855772305381
2010-06-21,24.88,27.54,0.3788420991568634,1897312571.486,0.0006056855772305381
2010-06-22,27.05,29.09,0.3788420991568634,1897312571.486,0.0006056855772305381
2010-06-23,26.91,29.26,0.3788420991568634,1897312571.486,0.0006056855772305381
2010-06-24,29.74,31.36,0.3788420991568634,1897312571.486,0.0006056855772305381
2010-06-25,28.53,30.7,0.3788420991568634,1897312571.486,0.0006056855772305381
2010-06-28,29.0,30.96,0.3788420991568634,1897312571.486,0.0006056855772305381
2010-06-29,34.13,34.38,0.3788420991568634,1897312571.486,0.0006056855772305381
2010-06-30,34.54,35.23,0.3788420991568634,1897312571.486,0.0006056855772305381
2010-07-01,32.86,34.49,0.3788420991568634,1897312571.486,0.0006056855772305381
2010-07-02,30.12,33.29,0.3788420991568634,1897312571.486,0.0006056855772305381
2010-07-06,29.65,32.01,0.3788420991568634,1897312571.486,0.0006056855772305381
2010-07-07,26.84,29.72,0.3788420991568634,1897312571.486,0.0006056855772305381
2010-07-08,25.71,28.83,0.3788420991568634,1897312571.486,0.0006056855772305381
2010-07-09,24.98,28.17,0.3788420991568634,1897312571.486,0.0006056855772305381
2010-07-12,24.43,28.39,0.3788420991568634,1897312571.486,0.0006056855772305381
2010-07-13,24.56,28.32,0.3788420991568634,1897312571.486,0.0006056855772305381
2010-07-14,24.89,28.83,0.3788420991568634,1897312571.486,0.0006056855772305381
2010-07-15,25.14,29.23,0.3788420991568634,1897312571.486,0.0006056855772305381
2010-07-16,26.25,30.6,0.3788420991568634,1897312571.486,0.0006056855772305381
2010-07-19,25.97,30.08,0.3788420991568634,1897312571.486,0.0006056855772305381
2010-07-20,23.93,28.22,0.3788420991568634,1897312571.486,0.0006056855772305381
2010-07-21,25.64,29.08,0.3788420991568634,1897312571.486,0.0006056855772305381
2010-07-22,24.63,27.9,0.3788420991568634,1897312571.486,0.0006056855772305381
2010-07-23,23.47,26.99,0.3788420991568634,1897312571.486,0.0006056855772305381
2010-07-26,22.73,26.44,0.3788420991568634,1897312571.486,0.0006056855772305381
2010-07-27,23.19,26.37,0.3788420991568634,1897312571.486,0.0006056855772305381
2010-07-28,24.25,26.71,0.3788420991568634,1897312571.486,0.0006056855772305381
2010-07-29,24.13,27.12,0.3788420991568634,1897312571.486,0.0006056855772305381
2010-07-30,23.5,27.14,0.3788420991568634,1897312571.486,0.0006056855772305381
2010-08-02,22.01,25.4,0.3788420991568634,1897312571.486,0.0006056855772305381
2010-08-03,22.63,26.01,0.3788420991568634,1897312571.486,0.0006056855772305381
2010-08-04,22.21,25.96,0.3788420991568634,1897312571.486,0.0006056855772305381
2010-08-05,22.1,26.16,0.3788420991568634,1897312571.486,0.0006056855772305381
2010-08-06,21.74,26.12,0.3788420991568634,1897312571.486,0.0006056855772305381
2010-08-09,22.14,26.03,0.3788420991568634,1897312571.486,0.0006056855772305381
2010-08-10,22.37,26.31,0.3788420991568634,1897312571.486,0.0006056855772305381
2010-08-11,25.39,28.69,0.3788420991568634,1897312571.486,0.0006056855772305381
2010-08-12,25.73,29.25,0.3788420991568634,1897312571.486,0.0006056855772305381
2010-08-13,26.24,29.97,0.3788420991568634,1897312571.486,0.0006056855772305381
2010-08-16,26.1,29.8,0.3788420991568634,1897312571.486,0.0006056855772305381
2010-08-17,24.33,28.57,0.3788420991568634,1897312571.486,0.0006056855772305381
2010-08-18,24.59,28.58,0.3788420991568634,1897312571.486,0.0006056855772305381
2010-08-19,26.44,29.63,0.3788420991568634,1897312571.486,0.0006056855772305381
2010-08-20,25.49,29.54,0.3788420991568634,1897312571.486,0.0006056855772305381
2010-08-23,25.66,29.29,0.3788420991568634,1897312571.486,0.0006056855772305381
2010-08-24,27.46,30.31,0.3788420991568634,1897312571.486,0.0006056855772305381
2010-08-25,26.7,29.85,0.3788420991568634,1897312571.486,0.0006056855772305381
2010-08-26,27.37,30.37,0.3788420991568634,1897312571.486,0.0006056855772305381
2010-08-27,24.45,28.4,0.3788420991568634,1897312571.486,0.0006056855772305381
2010-08-30,27.21,30.01,0.3788420991568634,1897312571.486,0.0006056855772305381
2010-08-31,26.05,29.04,0.3788420991568634,1897312571.486,0.0006056855772305381
2010-09-01,23.89,27.29,0.3788420991568634,1897312571.486,0.0006056855772305381
2010-09-02,23.19,26.62,0.3788420991568634,1897312571.486,0.0006056855772305381
2010-09-03,21.31,25.31,0.3788420991568634,1897312571.486,0.0006056855772305381
2010-09-07,23.8,26.77,0.3788420991568634,1897312571.486,0.0006056855772305381
2010-09-08,23.25,26.3,0.3788420991568634,1897312571.486,0.0006056855772305381
2010-09-09,22.81,26.1,0.3788420991568634,1897312571.486,0.0006056855772305381
2010-09-10,21.99,25.59,0.3788420991568634,1897312571.486,0.0006056855772305381
2010-09-13,21.21,24.75,0.3788420991568634,1897312571.486,0.0006056855772305381
2010-09-14,21.56,24.74,0.3788420991568634,1897312571.486,0.0006056855772305381
2010-09-15,22.1,24.93,0.3788420991568634,1897312571.486,0.0006056855772305381
2010-09-16,21.72,24.96,0.3788420991568634,1897312571.486,0.0006056855772305381
2010-09-17,22.01,25.12,0.3788420991568634,1897312571.486,0.0006056855772305381
2010-09-20,21.5,24.59,0.3788420991568634,1897312571.486,0.0006056855772305381
2010-09-21,22.35,24.94,0.3788420991568634,1897312571.486,0.0006056855772305381
2010-09-22,22.51,25.16,0.3788420991568634,1897312571.486,0.0006056855772305381
2010-09-23,23.87,26.16,0.3788420991568634,1897312571.486,0.0006056855772305381
2010-09-24,21.71,24.75,0.3788420991568634,1897312571.486,0.0006056855772305381
2010-09-27,22.54,25.2,0.3788420991568634,1897312571.486,0.0006056855772305381
2010-09-28,22.6,25.34,0.3788420991568634,1897312571.486,0.0006056855772305381
2010-09-29,23.25,25.91,0.3788420991568634,1897312571.486,0.0006056855772305381
2010-09-30,23.7,26.4,0.3788420991568634,1897312571.486,0.0006056855772305381
2010-10-01,22.5,25.7,0.3788420991568634,1897312571.486,0.0006056855772305381
2010-10-04,23.53,26.32,0.3788420991568634,1897312571.486,0.0006056855772305381
2010-10-05,21.76,25.08,0.3788420991568634,1897312571.486,0.0006056855772305381
2010-10-06,21.49,24.91,0.3788420991568634,1897312571.486,0.0006056855772305381
2010-10-07,21.56,24.89,0.3788420991568634,1897312571.486,0.0006056855772305381
2010-10-08,20.71,24.06,0.3788420991568634,1897312571.486,0.0006056855772305381
2010-10-11,18.96,23.98,0.3788420991568634,1897312571.486,0.0006056855772305381
2010-10-12,18.93,23.37,0.3788420991568634,1897312571.486,0.0006056855772305381
2010-10-13,19.07,22.98,0.3788420991568634,1897312571.486,0.0006056855772305381
2010-10-14,19.88,23.56,0.3788420991568634,1897312571.486,0.0006056855772305381
2010-10-15,19.03,23.2,0.3788420991568634,1897312571.486,0.0006056855772305381
2010-10-18,19.09,22.8,0.3788420991568634,1897312571.486,0.0006056855772305381
2010-10-19,20.63,23.59,0.3788420991568634,1897312571.486,0.0006056855772305381
2010-10-20,19.79,22.66,0.3788420991568634,1897312571.486,0.0006056855772305381
2010-10-21,19.27,22.22,0.3788420991568634,1897312571.486,0.0006056855772305381
2010-10-22,18.78,21.65,0.3788420991568634,1897312571.486,0.0006056855772305381
2010-10-25,19.85,21.91,0.3788420991568634,1897312571.486,0.0006056855772305381
2010-10-26,20.22,22.2,0.3788420991568634,1897312571.486,0.0006056855772305381
2010-10-27,20.71,22.6,0.3788420991568634,1897312571.486,0.0006056855772305381
2010-10-28,20.88,22.81,0.3788420991568634,1897312571.486,0.0006056855772305381
2010-10-29,21.2,22.95,0.3788420991568634,1897312571.486,0.0006056855772305381
2010-11-01,21.83,23.29,0.3788420991568634,1897312571.486,0.0006056855772305381
2010-11-02,21.57,23.02,0.3788420991568634,1897312571.486,0.0006056855772305381
2010-11-03,19.56,21.65,0.3788420991568634,1897312571.486,0.0006056855772305381
2010-11-04,18.52,20.57,0.3788420991568634,1897312571.486,0.0006056855772305381
2010-11-05,18.26,20.66,0.3788420991568634,1897312571.486,0.0006056855772305381
2010-11-08,18.29,20.73,0.3788420991568634,1897312571.486,0.0006056855772305381
2010-11-09,19.08,21.53,0.3788420991568634,1897312571.486,0.0006056855772305381
2010-11-10,18.47,21.28,0.3788420991568634,1897312571.486,0.0006056855772305381
2010-11-11,18.64,21.47,0.3788420991568634,1897312571.486,0.0006056855772305381
2010-11-12,20.61,22.93,0.3788420991568634,1897312571.486,0.0006056855772305381
2010-11-15,20.2,22.81,0.3788420991568634,1897312571.486,0.0006056855772305381
2010-11-16,22.58,24.08,0.3788420991568634,1897312571.486,0.0006056855772305381
2010-11-17,21.76,23.83,0.3788420991568634,1897312571.486,0.0006056855772305381
2010-11-18,18.75,22.43,0.3788420991568634,1897312571.486,0.0006056855772305381
2010-11-19,18.04,21.4,0.3788420991568634,1897312571.486,0.0006056855772305381
2010-11-22,18.37,21.33,0.3788420991568634,1897312571.486,0.0006056855772305381
2010-11-23,20.63,22.59,0.3788420991568634,1897312571.486,0.0006056855772305381
2010-11-24,19.56,21.81,0.3788420991568634,1897312571.486,0.0006056855772305381
2010-11-26,22.22,21.81,0.3788420991568634,1897312571.486,0.0006056855772305381
2010-11-29,21.53,23.35,0.3788420991568634,1897312571.486,0.0006056855772305381
2010-11-30,23.54,25.19,0.3788420991568634,1897312571.486,0.0006056855772305381
2010-12-01,21.36,23.99,0.3788420991568634,1897312571.486,0.0006056855772305381
2010-12-02,19.39,21.99,0.3788420991568634,1897312571.486,0.0006056855772305381
2010-12-03,18.01,21.0,0.3788420991568634,1897312571.486,0.0006056855772305381
2010-12-06,18.02,21.04,0.3788420991568634,1897312571.486,0.0006056855772305381
2010-12-07,17.99,20.97,0.3788420991568634,1897312571.486,0.0006056855772305381
2010-12-08,17.74,20.38,0.3788420991568634,1897312571.486,0.0006056855772305381
2010-12-09,17.25,19.98,0.3788420991568634,1897312571.486,0.0006056855772305381
2010-12-10,17.61,19.84,0.3788420991568634,1897312571.486,0.0006056855772305381
2010-12-13,17.55,20.46,0.3788420991568634,1897312571.486,0.0006056855772305381
2010-12-14,17.61,20.39,0.3788420991568634,1897312571.486,0.0006056855772305381
2010-12-15,17.94,20.74,0.3788420991568634,1897312571.486,0.0006056855772305381
2010-12-16,17.39,20.82,0.3788420991568634,1897312571.486,0.0006056855772305381
2010-12-17,16.11,20.29,0.3788420991568634,1897312571.486,0.0006056855772305381
2010-12-20,16.41,20.1,0.3788420991568634,1897312571.486,0.0006056855772305381
2010-12-21,16.49,19.91,0.3788420991568634,1897312571.486,0.0006056855772305381
2010-12-22,15.45,19.57,0.3788420991568634,1897312571.486,0.0006056855772305381
2010-12-23,16.47,20.44,0.3788420991568634,1897312571.486,0.0006056855772305381
2010-12-27,17.67,21.04,0.3788420991568634,1897312571.486,0.0006056855772305381
2010-12-28,17.52,21.18,0.3788420991568634,1897312571.486,0.0006056855772305381
2010-12-29,17.28,20.84,0.3788420991568634,1897312571.486,0.0006056855772305381
2010-12-30,17.52,21.01,0.3788420991568634,1897312571.486,0.0006056855772305381
2010-12-31,17.75,20.9,0.3788420991568634,1897312571.486,0.0006056855772305381
2011-01-03,17.61,20.62,0.3788420991568634,1897312571.486,0.0006056855772305381
2011-01-04,17.38,20.61,0.3788420991568634,1897312571.486,-0.000551060624007671
2011-01-05,17.02,20.05,0.3788420991568634,1897312571.486,0.005197417375078839
2011-01-06,17.4,20.35,0.3788420991568634,1897312571.486,-0.001958797618588526
2011-01-07,17.14,20.29,0.3788420991568634,1897312571.486,-0.001962091109027675
2011-01-10,17.54,20.48,0.3788420991568634,1897312571.486,-0.0012584278310801
2011-01-11,16.89,20.14,0.3788420991568634,1897312571.486,0.003543402955433539
2011-01-12,16.24,19.23,0.3788420991568634,1897312571.486,0.009024753377722572
2011-01-13,16.39,19.2,0.3788420991568634,1897312571.486,-0.0016335109201713882
2011-01-14,15.46,18.37,0.3788420991568634,1897312571.486,0.007244929638792197
2011-01-18,15.87,18.38,0.3788420991568634,1897312571.486,0.0017018011937655064
2011-01-19,17.31,19.64,0.3788420991568634,1897312571.486,-0.009805560073269826
2011-01-20,17.99,19.9,0.3788420991568634,1897312571.486,-0.0013257125059765729
2011-01-21,18.47,19.97,0.3788420991568634,1897312571.486,0.0022639360721627977
2011-01-24,17.65,19.58,0.3788420991568634,1897312571.486,0.005687317799911273
2011-01-25,17.59,19.34,0.3788420991568634,1897312571.486,0.0005419219497262429
2011-01-26,16.64,18.82,0.3788420991568634,1897312571.486,0.003870803689500102
2011-01-27,16.15,18.48,0.3788420991568634,1897312571.486,0.0024679044075575085
2011-01-28,20.04,20.59,0.3788420991568634,1897312571.486,-0.017462880128418012
2011-01-31,19.53,20.15,0.3788420991568634,1897312571.486,0.00751651516173224
2011-02-01,17.63,18.97,0.3788420991568634,1897312571.486,0.016008492734426838
2011-02-02,17.3,19.09,0.3788420991568634,1897312571.486,-0.0019118922211500688
2011-02-03,16.69,18.92,0.3788420991568634,1897312571.486,0.0022220463571731575
2011-02-04,15.93,18.33,0.3788420991568634,1897312571.486,0.002829587663246258
2011-02-07,16.28,18.26,0.3788420991568634,1897312571.486,0.006252035894584562
2011-02-08,15.81,17.85,0.3788420991568634,1897312571.486,0.0045468838662392486
2011-02-09,15.87,17.86,0.3788420991568634,1897312571.486,-0.0022632650884969463
2011-02-10,16.09,18.1,0.3788420991568634,1897312571.486,0.00037816757985775773
2011-02-11,15.69,17.86,0.3788420991568634,1897312571.486,0.005970197657096055
2011-02-14,15.95,17.94,0.3788420991568634,1897312571.486,0.0024038242453023884
2011-02-15,16.37,18.27,0.3788420991568634,1897312571.486,-0.003147368863199884
2011-02-16,16.72,18.32,0.3788420991568634,1897312571.486,0.006315139789903279
2011-02-17,16.59,18.63,0.3788420991568634,1897312571.486,0.0029885052994154115
2011-02-18,16.43,18.9,0.3788420991568634,1897312571.486,0.002085503944010858
2011-02-22,20.8,21.32,0.3788420991568634,1897312571.486,-0.020069646878135283
2011-02-23,22.13,22.47,0.3788420991568634,1897312571.486,-0.006144114846509341
2011-02-24,21.32,22.26,0.3788420991568634,1897312571.486,-0.0006871038812453767
2011-02-25,19.22,20.57,0.3788420991568634,1897312571.486,0.010692849344133837
2011-02-28,18.35,20.0,0.3788420991568634,1897312571.486,0.00619628624384605
2011-03-01,21.01,21.9,0.3788420991568634,1897312571.486,-0.016672699396920287
2011-03-02,20.7,21.68,0.3788420991568634,1897312571.486,0.0021387689665466336
2011-03-03,18.6,20.44,0.3788420991568634,1897312571.486,0.0172240152018317
2011-03-04,19.06,20.8,0.3788420991568634,1897312571.486,-0.007492195910954846
2011-03-07,20.66,21.85,0.3788420991568634,1897312571.486,-0.007850512022163247
2011-03-08,19.82,21.45,0.3788420991568634,1897312571.486,0.0087495496342187
2011-03-09,20.22,21.82,0.3788420991568634,1897312571.486,-0.00143328328349146
2011-03-10,21.88,22.76,0.3788420991568634,1897312571.486,-0.018505767565257125
2011-03-11,20.08,21.87,0.3788420991568634,1897312571.486,0.006925911168462973
2011-03-14,21.13,22.49,0.3788420991568634,1897312571.486,-0.006037732147743613
2011-03-15,24.32,24.03,0.3788420991568634,1897312571.486,-0.01145743462352311
2011-03-16,29.4,26.91,0.3788420991568634,1897312571.486,-0.01851203253649336
2011-03-17,26.37,25.44,0.3788420991568634,1897312571.486,0.01323480030518498
2011-03-18,24.44,24.34,0.3788420991568634,1897312571.486,0.003636922277754584
2011-03-21,20.61,21.95,0.3788420991568634,1897312571.486,0.015498168359926678
2011-03-22,20.21,21.7,0.3788420991568634,1897312571.486,-0.0034686421820129265
2011-03-23,19.17,20.93,0.3788420991568634,1897312571.486,0.0028617843994762637
2011-03-24,18.0,20.08,0.3788420991568634,1897312571.486,0.009563361959849859
2011-03-25,17.91,20.03,0.3788420991568634,1897312571.486,0.003055830798946113
2011-03-28,19.44,20.86,0.3788420991568634,1897312571.486,-0.0024369888267107287
2011-03-29,18.16,19.97,0.3788420991568634,1897312571.486,0.006718186456254438
2011-03-30,17.71,19.75,0.3788420991568634,1897312571.486,0.006901686231778337
2011-03-31,17.74,19.84,0.3788420991568634,1897312571.486,-0.001356093896193955
2011-04-01,17.4,19.59,0.3788420991568634,1897312571.486,0.004223709088017946
2011-04-04,17.5,19.39,0.3788420991568634,1897312571.486,0.0008262091537225569
2011-04-05,17.25,19.4,0.3788420991568634,1897312571.486,-0.0001500481644869378
2011-04-06,16.9,19.38,0.3788420991568634,1897312571.486,0.0031523834041455867
2011-04-07,17.11,19.5,0.3788420991568634,1897312571.486,-0.0025442301319451577
2011-04-08,17.87,20.05,0.3788420991568634,1897312571.486,-0.0034498550136899953
2011-04-11,16.59,20.01,0.3788420991568634,1897312571.486,-0.0030108991815376296
2011-04-12,17.09,20.33,0.3788420991568634,1897312571.486,-0.007473711666874827
2011-04-13,16.92,19.99,0.3788420991568634,1897312571.486,-7.638722735703318e-05
2011-04-14,16.27,19.96,0.3788420991568634,1897312571.486,0.000760969068023698
2011-04-15,15.32,19.17,0.3788420991568634,1897312571.486,0.003648068148465633
2011-04-18,16.96,19.92,0.3788420991568634,1897312571.486,-0.01120873001118261
2011-04-19,15.83,19.18,0.3788420991568634,1897312571.486,0.0057443558270904305
2011-04-20,15.07,18.48,0.3788420991568634,1897312571.486,0.013631976694018944
2011-04-21,14.69,18.35,0.3788420991568634,1897312571.486,0.005109271600663989
2011-04-25,15.77,18.55,0.3788420991568634,1897312571.486,-0.0010464782916197457
2011-04-26,15.62,18.27,0.3788420991568634,1897312571.486,0.008604767241094713
2011-04-27,15.35,17.9,0.3788420991568634,1897312571.486,0.006528884286218561
2011-04-28,14.62,17.52,0.3788420991568634,1897312571.486,0.003243451179216761
2011-04-29,14.75,17.5,0.3788420991568634,1897312571.486,0.0023505740053462176
2011-05-02,15.99,18.39,0.3788420991568634,1897312571.486,-0.001538715836304716
2011-05-03,16.7,19.11,0.3834110799414632,1859730656.13,-0.003597286795516408
2011-05-04,17.08,19.44,0.3921217997918537,1717763844.535,-0.006630983398270507
2011-05-05,18.2,19.84,0.4054570196735625,1361864280.275,-0.009048358631002063
2011-05-06,18.4,19.91,0.4186486654525637,1490328625.98,0.004415909107720051
2011-05-09,17.16,19.2,0.4103205027781488,1677058729.04,0.003874223492752016
2011-05-10,15.91,18.37,0.3928514271714904,2034952130.69,0.00853675489200234
2011-05-11,16.95,19.05,0.4008140977249443,1536770884.92,-0.010524743473750875
2011-05-12,16.03,18.44,0.3875339951676699,1674923266.095,0.004760659766421593
2011-05-13,17.07,19.07,0.4055951917654673,1218149461.54,-0.007699223818086631
2011-05-16,18.24,19.87,0.389702743625763,779596412.269,-0.006341538653342305
2011-05-17,17.55,19.45,0.3947468322564728,841850592.0,-0.00014997713242226318
2011-05-18,16.23,18.53,0.4023302249231638,1366160182.325,0.00893558509188086
2011-05-19,15.52,18.17,0.3946342030319486,1543685364.78,0.0023820820709410384
2011-05-20,17.43,19.05,0.4132016164569771,1288076423.565,-0.007944974889363854
2011-05-23,18.27,19.79,0.4058465565335275,539696742.805,-0.011600923393693674
2011-05-24,17.82,19.17,0.3893803484962401,510244377.512,-0.0008331796917325773
2011-05-25,17.07,18.87,0.397290689726496,740695062.903,0.0033345899704921855
2011-05-26,16.09,18.19,0.3976559763379473,794680724.93,0.0046080148588139025
2011-05-27,15.98,18.13,0.400935309915913,918664965.16,0.0038338951185483694
2011-05-31,15.45,17.56,0.4024774071359699,1501018826.775,0.010411704488449747
2011-06-01,18.3,19.36,0.4415818154795479,765472910.6735,-0.022461303024495116
2011-06-02,18.09,19.32,0.4130699544074263,737054457.098,-0.0010617115183322312
2011-06-03,17.95,19.47,0.4361097185889154,405956517.902,-0.009944317038373951
2011-06-06,18.49,19.96,0.4001471281500261,24119666.104,-0.010581531479640915
2011-06-07,18.07,19.5,0.4067739261627282,-172403089.14,-0.0006197436670258849
2011-06-08,18.79,19.95,0.4045812401043901,-285916518.02,-0.004187237934771715
2011-06-09,17.77,19.26,0.4144506947029147,-110999211.335,0.007631094923908677
2011-06-10,18.86,20.11,0.4361255265327686,-459227978.2,-0.013910411647493404
2011-06-13,19.61,20.44,0.4088508603468689,-449818392.34,0.0007839108938969552
2011-06-14,18.26,19.43,0.426970319314135,97844618.176,0.012686282181520792
2011-06-15,21.32,21.38,0.4302597484995706,-618829105.244,-0.01778558260923402
2011-06-16,22.73,22.61,0.3879749628199702,-643026779.91,0.002204500985856006
2011-06-17,21.85,22.44,0.4089676915491283,-444255510.62,0.0029840767163282766
2011-06-20,19.99,21.22,0.371377592250574,130641736.1,0.005115921561342329
2011-06-21,18.86,20.5,0.4234861745377597,594237200.535,0.013703935683890833
2011-06-22,18.52,20.72,0.4472098927635801,421966023.175,-0.0060252423422161305
2011-06-23,19.29,20.93,0.4461674181899256,673524372.871,-0.002875438232968097
2011-06-24,21.1,21.92,0.4474775675604366,197912878.19,-0.011613660980914209
2011-06-27,20.56,21.5,0.4229687257351265,533994908.78,0.008911155484501831
2011-06-28,19.17,20.52,0.4346091542572899,1000303669.785,0.013052743284997614
2011-06-29,17.27,19.42,0.4191406401143612,1263240916.7,0.008564136911228593
2011-06-30,16.52,18.91,0.4119331097271801,1731119949.93,0.009562350498034666
2011-07-01,15.87,17.93,0.4144370719455071,2019895206.727,0.014775886422966789
2011-07-05,16.06,18.11,0.4182974912164665,2204693723.48,-0.0008211151960829666
2011-07-06,16.34,18.41,0.4295129816588348,2236776776.815,0.0011957897925072292
2011-07-07,15.95,17.77,0.4161983588738248,2729301387.395,0.010375404574416658
2011-07-08,15.95,17.96,0.4396265002513235,2490173790.3,-0.007091994038439298
2011-07-11,18.39,19.98,0.4276814368390468,1737340522.96,-0.01808064497889983
2011-07-12,19.87,20.93,0.4283881981527858,1533836324.39,-0.004319265067824318
2011-07-13,19.91,20.85,0.4280203404464783,1957650368.7,0.0033485084909796736
2011-07-14,20.8,21.59,0.4338029213495883,1650214262.91,-0.006901907457750434
2011-07-15,19.53,20.94,0.4263783522656185,4176336442.145,0.005804409472690564
2011-07-18,20.95,21.84,0.4162475470547778,887183380.03,-0.00820121933971607
2011-07-19,19.21,20.5,0.4103451726889039,1304589932.604,0.016231723130863296
2011-07-20,19.09,20.37,0.4396847355716439,1549113896.345,-0.0006028346926238992
2011-07-21,17.56,19.2,0.4223263700386265,1763114024.43,0.013871464615697437
2011-07-22,17.52,19.2,0.4451733236502198,1635847483.62,0.0006689536802202412
2011-07-25,19.35,20.26,0.4444887261593293,1594831932.2,-0.005572954045032552
2011-07-26,20.23,20.89,0.4215299335028764,1541061094.85,-0.0037357280787803093
2011-07-27,22.98,22.69,0.418012198494477,839162001.791,-0.020475734446865124
2011-07-28,23.74,22.95,0.4085200010115528,727984032.625,-0.002909614315235509
2011-07-29,25.25,22.91,0.4036083698172441,634859900.982,-0.006834669380487379
2011-08-01,23.66,22.38,0.4403099342693885,645133919.365,-0.004252512904394323
2011-08-02,24.79,23.6,0.4413161626327892,54369376.39,-0.025547525768981227
2011-08-03,23.38,23.12,0.431168960706926,224930307.485,0.005418812563197539
2011-08-04,31.66,28.56,0.4297023145255602,-660360325.525,-0.046841699259976166
2011-08-05,32.0,29.59,0.4213187218867013,-463212353.06,-0.0014971267968515445
2011-08-08,48.0,38.1,0.4227911030136967,-802754541.06,-0.06512293853991236
2011-08-09,35.06,31.07,0.4195870836725282,-374593397.965,0.04649927272991117
2011-08-10,42.99,36.58,0.4648570493031836,-759558784.65,-0.044177638627027616
2011-08-11,39.0,33.82,0.4278540963917878,-264886917.49,0.04488389612770072
2011-08-12,36.36,32.75,0.4569903812569918,-309018593.5,0.006732808627206266
2011-08-15,31.87,30.08,0.4646363795903064,-23047118.8,0.02116500852024572
2011-08-16,32.85,30.44,0.4690793280135833,-225224022.635,-0.008539241971597278
2011-08-17,31.58,30.03,0.4822541510185895,-251705740.24,0.0006686560777016126
2011-08-18,42.67,36.6,0.462807641684515,-836496736.477,-0.04311842394915166
2011-08-19,43.05,37.9,0.4585928280566094,-1187036923.04,-0.016330184995737684
2011-08-22,42.44,38.26,0.4485672283875851,-361898319.395,0.0007989825230951819
2011-08-23,36.27,34.79,0.4615590841391805,54580971.029,0.03291074524328441
2011-08-24,35.9,34.8,0.4796984021591272,205415735.89,0.014084237895527707
2011-08-25,39.76,36.61,0.4887690641852494,2799983.66,-0.015243966045778823
2011-08-26,35.59,34.41,0.4796990078342175,137694130.06,0.014534090538258715
2011-08-29,32.28,31.98,0.4810642202035492,561222253.075,0.02873595738360213
2011-08-30,32.89,32.47,0.4783429271273025,635378251.37,0.00263643402857916
2011-08-31,31.62,31.67,0.460570921316142,605715448.21,0.004438232837828959
2011-09-01,31.82,31.99,0.4875406688122266,320553022.015,-0.010472750124432717
2011-09-02,33.92,33.79,0.4940899341374506,-15399260.06,-0.025549937203187434
2011-09-06,37.0,35.38,0.503255068793401,-974825.71,-0.007297762095484384
2011-09-07,33.38,32.96,0.4636180617110916,424298106.06,0.028207919094742184
2011-09-08,34.32,33.71,0.4736423917073302,294110267.97,-0.0103919676585702
2011-09-09,38.52,36.64,0.5004884273045952,-164918292.18,-0.026209678260550984
2011-09-12,38.59,37.06,0.4690950921167392,-55401539.495,0.006470308272407355
2011-09-13,36.91,36.06,0.4835543464194404,180810962.235,0.009171213235795062
2011-09-14,34.6,34.96,0.4670586988449383,516499239.945,0.013844196119460639
2011-09-15,31.97,33.52,0.4450660861919482,924224780.45,0.01725706981733266
2011-09-16,30.98,32.95,0.4748035990564252,1627867629.87,0.0059186177179615385
2011-09-19,32.73,33.81,0.4715324942955152,819791724.4,-0.009957258305468009
2011-09-20,32.86,33.62,0.4605879968765873,864559001.335,-0.0011638530839396255
2011-09-21,37.32,36.19,0.4487001740450145,480322758.3475,-0.02945835411176012
2011-09-22,41.35,39.15,0.4814290377773537,42688858.26,-0.032324046612081325
2011-09-23,41.25,39.55,0.4570914774261408,246153269.08,0.006025034259020012
2011-09-26,39.02,38.03,0.456608486157575,415707524.78,0.023780158650442473
2011-09-27,37.71,37.21,0.4491521989715028,506709646.22,0.011183543591377632
2011-09-28,41.08,39.52,0.4838489862903535,303390928.735,-0.020418504686050887
2011-09-29,38.84,38.18,0.451186940925542,253516385.72,0.007903314556502616
2011-09-30,42.96,41.24,0.4755066632010339,11640191.37,-0.024988795589051427
2011-10-03,45.45,43.38,0.4802980138670149,-220425308.05,-0.028458048143811032
2011-10-04,40.82,40.45,0.4626022261092467,-85366095.48,0.021923145382987563
2011-10-05,37.81,38.31,0.48463006388328,168193569.305,0.018515130109529432
2011-10-06,36.27,37.04,0.4811916628986171,401723210.3,0.018091059883634797
2011-10-07,36.2,37.31,0.4771110559905058,219498636.09,-0.006695896651983779
2011-10-10,33.02,34.79,0.4474779477369577,931951102.5,0.03344596146911827
2011-10-11,32.86,34.06,0.4756506113803395,1128800514.22,0.0010033595727989564
2011-10-12,31.26,32.97,0.4718129960380196,1326485541.79,0.008772020350235277
2011-10-13,30.7,32.71,0.496293143220935,1378016375.56,-0.0019874389667019488
2011-10-14,28.24,30.39,0.4569425227193434,1783365970.815,0.01709416147797005
2011-10-17,33.39,33.6,0.4915248075684542,1329837843.145,-0.01909132614846032
2011-10-18,31.56,31.98,0.4605491483513751,1784730871.87,0.019545916110326633
2011-10-19,34.44,34.39,0.4710405349021522,1070550490.37,-0.01182924430341381
2011-10-20,34.78,34.2,0.4802431548866873,1012832467.62,0.004375227570493134
2011-10-21,31.32,31.97,0.4488620540766218,2347473742.665,0.018987770025698625
2011-10-24,29.26,30.47,0.4284100509649748,1158879374.01,0.012261077976820856
2011-10-25,32.22,32.36,0.4463826800486467,799720648.24,-0.019444048943550563
2011-10-26,29.86,30.94,0.42391453974749,1009327344.9,0.010158715320175649
2011-10-27,25.46,27.03,0.3970642677453483,1688101729.155,0.034834961802650666
2011-10-28,24.53,26.52,0.432942020004301,1581690425.99,-0.00023317240467968237
2011-10-31,29.96,30.37,0.4450370154945903,1171656476.7225,-0.02410565980319035
2011-11-01,34.77,34.02,0.4548479820864088,562856339.765,-0.027888570448547312
2011-11-02,32.74,32.88,0.4505344269443735,851141787.75,0.016311484891166073
2011-11-03,30.5,31.62,0.443652249900213,1438676101.57,0.018227253174705416
2011-11-04,30.16,31.23,0.4684667393391662,1145431786.04,-0.006098806234255294
2011-11-07,29.85,31.38,0.4453318929175193,1329564467.925,0.0062159314371563745
2011-11-08,27.48,29.52,0.4264266664108751,1807110771.76,0.012830632720790325
2011-11-09,36.16,35.49,0.4829964082744825,615504956.04,-0.036909398884579114
2011-11-10,32.81,33.75,0.4223535402454281,665815678.86,0.009418251119287957
2011-11-11,30.04,31.6,0.4230776236579005,1253845090.32,0.01882259496770544
2011-11-14,31.13,32.72,0.4532772413795639,1051690215.8,-0.009474302232815979
2011-11-15,31.22,32.52,0.4362277329979838,1337630467.61,0.004941968887021142
2011-11-16,33.51,34.39,0.4616079807469957,745624770.7,-0.015862882242907106
2011-11-17,34.51,35.32,0.469086863125468,164520103.46,-0.015876846421606805
2011-11-18,32.0,34.2,0.4557490123180878,-948429186.88,-0.0010645529913340113
2011-11-21,32.91,34.78,0.450129026459088,70720556.43,-0.01901953187850869
2011-11-22,31.97,34.24,0.4676194838743497,156201703.19,-0.003927754879157086
2011-11-23,33.98,35.87,0.465278887891787,-252170842.505,-0.022065710766664304
2011-11-25,34.47,36.45,0.4708702686635397,-206203569.726,-0.0018876190116062785
2011-11-28,32.13,33.94,0.4606120396248956,250687378.93,0.02896702642916038
2011-11-29,30.64,33.21,0.4496025433600593,260318977.45,0.0028400537813051407
2011-11-30,27.8,30.58,0.4028927702467024,1219948969.56,0.04114964340356275
2011-12-01,27.41,30.03,0.4388495794585308,1310091659.13,-0.0001601070479676503
2011-12-02,27.52,29.85,0.4274543645878086,1122010987.83,-0.0008799785351030209
2011-12-05,27.84,29.9,0.4341545735844679,1407537501.28,0.010891727382706273
2011-12-06,28.13,30.16,0.435047155428675,1385127223.45,0.0003171720436370151
2011-12-07,28.67,30.62,0.4419740998696529,1400280640.44,0.0037226743049767475
2011-12-08,30.59,32.09,0.4755776439243466,927913416.175,-0.02193668505920332
2011-12-09,26.38,29.53,0.4403055413405559,1452367339.46,0.016942331015994627
2011-12-12,25.67,30.17,0.4951289534125777,1022002330.37,-0.014597201045421393
2011-12-13,25.41,30.17,0.4581713417598897,707628338.14,-0.009339271819401307
2011-12-14,26.04,30.42,0.4392877214627872,182965155.94,-0.010646047103170742
2011-12-15,25.11,29.46,0.427442872418934,181227650.24,0.003614278755186051
2011-12-16,24.29,29.03,0.455177072552627,809948927.71,0.0014825160729929898
2011-12-19,24.92,28.74,0.4492367842629168,547980483.46,-0.01069128242569517
2011-12-20,23.22,26.87,0.405726452132608,1244950458.98,0.03025994839091206
2011-12-21,21.43,25.56,0.4286363885578594,1417896318.435,0.001936678742944009
2011-12-22,21.16,25.28,0.4316861995056892,1681798897.91,0.008858871446083327
2011-12-23,20.73,25.22,0.4290208772130218,1667860364.81,0.008940450511722764
2011-12-27,21.91,25.54,0.4353752147931103,1823359677.951,0.0007911851577611095
2011-12-28,23.52,26.75,0.4547483606289043,1420172303.82,-0.013123383828330448
2011-12-29,22.65,26.25,0.4407805294908645,1770650321.16,0.010333858334862667
2011-12-30,23.4,26.86,0.4291713287073431,1555835281.4,-0.0049158028415324795
2012-01-03,22.97,26.05,0.4118534550604377,2013937733.195,0.015936151792935505
2012-01-04,22.22,25.31,0.4562862531537575,2149477635.055,0.0015687483878699116
2012-01-05,21.48,24.7,0.4595383237417821,2291122803.43,0.0026623414224289377
2012-01-06,20.63,24.09,0.4557215885204245,2050336451.665,-0.0025772729378364945
2012-01-09,21.07,24.12,0.4431404485331804,2099565269.94,0.0024276077540734686
2012-01-10,20.69,23.68,0.4205408292739913,2365634573.45,0.008670312057134755
2012-01-11,21.05,24.11,0.4447681199712242,2328042129.925,0.0005419182018353563
2012-01-12,20.47,24.04,0.4530797344740092,2400086674.76,0.0023995356894641606
2012-01-13,20.91,24.67,0.4571412175776446,2244354574.715,-0.005173532079462695
2012-01-17,22.2,25.0,0.4228174930895617,2487898291.555,0.003881082178637696
2012-01-18,20.89,24.18,0.4376606034721231,2789240578.535,0.011056055695813471
2012-01-19,19.87,23.65,0.4411432005044726,3020604554.37,0.005276425475559066
2012-01-20,18.28,22.82,0.4384702293412949,5358379989.88,0.00372746249959377
2012-01-23,18.67,22.32,0.4244061317348002,1360477009.765,-0.0025769616679742757
2012-01-24,18.91,22.03,0.4278086340977891,1326643587.175,-0.0011395951448903707
2012-01-25,18.31,21.36,0.4169940225078223,2073559881.87,0.008367461961752864
2012-01-26,18.57,21.68,0.4223940724700076,1847055849.704,-0.005129614932925075
2012-01-27,18.53,21.4,0.4313158528412019,1579086753.47,-0.00045488984241925934
2012-01-30,19.4,21.92,0.4654701772363391,1685941157.15,-0.003413859677300679
2012-01-31,19.44,22.09,0.4518472589361928,1788588311.115,-0.00038048422410741356
2012-02-01,18.55,21.54,0.4197207189639238,1942692934.85,0.008757085383545471
2012-02-02,17.98,21.01,0.4321548389124044,1988290985.915,0.001585282999146287
2012-02-03,17.1,20.05,0.4157643135333503,2256784983.965,0.014018706114754531
2012-02-06,17.76,20.39,0.4364273344027006,2380094744.83,-0.0006688807954280396
2012-02-07,17.65,20.14,0.443991818394363,2555741484.73,0.0025286067814866975
2012-02-08,18.16,20.68,0.4397621686006879,2676630480.725,0.002967735430265961
2012-02-09,18.63,21.34,0.4335448484617141,2606671502.18,0.0012576008653932824
2012-02-10,20.79,23.28,0.4544880351075714,2166027616.655,-0.007387622259486082
2012-02-13,19.04,22.12,0.4356524825904831,2383096276.235,0.007442605416932757
2012-02-14,19.54,22.82,0.4368705096845307,2375689235.795,-0.0012560212919295877
2012-02-15,21.14,24.12,0.422881389631131,1946328756.07,-0.004660307209671144
2012-02-16,19.22,23.17,0.4033609784517567,2403205900.545,0.011073281930668033
2012-02-17,17.78,22.39,0.4135843611767947,3963263035.535,0.002646405467659596
2012-02-21,18.19,22.35,0.4224783817398107,1836440939.76,0.00043956746446305317
2012-02-22,18.19,22.09,0.4209928104786104,1847991718.36,-0.0032242131666369023
2012-02-23,16.8,20.78,0.4132129644376081,2178450927.96,0.004410987489592788
2012-02-24,17.31,21.18,0.4311614652796412,2048066403.52,0.002195736189376296
2012-02-27,18.19,21.87,0.43885703153998,2143096788.985,0.0016795183033357919
2012-02-28,17.96,21.6,0.4203272996668678,2489017760.76,0.002916383684231638
2012-02-29,18.43,21.8,0.4564808247855212,2279679893.755,-0.003925604967207397
2012-03-01,17.26,21.03,0.4607341418461302,2532165991.006,0.00518145075460974
2012-03-02,17.29,21.26,0.4517296757463369,2193723806.99,-0.0030490528606831324
2012-03-05,18.05,21.99,0.4389123542637917,1968104281.68,-0.0040785048533621415
2012-03-06,20.87,23.9,0.4327093918637822,1367268859.29,-0.014625206464062068
2012-03-07,19.07,22.72,0.4648627725338741,1663036074.54,0.006976010508178865
2012-03-08,17.95,21.84,0.441270376482514,2461000862.105,0.009948683588989038
2012-03-09,17.11,21.22,0.4575838456732247,2422366519.13,0.0038680554470724715
2012-03-12,15.64,20.81,0.4620777420689085,2739084139.735,7.252453110151436e-05
2012-03-13,14.8,19.6,0.4420579955743155,3390409713.37,0.01802617817228458
2012-03-14,15.31,20.75,0.4518657999836702,3256845974.575,-0.001071612593958049
2012-03-15,15.42,20.54,0.4595510899509145,3404727488.605,0.0057897151698496074
2012-03-16,14.47,20.37,0.4574699203802662,4959128416.75,0.0013845951041537852
2012-03-19,15.04,19.94,0.4199833630867732,2249543026.64,0.003920231709987343
2012-03-20,15.58,19.96,0.4180076174763188,2383750779.645,-0.0029106791959636613
2012-03-21,15.13,19.25,0.4354220649174814,2385713488.325,-0.0016379159404580346
2012-03-22,15.57,19.55,0.4333437508680939,2059240156.475,-0.007203535619294765
2012-03-23,14.82,18.64,0.4329435281192009,1992954217.995,0.0032327383362238393
2012-03-26,14.26,17.43,0.422077751548386,2620114918.87,0.014035178858266883
2012-03-27,15.59,18.57,0.4257872922055538,2803205760.135,-0.0031072282342128332
2012-03-28,15.47,18.79,0.4465107536435394,2649575364.665,-0.004958637390048537
2012-03-29,15.48,18.84,0.4575850477324313,2332339630.455,-0.001708562538386471
2012-03-30,15.5,18.61,0.4236342876711985,2282703675.57,0.004136377609456066
2012-04-02,15.64,18.46,0.4193694000704521,2916921422.275,0.007314627512190031
2012-04-03,15.66,18.81,0.4464049211126605,3033797132.77,-0.004089012254698043
2012-04-04,16.44,19.45,0.4461284207494868,2606570751.961,-0.009910954923330828
2012-04-05,16.7,19.82,0.4401834417544052,2336089426.405,-0.0005001167801343964
2012-04-09,18.81,21.21,0.4421408516704194,2115169226.59,-0.011231679932967364
2012-04-10,20.39,22.62,0.4485630537188739,1368222030.0366,-0.01678449053966491
2012-04-11,20.02,22.47,0.464257558679182,1462342360.705,0.008094095105635413
2012-04-12,17.2,20.25,0.4433391790014504,1958043308.605,0.013065880567599164
2012-04-13,19.55,21.99,0.4452177613146962,1337731244.64,-0.011888363868836183
2012-04-16,19.55,22.04,0.4029199081691264,1028359493.695,-0.0006564019292955026
2012-04-17,18.46,20.85,0.4286234963769464,2233741866.255,0.014812452647664287
2012-04-18,18.64,21.12,0.4371224999938761,2120779337.025,-0.0033795691917477555
2012-04-19,18.36,21.23,0.4363549028916489,1245238435.31,-0.006421329020564248
2012-04-20,17.44,20.48,0.3972715111182101,1706147508.0,0.0016703367977723982
2012-04-23,18.97,21.39,0.425107542990351,888535953.586,-0.008408561439219975
2012-04-24,18.1,20.51,0.3962453206946996,913083815.47,0.0038012472739870073
2012-04-25,16.82,19.46,0.4312990415457012,2110801540.895,0.013691826594881107
2012-04-26,16.24,18.55,0.4405320154478966,2269777815.02,0.006968532689937801
2012-04-27,16.32,18.74,0.4302711561833857,1934055831.605,0.0016413976532407837
2012-04-30,17.15,19.32,0.4265739339139666,1624605078.63,-0.0037046776787650337
2012-05-01,16.6,19.13,0.4266571660674276,1751590437.53,0.006220536613466665
2012-05-02,16.88,19.01,0.4494077605337642,1795486806.025,-0.002984229994050569
2012-05-03,17.56,19.5,0.4406565519186965,1326585749.03,-0.00762550193492606
2012-05-04,19.16,20.72,0.4376880936996301,850668974.658,-0.01615809612398922
2012-05-07,18.94,20.45,0.4234496673260137,902222296.434,0.0007298668926041252
2012-05-08,19.05,20.81,0.4561158837234983,710820417.25,-0.0040115897660959465
2012-05-09,20.08,21.53,0.4523758841246451,568596382.95,-0.005931855514047957
2012-05-10,18.83,20.87,0.439342351743865,631565006.1,0.0020629860074792283
2012-05-11,19.89,21.55,0.4321418006601012,555886856.24,-0.0030145382573140145
2012-05-14,21.87,22.97,0.421752483016899,89135534.315,-0.01106137378598393
2012-05-15,21.97,23.92,0.4591400546878914,-125631970.04,-0.005741601609033586
2012-05-16,22.27,24.92,0.4365291268790947,-417011821.931,-0.0038245168704250654
2012-05-17,24.49,26.41,0.4157992411217933,-846538042.94,-0.014830508942418108
2012-05-18,25.1,27.66,0.4407215344262485,-672969511.129,-0.008559371035659291
2012-05-21,22.01,24.71,0.4459453623140608,499777733.47,0.01718838418728641
2012-05-22,22.48,25.23,0.4574116289483474,552166197.174,0.0017431138556807113
2012-05-23,22.33,25.11,0.463389226990784,786423702.09,0.0005292424969003395
2012-05-24,21.54,24.78,0.4623370757792116,756275096.21,0.0019658690538282286
2012-05-25,21.76,24.93,0.445284396013301,522648606.24,-0.0032446418334007854
2012-05-29,21.03,23.89,0.4398266225361517,893471034.94,0.012111702909529454
2012-05-30,24.14,26.19,0.4685964913025959,739225067.865,-0.01451001610793945
2012-05-31,24.06,26.22,0.468427965473514,705360324.21,-0.0022007681094765585
2012-06-01,26.66,28.47,0.4688155908456279,3285451.832,-0.02517687441815908
2012-06-04,26.12,28.12,0.432496988774027,112625048.24,-0.00046803464509170833
2012-06-05,24.68,26.87,0.4593612363126493,227443359.23,0.0075722021033792775
2012-06-06,22.16,24.71,0.4386606752651671,917404043.83,0.022468239149239233
2012-06-07,21.72,24.47,0.4364676872750689,911195352.79,0.0006061780672892425
2012-06-08,21.23,23.64,0.4559170165040154,1092349771.59,0.007951581927438056
2012-06-11,23.56,25.5,0.4810447042989775,600860582.815,-0.0126973269222308
2012-06-12,22.09,24.94,0.4684504479977998,1002291726.758,0.011491021068037677
2012-06-13,24.27,26.5,0.4936587763459381,621053228.695,-0.0063949211359506375
2012-06-14,21.68,25.0,0.4571179610516421,853414513.46,0.010600453230636075
2012-06-15,21.11,23.67,0.4270431672421789,1585847554.79,0.01022693917114248
2012-06-18,18.32,22.13,0.4365628905416119,1378484206.48,0.0019386236185630068
2012-06-19,18.38,21.92,0.436885852466874,1699864260.63,0.009672481464918947
2012-06-20,17.24,20.84,0.4238849391543809,1642282374.015,-0.0016208762379672503
2012-06-21,20.08,23.16,0.4523011172825313,815506214.8,-0.022438983484418196
2012-06-22,18.11,21.51,0.4507567029814448,1173714562.315,0.0077017073075076325
2012-06-25,20.38,23.03,0.4418233681309941,733649453.56,-0.016034769963984674
2012-06-26,19.72,22.47,0.4487564548565207,909516188.36,0.005025554785724529
2012-06-27,19.45,22.36,0.4266490031824088,1115174392.0,0.009017037586724674
2012-06-28,19.71,22.25,0.440783953800125,812546271.47,-0.002853846425782347
2012-06-29,17.08,20.32,0.4132379769098442,1807855816.16,0.02492674292649144
2012-07-02,16.8,19.79,0.4126061298312623,2077705971.875,0.003012673755462103
2012-07-03,16.66,19.32,0.3909834255419669,2456658030.524,0.0065923130461946755
2012-07-05,17.5,20.11,0.4264813750070665,2473469808.34,-0.004511607115364025
2012-07-06,17.1,20.04,0.4360771092224924,1796281206.73,-0.009503411750986235
2012-07-09,17.98,20.37,0.4202808833734238,1985662005.34,-0.00125503319857867
2012-07-10,18.72,20.87,0.442497694214183,1586232703.46,-0.008720366474195385
2012-07-11,17.95,20.25,0.4207226842924572,1449572893.14,0.00014915836107665115
2012-07-12,18.33,20.69,0.432421490230637,1098347662.44,-0.004844929977439683
2012-07-13,16.74,19.39,0.440963265851972,2028145542.891,0.016778008128256916
2012-07-16,17.11,19.61,0.4362744867130521,2062023143.83,-0.0023572971455487757
2012-07-17,16.48,18.92,0.4514300938132228,2418730699.45,0.006867102783319368
2012-07-18,16.16,18.94,0.436626683114619,2553132550.353,0.007406830410718213
2012-07-19,15.45,18.61,0.4418724172816347,3097865785.235,0.0026204457646747947
2012-07-20,16.27,19.64,0.464460911630396,1379986328.23,-0.00914829563928743
2012-07-23,18.62,21.18,0.443219105766454,0.0,-0.010112216040503275
2012-07-24,20.47,22.26,0.4310723069904331,983971321.815,-0.008586962008026666
2012-07-25,19.34,21.88,0.4307029349303145,553912048.545,0.0002242699280317062
2012-07-26,17.53,20.24,0.4217243821219859,1114339575.945,0.016497497496770652
2012-07-27,16.7,19.66,0.4247141825402547,1817831830.045,0.018433124750837804
2012-07-30,18.03,20.13,0.4284374298720676,2068297482.82,0.0
2012-07-31,18.93,20.78,0.4285344962172956,2210392334.245,-0.006994999814132541
2012-08-01,18.96,20.67,0.45785883856634,1938954422.884,-0.0008709017732280167
2012-08-02,17.57,20.23,0.4643338092273137,1726903124.535,-0.006904643054152726
2012-08-03,15.64,18.68,0.3901051198298667,2366858965.65,0.019833083471077817
2012-08-06,15.95,18.74,0.4238032547203532,2600155257.21,0.0019373392385360066
2012-08-07,15.99,18.81,0.4116758163394652,2868172571.576,0.005013757388565798
2012-08-08,15.32,18.58,0.4268884439977654,2724860533.47,0.0012117642826290353
2012-08-09,15.28,18.23,0.4393949577589309,2589509365.99,0.000853598774927633
2012-08-10,14.74,18.14,0.4287830681455316,2574028859.179,0.0016359429583097107
2012-08-13,13.7,18.07,0.4464914020851697,2715897940.4,-0.0004972536405182248
2012-08-14,14.85,18.51,0.4291948926937818,2876834423.665,0.00014227147359524572
2012-08-15,14.63,18.86,0.4321832166568795,2773023612.038,0.0011364208691060362
2012-08-16,14.29,18.55,0.4262021420123736,3426865148.357,0.007378730287547208
2012-08-17,13.45,18.35,0.398142173416646,4028299817.1,0.001337739122238224
2012-08-20,14.02,18.59,0.4133551684124011,2348409048.235,7.032766397507828e-05
2012-08-21,15.02,18.8,0.4188163982728524,2116768542.724,-0.0030236032594717077
2012-08-22,15.11,19.42,0.4082719228562597,2470160727.875,0.0004233531767270371
2012-08-23,15.96,20.09,0.4334677653374112,2093397740.358,-0.008179878452349021
2012-08-24,15.18,19.24,0.4126096687441338,2162075949.422,0.006043140095532751
2012-08-27,16.35,19.92,0.4385133887291283,2402914523.68,0.00021184438304788777
2012-08-28,16.49,19.82,0.4472683998727492,2444897531.4,-0.0009887642487916848
2012-08-29,17.06,20.46,0.448131541027101,2450773598.506,0.0007777337295882258
2012-08-30,17.83,20.92,0.4510287539991461,1713438838.959,-0.007207726752364474
2012-08-31,17.47,20.62,0.4462604597660075,2159856180.695,0.004768355489237708
2012-09-04,17.98,20.68,0.4458283007803509,2366329794.745,-0.0009205214896530478
2012-09-05,17.74,19.99,0.4509467865169308,2184889898.11,-0.0008509513060391827
2012-09-06,15.6,18.62,0.4219095177053579,3383251558.3345,0.02029685238123813
2012-09-07,14.38,17.59,0.4203611616513964,3213127405.495,0.003894791906561723
2012-09-10,16.28,18.3,0.398504679815942,2688557354.315,-0.0056816359143332384
2012-09-11,16.41,18.29,0.3833748468793892,2751129283.757,0.002787442559746056
2012-09-12,15.8,17.6,0.4007050965524016,3143426308.94,0.0033356872575556196
2012-09-13,14.05,16.45,0.3914696528141741,4501792814.7428,0.015236009232777237
2012-09-14,14.51,16.9,0.3968475538595366,4079191869.175,0.0044345724395224995
2012-09-17,14.59,17.13,0.365391473839573,4194673586.877,-0.003395407182966159
2012-09-18,14.18,16.63,0.3914244713506247,4348508721.73,-0.0008182361667942173
2012-09-19,13.88,16.49,0.4180058061835136,4606321234.697,0.0005454509871953839
2012-09-20,14.07,16.75,0.3990774054019476,4242811907.3808,6.816078014115767e-05
2012-09-21,13.98,16.79,0.3972167623963348,8992652051.085,-0.00041788727253799784
2012-09-24,14.15,16.59,0.3938836906834058,2637542456.414,-0.001508087439754724
2012-09-25,15.43,17.6,0.383623413924571,1826144997.7504,-0.010641707588859406
2012-09-26,16.81,18.5,0.3631401637823874,1336101729.165,-0.005621274660050912
2012-09-27,14.84,17.07,0.3793717293143601,2572778273.565,0.009421505783942852
2012-09-28,15.73,17.61,0.4168060762797305,2174491589.2378,-0.004632435975150062
2012-10-01,16.32,17.92,0.3443283634949822,2058078578.339,0.0026396586689290125
2012-10-02,15.71,17.74,0.3503501765319627,2019845362.51,0.0010389680375066934
2012-10-03,15.43,17.58,0.3800160481521807,2751403325.215,0.004083062511813562
2012-10-04,14.55,17.06,0.3783891355824441,2875956470.0798,0.007167799828408761
2012-10-05,14.33,16.93,0.3427001412174594,2276244806.57,6.885783327037487e-05
2012-10-08,15.11,17.36,0.3370642987741484,1914155683.126,-0.0034217338625399663
2012-10-09,16.37,18.01,0.3372864221558455,1529584844.7579,-0.0098871057671861
2012-10-10,16.29,18.13,0.3816494940688498,1585118597.933,-0.006380119737449563
2012-10-11,15.59,17.57,0.3652287251497246,1166712068.71,0.000558713578529435
2012-10-12,16.14,17.74,0.3666318720808839,1366428443.0543,-0.003278736541148186
2012-10-15,15.27,17.11,0.4111809762291971,1799022345.4874,0.008328147256724039
2012-10-16,15.22,16.97,0.4168794359704911,2792940189.3425,0.010133022359357424
2012-10-17,15.07,16.61,0.4178185030051281,2882740927.8922,0.004534520450413915
2012-10-18,15.03,16.58,0.3996415322309585,2166631598.3594,-0.0025986683975239844
2012-10-19,17.06,18.12,0.403053872476053,-1220488012.9584,-0.016664247096582208
2012-10-22,16.62,17.87,0.3957406122008183,1365092476.62,0.00013872777454193574
2012-10-23,18.83,19.45,0.4041099690377925,856531693.2434,-0.013876048005025843
2012-10-24,18.33,19.27,0.3926156665950129,827957147.2866,-0.0028281212040607295
2012-10-25,18.12,19.11,0.3907220665787037,887952897.582,0.002907083446509029
2012-10-26,17.81,19.02,0.3973190705002103,869165396.35,-0.0005652695462827761
2012-10-31,18.6,19.31,0.4000172209503589,787647145.9496,0.0
2012-11-01,16.69,17.73,0.3809857920020919,1278333550.7926,0.010470280314057723
2012-11-02,17.59,18.55,0.3883791879273012,745669691.5821,-0.008891781802929377
2012-11-05,18.42,18.97,0.3928690337243451,937015288.1214,0.002048766465022833
2012-11-06,17.58,18.24,0.3898924728646431,1282215427.8178,0.007824929154935933
2012-11-07,19.08,19.81,0.3919951727642098,-61573416.8004,-0.02266339432030795
2012-11-08,18.49,19.83,0.3561329578341054,-640365600.9792,-0.012024179096436716
2012-11-09,18.61,20.07,0.3824978137240453,-183459819.09,0.0008695330980141858
2012-11-12,16.68,19.15,0.4149138351261552,-161566654.388,0.0007959476837018364
2012-11-13,16.65,18.97,0.3896354519844041,-326649444.64,-0.003471367237976364
2012-11-14,17.92,19.87,0.3954282635665974,-896279282.6408,-0.013498915043819948
2012-11-15,17.99,19.79,0.3663053336335665,-1064663260.4975,-0.0016919652399404184
2012-11-16,16.41,18.93,0.3778382161997027,-902628346.3255,0.004937267442639781
2012-11-19,15.24,17.59,0.4430294883428196,833108848.463,0.020239279394841603
2012-11-20,15.08,17.28,0.4315247343796649,936082158.6651,0.0004312212532202597
2012-11-21,15.31,17.58,0.3995497627161835,1074233864.96,0.0018678894975703297
2012-11-23,15.14,17.58,0.4092769225868888,1285954948.762,0.0136250463291816
2012-11-26,15.5,17.31,0.4256498644249667,1489869808.622,-0.002122653810776587
2012-11-27,15.92,17.62,0.415660896247559,1195461959.2076,-0.005104423758470644
2012-11-28,15.51,17.2,0.3991012618648916,1458462713.58,0.00805247282909205
2012-11-29,15.06,16.82,0.4192584832200906,1966128578.08,0.004665304690337324
2012-11-30,15.87,17.27,0.4051140813943067,1462041482.835,0.00021117669328196698
2012-12-03,16.64,17.82,0.4229034650249005,1319254401.0254,-0.004924237809349918
2012-12-04,17.12,18.19,0.3816164364678642,987939253.4356,-0.0014144443779443572
2012-12-05,16.46,17.83,0.3657337174751012,619549268.3389,0.0017700974766008404
2012-12-06,16.58,17.84,0.3907344699934792,863020317.6577,0.0033926065696376906
2012-12-07,15.9,17.29,0.401575057994228,999761409.5661,0.0030285550154329766
2012-12-10,16.05,17.35,0.3828505040898707,962073907.995,0.0004212214634347067
2012-12-11,15.57,17.0,0.3975933285077456,1410736639.0444,0.006808486999719809
2012-12-12,15.95,17.43,0.3984006042479062,1379685819.5098,0.0004877389075821359
2012-12-13,16.56,17.88,0.3877794992855783,898420939.0524,-0.006131214998989387
2012-12-14,17.0,18.03,0.3667965517410235,757602274.7429,-0.0037164281291016676
2012-12-17,16.34,17.5,0.3650823829499739,1349747636.855,0.011752253140452362
2012-12-18,15.57,16.81,0.3995998332180936,2143409967.5644,0.011129122587041351
2012-12-19,17.36,17.86,0.3980910489863246,1711681838.0661,-0.007429332786335285
2012-12-20,17.67,18.14,0.3898091766469682,1798995792.8876,0.00575220517961994
2012-12-21,17.84,18.87,0.3995905415610021,867379053.04,-0.009077686563999876
2012-12-24,17.84,18.87,0.375662080660895,874452741.698,-0.0030807295251482625
2012-12-26,19.48,19.93,0.3661321488025353,589989445.0121,-0.004215154918433273
2012-12-27,19.47,19.92,0.3829206211364086,648806625.42,-0.0013403780954689415
2012-12-28,22.72,21.88,0.3731800335725784,313374576.3739,-0.010808675797072453
2012-12-31,18.02,18.73,0.3676127022745774,1037372986.3011,0.016996862391085443
2013-01-02,14.68,16.69,0.408387181334665,2271946220.0525,0.02563033228812306
2013-01-03,14.56,16.74,0.4110842074068103,2115151899.1087,-0.0022596228664836238
2013-01-04,13.83,16.34,0.4008582895715291,1927021353.7524,0.004391766191568225
2013-01-07,13.79,16.45,0.4210204552277279,1824539134.8105,-0.002732728757160685
2013-01-08,13.62,16.45,0.4264078219973581,1687059848.4134,-0.002877178516961787
2013-01-09,13.81,16.5,0.4012991737914089,1692440459.245,0.0025417918124059913
2013-01-10,13.49,16.12,0.4065218933999913,2165222550.12,0.007949649891087818
2013-01-11,13.36,16.01,0.4069550067425699,2151586354.54,-6.786595409369323e-05
2013-01-14,13.52,16.29,0.3964071866400664,1948029763.487,-0.0006800120612321381
2013-01-15,13.55,16.33,0.3774535601508126,1915405614.555,0.00068047479229838
2013-01-16,13.42,16.24,0.4004688155767959,2252665998.85,-0.00013600241224642762
2013-01-17,13.57,16.08,0.405456102505899,2797809460.215,0.0064601439783307235
2013-01-18,12.46,15.29,0.4201863915667124,6626065505.444,0.0022304586094494816
2013-01-22,12.43,14.72,0.4048378283907731,1401035800.382,0.0053929111247081885
2013-01-23,12.46,14.5,0.3996546110459621,1660669630.66,0.0016092273016170555
2013-01-24,12.69,14.67,0.37045800568782,1217452162.2,0.0002680737882105877
2013-01-25,12.89,14.66,0.3871151238757,1416846844.961,0.005621932332595447
2013-01-28,13.57,15.07,0.3840030174708665,1414172220.54,-0.0011977319820846155
2013-01-29,13.31,14.74,0.4209413885452501,1650243398.925,0.003931353954563344
2013-01-30,14.32,15.42,0.4164757160038982,1556969383.32,-0.003915958933922603
2013-01-31,14.28,15.55,0.4059919650971729,1367683606.355,-0.0024656825147605366
2013-02-01,12.9,14.79,0.402749967726002,1695589832.7,0.010287305907320077
2013-02-04,14.67,15.79,0.4074716451985316,1254710705.61,-0.011241019675833908
2013-02-05,13.72,15.3,0.4069973447996018,1926419295.0078,0.010098005556851808
2013-02-06,13.41,15.14,0.4291587915138309,1949501493.48,0.0007284312048148056
2013-02-07,13.5,15.19,0.4238401041966682,1949395995.317,-0.001323288770133324
2013-02-08,13.02,14.8,0.4239943818899402,2096700652.29,0.005564400766680189
2013-02-11,12.94,14.68,0.4144648520589344,2184319610.1,-0.0001977735695781746
2013-02-12,12.64,14.53,0.4051883210132436,2128303102.5,0.0016475106966025166
2013-02-13,12.98,14.63,0.3899547652080907,2012236679.064,0.0008551043365057076
2013-02-14,12.66,14.43,0.3996213576564699,2161505360.04,0.0009201045302393851
2013-02-15,12.46,14.26,0.4105040455720697,3158968729.161,-0.0011821293632695573
2013-02-19,12.31,13.99,0.379329583347502,1430542181.768,0.007494332781495805
2013-02-20,14.68,15.41,0.3951980815347408,901839165.419,-0.012462838886815653
2013-02-21,15.22,15.71,0.4051780556292102,636557388.32,-0.006079025619090905
2013-02-22,14.17,14.98,0.4065106133332768,1110694538.905,0.00977233876563921
2013-02-25,18.99,17.94,0.4158336812381282,497996620.92,-0.01902675496289974
2013-02-26,16.87,17.25,0.4156613659780952,703611705.514,0.006845635030782837
2013-02-27,14.73,15.66,0.392456961900443,1152475463.518,0.012598669652310157
2013-02-28,15.51,16.18,0.4031559865168579,1011455333.821,-0.0019750381236746106
2013-03-01,15.36,16.29,0.4082349461389631,1083855994.82,0.003297674062866074
2013-03-04,14.01,15.42,0.3925984896685647,1277802650.22,0.005325404322218841
2013-03-05,13.48,14.95,0.383489399306301,1813447358.369,0.008958577744897056
2013-03-06,13.53,15.03,0.3856039957414413,1775448594.535,0.0013606407938191456
2013-03-07,13.06,14.74,0.3890676168943166,1938120444.051,0.0018126553451414118
2013-03-08,12.59,14.52,0.3973929126042803,2029533964.005,0.004264579854749595
2013-03-11,11.56,14.3,0.3876885847273079,2215985843.985,0.0037955993248366404
2013-03-12,12.27,14.58,0.4029015026943521,2029782454.855,-0.002243306868543349
2013-03-13,11.83,14.51,0.3943232004928593,2035305643.17,0.0014127940615995538
2013-03-14,11.3,14.1,0.3862274886465145,2384814338.735,0.005324365272089127
2013-03-15,11.3,14.26,0.4103861405020301,2732773145.816,-0.0013202718832046045
2013-03-18,13.36,15.39,0.4368420355502753,1528451776.72,-0.005519218169068307
2013-03-19,14.39,15.71,0.4178502722449548,1409105595.38,-0.002322960082401626
2013-03-20,12.67,14.93,0.3885876927244067,1629524132.239,0.006985415681382445
2013-03-21,13.99,15.53,0.4237697025641114,1325773175.274,-0.008542142209638559
2013-03-22,13.57,15.26,0.404141075145377,1582114581.302,0.008033231145046615
2013-03-25,13.74,15.3,0.4146683124339045,1550581124.115,-0.0041774638729376035
2013-03-26,12.77,14.75,0.4100858485004051,1809272038.357,0.008002211286772143
2013-03-27,13.15,14.93,0.4161053179284588,1578964435.16,0.0
2013-03-28,12.7,14.64,0.3946365947863021,1650093771.988,0.0030731477128027596
2013-04-01,13.58,15.28,0.3998814796986299,1365443736.11,-0.00395705902933563
2013-04-02,12.78,14.71,0.3774840827935012,1550558952.379,0.004933827153259962
2013-04-03,14.21,15.49,0.4099437158002066,1119758894.411,-0.01013824873550162
2013-04-04,13.89,15.3,0.4121789417295975,1155685835.1,0.004057844212498107
2013-04-05,13.92,15.38,0.4301489590891146,1141106496.21,-0.004490705438221609
2013-04-08,13.19,14.71,0.4039793605939522,1399732048.955,0.006767029872561503
2013-04-09,12.84,14.46,0.4105132991768548,1604924733.79,0.003456656358028054
2013-04-10,12.36,14.12,0.4022807459237571,2294226793.103,0.012249040681171275
2013-04-11,12.24,14.17,0.3908549951479771,2329480017.922,0.0032774428194097815
2013-04-12,12.06,14.02,0.4063319727296475,1925042270.055,-0.002450397681927674
2013-04-15,17.27,17.03,0.4067492187692259,902992199.61,-0.023173640738792245
2013-04-16,13.96,15.1,0.4115912725712251,1566200613.757,0.01476259029002569
2013-04-17,16.51,16.93,0.407342837110128,777019262.519,-0.01461120121406878
2013-04-18,17.56,17.52,0.4156065746105672,503583947.93,-0.006253896699742301
2013-04-19,14.97,16.17,0.4088354661864961,750723711.038,0.008693565108786272
2013-04-22,14.39,15.66,0.396855827227118,947228816.464,0.0044379491744921395
2013-04-23,13.48,14.83,0.4003871531263089,1386724473.775,0.010309237310583086
2013-04-24,13.61,14.97,0.3827581858517634,1466741214.24,0.0006334713533040492
2013-04-25,13.62,14.96,0.3860767152635739,1681493449.084,0.004053830969012573
2013-04-26,13.61,14.89,0.3733284293565864,1502013028.439,-0.001766345148608628
2013-04-29,13.71,14.92,0.380110961815059,1856562178.082,0.006698844135233806
2013-04-30,13.52,14.78,0.3846295352499573,2135090389.135,0.0023857835256893
2013-05-01,14.49,15.61,0.3804593292061305,1687783145.9,-0.008768162033070737
2013-05-02,13.59,14.87,0.3996613967162405,2289253436.235,0.00928738951684105
2013-05-03,12.85,14.45,0.3825307627584527,2453689952.7365,0.01014107578744805
2013-05-06,12.66,14.31,0.4028116875907399,2756639152.35,0.0025409338094743994
2013-05-07,12.83,14.35,0.3981318577898807,2910772777.027,0.005068159970487152
2013-05-08,12.66,14.4,0.395805549225066,3211023040.938,0.004551083842646575
2013-05-09,13.13,14.81,0.408071214803438,2563892776.779,-0.0028157161062989378
2013-05-10,12.59,14.71,0.4064513954945593,2620733448.771,0.003253740686086637
2013-05-13,12.55,15.05,0.406053616181541,2748305811.292,0.0007951986065002359
2013-05-14,12.77,14.98,0.3835862263549488,2879428729.608,0.010334397629376824
2013-05-15,12.81,15.05,0.3686174048885842,2736143054.217,0.005386177861725461
2013-05-16,13.07,15.45,0.3977632583337868,2746670894.131,-0.00469542982079274
2013-05-17,12.45,15.17,0.3952757285264907,3970036803.73,0.009677195802167526
2013-05-20,13.02,15.31,0.3939088700224236,2137041042.875,-6.004315085827994e-05
2013-05-21,13.37,15.78,0.3884243313232106,2116746522.07,0.0014377989517715406
2013-05-22,13.82,15.82,0.4088758333301535,1806341652.952,-0.007417485593449236
2013-05-23,14.07,16.0,0.4111554562268476,1666748852.99,-0.00289327340736234
2013-05-24,13.99,15.92,0.4181703168543645,1749411797.167,-0.000845746772432654
2013-05-28,14.48,15.87,0.4056603550171824,1954441082.986,0.005988766751918506
2013-05-29,14.83,16.15,0.4204516912932658,1736273531.5,-0.006494317658967463
2013-05-30,14.53,16.01,0.4269072944036224,2045155898.855,0.0036920782004137287
2013-05-31,16.3,17.13,0.422519146688263,1419013389.484,-0.014352355453839727
2013-06-03,16.28,17.22,0.4126571395603218,1647953790.578,0.005506629969844079
2013-06-04,16.27,17.26,0.4390632132971613,1487625373.44,-0.004806870289691401
2013-06-05,17.5,18.0,0.433239312757552,893997562.98,-0.014000927680021036
2013-06-06,16.63,17.55,0.4286105803155977,1055721641.38,0.009053276918538522
2013-06-07,15.14,16.72,0.4171914934527476,1726009306.41,0.012720034174313888
2013-06-10,15.44,16.73,0.4170056769652364,1692453822.53,0.0
2013-06-11,17.07,17.91,0.4229383070904587,1203284653.56,-0.010314812813610574
2013-06-12,18.59,19.07,0.4295778885244817,707890185.36,-0.008277663549768666
2013-06-13,16.41,17.83,0.4231603202942242,1477448651.42,0.015208365535321011
2013-06-14,17.15,18.3,0.4311835122908704,1155781374.375,-0.006272119495746797
2013-06-17,16.8,17.99,0.39596152557709,1574185595.35,0.007721472734824264
2013-06-18,16.61,17.75,0.4222411556728666,1947783870.332,0.007905783432881286
2013-06-19,16.64,17.78,0.4548813045728084,1138762909.08,-0.013817231715427147
2013-06-20,20.49,20.34,0.4681620290471935,-279175959.976,-0.02477802085502101
2013-06-21,18.9,19.49,0.4409142316433684,-54882471.224,0.0032103505980307645
2013-06-24,20.11,20.73,0.3899486268679526,76233882.1,-0.012636007618508027
2013-06-25,18.47,19.67,0.4043268076023344,389026318.471,0.009614054842074005
2013-06-26,17.21,18.82,0.4174893702434633,687597620.715,0.009900683565484458
2013-06-27,16.86,18.56,0.422762284340493,899620819.015,0.005870100179779403
2013-06-28,16.86,18.39,0.3983701061658648,811382195.027,-0.004097564732710279
2013-07-01,16.37,17.92,0.3980387194572837,1155132966.022,0.0058599729437518455
2013-07-02,16.44,18.02,0.4262642023439036,1284225673.46,-0.0009299541461614824
2013-07-03,16.2,17.81,0.3883936210738239,1354734716.175,0.00043436681947417455
2013-07-05,14.89,16.88,0.4226573685078119,1485672074.19,0.01078850305493928
2013-07-08,14.78,16.41,0.4113775030730971,1653232958.529,0.005704765709962256
2013-07-09,14.35,15.91,0.3992874861754835,2140508422.86,0.007197806617079694
2013-07-10,14.21,15.77,0.422498516655246,2121698644.62,0.00036367348942412114
2013-07-11,14.01,15.5,0.4003447078816489,2988606968.646,0.013620011818547217
2013-07-12,13.84,15.65,0.4067246653333793,2598071654.603,0.0004183187948327838
2013-07-15,13.79,15.62,0.3891004981603712,2713007549.13,0.003820546869941488
2013-07-16,14.42,16.01,0.3929565968873166,2634835610.79,-0.0037462558659373535
2013-07-17,13.78,15.56,0.4059433912077274,2787976285.18,0.0025667564544888943
2013-07-18,13.77,15.56,0.3953813239211829,3046790411.517,0.005477484091605644
2013-07-19,12.54,15.04,0.4081259957426161,2857092845.056,0.0017762932015092936
2013-07-22,12.29,14.69,0.4022700725983436,1920383728.09,0.0019509753470727809
2013-07-23,12.66,14.88,0.3834483871620509,1832454312.425,-0.0021243251678029207
2013-07-24,13.18,15.19,0.4053348018942064,2046120905.94,-0.0036651547720418787
2013-07-25,12.97,15.0,0.3893386749500697,2170527190.91,0.002432853206339347
2013-07-26,12.72,14.8,0.408254243673067,2149890288.368,0.0010653523491255257
2013-07-29,13.39,15.11,0.4143344124035808,2130309224.929,-0.0030745092532331597
2013-07-30,13.39,14.98,0.4008474615294961,2240419714.97,0.0
2013-07-31,13.45,14.92,0.4010666970461585,2152088714.237,0.0007120809286915719
2013-08-01,12.94,14.55,0.3964814337361664,2960832855.971,0.011557752048017456
2013-08-02,11.98,14.03,0.406785315381147,2776034067.764,0.0016989025537725855
2013-08-05,11.84,13.86,0.4215479221137219,2846494849.242,-0.0014619375313892347
2013-08-06,12.72,14.56,0.4214235459336515,2631509965.644,-0.005682526284624179
2013-08-07,12.98,14.81,0.4176916685539829,2346350689.883,-0.003240522802103185
2013-08-08,12.73,14.67,0.4056434630337945,2245622631.332,0.0036651868101413854
2013-08-09,13.41,15.1,0.4123467185759771,2136793037.875,-0.002886186747208752
2013-08-12,12.81,15.17,0.4130416993383952,2401742438.02,-0.0011814177552522676
2013-08-13,12.31,14.86,0.4363971663501311,2711543896.127,0.002957037885191305
2013-08-14,13.04,15.24,0.4462529992744004,2445016035.801,-0.00512971708697052
2013-08-15,14.73,16.24,0.4449003093115118,1669476019.658,-0.013985837343710283
2013-08-16,14.37,15.94,0.4434684925824917,2338838186.312,-0.00330588380068908
2013-08-19,15.1,16.4,0.4316928556394013,1379648544.155,-0.006392157429725542
2013-08-20,14.91,16.31,0.4205500348005082,1345939715.919,0.004916279130463774
2013-08-21,15.94,16.79,0.4525750248576833,1174798614.305,-0.0061602466259131905
2013-08-22,14.76,15.99,0.4037927052039322,1662727396.2,0.00911523692273386
2013-08-23,13.98,15.55,0.4404620799125807,1709225804.21,0.003372412494713206
2013-08-26,14.99,16.21,0.4117632398314528,1605595524.174,-0.0037211562992995884
2013-08-27,16.77,17.68,0.4341310287321944,791502274.301,-0.016084671028815944
2013-08-28,16.49,17.62,0.4090527982642707,951027892.161,0.0035512262227335167
2013-08-29,16.81,17.9,0.4544369072342384,971156153.46,0.0015868361211219817
2013-08-30,17.01,18.05,0.4723302380576714,1001314528.756,-0.003167716873568871
2013-09-03,16.61,17.64,0.4470168367842426,1183103985.299,0.004521684329738429
2013-09-04,15.88,17.3,0.4176237491538438,1776313535.158,0.008273081965820328
2013-09-05,15.77,17.14,0.4245495011506078,1782870862.411,0.0012668333276697474
2013-09-06,15.85,17.17,0.4216211334372018,1653462872.258,0.00048178509518348456
2013-09-09,15.63,16.83,0.3915569503290033,2274653492.951,0.009576282559125682
2013-09-10,14.53,16.11,0.3983336425671536,2576588963.333,0.0073972458126145835
2013-09-11,13.82,15.61,0.3994071172614664,2346433142.205,0.0031387114392313897
2013-09-12,14.29,15.85,0.4101446657699721,2181373338.935,-0.0026570016835689714
2013-09-13,14.16,15.7,0.4082496040190466,2205509098.729,0.002249725246320944
2013-09-16,14.38,15.58,0.3839371055934947,2386111654.48,0.005786823604028157
2013-09-17,14.53,15.66,0.40631261442831,2684242848.579,0.004462962439498064
2013-09-18,13.59,15.18,0.4109923852577004,3627666468.931,0.011574058110327634
2013-09-19,13.16,15.02,0.4062207420895737,3805889547.912,-0.0016758789980396704
2013-09-20,13.12,15.32,0.4327731938654796,2536299852.9,-0.0069912285271730434
2013-09-23,14.31,15.92,0.4115617186045112,2114650916.341,-0.004627858525933393
2013-09-24,14.08,15.64,0.4249467876138146,2038456669.36,-0.002353381932079901
2013-09-25,14.01,15.56,0.4089262965440199,1684992316.024,-0.002890388734219318
2013-09-26,14.06,15.41,0.401253508293288,2101622948.9,0.0038448966259052586
2013-09-27,15.46,16.04,0.4239583631713514,1766952528.79,-0.004596025474653542
2013-09-30,16.6,16.8,0.4433708391557777,1460209187.513,-0.0053287907502604925
2013-10-01,15.54,16.13,0.430851553846643,2035874511.626,0.007916707147544111
2013-10-02,16.6,16.81,0.430642635614742,2193522496.585,-0.000945123884248944
2013-10-03,17.67,17.7,0.4480453704719283,1515364603.793,-0.00922121296474454
2013-10-04,16.74,17.21,0.4095111283259887,1839688208.57,0.007576560347568151
2013-10-07,19.41,19.07,0.4253281249090903,1576608397.538,-0.008644380916950856
2013-10-08,20.34,19.84,0.4259654402283309,762661447.348,-0.011646965337891002
2013-10-09,19.6,19.29,0.4232136221021825,834789865.348,0.0007253779168596708
2013-10-10,16.48,17.21,0.4211833476601867,2230495944.459,0.0215579186464121
2013-10-11,15.72,16.57,0.4266648654888424,2456435617.384,0.0064434228764347345
2013-10-14,16.07,16.92,0.418106982881934,2783516305.223,0.00399373840896633
2013-10-15,18.66,18.41,0.4307541036263936,2519133438.825,-0.007253495367462448
2013-10-16,14.71,16.26,0.3960518972251771,3558499758.823,0.013965233372257968
2013-10-17,13.48,15.44,0.4200385176067115,4029832847.188,0.00668302133134846
2013-10-18,13.04,14.92,0.4240574081626494,4287596555.347,0.006754750626281947
2013-10-21,13.16,15.14,0.4120079727830999,2808464285.176,5.7441147797820946e-05
2013-10-22,13.33,15.02,0.3924919462838658,2982924995.0115,0.005791342085819107
2013-10-23,13.42,15.11,0.420586285354183,2786054898.187,-0.004788685837746942
2013-10-24,13.2,14.9,0.3853716189666821,3255629464.404,0.0033222930113177007
2013-10-25,13.09,14.87,0.3997451662408178,2869357925.282,0.004567351405396325
2013-10-28,13.31,14.87,0.4019258180733771,3059092043.077,0.001591724667578065
2013-10-29,13.41,15.03,0.4063603437199321,3285994990.068,0.005333850242591254
2013-10-30,13.65,15.13,0.4155241295459184,3256834201.654,-0.004967060478795027
2013-10-31,13.75,15.25,0.4298964327531361,2951160386.538,-0.0028361618150404277
2013-11-01,13.28,15.06,0.4305897727027316,2906370321.662,0.0023888977278812007
2013-11-04,12.93,14.68,0.4112332240255046,3293255723.791,0.0035186573844521174
2013-11-05,13.27,14.92,0.4460617151393417,3265316468.159,-0.0031666427686208865
2013-11-06,12.67,14.66,0.4246339847429831,3080946452.365,0.005105755792155886
2013-11-07,13.91,15.36,0.4345197094556604,1903308226.954,-0.012643436389711327
2013-11-08,12.9,14.63,0.4315949754811046,3111511631.714,0.013490990364413369
2013-11-11,12.53,14.73,0.4389495068397494,3364552921.398,0.00016939789621917
2013-11-12,12.82,14.88,0.4360249326836951,3368004995.08,-0.0020299742913351126
2013-11-13,12.52,14.83,0.419536660984191,4067621766.489,0.008024377139412175
2013-11-14,12.37,14.88,0.4077545502594379,4794814779.635,0.0049890988858125596
2013-11-15,12.19,14.8,0.4224095099392175,8992653341.94,0.00435126314864398
2013-11-18,13.1,14.93,0.4086285789339419,2835570681.66,-0.0034991423309876923
2013-11-19,13.39,15.25,0.4199454153624714,2767207106.91,-0.002173812321379698
2013-11-20,13.4,14.99,0.4210917676766675,2486394788.905,-0.0031281526119625314
2013-11-21,12.66,14.52,0.4001474644937328,3356118592.977,0.008068850056239363
2013-11-22,12.26,14.15,0.4076089617231824,3145394124.14,0.005002455021532182
2013-11-25,12.79,14.43,0.4087423909502987,3292174085.435,-0.0009953434390435056
2013-11-26,12.81,14.55,0.4150592773430131,3617975324.94,0.0002765500931496412
2013-11-27,12.98,14.6,0.4190962162473279,3987753579.68,0.002435755775474391
2013-11-29,13.7,15.03,0.4268857634455017,3444613412.64,-0.0006629490222416212
2013-12-02,14.23,15.19,0.4283744523403937,3278404003.01,-0.0025964333095465086
2013-12-03,14.55,15.49,0.4209885825945891,3286298541.633,-0.00432120695483873
2013-12-04,14.7,15.57,0.4188219361180652,3193857130.047,-0.00011124593125377835
2013-12-05,15.08,15.78,0.4413064766892625,3073566262.854,-0.0043955460433448
2013-12-06,13.79,14.95,0.4170955466403385,3297554975.598,0.011177067307702515
2013-12-09,13.49,14.93,0.3888482256189945,3572390276.815,0.0025427703879490338
2013-12-10,13.91,15.22,0.3987165826955586,3421665867.895,-0.003583439557068191
2013-12-11,15.42,15.99,0.4080327420965633,2536896423.505,-0.011230873430313038
2013-12-12,15.54,16.12,0.4106040376924474,2134729062.5,-0.0033016203591127447
2013-12-13,15.76,16.27,0.3942815212761197,2364107653.16,-0.00011193872773818114
2013-12-16,16.03,16.39,0.3878773568929924,2874626086.3525,0.006231847124548384
2013-12-17,16.21,16.5,0.401373564874383,2634988473.55,-0.00318051834778299
2013-12-18,13.8,14.99,0.4016401421504166,3687882174.645,0.017072746492540647
2013-12-19,14.15,15.28,0.4084572889402674,3724679476.705,-0.001155754427300204
2013-12-20,13.79,15.01,0.4154564204482335,3811039241.165,0.00581686399132586
2013-12-23,13.04,14.52,0.3956860525538468,3704257573.17,0.005342461845670998
2013-12-24,12.48,14.24,0.3963785968199171,3799201087.565,0.0021914793047648207
2013-12-26,12.33,14.03,0.3979981598311855,4196222304.87,0.005083875346370448
2013-12-27,12.46,13.98,0.4162542595802766,3545838526.92,-5.418835523995913e-05
2013-12-30,13.56,14.77,0.4066970022411935,3456429700.18,-0.000163188521362434
2013-12-31,13.72,14.77,0.4062971861622687,3979567665.428,0.0047328296989699314
2014-01-02,14.23,15.26,0.4116256480579083,3233602611.26,-0.009583721348567553
2014-01-03,13.76,15.09,0.4114622717267884,3156026148.209,-0.0001642241541297551
2014-01-06,13.55,14.82,0.3992172296538538,3073982747.12,-0.002897719432298662
2014-01-07,12.92,14.41,0.3905297191742308,3558199211.6875,0.006141634876827062
2014-01-08,12.87,14.29,0.3860799470607603,3495712892.079,0.0002181261719791383
2014-01-09,12.89,14.29,0.4047450420502373,3197764687.525,0.0006540305595341689
2014-01-10,12.14,13.94,0.3972664558199312,3349076787.965,0.0027225086215507677
2014-01-13,13.28,14.98,0.4121520838288944,2571161519.908,-0.013305155960164905
2014-01-14,12.28,14.49,0.393536878850955,3680276302.34,0.010897866347618468
2014-01-15,12.28,14.46,0.3860709712089037,4670518809.61,0.0053902941277201855
2014-01-16,12.53,14.69,0.4072580094392334,4455651523.48,-0.0012999854661910337
2014-01-17,12.44,14.63,0.4267882652021173,6659403315.255,-0.004229277860992142
2014-01-21,12.87,14.62,0.3692548219854962,1862992117.01,0.0029403421298825894
2014-01-22,12.84,14.47,0.4005148732896671,2022280825.1,0.0006515846432175731
2014-01-23,13.77,14.98,0.4009683226356136,1948769890.43,-0.00819315468185522
2014-01-24,18.14,17.4,0.410183419205003,848504907.4,-0.021336090826653442
2014-01-27,17.42,17.13,0.3777887431350206,723387099.52,-0.004919271827748761
2014-01-28,15.8,16.2,0.3906958226937667,566026371.9,0.005955162029160688
2014-01-29,17.35,17.24,0.4177540376770778,51709785.92,-0.00960557295508857
2014-01-30,17.29,17.37,0.3766200322397708,748438976.044,0.010600759999188636
2014-01-31,18.41,18.09,0.4071781323045731,652137832.878,-0.005858615621097574
2014-02-03,21.44,20.14,0.4300965549988952,52837557.11,-0.022505303277499
2014-02-04,19.11,19.08,0.4027928372661375,594399936.947,0.007004627290720933
2014-02-05,19.95,19.67,0.3969923047948092,643492161.945,-0.001254332741907338
2014-02-06,17.23,17.79,0.3914523241005145,1025194523.92,0.013187303512370852
2014-02-07,15.29,16.34,0.4080453037046823,1539174332.145,0.012395934288909727
2014-02-10,15.26,16.32,0.4055569568171172,1873837556.92,0.0018364190834130323
2014-02-11,14.51,15.75,0.3892269899445306,2608222600.394,0.010943806677376156
2014-02-12,14.3,15.65,0.4189069870994409,2512528018.549,0.0004944928421177774
2014-02-13,14.14,15.5,0.3934416429967668,3280151418.0,0.00516281700094634
2014-02-14,13.57,15.17,0.3967134258245079,2897209183.88,0.005518717339193291
2014-02-18,13.87,15.22,0.4090990667640952,3050590370.09,0.001195610690245541
2014-02-19,15.5,16.29,0.4213312728216144,2272262445.22,-0.006621775938696617
2014-02-20,14.79,15.72,0.393769509799811,2566340508.1,0.005901430429021692
2014-02-21,14.68,15.64,0.4156730618264669,4893273029.552,-0.0011409728007961695
2014-02-24,14.23,15.5,0.3880941408966563,2002411288.675,0.005546486376926119
2014-02-25,13.67,15.5,0.4028009781942591,1916112478.14,-0.00037848872183054993
2014-02-26,14.35,15.91,0.4076127288523532,1836029612.9,5.44105231174985e-05
2014-02-27,14.04,15.63,0.3987011022917984,2712761017.07,0.0052475788634565035
2014-02-28,14.0,15.8,0.4115585872595099,2323670119.125,0.0025290088012588363
2014-03-03,16.0,16.92,0.432350679839454,2003281571.97,-0.007032364303545258
2014-03-04,14.1,15.69,0.399170306492203,3173693596.4935,0.014056005935423332
2014-03-05,13.89,15.77,0.4107467220863415,3271993871.2,0.0009064472718878225
2014-03-06,14.21,15.83,0.4107076016524884,3274715011.7202,0.002289946694639333
2014-03-07,14.11,15.87,0.4164431132258707,2850310922.4677,0.0004253564912752861
2014-03-10,14.2,15.97,0.4199357939596294,2874824761.82,-0.0005308192814451607
2014-03-11,14.8,16.35,0.4182944281304572,2736183549.64,-0.0049428645813053285
2014-03-12,14.47,16.08,0.401850018957119,2787095407.3762,0.00026686970089362383
2014-03-13,16.22,17.13,0.4224588394014198,1336951308.95,-0.01121348164098479
2014-03-14,17.82,17.93,0.3940809078117883,1391763130.8459,-0.0028074731836170708
2014-03-17,15.64,16.69,0.4009362566007559,2116702884.6151,0.009043598877072068
2014-03-18,14.52,16.15,0.3972015367062176,2955825733.7359,0.00713769135872977
2014-03-19,15.12,16.38,0.4434695747502278,2415947755.885,-0.005328878099391865
2014-03-20,14.52,15.86,0.4205619049408867,2907602190.52,0.005839723763116034
2014-03-21,15.0,16.18,0.4208823588834299,3500669615.665,-0.0038787050505924014
2014-03-24,15.09,16.1,0.4050046307110536,1986958875.79,-0.00413529537644286
2014-03-25,14.02,15.53,0.4010209192877692,2407590954.448,0.004745344375972627
2014-03-26,14.93,16.08,0.3886214499808676,1754256006.6518,-0.007192238960030961
2014-03-27,14.62,15.87,0.3865468511708135,1526244129.1824,-0.0021085655813568582
2014-03-28,14.41,15.46,0.3991397117826326,1962187746.33,0.004930450116145124
2014-03-31,13.88,15.08,0.4033323311048329,2328624776.46,0.008194386318192137
2014-04-01,13.1,14.4,0.3775607430552516,3081006169.425,0.006630790285402366
2014-04-02,13.09,14.45,0.3937007034276818,3401790300.74,0.003346796219554582
2014-04-03,13.37,14.5,0.3982678336713774,2940714471.83,-0.0013238291631970656
2014-04-04,13.96,14.96,0.3931440989170227,2013603939.5171,-0.011822201360137674
2014-04-07,15.57,15.9,0.3771369257279012,1358003837.8919,-0.011051034279069838
2014-04-08,14.89,15.53,0.3689407720857319,1661234774.6616,0.004122294394641957
2014-04-09,13.82,14.83,0.3782472642020679,2738803475.204,0.010751095658706689
2014-04-10,15.89,16.07,0.4177886097399088,966310075.66,-0.021005978599236586
2014-04-11,17.03,16.79,0.393054593744157,738014044.5961,-0.009008293305517334
2014-04-14,16.11,16.34,0.4034375083214481,1404560180.965,0.00787809429043751
2014-04-15,15.61,15.99,0.4088544580370299,1783456308.4704,0.006887676084272432
2014-04-16,14.18,15.23,0.4063959354737288,2885115088.2,0.010477872164035062
2014-04-17,13.36,14.84,0.4316514049507264,2718418736.76,0.0013968820295549023
2014-04-21,13.25,14.75,0.4039857745003379,2134024744.9,0.003487233079138008
2014-04-22,13.19,14.61,0.400955709480897,2434899809.4693,0.004544496233203965
2014-04-23,13.27,14.83,0.4031793078688325,2167335121.73,-0.0023421561968389737
2014-04-24,13.32,14.77,0.371125052913942,2970942878.291,0.0020275518579222496
2014-04-25,14.06,15.18,0.4056022224095449,2206306342.305,-0.00819911722548361
2014-04-28,13.97,14.93,0.3810538455570765,2436056150.41,0.0031670099506557747
2014-04-29,13.71,14.83,0.3729786439583967,2989975293.325,0.0046556490330949
2014-04-30,13.41,14.7,0.4032515725817523,3144184951.195,0.002982785911654684
2014-05-01,13.25,14.67,0.4152916555851767,3088152773.473,0.00010594809957087392
2014-05-02,12.91,14.68,0.4266348588365453,2847159601.93,-0.001433632588413225
2014-05-05,13.29,14.75,0.3967839021066516,3072580209.815,0.0019139885683154834
2014-05-06,13.8,15.12,0.4104732138293248,2521106237.865,-0.008703774508350137
2014-05-07,13.4,14.62,0.4043800296509505,2673682623.415,0.005889537392328226
2014-05-08,13.43,14.58,0.4125644074157465,2120705835.645,-0.0010644010012256233
2014-05-09,12.92,14.38,0.3924976125518525,2356036961.1025,0.0014918491306121773
2014-05-12,12.23,13.88,0.3884276914518361,3355844368.71,0.009736046146109345
2014-05-13,12.13,14.04,0.3849584123245037,3519069239.65,0.0008958086686259303
2014-05-14,12.17,14.18,0.4098278151695822,3058536324.7012,-0.004738097701153965
2014-05-15,13.17,14.86,0.4232503830182887,1779766612.441,-0.008780332309528238
2014-05-16,12.44,14.33,0.4005662470262716,4126954414.2249,0.00346884002481862
2014-05-19,12.42,14.11,0.3985864984853317,2509029956.3369,0.0036694367923060245
2014-05-20,12.96,14.41,0.433377272149618,2214227300.4375,-0.00630514643606972
2014-05-21,11.91,13.87,0.4020557293693428,3085200322.87,0.008424412339701481
2014-05-22,12.03,13.83,0.4026731661825198,3401683874.394,0.0024318923411996707
2014-05-23,11.36,13.62,0.4045283953095824,3038194133.38,0.00400883678852737
2014-05-27,11.51,13.64,0.380749799315467,3596693816.2,0.006146710527741517
2014-05-28,11.68,13.77,0.3870016851021255,3590867016.915,-0.0007308707671666026
2014-05-29,11.57,13.71,0.3892012248220846,4307144099.715,0.005172745397755696
2014-05-30,11.4,13.75,0.4058811464244907,3519139554.01,0.0016114357744589913
2014-06-02,11.58,13.88,0.4036479981203398,3562538753.14,0.0011418193552832356
2014-06-03,11.87,13.82,0.4095817998538594,3882468328.26,-0.0005184963915703111
2014-06-04,12.08,13.77,0.3934597482060382,4135815008.8,0.002022932074706496
2014-06-05,11.68,13.58,0.3839831930445775,4783512496.881,0.006521752845435325
2014-06-06,10.73,12.83,0.3920227090917464,4145896016.32,0.004783079195587181
2014-06-09,11.15,13.02,0.3982943657755097,3217646460.665,0.0010233500986929212
2014-06-10,10.99,13.01,0.3862554113023933,4447691188.175,0.00010229750415180483
2014-06-11,11.6,13.29,0.4116423365586811,4165400666.272,-0.0034762255487719163
2014-06-12,12.56,14.11,0.3998920655268941,3188676525.4008,-0.007080213333754082
2014-06-13,12.18,13.79,0.3999094204918282,3378408132.03,0.003049052532430485
2014-06-16,12.65,13.97,0.4046463119769432,3583834369.79,0.0008237195690772303
2014-06-17,12.06,13.66,0.4007728701312401,3760613244.83,0.002779888677059139
2014-06-18,10.61,12.62,0.3894904626225223,4739382562.03,0.007339392148691504
2014-06-19,10.62,12.7,0.4051976587045479,4767112307.6145,0.0011206091283066932
2014-06-20,10.85,12.87,0.3939010624114465,5533296861.18,0.002030470804681439
2014-06-23,10.98,12.92,0.3929193767816583,3223648288.54,-0.0003059154252423868
2014-06-24,12.13,13.38,0.3848782696275351,2829883828.25,-0.00602414803825535
2014-06-25,11.59,13.11,0.3745412483938269,3319053377.865,0.004519614806209882
2014-06-26,11.63,13.07,0.3949928566512241,3282324698.465,-0.0007159116151149725
2014-06-27,11.26,12.82,0.3939353904888282,3171554110.436,0.0019445535361417576
2014-06-30,11.57,13.01,0.3893911612738489,3221027742.38,-0.0005109020064982817
2014-07-01,11.15,12.74,0.3826985076312286,4120990241.9522,0.006693462765706482
2014-07-02,10.82,12.49,0.3720631686058891,4126088536.2825,0.0010150553440528842
2014-07-03,10.32,12.24,0.3641434204708079,4012944457.025,0.004917889152958432
2014-07-07,11.33,12.87,0.3879488771896588,3989788224.851,-0.0034814906459419426
2014-07-08,11.98,13.21,0.37452965598877,3143932635.419,-0.00642994428635113
2014-07-09,11.65,12.99,0.3771063972580676,3744053861.195,0.004484338621390194
2014-07-10,12.59,13.65,0.3798314798123016,3101645010.41,-0.0039565970028018205
2014-07-11,12.08,13.28,0.3926095465197016,3425979403.69,0.0013746698055103757
2014-07-14,11.82,12.93,0.3788220471298669,4098124772.0734,0.0050357195908892205
2014-07-15,11.96,13.16,0.3896641842193324,3902459928.38,-0.0018724874485165355
2014-07-16,11.0,12.63,0.3849825318877416,4148235184.66,0.0037010011200933057
2014-07-17,14.54,14.97,0.4017981254557755,2670179546.4943,-0.011365516398804343
2014-07-18,12.06,13.36,0.4089565155681023,5251430846.1767,0.010218918802175514
2014-07-21,12.81,13.8,0.3952952377385223,2606010804.6425,-0.0018714459092949998
2014-07-22,12.24,13.5,0.3754037932233298,3105643754.2229,0.0043578726681863245
2014-07-23,11.52,13.38,0.3638700191626691,3629836833.305,0.0022200905436138285
2014-07-24,11.84,13.45,0.3701104847943453,3698904674.737,5.0449455798906584e-05
2014-07-25,12.69,14.0,0.3841262174631949,2814918711.925,-0.004681980607718961
2014-07-28,12.56,13.92,0.3670508837825316,3052423508.25,0.0004049074022074439
2014-07-29,13.28,14.22,0.3915680911938289,2828670056.21,-0.004297545924001667
2014-07-30,13.33,14.26,0.3741817765484155,3084118199.822,0.00015236284643349585
2014-07-31,16.95,16.38,0.3895360786328083,1287492124.6371,-0.01974797264177197
2014-08-01,17.03,16.78,0.3779844191104137,1460931260.867,-0.0030556934119976287
2014-08-04,15.12,15.81,0.3888270206863563,1926756189.17,0.007220925658182553
2014-08-05,16.87,17.14,0.420461849539396,1324114521.74,-0.009696255475570958
2014-08-06,16.37,16.93,0.3971295726141455,1432870393.477,0.0003124683522528482
2014-08-07,16.66,17.22,0.4169412137878672,1036756007.105,-0.005414750136923274
2014-08-08,15.77,16.69,0.3894547464168023,1795655354.03,0.011569158172493488
2014-08-11,14.23,15.76,0.4340529543067713,2205005857.06,0.0028975500134960086
2014-08-12,14.13,15.7,0.4196735026777695,1985433895.98,-0.0013931687164099316
2014-08-13,12.9,14.85,0.397595580217673,2869218347.8418,0.006768917691553744
2014-08-14,12.42,14.43,0.3912603886034003,3221811087.95,0.004721911046475125
2014-08-15,13.15,14.42,0.4333090346743702,3387723209.05,-0.00020429003350619368
2014-08-18,12.32,13.91,0.3741251768790609,2890126431.155,0.008379223758550935
2014-08-19,12.21,13.79,0.3677133240669164,3364523180.485,0.005219027537119114
2014-08-20,11.78,13.76,0.3869489855714362,3582391012.938,0.0026714527058806503
2014-08-21,11.76,13.53,0.3919124193903368,3800806026.0,0.0029158520430947465
2014-08-22,11.47,13.51,0.4025600926412689,3274601002.355,-0.0015541044718527797
2014-08-25,11.7,13.57,0.3780638295782676,3686238657.65,0.005070552747586277
2014-08-26,11.63,13.71,0.3622798517201664,3794250967.6826,0.0006497072262636738
2014-08-27,11.78,13.92,0.3828645910847429,3691243014.178,-0.0003997250458063206
2014-08-28,12.05,14.13,0.3696781702601934,3287387735.025,-0.0005490845422450041
2014-08-29,11.98,14.27,0.3830828118204303,3569236748.83,0.002848006134626102
2014-09-02,12.25,14.46,0.3948919895108029,3642237656.585,-0.0004986406625979711
2014-09-03,12.36,14.39,0.3740522435355965,3149865491.925,-0.000547541148610331
2014-09-04,12.64,14.54,0.4035401335926376,2940758523.29,-0.0014467621947933385
2014-09-05,12.09,14.08,0.3778573894749565,3433546164.495,0.004495152001030567
2014-09-08,12.66,14.39,0.4079699101668054,3213963363.84,-0.0025852134513127956
2014-09-09,13.5,14.84,0.3905974359323729,2457727705.165,-0.006331768912530178
2014-09-10,12.88,14.63,0.3760006036236961,3169051486.265,0.0037629365866866937
2014-09-11,12.8,14.68,0.3980718087317773,3292732696.68,0.0011495255315645547
2014-09-12,13.31,15.04,0.4177052277406638,2626978851.34,-0.0058411840791467995
2014-09-15,14.12,15.58,0.3898244740456025,2452802609.57,-0.000752911699033243
2014-09-16,12.73,14.85,0.374041516869653,3233415804.025,0.007537791182963938
2014-09-17,12.65,14.62,0.416405677543038,3581607331.725,0.001347120780659905
2014-09-18,12.03,14.23,0.4109963736261442,4360835084.72,0.005329734441012812
2014-09-19,12.11,14.38,0.4041610541903992,2897473748.31,-0.000900254634471298
2014-09-22,13.69,15.26,0.3716389365218622,2447234600.8,-0.007724029526379628
2014-09-23,14.93,16.07,0.3815791278111919,2240403437.585,-0.005723906414797031
2014-09-24,13.27,15.22,0.3853987329594214,2883115197.15,0.007827841152403536
2014-09-25,15.64,16.59,0.409672014068235,1037470765.415,-0.016135651351907088
2014-09-26,14.85,16.02,0.3778088328846686,2353323446.96,0.007945888865784179
2014-09-29,15.98,16.82,0.4035179892266285,2177290316.925,-0.0018197456861289707
2014-09-30,16.31,17.08,0.4016885794866386,2171786418.615,-0.002631913497964433
2014-10-01,16.71,17.62,0.41298296495247,935643414.965,-0.013551986837195384
2014-10-02,16.16,17.24,0.3857850487163156,1247707553.285,0.0001547340495382521
2014-10-03,14.55,16.04,0.3976583489652193,2147173744.79,0.011009167649093321
2014-10-06,15.46,16.55,0.4074059652289589,2112066893.69,-0.001170705961403784
2014-10-07,17.2,17.68,0.4251354225576988,895363280.235,-0.015436494061303652
2014-10-08,15.11,16.28,0.3947820200638656,2511736121.93,0.01748995547953669
2014-10-09,18.76,18.09,0.4107981020637967,953074338.05,-0.01983327290990844
2014-10-10,21.24,19.93,0.3818680782897351,620254341.68,-0.011414416834137464
2014-10-13,24.64,22.12,0.4017377439715182,-54273750.21,-0.016427571929727436
2014-10-14,22.79,21.37,0.3968977644132058,-37270045.81,0.0015480474521789578
2014-10-15,26.25,23.82,0.3649208978857221,-354603773.79,-0.006766284321891636
2014-10-16,25.2,22.85,0.3971240482332948,-486465586.515,-0.0008578492056525722
2014-10-17,21.99,21.25,0.3992037079749041,-80633520.035,0.011810589802534244
2014-10-20,18.57,19.67,0.4079318291482628,1023404620.275,0.00970989469629946
2014-10-21,16.08,17.87,0.3853464040875045,2103526247.525,0.019810388968206194
2014-10-22,17.87,19.06,0.4089545578710978,1787900919.68,-0.007110617323558777
2014-10-23,16.53,18.22,0.4084361321542421,2594442772.79,0.01162511594172444
2014-10-24,16.11,17.92,0.4015235059873955,2327989816.22,0.007694241334997409
2014-10-27,16.04,17.86,0.4058963007155398,2385726728.73,-0.001374172961964959
2014-10-28,14.39,16.46,0.3929427361773067,3179195992.0,0.011470702868295879
2014-10-29,15.15,16.89,0.3836341469641981,3074663576.685,-0.001512213466535739
2014-10-30,14.52,16.74,0.3871464328713416,3376682924.14,0.006410739634373774
2014-10-31,14.03,16.51,0.3638082068233371,3577160779.219,0.011435437250568725
2014-11-03,14.73,16.81,0.3896037327550575,3630139426.64,0.0005451952492576684
2014-11-04,14.89,16.93,0.3790082061334517,3270944515.67,-0.003469249478484815
2014-11-05,14.17,16.57,0.3947247027435763,3469322234.425,0.006316550876475091
2014-11-06,13.67,16.26,0.378502836469245,3632879929.8,0.004002746282544489
2014-11-07,13.12,15.83,0.3845288385878624,3537819511.47,0.0009354592546280127
2014-11-10,12.67,15.04,0.3826576985898824,3861660865.385,0.003147133420205561
2014-11-11,12.92,15.36,0.377887542421554,4081977022.745,0.000980917369003409
2014-11-12,13.02,15.74,0.3914690759063123,4305512921.06,-0.0010772967221049923
2014-11-13,13.79,15.89,0.4019963665002147,4445050753.515,0.0011275456179675736
2014-11-14,13.31,15.96,0.3925036896935471,4173138281.605,0.00024479507986452376
2014-11-17,13.99,15.93,0.3845947448587439,4234074307.475,0.0006361659284443988
2014-11-18,13.86,15.7,0.388906426556507,4431298840.585,0.005774023013202179
2014-11-19,13.96,15.97,0.4082567923035105,4418990249.625,-0.0016054461185588398
2014-11-20,13.58,16.01,0.3941003597314577,4805242276.64,0.0017542038303208773
2014-11-21,12.9,15.79,0.3979112094446233,5900554345.135,0.0053504351130650996
2014-11-24,12.62,15.55,0.3681716448001108,3604797467.875,0.0028064382625372364
2014-11-25,12.25,15.41,0.3885188559700048,3617751181.535,-0.0007237764136717173
2014-11-26,12.07,15.32,0.4037098150595118,3868883158.115,0.0025590879910486475
2014-11-28,13.33,15.93,0.3682550780463892,3355572301.99,-0.002119138353639971
2014-12-01,14.29,16.74,0.3753799960022387,2757277218.4,-0.006949764099417721
2014-12-02,12.85,15.96,0.3928039737045792,3159351785.625,0.006463889001982137
2014-12-03,12.47,15.55,0.4052341800796075,3319901056.665,0.0038630405086022
2014-12-04,12.38,15.64,0.3933918527424631,3476194762.76,-0.0011062307659386317
2014-12-05,11.82,15.55,0.3766626728447417,3376386657.625,0.0016373459056691075
2014-12-08,14.21,16.78,0.3892483235785531,2828689149.22,-0.006682810645452841
2014-12-09,14.89,16.89,0.376547082368565,2945130437.765,-0.0006775958858413755
2014-12-10,18.53,19.14,0.4141843276780092,1721424125.89,-0.016031146103336447
2014-12-11,20.08,20.72,0.3709834919948387,1973090996.935,0.0050699360799661974
2014-12-12,21.08,21.0,0.4120414725609165,1283490315.53,-0.01616166045112155
2014-12-15,20.42,21.06,0.3713110672499746,941478891.72,-0.006869402845345984
2014-12-16,23.57,23.09,0.3691415647651931,309244442.325,-0.0080198039067636
2014-12-17,19.44,20.43,0.3938552039114122,1672429973.235,0.01960492628138133
2014-12-18,16.81,18.48,0.3562623892775612,3712017423.96,0.024728689427510497
2014-12-19,16.49,18.47,0.3625926496834416,3945503609.73,0.004255005321900596
2014-12-22,15.25,17.59,0.3534978420163268,3231917836.16,0.004600136193656512
2014-12-23,14.8,17.94,0.3461225300114908,3385274201.685,0.0013496455421941889
2014-12-24,14.37,17.26,0.3672995669049341,3273156972.45,9.567629401963096e-05
2014-12-26,14.5,17.16,0.3852232768819477,3242962064.015,0.0032251206975237867
2014-12-29,15.06,17.27,0.3779126893512104,3379718368.845,0.0013430991247920243
2014-12-30,15.92,18.02,0.3934443687120737,3006182550.555,-0.005365721548205249
2014-12-31,19.2,19.74,0.4223165672221753,2250907928.215,-0.009923088655109491
2015-01-02,17.79,19.46,0.3963443142161238,2392799190.8,-0.0005354727317387065
2015-01-05,19.92,20.79,0.4395794279529395,1322638287.7695,-0.01805927148741815
2015-01-06,21.12,21.42,0.4275643035006467,854915033.915,-0.009419012826941908
2015-01-07,19.31,20.08,0.4088697459296259,1638301268.76,0.012461340851886993
2015-01-08,17.01,18.66,0.3825495668782606,3003367718.7,0.017745080063785057
2015-01-09,17.55,19.32,0.4279261633974035,2196266563.3,-0.008013828683518964
2015-01-12,19.6,20.48,0.4210508358031931,1714465581.925,-0.007833561021580837
2015-01-13,20.56,21.27,0.403434514689394,1755547815.25,-0.002812718233836109
2015-01-14,21.48,20.93,0.4286289522132945,1298712113.195,-0.006037123896697416
2015-01-15,22.39,22.11,0.4383547649085605,435398119.28,-0.00916062716350452
2015-01-16,20.95,21.15,0.4131917387188716,2342499305.725,0.013114197793564708
2015-01-20,19.89,20.87,0.4061328282400458,1000167524.395,0.0021330367372105474
2015-01-21,18.85,20.04,0.4173589553410755,1358011057.845,0.005047614163050218
2015-01-22,16.4,18.6,0.3931510591712237,2315044769.13,0.014870856270857269
2015-01-23,16.66,19.0,0.3984798597747868,1546202421.835,-0.005482600905213131
2015-01-26,15.52,18.03,0.3944778695342,1724235571.65,0.0023415246289528735
2015-01-27,17.22,19.11,0.4155470034086194,945326209.22,-0.013190198694575161
2015-01-28,20.44,21.44,0.3994325422202359,627881136.837,-0.012824457667371725
2015-01-29,18.76,20.0,0.3895690115572683,1317105063.17,0.009243609367881378
2015-01-30,20.97,21.82,0.4252528150685474,751991676.975,-0.012575124990351627
2015-02-02,19.43,20.91,0.4310740079200653,1322390851.755,0.012384154698617422
2015-02-03,17.33,19.49,0.4015428572187683,2201656511.6,0.014461258627457951
2015-02-04,18.33,20.43,0.4189503594846498,1986466632.945,-0.003808012535977956
2015-02-05,16.85,19.27,0.4016842702739365,2651176778.0,0.01009505455937254
2015-02-06,17.29,19.88,0.4179151299431195,1963229571.85,-0.0027652772944429804
2015-02-09,18.55,20.67,0.4125673708527621,1847549143.9,-0.004476165432359291
2015-02-10,17.23,19.73,0.3973920349534909,2868205390.47,0.010653630096220557
2015-02-11,16.96,19.71,0.4210031794249008,2945871387.015,0.000580329448838901
2015-02-12,15.34,18.34,0.4050822552625209,3797748162.065,0.009616704794256581
2015-02-13,14.69,18.13,0.4008609486181069,3348754192.705,0.00411650752587156
2015-02-17,15.8,18.38,0.384416316521148,3580823495.235,0.0015735976554716036
2015-02-18,15.45,18.66,0.4086027422480369,3546470631.545,9.468953481950315e-05
2015-02-19,15.29,18.01,0.4307273144515837,3743935804.055,-0.0007138405058773056
2015-02-20,14.3,17.29,0.4092544131390855,2555134680.1,0.006000719628889595
2015-02-23,14.56,17.54,0.3798155051355246,2557206388.755,-0.0001421053275942885
2015-02-24,13.69,16.71,0.3868562280491723,2906097989.78,0.00284067378868591
2015-02-25,13.84,16.87,0.3933835759663052,3174532943.995,-0.0008496399016434397
2015-02-26,13.91,16.85,0.3926474518628874,3213568682.7,-0.001181446841613365
2015-02-27,13.34,16.89,0.3909645444728624,2539460101.735,-0.003406434305998074
2015-03-02,13.04,16.46,0.3930507521835695,3101129568.45,0.0063141355435014646
2015-03-03,13.86,16.78,0.4169674769307656,2886065890.045,-0.004104295105615052
2015-03-04,14.23,16.91,0.4180461389256007,2460770454.835,-0.004215708844142463
2015-03-05,14.04,16.64,0.4061241224923896,2565651617.33,0.0010944155983263482
2015-03-06,15.2,17.51,0.4373062042363092,1674265497.195,-0.014064477372777162
2015-03-09,15.06,17.31,0.3920254207568463,1905671128.845,0.004144320495067966
2015-03-10,16.69,18.26,0.4160485984371244,600779581.485,-0.016222143375539955
2015-03-11,16.87,18.53,0.4082818390758355,418278295.795,-0.002341501221127751
2015-03-12,15.42,17.39,0.3940271996564574,1547603449.66,0.012714088249316857
2015-03-13,16.0,17.89,0.4358792048903357,1159434440.4,-0.006132244147680099
2015-03-16,15.61,17.4,0.3814576039010314,2064486972.81,0.013360595165207156
2015-03-17,15.66,17.48,0.4137962350149956,1788279868.59,-0.0029727612316368113
2015-03-18,13.97,16.43,0.4207407082152188,3140160119.255,0.012021901609754027
2015-03-19,14.07,16.97,0.4325809552427576,2744295207.82,-0.0045617652588555435
2015-03-20,13.02,16.71,0.4073308332513435,2028510991.73,0.00882683392784367
2015-03-23,13.41,16.53,0.385255378071094,2075187395.795,-0.0019486777965492807
2015-03-24,13.62,16.59,0.4040231357800206,1912572189.725,-0.0056190687704728015
2015-03-25,15.44,17.57,0.4262939712038759,590575196.015,-0.01465375411076697
2015-03-26,15.8,17.57,0.4109636743530749,367453019.685,-0.002381338628176244
2015-03-27,15.07,17.39,0.3971046117093831,831056261.42,0.0022899938557208177
2015-03-30,14.51,16.92,0.3912280014681905,1700053107.63,0.01219951941341324
2015-03-31,15.29,17.54,0.4120772266483558,944428600.485,-0.008739415947522144
2015-04-01,15.11,17.34,0.4122204182483989,618894196.05,-0.003536404340507615
2015-04-02,14.67,17.22,0.398479334298282,1074940970.65,0.003597770331881689
2015-04-06,14.74,16.82,0.3938303811936173,1735568185.79,0.006733139579219172
2015-04-07,14.78,16.8,0.422460862350084,1689332052.21,-0.002646448637951049
2015-04-08,13.98,16.4,0.4154473071646408,1804303641.795,0.003376838296291984
2015-04-09,13.09,16.02,0.4036077841700087,2314981154.685,0.004423749738923677
2015-04-10,12.58,15.46,0.39620169659214,2375226911.315,0.0054571772515610295
2015-04-13,13.94,16.32,0.4102553454683785,2170858429.685,-0.0045228191571051735
2015-04-14,13.67,15.85,0.4219832035791459,2422102762.035,0.0019130433405905034
2015-04-15,12.84,15.69,0.4209145952961688,2975840017.6,0.004486848424849255
2015-04-16,12.6,15.33,0.4369332696025809,3052527867.335,-0.000285085559315279
2015-04-17,13.89,16.14,0.4700284398479777,1202496532.975,-0.011503623988179945
2015-04-20,13.3,15.58,0.4052837451216505,1894828571.86,0.009137171929566312
2015-04-21,13.25,15.52,0.3904171119992787,1813870697.92,-0.0011916942469071268
2015-04-22,12.71,15.46,0.4154140533846541,2385931787.615,0.004914079936671367
2015-04-23,12.48,15.17,0.4214317322768427,2683491662.46,0.002516534237639423
2015-04-24,12.29,15.26,0.4206495530209295,2417361799.865,0.0023202656360568064
2015-04-27,13.12,15.93,0.3973053631317962,2273854602.04,-0.004157703738692287
2015-04-28,12.41,15.31,0.3924257639877558,2418731575.87,0.0031787853185158976
2015-04-29,13.39,15.97,0.3996471018553488,2082509144.69,-0.004114864464058621
2015-04-30,14.55,16.48,0.4232303874679562,1075418447.88,-0.010020184651437725
2015-05-01,12.7,15.38,0.4036703527929408,2190755805.11,0.010841318881417372
2015-05-04,12.85,15.43,0.4110888553863051,2471501299.955,0.002847543281532028
2015-05-05,14.31,16.32,0.4268248895279076,1496920862.05,-0.011451821292826625
2015-05-06,15.15,16.72,0.433388036767755,1009398488.85,-0.004117092846139592
2015-05-07,15.13,16.74,0.3940541160878016,1264766567.27,0.003989756210540429
2015-05-08,12.86,15.56,0.3809299502037688,2526642514.635,0.013166007959777293
2015-05-11,13.85,16.1,0.4241374203926459,1982449256.665,-0.004772273710241581
2015-05-12,13.86,16.4,0.4330518482490473,1623774190.45,-0.002991799664162631
2015-05-13,13.76,16.29,0.4102010065621423,1675066004.788,0.00019084390667556406
2015-05-14,12.74,15.91,0.4103807872791719,3502373806.27,0.010427686368525313
2015-05-15,12.38,15.57,0.4370702565957188,2079597220.45,0.0010836322479388372
2015-05-18,12.73,15.23,0.4275449131745066,2556607995.905,0.0031069627997257765
2015-05-19,12.85,15.28,0.4084860515603303,2571263653.93,-0.00032863384631742765
2015-05-20,12.88,15.15,0.4122857479667002,2549845958.165,-0.0007041879022297026
2015-05-21,12.11,14.61,0.4118114767403473,3339607172.69,0.002912469799097206
2015-05-22,12.13,14.48,0.4148094341724771,2362002518.805,-0.002388554783518293
2015-05-26,14.06,15.48,0.4198023010170654,1434499900.75,-0.010751824717307068
2015-05-27,13.27,14.99,0.3969515339282533,2592018999.51,0.009492040665236345
2015-05-28,13.31,15.01,0.4246448306177685,2372898572.905,-0.0011283450567376452
2015-05-29,13.84,15.38,0.4466524027857846,1367312810.48,-0.0062127349944310906
2015-06-01,13.97,15.41,0.3937006085165154,1676720619.575,0.0020364455819583682
2015-06-02,14.24,15.71,0.4163155163549801,1764351175.44,-0.0009924229201103696
2015-06-03,13.66,15.36,0.4119066696067353,2192978076.475,0.0026493221683825396
2015-06-04,14.71,16.28,0.4298594277056248,1362586521.99,-0.008446873129588361
2015-06-05,14.21,15.96,0.4354490102283673,1246987308.025,-0.0017128682784951499
2015-06-08,15.29,16.6,0.3980935236701188,537458208.725,-0.0061496754467029735
2015-06-09,14.47,16.25,0.3884032193250745,633360352.43,-0.0001437878192839248
2015-06-10,13.22,15.33,0.3910877902833592,2185686640.445,0.011993099309560495
2015-06-11,12.85,15.1,0.3980221717607867,2107230797.385,0.003223760803190423
2015-06-12,13.78,15.61,0.4374587272981242,1158438209.075,-0.007654965938534319
2015-06-15,15.39,16.62,0.428515888469614,700941203.125,-0.0042856230870724765
2015-06-16,14.81,16.2,0.4129130441838494,1429825702.985,0.005451697230810737
2015-06-17,14.5,16.22,0.4143963631705481,1588681889.825,0.00161680950058396
2015-06-18,13.19,15.44,0.3929569678954591,3215023690.425,0.010399466381436628
2015-06-19,13.96,15.91,0.4262647226732329,1560110311.655,-0.004439082281968321
2015-06-22,12.74,14.99,0.3888413770180998,2193443565.195,0.005123452947706664
2015-06-23,12.11,14.54,0.3960996356958653,2440180755.17,0.0007076587628505049
2015-06-24,13.26,15.18,0.4096679417956725,1978176234.185,-0.007262938179446676
2015-06-25,14.01,15.52,0.4052926089482059,1215758082.635,-0.003040343741685936
2015-06-26,14.02,15.46,0.4021753984955405,1419688618.015,-0.00019081354856431698
2015-06-29,18.85,18.72,0.4379083592872043,84738566.52,-0.020970294133116796
2015-06-30,18.23,18.47,0.4483414723326423,322708673.28,0.0020934438420792123
2015-07-01,16.09,16.79,0.4269695441444404,954814190.155,0.008015675541400702
2015-07-02,16.79,17.68,0.4473931888021747,881344196.145,-0.0009157025344462832
2015-07-06,17.01,18.04,0.4277602360570253,697459847.88,-0.0028460291854386366
2015-07-07,16.09,17.02,0.4061095493415558,1103449568.355,0.006289263073983253
2015-07-08,19.66,19.25,0.4115775670781705,-299521222.825,-0.016777872493623835
2015-07-09,19.97,19.78,0.3568488826270791,23490.725,0.0018090528882879209
2015-07-10,16.83,17.73,0.4014040678182733,1111272375.15,0.012591376779503616
2015-07-13,13.9,15.94,0.4128810631865383,2255036450.91,0.011037390508851441
2015-07-14,13.37,15.46,0.418734346780208,2702435253.695,0.004338071924991693
2015-07-15,13.23,15.6,0.4245735055487257,2693206592.465,-0.00033201592564513493
2015-07-16,12.11,14.73,0.4102190146230042,3751935768.95,0.008024384423820141
2015-07-17,11.95,14.61,0.4195699393599213,2177729779.33,0.000847671244591286
2015-07-20,12.25,14.85,0.4090402718785591,2312535031.53,0.0005175777910635393
2015-07-21,12.22,14.75,0.4220913444447735,2172362608.325,-0.003951236318488038
2015-07-22,12.12,14.81,0.430951225354596,1817913775.56,-0.001794820224545246
2015-07-23,12.64,14.93,0.4113682098390234,1382725581.41,-0.005629656439258279
2015-07-24,13.74,15.65,0.3929520059119356,1008154404.035,-0.010372271343431883
2015-07-27,15.6,16.78,0.3779743992969708,649501589.275,-0.005817303208254021
2015-07-28,13.44,15.43,0.3711159991176591,1332451218.085,0.012282915592303878
2015-07-29,12.5,14.92,0.3904497419216871,2000721430.64,0.006879337071254543
2015-07-30,12.13,14.71,0.4084932318885501,2124567236.44,0.0002372266228012343
2015-07-31,12.12,14.9,0.4145574020592929,1752550647.24,-0.0015179944763266118
2015-08-03,12.56,14.84,0.4091111054284838,1648021007.35,-0.0033726436010106386
2015-08-04,13.0,15.13,0.3663070780376176,1595999704.43,-0.0019547462332509813
2015-08-05,12.51,14.88,0.4011640614988304,2141108724.67,0.0032957585104518294
2015-08-06,13.77,15.55,0.3863788709709246,1288588086.815,-0.008187544230712107
2015-08-07,13.39,15.42,0.417334095631138,1096237294.935,-0.0019199435286958444
2015-08-10,12.23,14.99,0.3933171812339506,2057165110.14,0.01259882214320096
2015-08-11,13.71,15.94,0.4087019834335171,1275863223.12,-0.009023262298222257
2015-08-12,13.61,15.87,0.3964553892508278,1223058079.29,0.0011983335419285535
2015-08-13,13.49,15.75,0.4277268052675265,1089861250.35,-0.0012445544719250634
2015-08-14,12.83,15.51,0.4241923404029246,1487209661.655,0.0036424482044443707
2015-08-17,13.02,15.21,0.4389064208820209,2152341704.645,0.005586467681309104
2015-08-18,13.79,15.61,0.4213372197231454,1868365575.56,-0.0028963440467733026
2015-08-19,15.25,16.5,0.4381267337823176,1190144019.27,-0.007905607897606637
2015-08-20,19.14,18.83,0.4315754180423469,-1030802215.41,-0.020881182547488275
2015-08-21,28.03,23.47,0.4408967343913364,-700178244.135,-0.030102475902801462
2015-08-24,40.74,31.14,0.4269442402379096,-1096251820.545,-0.04210687092390897
2015-08-25,36.02,29.58,0.4314287412345055,-1268401913.79,-0.011767657788456787
2015-08-26,30.32,25.65,0.4633846955236205,-531337152.78,0.03839369953154592
2015-08-27,26.1,24.86,0.4495154299933511,392226554.68,0.024735344826531502
2015-08-28,26.05,25.34,0.4654493504021832,62539277.61,5.0054830704526765e-05
2015-08-31,28.43,26.53,0.474038891076752,-260571411.545,-0.00807899634526188
2015-09-01,31.4,29.53,0.5137934842115072,-983005883.495,-0.02984787192161642
2015-09-02,26.09,26.19,0.4629931312745457,-358189013.45,0.0189808231519355
2015-09-03,25.61,26.2,0.4549318668727014,-623883188.785,0.0007166709156174456
2015-09-04,27.8,28.07,0.4805450998753895,-855189057.17,-0.01513683272252786
2015-09-08,24.9,25.69,0.4457959872102027,-84956480.96,0.02513117852366964
2015-09-09,26.23,26.31,0.4795756703567406,-560123575.21,-0.013371839554240483
2015-09-10,24.37,25.65,0.4558266894485284,-207740543.08,0.005441465744744578
2015-09-11,23.2,24.68,0.4783717582062788,-9248519.23,0.004544729477206522
2015-09-14,24.25,23.7,0.4691946855433772,-205729261.495,-0.0037107594628784657
2015-09-15,22.54,23.12,0.4391497833813105,450945217.88,0.012499333562466353
2015-09-16,21.35,22.33,0.4579020658743383,867296455.52,0.008666981808403307
2015-09-17,21.14,21.14,0.4745625288757316,588318101.305,-0.002248353665153857
2015-09-18,22.28,23.2,0.5060056279932799,70967074.07,-0.016341144646170758
2015-09-21,20.14,21.59,0.469593247195754,327056397.28,0.005167559319618098
2015-09-22,22.44,23.28,0.4792072100224528,-171285514.95,-0.012980142957656149
2015-09-23,22.13,22.88,0.4671628481368028,-111861435.905,-0.0015983635341383362
2015-09-24,23.47,23.46,0.4510611786843658,-73621990.64,-0.0036159234551634833
2015-09-25,23.62,24.4,0.4562680695154208,-42796545.13,-0.00025899507645077424
2015-09-28,27.63,26.38,0.4260925496923052,-754863666.255,-0.025097214401893053
2015-09-29,26.83,26.0,0.438698310049587,-823790905.13,0.0005848218820805329
2015-09-30,24.5,24.75,0.4560841356377158,-127505007.955,0.01865845420072665
2015-10-01,22.55,23.83,0.4865944285361747,101770360.85,0.002609205244177515
2015-10-02,20.94,22.6,0.4710740355325888,464894132.85,0.014937968289238546
2015-10-05,19.54,21.33,0.4525164687099373,1190335818.16,0.017794633664418358
2015-10-06,19.4,21.59,0.4523217645376606,1074863035.28,-0.0034261033351735692
2015-10-07,18.4,20.71,0.4325207660978342,1376634134.43,0.008190640569804453
2015-10-08,17.42,20.09,0.4381777255105231,1702302482.99,0.009026462167535998
2015-10-09,17.08,19.85,0.4362533125411454,1534615750.36,0.0005964955524342397
2015-10-12,16.17,19.26,0.4439268262416572,1785772163.64,0.0009435868200255992
2015-10-13,17.67,20.5,0.4515410835166752,1558562755.43,-0.006302085968500903
2015-10-14,18.03,20.81,0.459109358674381,1075231156.51,-0.004794023032440697
2015-10-15,16.05,19.43,0.456829915535792,2483490048.67,0.015354712692403183
2015-10-16,15.05,18.67,0.4621277574262553,1468426255.455,0.0045463179251723496
2015-10-19,14.98,17.86,0.4587561530723144,1647520253.385,0.0004921018283543521
2015-10-20,15.75,18.6,0.4428765055716762,1593583429.55,-0.0012783519921932829
2015-10-21,16.7,19.46,0.4454962422651119,1298322501.03,-0.006203447586860422
2015-10-22,14.45,17.16,0.4019942583801438,2146314709.65,0.01689353988610165
2015-10-23,14.46,17.48,0.4342010073334301,2277639622.405,0.01096175011903866
2015-10-26,15.29,17.99,0.4449420993723251,2239254089.225,-0.0024577891041116517
2015-10-27,15.43,18.14,0.4409114370579678,2223122158.93,-0.001932497937633948
2015-10-28,14.33,17.49,0.4274325679583049,3026307014.29,0.011374560113761367
2015-10-29,14.61,17.81,0.4439898717353771,3363660993.1,-0.0005741386482532862
2015-10-30,15.07,18.4,0.4307292949570586,2325838399.55,-0.004309603370889259
2015-11-02,14.15,17.42,0.4323274783695442,3057130012.84,0.011830947042298368
2015-11-03,14.54,17.47,0.4364789109053295,3341666550.2,0.002899506170959132
2015-11-04,15.51,18.31,0.4493006896681243,3163901702.37,-0.0030334144136455743
2015-11-05,15.05,17.81,0.4312292985161713,3080623609.67,-0.0009984622331400406
2015-11-06,14.33,17.45,0.4456252549141429,2722731926.88,-0.0005231224362084452
2015-11-09,16.52,18.85,0.4642863177567348,2002669231.825,-0.009331761353160495
2015-11-10,15.29,18.02,0.4228797413179943,2162825002.33,0.0023068563438548573
2015-11-11,16.06,18.45,0.4236070520064356,2142766888.985,-0.003931503921813739
2015-11-12,18.37,20.17,0.4586904297208477,936173077.87,-0.013960020049309962
2015-11-13,20.08,21.58,0.444630050569328,505858397.95,-0.011228569673742306
2015-11-16,18.16,19.98,0.432936087736641,1317177007.96,0.015207215150240483
2015-11-17,18.84,20.43,0.4512914814357593,1233059389.21,-0.0007294507920889703
2015-11-18,16.85,19.22,0.4175454795566572,3054518391.165,0.01586592693609945
2015-11-19,16.99,19.64,0.4319420074353763,3227424114.875,-0.0008622464288954301
2015-11-20,15.47,18.94,0.437069062678768,2107585698.81,0.003644116146216847
2015-11-23,15.62,18.63,0.4231194155136695,2041097579.405,-0.0011464761602547613
2015-11-24,15.93,18.71,0.4138551162576141,2068329483.58,0.001339293956343468
2015-11-25,15.19,18.19,0.4224594569137007,2226521880.28,-0.00014332559740382056
2015-11-27,15.12,17.35,0.4315725273750435,2044117201.93,0.0011464212130718465
2015-11-30,16.13,18.49,0.4297637364105384,1718802756.74,-0.004151409052455812
2015-12-01,14.67,17.58,0.4238682991119268,2681642855.55,0.009535558445286085
2015-12-02,15.91,18.33,0.432012259535725,1914484706.85,-0.010204866470976293
2015-12-03,18.11,20.11,0.4347225793814835,762878060.235,-0.014002565907447417
2015-12-04,14.81,18.17,0.4171154808852124,2387312598.92,0.019502725743284488
2015-12-07,15.84,18.65,0.4320520634998727,2056127765.905,-0.006058476738505014
2015-12-08,17.6,20.06,0.4306578055135325,1707999374.445,-0.006719959228804306
2015-12-09,19.61,21.05,0.4470719106923484,888828080.29,-0.007779281420077999
2015-12-10,19.34,20.76,0.420716070371487,1117329675.26,0.0025809423986467017
2015-12-11,24.39,24.38,0.4465618756772435,145340174.49,-0.01938108414324058
2015-12-14,22.73,23.3,0.4028054315784026,584071732.6,0.005052302423139032
2015-12-15,20.95,21.86,0.379995166953516,1025373532.065,0.010497904080335685
2015-12-16,17.86,19.57,0.3972258234171831,2541139243.2,0.01463206317933996
2015-12-17,18.94,20.37,0.4407583133722192,1182891674.23,-0.015238151918531728
2015-12-18,20.7,21.26,0.4541727710798404,296092458.375,-0.01781519517917629
2015-12-21,18.7,21.11,0.4268848629040624,687767931.463,0.00824921302920334
2015-12-22,16.6,19.84,0.4286638933251273,1201747914.42,0.009074346639862174
2015-12-23,15.57,19.33,0.4113906717345137,1976328034.845,0.012383232638206287
2015-12-24,15.74,19.69,0.4292247716148266,1560467852.695,-0.0016503054932023309
2015-12-28,16.91,19.68,0.4512813302719884,1633583127.97,-0.0022851197241523513
2015-12-29,16.08,19.1,0.4208890042415516,2596642777.83,0.010671999300052137
2015-12-30,17.29,19.59,0.4411241127523689,1903021117.565,-0.007087886564492996
2015-12-31,18.21,19.8,0.4751025181133984,1065685891.67,-0.010003017288014449
2016-01-04,20.7,22.01,0.4929022936597074,136714596.03,-0.013979636814955287
2016-01-05,19.34,20.52,0.4561527618642226,237413996.79,0.0016914436236330488
2016-01-06,20.59,21.27,0.438569531091029,-359510543.27,-0.012614249984831849
2016-01-07,24.99,24.62,0.4412217328399104,-1342058199.276,-0.02399176035404116
2016-01-08,27.01,26.23,0.4504880224244382,-1250644442.471,-0.010976375264774463
2016-01-11,24.3,24.73,0.434142168614186,-1243387760.886,0.0009896538078943973
2016-01-12,22.47,22.53,0.4544517413726492,-764107469.4,0.00806824667553907
2016-01-13,25.22,24.89,0.4796702558253721,-1817006984.82,-0.024940279480814675
2016-01-14,23.95,23.53,0.4483840911224212,-1177880283.2,0.016416781279141368
2016-01-15,27.02,26.88,0.4739866090748825,-375450471.2538,-0.021466186369080598
2016-01-19,26.05,26.44,0.4242655554458252,-397255911.35,0.0013311648699683154
2016-01-20,27.59,27.81,0.4373305707143986,-498465362.785,-0.012815242936318638
2016-01-21,26.69,26.71,0.4644220058679565,-281360365.3517,0.005602360781115312
2016-01-22,22.34,24.28,0.4601168647254748,199434653.795,0.020515285492190394
2016-01-25,24.15,25.25,0.4891020432379266,-82723996.064,-0.015116719381955246
2016-01-26,22.5,23.29,0.4705025647573852,278270955.22,0.013643079725990548
2016-01-27,23.11,24.47,0.4753826779455026,-216293166.126,-0.010883484359350715
2016-01-28,22.42,24.02,0.4474299121683968,300342896.265,0.0052094878117860954
2016-01-29,20.2,22.66,0.4429433355756742,726299406.147,0.024377388690938195
2016-02-01,19.98,22.01,0.470475826127459,734733069.66,-0.000361295202659373
2016-02-02,21.98,23.41,0.4924976943322618,305046280.036,-0.01802231399984222
2016-02-03,21.65,23.2,0.4649386379736245,237203834.4838,0.005994879724543045
2016-02-04,21.84,23.66,0.4555207816635013,252078863.78,0.0015680095399468463
2016-02-05,23.38,24.48,0.4425315737193515,-171172028.955,-0.01904973954338285
2016-02-08,26.0,25.98,0.4225303029748676,-325606961.895,-0.013461008633846916
2016-02-09,26.54,26.8,0.4436066034457665,-304581054.175,5.378454302507052e-05
2016-02-10,26.29,26.72,0.4706263031353696,-359320306.16,-0.0008629465902335598
2016-02-11,28.14,27.72,0.4591948131466125,-534835436.99,-0.013007741379712945
2016-02-12,25.4,26.23,0.4493281009679127,-67018014.69,0.02061656487321062
2016-02-16,24.11,25.01,0.4418896329800734,471933365.2498,0.01687826033828488
2016-02-17,22.31,23.55,0.4407182520106499,1271543499.2592,0.01633470090846667
2016-02-18,21.64,23.2,0.4598548841883994,869780396.115,-0.004095527846868063
2016-02-19,20.53,22.8,0.479824669345405,656853597.28,-0.00046866603832373954
2016-02-22,19.38,21.62,0.431894585154863,1100615702.7426,0.014479087590109074
2016-02-23,20.98,22.44,0.4447956835912959,679180787.09,-0.012629669059499138
2016-02-24,20.72,22.34,0.4683653626122366,954122107.71,0.004575935227878247
2016-02-25,19.11,21.24,0.4426651831736352,1653544630.57,0.012111561189830367
2016-02-26,19.81,21.86,0.4480916034967501,1037595498.0336,-0.0023012458772275757
2016-02-29,20.55,22.39,0.4438486976424237,746722928.8865,-0.00784257988165904
2016-03-01,17.7,20.28,0.4217479732486621,2060538256.69,0.023507158054132837
2016-03-02,17.09,19.92,0.4375460876578373,2241812060.47,0.004492353625301648
2016-03-03,16.7,19.49,0.4366845798378894,2448209617.52,0.00391936903006318
2016-03-04,16.86,19.63,0.4376016365867313,2080217797.39,0.0032536765122226363
2016-03-07,17.35,19.9,0.4374000639940605,1991557373.0815,0.0007980936055977939
2016-03-08,18.67,21.04,0.4582436869315409,1567405017.894,-0.010917800285074275
2016-03-09,18.34,20.75,0.4441903637236979,1895732383.38,0.004939914582810401
2016-03-10,18.05,20.71,0.4633365909088403,2038781427.78,0.0008023872450293457
2016-03-11,16.5,19.47,0.4145038397888416,2577535793.77,0.01613701285937763
2016-03-14,16.92,19.42,0.4597954049463026,2706928245.38,-0.0012819319189800726
2016-03-15,16.84,19.33,0.4548680319777391,2854086319.925,-0.0016298331233215446
2016-03-16,14.99,18.48,0.4602095573570398,3325522689.07,0.0057872733879693605
2016-03-17,14.44,18.14,0.4257734207317826,3587067585.82,0.006343665960489631
2016-03-18,14.02,17.93,0.4220418123099203,1982913372.62,0.00392979265766491
2016-03-21,13.79,17.59,0.4231989097806171,2197754127.42,0.0014189845793572964
2016-03-22,14.17,17.75,0.4253705090847602,2217646262.32,-0.0005375456737867212
2016-03-23,14.94,18.3,0.4439481611434182,1945774298.57,-0.006599435264673659
2016-03-24,14.74,18.27,0.463185742639255,1818046958.865,-0.00044278471801695307
2016-03-28,15.24,18.3,0.4377405641784613,1904795300.096,0.0005908479994098936
2016-03-29,13.82,17.24,0.4533893776815987,2577311464.6108,0.009249971338865626
2016-03-30,13.56,16.92,0.4471842974541262,2944274165.3628,0.004387845744538543
2016-03-31,13.95,17.08,0.4439766279474091,2486571351.58,-0.00242696490156713
2016-04-01,13.1,16.5,0.44600037337799,2662766852.3634,0.006811648790316038
2016-04-04,14.12,17.23,0.4445182267681688,2502539001.72,-0.0032378914754640498
2016-04-05,15.42,18.38,0.4409791074459517,1925384214.09,-0.009987497185535377
2016-04-06,14.09,17.28,0.4250922400255358,2699898369.68,0.01092089452550482
2016-04-07,16.16,18.86,0.4740314596924653,1778367908.64,-0.01196589606655396
2016-04-08,15.36,18.32,0.4506023324496995,1929594457.92,0.002697040301099518
2016-04-11,16.26,18.89,0.4377265310309488,1759036138.5125,-0.0023472669546408254
2016-04-12,14.85,17.97,0.4208742695506162,2620696168.48,0.009312750322584051
2016-04-13,13.84,17.26,0.4362226423494936,3665229159.9153,0.010100825497116661
2016-04-14,13.72,17.24,0.4305781755677099,3744996413.95,4.813265637126918e-05
2016-04-15,13.62,17.16,0.4541938546221646,1612200580.46,-0.0011057858987626457
2016-04-18,13.35,16.51,0.4220893823357814,1941694497.965,0.007026835763443096
2016-04-19,13.24,16.47,0.4278622441846614,2093229325.52,0.0031542282777301534
2016-04-20,13.28,16.6,0.4149973110239696,2184773087.71,0.0009528239344018807
2016-04-21,13.95,17.14,0.4087930428635166,1915793323.725,-0.005378540602595017
2016-04-22,13.22,16.64,0.4266989127911822,1543878959.78,0.0
2016-04-25,14.08,17.22,0.4185518751699185,1598289891.62,-0.001722578295840882
2016-04-26,13.96,16.92,0.4124311260566459,1606494629.0744,0.0014858501131651547
2016-04-27,13.77,16.77,0.4226204024073228,1592998572.3632,0.002058435504552092
2016-04-28,15.22,17.78,0.4291978910255576,1181440575.1425,-0.009075822714955883
2016-04-29,15.7,18.45,0.4488837272763885,1140488105.66,-0.0053989001693883765
2016-05-02,14.68,17.78,0.4265985301519623,1707694653.34,0.007948569925030569
2016-05-03,15.6,18.57,0.4507829608751174,1326277025.11,-0.008703309034095552
2016-05-04,16.05,18.91,0.4563751902151012,941401806.06,-0.005578194644457968
2016-05-05,15.91,18.92,0.4650352571153592,873688280.49,-0.00019516294524946076
2016-05-06,14.72,18.27,0.4335829500335319,1238117227.93,0.003659009257202861
2016-05-09,14.57,18.05,0.4603127539413055,1376757320.48,0.0008262736101776191
2016-05-10,13.63,17.18,0.4425438081509457,2389425327.53,0.012433809473959112
2016-05-11,14.69,18.02,0.4779112452309511,1422476465.598,-0.009354636908648128
2016-05-12,14.41,17.75,0.4411867399429906,1407285385.855,0.000290544950538818
2016-05-13,15.04,18.25,0.4384148169286275,747015660.104,-0.008713903933744271
2016-05-16,14.68,17.7,0.4386606601035577,1345041760.32,0.00986503423126428
2016-05-17,15.57,18.43,0.478400871887284,608207850.76,-0.009333525838809531
2016-05-18,15.95,18.54,0.4635321029864753,623281588.94,0.0002927972492001718
2016-05-19,16.33,18.77,0.4614145929237893,232951431.3733,-0.0034653496668307637
2016-05-20,15.2,18.05,0.4606825319360664,835991624.5292,0.006317872019861115
2016-05-23,15.82,18.15,0.4470037222644426,768651469.81,-0.0013625988607096629
2016-05-24,14.42,17.08,0.4011996783499474,1762288176.9,0.012962263915849093
2016-05-25,13.9,16.77,0.4339186861292,2368795625.8916,0.006782979143621137
2016-05-26,13.43,16.56,0.4434690374574275,2633433342.455,0.00028677149672007296
2016-05-27,13.12,16.31,0.4239579335651376,2138576900.55,0.004299479082219282
2016-05-31,14.19,16.63,0.4410978893628669,2084096960.835,-0.0019028226901905976
2016-06-01,14.2,16.7,0.4320360173545581,2092914812.9,0.0020494105037973664
2016-06-02,13.63,16.37,0.4208584440326587,2452774845.7,0.003043122838681356
2016-06-03,13.47,16.49,0.4576083753542059,1974596287.55,-0.002986934020568932
2016-06-06,13.65,16.44,0.4223488626892477,2386878787.093,0.005088787250724147
2016-06-07,14.05,16.63,0.4129885182019535,2464050344.0943,0.001561411737041718
2016-06-08,14.08,16.79,0.408115827023138,2903662120.65,0.003259587494902405
2016-06-09,14.64,17.32,0.4286906039215135,2828218932.42,-0.0013655979374773697
2016-06-10,17.03,18.94,0.4702771500366806,1825522493.345,-0.009477419543818755
2016-06-13,20.97,21.87,0.4413817538006465,1091979205.35,-0.007712081821509176
2016-06-14,20.5,21.94,0.4185671977133511,1218480835.945,-0.001966587534395381
2016-06-15,20.14,21.81,0.4346825362954003,1022311837.314,-0.0013941070652068177
2016-06-16,19.37,21.16,0.4311251479711908,1429817151.65,0.002984262222617051
2016-06-17,19.41,21.31,0.4462329763713096,705724726.8935,-0.003724003098525386
2016-06-20,18.37,19.81,0.3937913961219837,977049513.08,0.006440011165022241
2016-06-21,18.48,19.69,0.4069086743365472,1139069227.95,0.002838549809240698
2016-06-22,21.17,21.08,0.4124664287838505,1040508579.03,-0.001630966675615908
2016-06-23,17.25,18.42,0.4119527272185757,2070835113.88,0.013022220929105544
2016-06-24,25.76,23.93,0.4652826661840676,143335707.955,-0.03590895441041586
2016-06-27,23.85,23.68,0.4109883430667818,-388124018.2552,-0.017909778959658618
2016-06-28,18.75,20.26,0.4269252546487213,393041886.0645,0.018036165307478313
2016-06-29,16.64,18.73,0.4349629229513641,1447809568.39,0.017027597944413442
2016-06-30,15.63,18.09,0.4197858852270717,2278865077.2698,0.013645348024331705
2016-07-01,14.77,17.65,0.4162656526035255,1967704862.945,0.002100717276172004
2016-07-05,15.58,18.24,0.4452420479617589,1649000298.36,-0.007193480282356335
2016-07-06,14.96,17.74,0.4112860570870683,2113702588.69,0.005997574943686246
2016-07-07,14.76,17.76,0.4313027673842912,2176331777.21,-0.0006197803223080278
2016-07-08,13.2,16.49,0.397013866986046,2905121503.63,0.01489044996820943
2016-07-11,13.54,16.49,0.4019944260922528,3328334725.065,0.0035268950174225377
2016-07-12,13.55,16.17,0.3986624250984386,3726095542.25,0.007263450570904828
2016-07-13,13.04,15.97,0.4032610873178437,3529125034.13,-0.00013958959159998674
2016-07-14,12.82,15.86,0.3983265579949031,4335890146.06,0.005583362998526242
2016-07-15,12.67,15.99,0.410285164257454,2212109309.894,-0.0013413428762658608
2016-07-18,12.44,15.77,0.3893205645656913,2542586429.3772,0.002686869967876815
2016-07-19,11.97,15.74,0.4023484385423358,2592071925.79,-0.0010165578660313868
2016-07-20,11.77,15.44,0.4034885203788348,3044126597.01,0.004163171394660825
2016-07-21,12.74,16.1,0.4059758865738804,2683166421.355,-0.003777314297106149
2016-07-22,12.02,15.8,0.4111368063939561,2497225802.26,0.004484993188605069
2016-07-25,12.87,16.27,0.389420843152381,2351604645.12,-0.0027159386438810884
2016-07-26,13.05,16.32,0.3937018385641905,2265239341.247,0.00046170273388534966
2016-07-27,12.83,16.1,0.3979899189867041,2539950624.53,-0.0010610791155596377
2016-07-28,12.72,16.0,0.4074621513620114,2750425587.96,0.0011544532533716012
2016-07-29,11.87,15.42,0.4203514009966297,2544098511.27,0.0016147344435335498
2016-08-01,12.44,15.7,0.4127359163292911,2640509288.52,-0.0008292493086770047
2016-08-02,13.37,16.39,0.4300088485795542,2161471365.6373,-0.006407140881297679
2016-08-03,12.86,16.08,0.4419974729390905,2429117592.48,0.0029228063328745613
2016-08-04,12.42,15.71,0.4250603584343335,2611507377.811,0.001063876860417201
2016-08-05,11.39,15.14,0.4233692639220081,3192828110.233,0.008178982390893541
2016-08-08,11.5,15.16,0.4128226137655154,3038872607.5,-0.0005959059178022308
2016-08-09,11.66,15.11,0.4149252736658402,3218806674.76,0.0005962612333998418
2016-08-10,12.05,15.41,0.4192412797149913,2949217803.134,-0.0024751688762723045
2016-08-11,11.68,15.3,0.4000138553226792,3437947186.23,0.004640882831968174
2016-08-12,11.55,15.26,0.4166454129946092,2933433025.4525,-0.0008689979274968396
2016-08-15,11.81,15.38,0.3910541136856228,3233938681.495,0.002883954826924162
2016-08-16,12.64,16.02,0.4127269579988187,2631894879.8132,-0.005157810624960679
2016-08-17,12.19,15.52,0.4049564338967023,2972769484.8,0.0018809131937931323
2016-08-18,11.43,15.16,0.4145983692190411,3237901856.04,0.002244228645866597
2016-08-19,11.34,15.13,0.41795888973639,1886771204.565,-0.0014624638374141075
2016-08-22,12.27,15.5,0.3848539546007872,1957383213.76,-4.5574256119174095e-05
2016-08-23,12.38,15.42,0.3903115026115625,2255346967.705,0.0020136378160280355
2016-08-24,13.45,16.0,0.418052512459674,1670373835.8607,-0.005115070265338861
2016-08-25,13.63,16.13,0.4229388033329516,1676291895.2055,-0.0006888213836075963
2016-08-26,13.65,16.24,0.4349897465798633,1666646338.954,-0.0018829955724425362
2016-08-29,12.94,15.93,0.4094012552688368,2211090143.4635,0.004924529838685521
2016-08-30,13.12,16.03,0.4210118620466496,1837775695.47,-0.001648997971833377
2016-08-31,13.42,16.14,0.4173925017462609,1692810663.39,-0.002844024590200278
2016-09-01,13.48,16.31,0.4339673470668926,1922523661.06,4.581744795983944e-05
2016-09-02,11.98,15.65,0.4261410651626384,2159846908.34,0.004508114961257581
2016-09-06,12.02,15.56,0.4419315202946486,2857730482.75,0.003022383223492575
2016-09-07,11.94,15.49,0.4566915626372084,3011920153.196,-9.110816976931613e-05
2016-09-08,12.51,15.81,0.4410897560403435,2639822947.56,-0.002282901102640178
2016-09-09,17.5,18.83,0.4853567194499658,138347397.35,-0.023935172725088383
2016-09-12,15.16,17.27,0.4158896480430473,1467106674.9217,0.01434752704738762
2016-09-13,17.85,19.05,0.4723763378770481,206431973.5524,-0.014375603727331598
2016-09-14,18.14,19.35,0.454349323429677,453189500.4386,-0.0003751855660585335
2016-09-15,16.3,18.19,0.4364888876601508,1763279481.52,0.009993043939827695
2016-09-16,15.37,17.88,0.4925932095704436,1187648409.0,-0.003865572342019563
2016-09-19,15.53,17.78,0.4414458438230959,1081142560.92,0.00018744630966338605
2016-09-20,15.92,17.99,0.4693733560274585,1262656626.18,4.676927846358758e-05
2016-09-21,13.3,16.66,0.4473738080955764,2208944717.4946,0.011245564642475614
2016-09-22,12.02,15.94,0.4342212212441612,3278783457.914,0.006301651621383186
2016-09-23,12.29,16.05,0.4494454844676225,1752291252.7,-0.005479764583168345
2016-09-26,14.5,17.28,0.4592147427744418,1096990737.4,-0.008102291857612132
2016-09-27,13.1,16.45,0.4332785126155921,1901928594.9558,0.006208363962238339
2016-09-28,12.39,16.01,0.4807633019817414,2396436211.8,0.004963429925864293
2016-09-29,14.02,16.87,0.4811614749621991,1463816460.94,-0.009047137720822551
2016-09-30,13.29,16.37,0.4121652304849839,1833829524.1396,0.00754616445579126
2016-10-03,13.57,16.4,0.4916064154870526,1827744019.75,-0.0024041226715623143
2016-10-04,13.63,16.47,0.4862757735107666,1685482589.92,-0.005097779368089084
2016-10-05,12.99,16.22,0.4645500194753202,2247863461.16,0.004425265508043452
2016-10-06,12.84,16.07,0.4517605012705549,2318307923.895,0.0006955563496111594
2016-10-07,13.48,16.44,0.4663061057980999,1857342772.49,-0.003429439240139498
2016-10-10,13.38,15.95,0.4131082001072112,2554594364.98,0.005208400244506306
2016-10-11,15.36,16.94,0.487976857695697,1489958559.11,-0.012629901224154305
2016-10-12,15.91,17.02,0.4380167192366908,1675949276.5,0.001312340341667717
2016-10-13,16.69,17.59,0.4579159578635863,1008347683.12,-0.0032755918120213057
2016-10-14,16.12,17.42,0.458850300819286,1392173735.68,0.0005163485696741965
2016-10-17,16.21,17.47,0.4422594345263544,1137181848.835,-0.00347199223911554
2016-10-18,15.28,16.92,0.4577460608682859,1928994813.94,0.006262313396135699
2016-10-19,14.41,16.46,0.4665717584259715,2300816192.78,0.00266686015309614
2016-10-20,13.75,16.23,0.4761448126109823,2051637792.98,-0.0018664199289297745
2016-10-21,13.34,16.04,0.4614918723377595,1420346093.2076,0.0004671649926588639
2016-10-24,13.02,15.61,0.4597793022558081,1894308247.7068,0.004252914607115299
2016-10-25,13.46,15.81,0.4380763270257558,1735570476.685,-0.003350251163086959
2016-10-26,14.24,16.25,0.4596143054465882,1491017956.7165,-0.002007936709382152
2016-10-27,15.36,16.93,0.4503419717731824,1282380976.725,-0.002666819655163799
2016-10-28,16.19,17.37,0.4385119156417364,1109121056.435,-0.002955383878839535
2016-10-31,17.06,17.85,0.4510384517492146,1111644470.72,4.704458140758483e-05
2016-11-01,18.56,18.74,0.4506843845853945,675195055.235,-0.007245447120520665
2016-11-02,19.32,19.18,0.4447566854425211,37847514.2,-0.006018575025033779
2016-11-03,22.08,20.7,0.455304360686663,-438477709.7425,-0.004577166378548991
2016-11-04,22.51,21.13,0.4427314541418794,-58173193.5292,-0.0011019389105146882
2016-11-07,18.71,18.15,0.4108961226658246,1344535316.835,0.02205727891400633
2016-11-08,18.74,18.1,0.4304071884827772,1794665752.775,0.0045042754953934505
2016-11-09,14.38,16.28,0.4454005681677491,2192023913.03,0.010601809763780778
2016-11-10,14.74,16.75,0.4423840912152311,1537673329.78,0.002495406212099427
2016-11-11,14.17,16.49,0.4325825179083341,1618307241.6231,-0.0023046516265463612
2016-11-14,14.48,16.7,0.4321293119047965,1301794958.7206,0.0007855019627667215
2016-11-15,13.37,15.75,0.4241981636135711,1885661128.745,0.007802771736751257
2016-11-16,13.72,16.07,0.4524373235639996,2143823279.792,-0.0018785960085284659
2016-11-17,13.35,15.64,0.4495031695020134,2646420144.01,0.005140828565012523
2016-11-18,12.85,15.52,0.4540715757879953,1625513597.16,-0.0022378585835500786
2016-11-21,12.42,15.32,0.4333553651249969,2333800005.87,0.0075518486041152855
2016-11-22,12.41,15.35,0.4336200132638634,2600775434.86,0.0019530709214747866
2016-11-23,12.43,15.43,0.4343325680937753,2513961245.285,0.0005439580657782273
2016-11-25,12.34,15.51,0.4627135678779712,2432575109.39,0.0037155105120165732
2016-11-28,13.15,16.02,0.4202422026788976,2121601420.7736,-0.004694861744926726
2016-11-29,12.9,15.9,0.4189644791060112,2055470103.625,0.0019501480274233263
2016-11-30,13.33,16.1,0.4472419902165406,1539471588.94,-0.0023989736710743337
2016-12-01,14.07,16.67,0.4476188168226065,1085344301.98,-0.0036754534044528553
2016-12-02,14.12,16.78,0.4363783864430333,1419736103.575,0.0005007595001236265
2016-12-05,12.14,15.77,0.4239447146224084,1878563794.465,0.0060090271710839804
2016-12-06,11.79,15.48,0.425363096350221,2185484787.915,0.00316730002451715
2016-12-07,12.22,15.48,0.424503389773564,3255150163.585,0.013080931566270104
2016-12-08,12.64,15.72,0.4208900065542945,3454439962.3572,0.0024486759675670378
2016-12-09,11.75,15.22,0.414544692810757,3402208391.075,0.0060404385213499445
2016-12-12,12.64,15.73,0.4253417422183629,3280072338.0746,-0.0011479568351233649
2016-12-13,12.72,15.7,0.4259569792672334,4279301953.0739,0.006673978738273023
2016-12-14,13.19,15.87,0.4628850276562489,3631288373.0448,-0.008254376370483096
2016-12-15,12.79,15.75,0.4431902808155756,4178940422.58,0.004117233406000453
2016-12-16,12.2,15.57,0.448954817788295,2509639260.0706,-0.0019556017270840886
2016-12-19,11.71,15.31,0.4174529518766794,2839790435.55,0.0021776121129308823
2016-12-20,11.45,15.14,0.4159014093110305,3173530533.5,0.0038572418269700037
2016-12-21,11.27,15.09,0.4364147510181727,3066078715.95,-0.002782420972341604
2016-12-22,11.43,15.29,0.4377049664367105,2583601284.31,-0.0017277765089889208
2016-12-23,11.44,15.25,0.4314968707696052,2500880951.83,0.0014646462462641896
2016-12-27,11.99,15.36,0.4439871412496156,2820190468.84,0.00248076194663005
2016-12-28,12.95,15.93,0.4711663448006256,2132294476.28,-0.008264509406637033
2016-12-29,13.37,16.16,0.4550216940722782,1856504137.09,-0.00022266987816643713
2016-12-30,14.04,16.54,0.4624837710692494,1609280877.675,-0.003654968681851445
2017-01-03,12.85,15.56,0.4190440744885486,2289156551.215,0.007649704051955641
2017-01-04,11.85,14.84,0.4476512288721382,2751534496.5096,0.005949310150005882
2017-01-05,11.67,14.7,0.4563143810661462,3318908621.78,-0.0007944463981720551
2017-01-06,11.32,14.56,0.432638320816205,3211639551.11,0.0035778903344838575
2017-01-09,11.56,14.63,0.4450141198439598,3199197351.67,-0.0033008455536182035
2017-01-10,11.49,14.66,0.4463205705813816,3280307540.08,0.0
2017-01-11,11.26,14.47,0.4543192342702385,3700475442.11,0.002825890278278731
2017-01-12,11.54,14.58,0.4383313912375849,3707984953.205,-0.0025098175310848125
2017-01-13,11.23,14.54,0.4589045857611223,3511712220.87,0.0022953999702770567
2017-01-17,11.87,14.89,0.4540386116232257,3429336677.415,-0.0035233992448598928
2017-01-18,12.48,14.94,0.4358749027236334,3768468753.7328,0.0022102143983149247
2017-01-19,12.78,15.02,0.4419590687608102,3297701001.09,-0.003704740105956672
2017-01-20,11.54,14.49,0.4366324882275357,1578099266.28,0.0036743583716303263
2017-01-23,11.77,14.54,0.4313589726253485,1708750825.282,-0.002602497109378543
2017-01-24,11.07,13.87,0.4274712260362879,2289289788.8202,0.006411688305481444
2017-01-25,10.81,13.61,0.4284546909845899,3111756195.635,0.008655527206627767
2017-01-26,10.63,13.63,0.4268858177617032,3143210035.2042,-0.0010454399368706735
2017-01-27,10.58,13.68,0.4417140497091631,2348826405.6709,-0.0015697624062571691
2017-01-30,11.88,14.41,0.4198901314052795,1930516927.79,-0.006201786261784359
2017-01-31,11.99,14.48,0.4281987107850467,1673467850.97,-8.775711198583114e-05
2017-02-01,11.81,14.29,0.4423206844121136,1969052937.1332,0.00039552572330636693
2017-02-02,11.93,14.59,0.4227885634762301,2055582517.862,0.0006590267515351744
2017-02-03,10.97,14.05,0.4362984375733549,2402640119.98,0.006892974870945867
2017-02-06,11.37,14.24,0.4417424564030019,2450586241.34,-0.0017877218070306844
2017-02-07,11.29,14.35,0.4603930475719784,2786921792.84,4.349794700519993e-05
2017-02-08,11.45,14.56,0.4389927559656633,3022530587.2519,0.0013105314939301227
2017-02-09,10.88,14.17,0.4474497514830112,3690893759.36,0.005932764425055748
2017-02-10,10.85,13.91,0.4352580829512329,3355841268.9983,0.003945936505260539
2017-02-13,11.07,13.68,0.4225522056500023,3976258048.7312,0.005442624632101323
2017-02-14,10.74,13.19,0.4237849022739585,4283994471.009,0.003995397076030471
2017-02-15,11.97,13.41,0.4396353950597916,4821739776.5533,0.005220195014858264
2017-02-16,11.76,13.63,0.4406380168461049,5052474668.4061,-0.000851321879545508
2017-02-17,11.49,13.72,0.4360340666650448,2957371270.885,0.0015764421580928278
2017-02-21,11.57,14.04,0.4222974855081738,3601146629.0568,0.005955319950909699
2017-02-22,11.74,14.39,0.4275246743737815,3786308765.79,-0.0008877024218886254
2017-02-23,11.71,14.74,0.4410640971175358,3613693302.1545,0.0006769420576744345
2017-02-24,11.47,14.76,0.4269581224884202,3063691354.02,0.0012686606423832902
2017-02-27,12.09,14.91,0.4340175581927449,3308125236.36,0.0015626914398054748
2017-02-28,12.92,15.28,0.4313549296472622,3142043910.2625,-0.002699038589870084
2017-03-01,12.54,14.86,0.4027109502758162,4687762677.2366,0.013997708922225405
2017-03-02,11.81,14.77,0.4588117110801566,3832673726.5956,-0.006297509261597223
2017-03-03,10.96,14.26,0.4727399961905542,3380582002.098,0.0006294957073822438
2017-03-06,11.24,14.34,0.4436087238817953,3254215850.4566,-0.002977986267121646
2017-03-07,11.45,14.41,0.4641106371395813,3255287384.2168,-0.0029866575390293804
2017-03-08,11.86,14.54,0.4475738168001834,3175375285.9729,-0.0018565151255293122
2017-03-09,12.3,14.78,0.4386023124740605,3506070221.9305,0.0012681669351406466
2017-03-10,11.66,14.38,0.4377832497583833,3279581350.992,0.0035040441147042856
2017-03-13,11.35,14.36,0.4395029667031718,3429978628.471,0.000504825436403511
2017-03-14,12.3,14.63,0.4461259972089322,3134659287.341,-0.0038265266207248017
2017-03-15,11.63,14.2,0.451518050357638,4230261604.79,0.00865358315021747
2017-03-16,11.21,13.78,0.4483764683625433,4489649237.14,-0.0019669795696181103
2017-03-17,11.28,13.92,0.4688150154534583,2358067594.555,-0.0017562062912708232
2017-03-20,11.34,13.9,0.4362128418542517,2490429000.925,-0.0010969456412748269
2017-03-21,12.47,14.62,0.4458275779281566,888775805.0051,-0.012839520891157363
2017-03-22,12.81,14.68,0.4134058919586519,1232622905.675,0.0023531837800603306
2017-03-23,13.12,14.91,0.4354387082496912,914841135.195,-0.0010670494088305116
2017-03-24,12.96,14.55,0.4430398188312605,1284651965.4236,-0.000726474206660277
2017-03-27,12.5,14.23,0.4209532906424873,1342419748.2073,-0.0010263429533465818
2017-03-28,11.53,13.68,0.4192413243168166,2632905699.18,0.007276964141451403
2017-03-29,11.42,13.43,0.4483917108537165,3181445589.0,0.0009348834555691354
2017-03-30,11.54,13.37,0.4470359316334897,3805342979.9172,0.0031841735668203253
2017-03-31,12.37,13.6,0.4417097899763125,2477170051.825,-0.0023275394718186293
2017-04-03,12.38,13.67,0.4684719015599101,2586013256.285,-0.0017395119084048227
2017-04-04,11.79,13.37,0.4308601534426649,2859520874.8561,0.000637523075913915
2017-04-05,12.89,14.12,0.4474980805828556,2379113132.35,-0.0029727377049512116
2017-04-06,12.39,13.66,0.4432624961089022,2075455691.615,0.0028113270638978616
2017-04-07,12.87,14.06,0.4337873503862183,2015509920.259,-0.0010193802896182325
2017-04-10,14.05,14.58,0.4433170502858717,2310829477.06,0.0005951202688256885
2017-04-11,15.07,15.16,0.4562648716869298,1935589540.255,-0.0011898324796529858
2017-04-12,15.77,15.28,0.4196952293413887,1410798372.855,-0.004381701015046646
2017-04-13,15.96,15.75,0.4331578332292741,897466670.7879,-0.006494846759700357
2017-04-17,14.66,14.86,0.4378271576046862,2344564435.57,0.008859890177637109
2017-04-18,14.42,14.76,0.4802531462781795,2146742288.505,-0.002984344974635289
2017-04-19,14.93,15.08,0.4623722947183398,1937690305.795,-0.0018386632237935574
2017-04-20,14.15,14.53,0.4536321199007042,3256252297.39,0.008139134866727682
2017-04-21,14.63,14.75,0.4647179390588406,1504569269.4993,-0.003186804973697721
2017-04-24,10.84,12.9,0.3999839380589093,2542349546.24,0.010997668528564875
2017-04-25,10.76,12.85,0.4325019039032787,3046181398.8431,0.005818906200951934
2017-04-26,10.85,12.98,0.4464376320635675,3004122873.5088,-0.0006289914704171728
2017-04-27,10.36,12.8,0.4483919249593627,3172588354.0653,0.0008391831329221944
2017-04-28,10.82,12.93,0.4597274796284389,2661533678.466,-0.002179603047244516
2017-05-01,10.11,12.63,0.457717320716082,2936505640.498,0.0025202662052019598
2017-05-02,10.59,12.83,0.4508568241121363,3236252324.9065,0.00037704151980322287
2017-05-03,10.68,13.09,0.4462207311449138,3329037094.5019,-0.0012144865031810115
2017-05-04,10.46,12.83,0.4557123383654862,3557770432.6442,0.0011741661548676507
2017-05-05,10.57,12.85,0.4301118186006699,3228449803.21,0.003936808893453714
2017-05-08,9.77,12.59,0.4344419897820663,3618016837.51,-0.00016670556463171948
2017-05-09,9.96,12.71,0.4282324757575698,3808223235.88,-0.0009180272550520785
2017-05-10,10.21,12.91,0.430030355862409,3390014045.745,0.0017956699825147915
2017-05-11,10.6,13.01,0.4188036905656161,3172535331.7,-0.0020426634454370207
2017-05-12,10.4,12.97,0.4482292029322113,3114109853.76,-0.001671126566298864
2017-05-15,10.42,12.78,0.4272858290736319,3630440536.484,0.00552346904063894
2017-05-16,10.65,12.65,0.4386188886188417,3952074761.765,-0.0009155090836194812
2017-05-17,15.59,15.6,0.4417986963423026,398856431.6096,-0.017743789537716048
2017-05-18,14.66,14.97,0.4313099780169515,1331283510.615,0.004028382640316908
2017-05-19,12.04,13.49,0.4213035187335709,1852734749.635,0.006504181957044164
2017-05-22,10.93,12.96,0.4015911091659006,2519774841.775,0.005077272122582466
2017-05-23,10.72,12.9,0.4062053531128334,2867337045.92,0.002213068417224351
2017-05-24,10.02,12.59,0.4069511381323974,3657338702.7,0.002332605822541023
2017-05-25,9.99,12.51,0.4017913874520452,4300610677.09,0.004779662731946077
2017-05-26,9.81,12.44,0.39521420281238,3210988881.91,-0.0002068799892466222
2017-05-30,10.38,12.74,0.396819448405569,3190396960.998,-0.0008688567832942917
2017-05-31,10.41,12.63,0.4156693431311746,2962182038.6199,-0.0002483041317252743
2017-06-01,9.89,12.42,0.4117664095539625,3945015539.735,0.007952089878753732
2017-06-02,9.75,12.46,0.3948666596941459,3821719369.875,0.0033285518852841367
2017-06-05,10.07,12.85,0.4271151403295845,3844934696.95,-0.0007372002229447672
2017-06-06,10.45,13.08,0.4214267205830233,3418486599.26,-0.0031968187416354654
2017-06-07,10.39,13.09,0.4178008695211828,3717447227.775,0.0018503114838492873
2017-06-08,10.16,12.76,0.4157672402315465,4125291760.574,0.0004922782403822268
2017-06-09,10.7,12.96,0.4302007579018193,2645365699.71,-0.0015176478029459428
2017-06-12,11.46,13.3,0.393552982258174,2268654010.51,-0.00020555009910394606
2017-06-13,10.42,12.73,0.44041644028208,3163658623.71,0.004890067895499062
2017-06-14,10.64,12.77,0.4544073905854617,2956299216.66,-0.0012677338822205675
2017-06-15,10.9,12.91,0.4303788509341369,2129686005.5272,-0.001924348077519178
2017-06-16,10.38,12.71,0.4476249832055359,1657165659.0324,0.00021841822936785604
2017-06-19,10.37,12.4,0.4171008414723053,2727580040.2504,0.008325141423500826
2017-06-20,10.86,12.69,0.4245352935729748,2153739574.56,-0.00674416408502998
2017-06-21,10.75,12.76,0.4207969562850306,2606582315.5285,-0.0002467196758760837
2017-06-22,10.48,12.62,0.4229745973920933,2439881362.9835,-0.00045294891931435544
2017-06-23,10.02,12.36,0.4275067421549505,2240870140.595,0.0011944097200558002
2017-06-26,9.9,12.27,0.4179566678960331,2101967153.28,0.0006579793938068512
2017-06-27,11.06,12.96,0.4169774155992616,904884267.055,-0.008056390839086491
2017-06-28,10.03,12.4,0.406576196181644,2189595144.23,0.008950577945701532
2017-06-29,11.44,13.15,0.4325665260815717,783130878.62,-0.008788977862943192
2017-06-30,11.18,13.14,0.412161330916597,1311817692.38,0.0018647612712761052
2017-07-03,11.22,13.31,0.4155196358561256,1224692497.25,0.0016954551332444279
2017-07-05,11.07,13.31,0.3914672750689251,1634813999.92,0.0023120379204082386
2017-07-06,12.54,14.11,0.4129503491361324,741086536.4892,-0.009144377211056098
2017-07-07,11.19,13.52,0.4114299703596454,1748675386.83,0.006485200930146151
2017-07-10,11.11,13.35,0.4403246539468533,2236989312.25,0.001073721063119537
2017-07-11,10.89,13.16,0.4312967794223435,2406964140.2,-0.0007425480618959979
2017-07-12,10.3,12.78,0.4124622644668541,3568376131.86,0.007514724989989174
2017-07-13,9.9,12.55,0.4260977907755244,3700871269.6075,0.001680243472337306
2017-07-14,9.51,12.23,0.4138859684629546,3578023271.935,0.004664150828469715
2017-07-17,9.82,12.28,0.4246360199862263,3703191401.24,-0.00012211454344179806
2017-07-18,9.89,12.25,0.4400387772454922,4072611129.005,0.0005295613350151385
2017-07-19,9.79,12.0,0.4347892539907609,4840080936.838,0.005413946234021694
2017-07-20,9.58,12.04,0.4272144670881767,4896440336.01,0.00044532677353603667
2017-07-21,9.36,12.06,0.4128268110624987,2571479568.1,-0.0008903281418011222
2017-07-24,9.43,12.04,0.3848751899202525,2659292906.06,-0.0002431365828109433
2017-07-25,9.43,12.05,0.4028323217293593,2994489327.56,0.0024308190353601322
2017-07-26,9.6,12.11,0.4237175771428031,3258291857.5,4.0517114755722616e-05
2017-07-27,10.11,12.42,0.4341303841395004,2754693742.5383,-0.0009296562691379906
2017-07-28,10.29,12.58,0.417921255061868,2485956113.47,-0.0011729170991569005
2017-07-31,10.26,12.47,0.3911388120950201,2200485777.7,-0.0005670601412253173
2017-08-01,10.09,12.4,0.392661261105748,2618834737.1,0.002228690257089161
2017-08-02,10.28,12.56,0.3949479896953975,2863270487.975,0.0004851241719827648
2017-08-03,10.44,12.74,0.3964415463681588,2455822536.63,-0.0019397686198523445
2017-08-04,10.03,12.75,0.4018270953651331,2745629049.995,0.0018222585256859603
2017-08-07,9.93,12.66,0.3982311639829896,2427472788.585,0.0018591788404442866
2017-08-08,10.96,13.2,0.4053271063457837,2833733962.5,-0.002460965419487149
2017-08-09,11.11,13.49,0.3994905700268409,2212185636.3325,-4.0472324811302585e-05
2017-08-10,16.04,16.21,0.3926988802664312,-71863267.1825,-0.014115188046291971
2017-08-11,15.51,16.39,0.4007118458281302,1004666119.505,0.0014766274123758638
2017-08-14,12.33,13.92,0.4062752536471603,2444267277.91,0.009913164074332625
2017-08-15,12.04,13.9,0.415967044488105,2465323193.88,-0.00012155794992196878
2017-08-16,11.74,13.58,0.4041878543841765,2494515506.518,0.0017446078186291736
2017-08-17,15.55,16.14,0.4379918989405934,-150856112.06,-0.015591227142433994
2017-08-18,14.26,15.65,0.4250306896859304,660227660.9508,-0.0015630308324839914
2017-08-21,13.19,14.99,0.3902801888411182,582867140.84,0.0007830282018910228
2017-08-22,11.35,13.63,0.3903099902724262,1867699281.71,0.010456830213079416
2017-08-23,12.25,14.33,0.409688255193762,1540224819.7178,-0.00358539926193302
2017-08-24,12.23,14.39,0.3959162754964791,1256576763.93,-0.0023306684918041887
2017-08-25,11.28,13.99,0.4197876666775023,1296966623.0748,0.002336113197226375
2017-08-28,11.32,13.99,0.4134337711197278,1424962015.87,4.106272338177952e-05
2017-08-29,11.7,14.12,0.4217053733690464,1836728486.97,0.001144540522326487
2017-08-30,11.22,14.14,0.4245328615337286,2988261800.76,0.0047377015973628644
2017-08-31,10.59,13.8,0.4346561402690866,4140015061.8,0.006016057521217366
2017-09-01,10.13,13.59,0.4368107606435296,3129196677.355,0.0014140089533800637
2017-09-05,12.23,14.58,0.4183971157799928,2211126449.74,-0.007181903007013268
2017-09-06,11.63,14.4,0.4138452879771391,2689585473.8943,0.0034136864395866162
2017-09-07,11.55,14.32,0.4125721609949205,3312763793.73,-0.00012145180990574822
2017-09-08,12.12,14.69,0.4106665465161866,2114815471.72,-0.0011745560550050493
2017-09-11,10.73,13.86,0.3871008783380922,3619729368.945,0.010665742397258704
2017-09-12,10.58,13.56,0.4214147804882478,4255184663.05,0.003370678786062564
2017-09-13,10.5,13.23,0.4108135868117249,4942817316.405,0.00047989789514035763
2017-09-14,10.44,13.16,0.4175552933311067,3820455990.12,-0.0003195913273271733
2017-09-15,10.17,12.96,0.419786115840859,2400578161.6928,0.001346166563261253
2017-09-18,10.15,12.69,0.3917723436719136,2315047560.3211,0.0021267422271482594
2017-09-19,10.18,12.73,0.3924769387204435,2560995797.18,0.001001160873701279
2017-09-20,9.78,12.66,0.4082706652886295,2946040211.3,0.00035992045967514485
2017-09-21,9.67,12.66,0.3893277289596782,2446882059.5849,-0.002679429674734335
2017-09-22,9.59,12.85,0.3837950669883546,2272641441.45,0.00020083339906351583
2017-09-25,10.21,13.06,0.3876311981701706,1782573615.95,-0.0020445595337454936
2017-09-26,10.17,13.02,0.389115935299149,2008563329.74,0.00060249047173766
2017-09-27,9.87,12.91,0.4023681260141424,2925713101.5164,0.0038943669533804126
2017-09-28,9.55,12.76,0.403038732446385,3307177590.27,0.0011997235018792463
2017-09-29,9.51,12.49,0.4005276670672741,3137768693.5,0.003514957988119072
2017-10-02,9.45,12.36,0.4060050836333242,3393331793.61,0.004338967380280501
2017-10-03,9.51,12.31,0.4039841251257845,3765100670.39,0.0021398939669972084
2017-10-04,9.63,12.38,0.3969398082230115,3903871091.0144,0.0011863912385574604
2017-10-05,9.19,12.18,0.4041939967726213,5258615223.92,0.0059252029387526495
2017-10-06,9.65,12.44,0.4314912385251888,4106554575.62,-0.0011388346526783888
2017-10-09,10.33,12.73,0.4065234532324762,4170444453.099,-0.001651239054265785
2017-10-10,10.08,12.47,0.4043067039087412,4303231198.91,0.002638317321496997
2017-10-11,9.85,12.24,0.4100205777853835,5023978812.73,0.0015712640026785962
2017-10-12,9.91,12.26,0.3959984237118079,5111977258.335,-0.0014902939766708867
2017-10-13,9.61,11.98,0.3795967323237662,4516960353.77,0.0012172033603650156
2017-10-16,9.91,11.94,0.3853150900728591,4995564432.825,0.0013336505461436499
2017-10-17,10.31,12.05,0.4017422731934563,5487357785.01,0.0007052508064433471
2017-10-18,10.07,11.92,0.397128498927839,5474784833.21,0.0009783536101055645
2017-10-19,10.05,11.96,0.4056278693158645,4847992924.965,0.0002738106282518249
2017-10-20,9.97,11.85,0.3974062079565877,3158333646.51,0.005160682432330033
2017-10-23,11.07,12.55,0.3941077914923639,2746394034.14,-0.0038894034716945303
2017-10-24,11.16,12.67,0.3790485629606235,3088273412.77,0.0017568676841801523
2017-10-25,11.23,12.95,0.4082047030986723,2587684237.6676,-0.004950109417593884
2017-10-26,11.3,12.93,0.3858822100460214,2925319417.9357,0.0012927317081816714
2017-10-27,9.8,12.23,0.3732169662391034,3701538831.28,0.008176252100514203
2017-10-30,10.5,12.57,0.3972575127033467,3566666881.72,-0.0037251806020810463
2017-10-31,10.18,12.38,0.4045489273480774,3696707777.42,0.0015578205209767493
2017-11-01,10.2,12.57,0.4049695739848408,4096593319.265,0.0013223086596134692
2017-11-02,9.93,12.68,0.4199135899808155,4125236219.89,0.0003882171416118574
2017-11-03,9.14,12.42,0.4095757913035804,3975769181.36,0.003338714630472861
2017-11-06,9.4,12.57,0.4137341413233457,4219761342.365,0.0015479793499109107
2017-11-07,9.89,12.76,0.4245601971448431,4232304484.57,-0.000695483695581034
2017-11-08,9.78,12.88,0.3937302747855182,4625795733.19,0.0017008492292114319
2017-11-09,10.5,13.14,0.3894728464835977,4379971513.79,-0.003627652685208038
2017-11-10,11.29,13.61,0.37356907968185,3671429598.51,-0.0003099857221158242
2017-11-13,11.5,13.75,0.3711603095843844,3988331511.5,0.0009298393970995633
2017-11-14,11.59,13.93,0.3528428156409238,3775361878.485,-0.0023224728103713455
2017-11-15,13.13,14.66,0.3504694317753059,2973086457.1,-0.005005248793916173
2017-11-16,11.76,13.96,0.3561922468965251,4708182202.78,0.008501014812177132
2017-11-17,11.43,13.8,0.3853712475232708,2551103396.99,-0.0029386934135682274
2017-11-20,10.65,13.28,0.3410900936386438,2798334560.17,0.0017062598905148718
2017-11-21,9.73,12.55,0.3426316018312751,4234323717.406,0.006542879498677712
2017-11-22,9.88,12.44,0.3609259683351487,4452596018.42,-0.0008847435261762904
2017-11-24,9.67,12.42,0.338535755632266,3681749088.92,0.002309687357254342
2017-11-27,9.87,12.57,0.360858811832183,3824847562.11,-0.0004990118063227245
2017-11-28,10.03,12.27,0.3404614816266168,4415707565.47,0.01014499311158179
2017-11-29,10.7,12.82,0.3466082484923063,3077547281.435,-0.0006089530115295227
2017-11-30,11.28,13.04,0.3504563907820769,4005437413.04,0.008754902172666279
2017-12-01,11.43,13.28,0.3843710955294654,3565285025.1501,-0.0020751987968593566
2017-12-04,11.68,13.55,0.3544915446031176,3179143493.04,-0.0012099892516596045
2017-12-05,11.33,13.54,0.3568423736211936,3006323536.41,-0.0035966664713382723
2017-12-06,11.02,13.45,0.3660326002755351,3221604441.55,0.00018990467794099963
2017-12-07,10.16,12.93,0.360674044850763,4078856890.482,0.0031531065784797807
2017-12-08,9.58,12.46,0.3619408581982882,4286751541.56,0.0054530926725406825
2017-12-11,9.34,12.28,0.3583501233154318,5002864391.03,0.0030129776749354686
2017-12-12,9.92,12.48,0.3598529952118868,4812998491.91,0.0017648857790117933
2017-12-13,10.18,12.5,0.3530068553176299,4925521443.06,-0.00011237021927257285
2017-12-14,10.49,12.8,0.3592966392976793,4995921854.005,-0.00408625606235391
2017-12-15,9.42,12.08,0.3520794102377088,4052381577.72,0.008327239584292379
2017-12-18,9.53,12.07,0.3525380477302373,4789244130.62,0.0063415517595462045
2017-12-19,10.03,12.51,0.3426259741449386,4487952788.9,-0.0038405882710897954
2017-12-20,9.72,12.37,0.3758628493598562,4195335914.92,-0.0005238284023506568
2017-12-21,9.62,12.35,0.3665692856405075,4418995150.95,0.0020595058617907114
2017-12-22,9.9,12.49,0.3832727155557058,4096336394.665,-0.0002613829718477456
2017-12-26,10.25,12.62,0.3980475826034513,3825725876.34,-0.0011962826873426202
2017-12-27,10.47,12.65,0.3560793251249206,4128878605.015,0.0004865800506472784
2017-12-28,10.18,12.76,0.3704361222564958,4664796613.88,0.002057141579051791
2017-12-29,11.04,13.09,0.3917257256183982,3351766524.91,-0.0037701831813948816
2018-01-02,9.77,12.61,0.3586594271415929,5104672299.74,0.007157142752002521
2018-01-03,9.15,12.32,0.3617313496649001,6227584426.44,0.006325152370087572
2018-01-04,9.22,12.24,0.3796517869431588,6817650988.48,0.004214683725213275
2018-01-05,9.22,12.06,0.3764925874005508,6572707311.26,0.0066642153374540936
2018-01-08,9.52,12.15,0.3820673548316148,6870883578.56,0.0018287414872903973
2018-01-09,10.08,12.41,0.3767479111544614,6770874051.855,0.002262972162409449
2018-01-10,9.82,12.36,0.3802258957559919,6789551646.719,-0.0015294259385396636
2018-01-11,9.88,12.16,0.3600090549752855,7951915844.1114,0.00729603265067813
2018-01-12,10.16,12.2,0.3805778827968454,7173202577.632,0.00651891787297787
2018-01-16,11.66,13.23,0.3720702027417006,6959809025.195,-0.003418274026151802
2018-01-17,11.91,13.25,0.360791030699119,7577134958.967,0.009531741607601285
2018-01-18,12.22,13.58,0.3602269161146211,7644008229.99,-0.0016809664643399058
2018-01-19,11.27,13.04,0.3641087029033941,3593970429.88,0.004549651273102917
2018-01-22,11.03,12.99,0.3305550996844956,4373024751.94,0.008131244886321332
2018-01-23,11.1,13.22,0.3541737050598471,4800925654.2188,0.0021219987256817507
2018-01-24,11.47,13.53,0.3537028917742587,4411708369.174,-0.0003881244472018208
2018-01-25,11.58,13.68,0.3522102817042903,4760333570.865,0.0004235059293900001
2018-01-26,11.08,13.46,0.3397655716720019,4205395487.39,0.011578167879078283
2018-01-29,13.84,14.99,0.3545219907848362,3702808441.51,-0.006630140316207012
2018-01-30,14.79,15.83,0.341564500575004,3167661452.145,-0.010256935323189942
2018-01-31,13.54,14.9,0.3627640866651613,3283853686.065,0.0004964569456844536
2018-02-01,13.47,14.72,0.3608138992077483,3586702014.29,-0.0011348474497685501
2018-02-02,17.31,17.03,0.3706254582132939,1759752169.87,-0.021769988285556874
2018-02-05,37.32,28.13,0.3793188486570066,-290859250.9026,-0.041822447730853196
2018-02-06,29.98,23.75,0.4188131328460481,880533617.98,0.0197020961559915
2018-02-07,27.73,23.03,0.3927548880008951,392240276.78,-0.005424880867355819
2018-02-08,33.46,27.33,0.4224347672508821,-1572473954.0187,-0.037508706861224206
2018-02-09,29.06,24.92,0.3987053881499903,-407018448.625,0.015021485142015623
2018-02-12,25.61,22.86,0.4173835610518792,247139927.23,0.01468465811015407
2018-02-13,24.97,22.65,0.4134685980602712,644932796.35,0.002487069439859102
2018-02-14,19.26,19.34,0.4095018642887655,2194669015.25,0.013496423971362415
2018-02-15,19.13,19.08,0.407739206773797,3755415455.517,0.012760176392019984
2018-02-16,19.46,19.17,0.3978645767362991,2205235784.85,0.0002928969218003452
2018-02-20,20.6,20.01,0.3936411560467815,1944371276.77,-0.006261169351956863
2018-02-21,20.02,20.03,0.4185553252700987,2109151018.45,-0.004974250096831168
2018-02-22,18.72,19.06,0.4084306233642362,2108961974.2,0.0012959267160039811
2018-02-23,16.49,17.5,0.3884394572645612,3050120601.3,0.01593961257620946
2018-02-26,15.8,16.92,0.3695247942802478,4120671858.23,0.01161221305115201
2018-02-27,18.59,19.02,0.4003239608713739,3083412585.11,-0.012486435809088703
2018-02-28,19.85,19.89,0.3993031599463898,1977841424.44,-0.010130312929507834
2018-03-01,22.47,21.42,0.4243261867302946,669570064.29,-0.014540925260528414
2018-03-02,19.59,19.86,0.4122454540663458,1603757717.42,0.005155066554949128
2018-03-05,18.73,19.21,0.3988033945384561,2562279324.87,0.01155856540260447
2018-03-06,18.36,19.24,0.420584868983078,3119066252.71,0.002534502108040959
2018-03-07,17.76,18.84,0.4326976161104801,3337911437.55,-0.0003665613033811965
2018-03-08,16.54,18.18,0.4097195949764394,4143332751.5,0.004838917993392533
2018-03-09,14.64,17.01,0.3865537056281849,4764827621.28,0.017402746986491024
2018-03-12,15.78,17.8,0.4354749885283394,4860254942.4,-0.0012550018392483153
2018-03-13,16.35,18.05,0.4417259257174707,3836021863.105,-0.006462931485624934
2018-03-14,17.23,18.78,0.4366968657499389,3378639150.62,-0.005131369168458244
2018-03-15,16.59,18.21,0.4109766243321769,3305740195.76,-0.0010899539692690308
2018-03-16,15.8,17.74,0.4067167420297723,2377232464.15,0.0010847597231615769
2018-03-19,19.02,19.38,0.4297425415267307,1175145674.42,-0.013530440492199647
2018-03-20,18.2,18.88,0.4064598119107592,1699815365.82,0.0017005668556184794
2018-03-21,17.86,18.71,0.4186079689759385,1537756387.43,-0.0019194496887523504
2018-03-22,23.34,21.66,0.4217830030943029,-314435641.46,-0.024996928876492408
2018-03-23,24.87,22.79,0.4335092284650585,-458889987.57,-0.021314722489917504
2018-03-26,21.03,20.7,0.4254340759839082,830561198.155,0.027359299587761843
2018-03-27,22.5,21.94,0.4472377388967875,-386192078.94,-0.01701173617684615
2018-03-28,22.87,22.31,0.4359926695243567,-700363602.0,-0.0029549278181058014
2018-03-29,19.97,20.55,0.4216334453579263,503862629.14,0.01277771973858921
2018-04-02,23.62,22.57,0.4544552279155804,-529523973.83,-0.02158478927124674
2018-04-03,21.1,21.02,0.4328593862472088,55832813.425,0.012816913899441618
2018-04-04,20.06,20.42,0.4266170690468409,882950576.08,0.010699173548342156
2018-04-05,18.94,19.61,0.4262138894557403,1957752253.445,0.007892093246152587
2018-04-06,21.49,21.2,0.477097593991174,55613925.81,-0.022285840565341664
2018-04-09,21.77,21.23,0.4113571898924514,183350195.13,0.004928191748358346
2018-04-10,20.47,20.4,0.4388048741431199,1545747105.11,0.01590060198589871
2018-04-11,20.24,20.37,0.4548811445927431,1196205218.03,-0.005242575797877347
2018-04-12,18.49,19.28,0.4365379406249075,2190652243.21,0.008227143699975903
2018-04-13,17.41,18.55,0.44038125405451,1373017692.91,-0.0029328098039120842
2018-04-16,16.56,17.82,0.4207425794040148,2189160271.28,0.00822161920554576
2018-04-17,15.25,16.8,0.414632037875642,3825295233.32,0.010698440272729703
2018-04-18,15.6,16.8,0.4182954914021394,4087229001.94,0.0007401589201676551
2018-04-19,15.96,17.12,0.4357139839655664,3825622132.49,-0.005547854470427049
2018-04-20,16.88,17.72,0.4310340187243408,1576649965.66,-0.008478943861650379
2018-04-23,16.34,17.35,0.4201430824298045,1514516029.805,-0.00014973383285299402
2018-04-24,18.02,18.23,0.4491219815767364,504608616.71,-0.013467412590500771
2018-04-25,17.84,18.23,0.4522125967746486,650553973.24,0.0024714667830163517
2018-04-26,16.24,17.29,0.4324412867443539,1950646322.1725,0.010165792178269628
2018-04-27,15.41,17.08,0.4148471358838,1956197495.505,0.0009390032706175777
2018-04-30,15.93,17.34,0.4266868799132368,1346647655.89,-0.007691044772823674
2018-05-01,15.49,16.91,0.4302565603439968,1850593837.56,0.0017771694914046066
2018-05-02,15.97,17.26,0.418075285692821,1581836989.93,-0.006717731223720769
2018-05-03,15.9,17.03,0.4224796018345353,1412590884.09,-0.0022035451675456175
2018-05-04,14.77,16.65,0.4233007668862459,2384530565.08,0.012946121931315169
2018-05-07,14.75,16.65,0.4202944534642835,3145903981.87,0.003383642744072768
2018-05-08,14.71,16.48,0.4276686562118553,3196530055.22,0.0
2018-05-09,13.42,15.78,0.413022317879179,4715828884.73,0.009665876926329808
2018-05-10,13.23,15.24,0.4266558337470744,5561937365.32,0.00935037915918202
2018-05-11,12.65,14.82,0.416560064858829,4425220746.24,0.0030511990358150776
2018-05-14,12.93,14.53,0.4306810565971546,4754646369.36,0.00047655269987001425
2018-05-15,14.63,15.79,0.442138768990568,3331060808.42,-0.006886904892513757
2018-05-16,13.42,15.14,0.4229957279386879,4245402572.0648,0.0042051018437070375
2018-05-17,13.43,15.02,0.4442721358397097,3594238409.76,-0.000844785953750038
2018-05-18,13.42,15.19,0.4268421301363223,2151459414.28,-0.002499905808029612
2018-05-21,13.08,14.69,0.4265603135310021,3062676879.5,0.007518321590229249
2018-05-22,13.22,14.88,0.4322326177045915,2812965624.015,-0.0027801016886105367
2018-05-23,12.58,14.48,0.4391368304777744,3876081266.97,0.0027511473750843063
2018-05-24,12.53,14.43,0.4494906139964896,4045804067.8,-0.002048184324683344
2018-05-25,13.22,14.83,0.4302073640991877,3155602060.7,-0.0023828819850251204
2018-05-29,17.02,17.13,0.4516745849471354,2307985090.11,-0.011501029949151698
2018-05-30,14.94,16.0,0.4154452595477603,3788835456.305,0.01334457323498417
2018-05-31,15.43,16.33,0.4461787183322795,3668514396.88,-0.006125705266088355
2018-06-01,13.46,15.27,0.4272626685866477,3988109847.62,0.00981746283013929
2018-06-04,12.74,14.9,0.4236543028048935,4652474394.15,0.004751514068581653
2018-06-05,12.4,14.72,0.4441780259862442,4769731072.14,0.0007276663271729156
2018-06-06,11.64,14.19,0.4176729045074301,5830607526.43,0.008360662071805525
2018-06-07,12.13,14.43,0.4349159957780388,5339908449.04,-0.00010864989185555007
2018-06-08,12.18,14.6,0.443660652700635,4912654806.5,0.002956334661802229
2018-06-11,12.35,14.55,0.4279765061815364,5319632165.72,0.001330340347583725
2018-06-12,12.34,14.59,0.4104240964183828,6023685867.13,0.0012920306134815984
2018-06-13,12.94,14.92,0.4519504656664861,5815433663.97,-0.003190654764786416
2018-06-14,12.12,14.4,0.4447428743541997,6727663484.26,0.00251788054456914
2018-06-15,11.98,14.42,0.4381615261865274,2864671245.07,-0.0012758395234613307
2018-06-18,12.31,14.48,0.4270174917212395,3105568040.35,-0.002057060257039889
2018-06-19,13.35,15.17,0.4350709087750882,2978830498.47,-0.0038324559917208845
2018-06-20,12.79,14.79,0.4368946603299017,3635122358.3165,0.0017060299890194752
2018-06-21,14.64,15.87,0.4437448316206984,2140074979.7492,-0.006268749309542021
2018-06-22,13.77,15.5,0.4097169017591333,2165247594.04,0.0018228388650913807
2018-06-25,17.33,17.52,0.4349813196029505,540369643.95,-0.013612793437626003
2018-06-26,15.92,16.87,0.4305939431896516,1176139452.105,0.00221411896399637
2018-06-27,17.91,18.05,0.4463822319978727,138804939.2005,-0.008284285746466113
2018-06-28,16.85,17.52,0.435326023000611,1277153188.93,0.005717777436527349
2018-06-29,16.09,17.14,0.4339905333630444,1327486451.41,0.0014392268001819364
2018-07-02,15.6,16.95,0.4326721653011985,1849445413.58,0.0021382035354782225
2018-07-03,16.14,17.35,0.4306500915929319,1021590997.21,-0.003531028452925855
2018-07-05,14.97,16.53,0.4361609352057261,2214395300.0,0.008158159740656146
2018-07-06,13.37,15.71,0.4157937938848649,2694101430.5,0.008457827634885895
2018-07-09,12.69,14.87,0.4380944576946251,4124985704.61,0.009004187971121791
2018-07-10,12.64,14.71,0.4230257953173014,4665824180.22,0.003598533051731634
2018-07-11,13.63,15.38,0.4342778674974629,3988981721.09,-0.007314682817017637
2018-07-12,12.58,14.76,0.4075679188855047,5804466919.03,0.0090659829586337
2018-07-13,12.18,14.54,0.4240101152690504,4318722133.1,0.0007877756952752168
2018-07-16,12.83,14.85,0.4341955876774082,4536613826.41,-0.0008940410903849338
2018-07-17,12.06,14.4,0.4551267612783561,5274946022.29,0.004045293866216992
2018-07-18,12.1,14.39,0.4187872587814186,5679877109.12,0.002103166566220338
2018-07-19,12.87,14.97,0.4400814225727855,4656701208.47,-0.0037712793254018884
2018-07-20,12.86,15.08,0.4247407367988614,2441052805.07,-0.0011425665529782858
2018-07-23,12.62,14.86,0.4068555242800848,2637386284.63,0.0018593567379929787
2018-07-24,12.41,14.7,0.4049563657831913,3446396573.67,0.0050318091601695425
2018-07-25,12.29,14.55,0.4115379244175904,4533887785.96,0.008522796816876399
2018-07-26,12.14,14.4,0.3996532341094603,4420080681.505,-0.0023594248348244307
2018-07-27,13.03,15.0,0.3998132339992524,2925301947.86,-0.006775986557147284
2018-07-30,14.26,15.66,0.3952878206750159,1927611458.56,-0.0052235397087553315
2018-07-31,12.83,14.87,0.4008893739432651,2176867642.56,0.004929431494150371
2018-08-01,13.15,15.22,0.4092167813086804,2652864480.575,-0.0016709207474129295
2018-08-02,12.19,14.76,0.3944033979880846,4221703298.741,0.005447988170335316
2018-08-03,11.64,14.49,0.4119711736008584,3551087359.34,0.004284412956330419
2018-08-06,11.27,14.23,0.4022963017961707,4432342494.785,0.003667313172307285
2018-08-07,10.93,13.93,0.39906205033679,5108370076.68,0.0033024356030204594
2018-08-08,10.85,13.96,0.4027087885591997,5292109110.1235,-0.0004201433447984515
2018-08-09,11.27,14.13,0.4070787428598802,5211226091.47,-0.0013660699898506712
2018-08-10,13.16,15.22,0.4227900072398826,3077839473.49,-0.0067004632020442045
2018-08-13,14.78,16.21,0.4203249015199041,2837130072.31,-0.0037434311167895418
2018-08-14,13.31,15.35,0.4082229566829399,4023188862.41,0.00638056660770614
2018-08-15,14.64,16.19,0.4209709354528141,2085245978.14,-0.007466983952577055
2018-08-16,13.45,15.51,0.3891775527246002,3263179010.94,0.00809129222021765
2018-08-17,12.64,15.17,0.4158415860918889,2411927575.225,0.003520192128071198
2018-08-20,12.49,15.0,0.4021996305714619,2693750595.1665,0.002140158980820317
2018-08-21,12.86,15.19,0.4019380960924826,3276857875.32,0.0023454732902425945
2018-08-22,12.25,15.08,0.4029458152667753,3999483245.42,-0.0005941146953737375
2018-08-23,12.41,15.06,0.4025003945482466,3824789266.98,-0.0013275706504988216
2018-08-24,11.99,14.82,0.3929194298921378,3501195296.745,0.006018191705800868
2018-08-27,12.16,14.79,0.3959603180511393,4941883900.13,0.007895210076175552
2018-08-28,12.5,15.11,0.4024343698875312,5118946552.53,0.00048351896179377185
2018-08-29,12.25,14.95,0.4100195969297476,6270317608.04,0.00538069505340566
2018-08-30,13.53,15.54,0.4283233123394831,5975640565.56,-0.0040488673778643625
2018-08-31,12.86,15.15,0.425852063066878,3966964283.56,3.514521146485983e-05
2018-09-04,13.16,15.45,0.4079348103433497,3366180323.97,-0.0017230046769983742
2018-09-05,13.91,15.92,0.393477663593455,2711506950.41,-0.0026911920859982175
2018-09-06,14.65,16.34,0.3917426253018848,1178267245.493,-0.003009830291651916
2018-09-07,14.88,16.59,0.4151575251933794,2473373750.75,-0.0019435132374925335
2018-09-10,14.16,16.17,0.4261918061784981,2217879823.06,0.0017386416614832978
2018-09-11,13.22,15.54,0.385127012090088,3524473808.96,0.0032972908496469167
2018-09-12,13.14,15.32,0.4129380153364832,3886323590.68,0.00024237005357896635
2018-09-13,12.37,14.77,0.4036682311399039,5055063637.47,0.005914363422518498
2018-09-14,12.07,14.37,0.3927904674036228,3677162317.26,0.00017161320800673785
2018-09-17,13.68,15.28,0.4256561791471444,2456434907.84,-0.005293738247312163
2018-09-18,12.79,15.04,0.3940425754512729,3278023101.29,0.005426028664746507
2018-09-19,11.75,14.65,0.3895250715805848,3951373405.1,0.001065533825574505
2018-09-20,11.8,14.51,0.4014920191973742,5910353360.946,0.008104019295306575
2018-09-21,11.68,14.58,0.4292120436623198,2724444350.07,-0.0009136629595729584
2018-09-24,12.2,14.77,0.3906230302327947,2703187780.086,-0.003322137327074315
2018-09-25,12.42,14.92,0.3853106818154539,3379749724.73,-0.000927686659799809
2018-09-26,12.89,15.15,0.397648123143242,3276840640.215,-0.0029924078096226214
2018-09-27,12.41,14.89,0.3737747905691267,4843758173.1,0.002794123356669509
2018-09-28,12.12,14.77,0.397763054470822,3114529990.5513,0.00010304905996938452
2018-10-01,12.0,14.74,0.3811759343076275,3672224009.1,0.0034745081950380285
2018-10-02,12.05,14.84,0.3991487326544982,2934354579.4,-0.000582568533254002
2018-10-03,11.61,14.68,0.4119430050685629,3028216317.22,0.0005485432534182433
2018-10-04,14.22,15.84,0.4118229553880048,1136127138.82,-0.007815484692965335
2018-10-05,14.82,16.25,0.397385537620392,1310544943.09,-0.0055969775467688
2018-10-08,15.69,16.51,0.380631091272324,1115410435.65,0.0
2018-10-09,15.95,16.63,0.3936011568298974,1034143167.32,-0.0014595159426112891
2018-10-10,22.96,20.7,0.399704134679423,-1396394101.0834,-0.03166343563684115
2018-10-11,24.98,21.56,0.3953675801360995,-2204206434.5764,-0.022026037390180053
2018-10-12,21.31,19.84,0.4340848075147121,-799233330.975,0.013888116696489039
2018-10-15,21.3,20.29,0.4189438387536269,-1381848130.18,-0.00561686400888517
2018-10-16,17.62,17.96,0.3891040602839659,474268302.36,0.02186577519340349
2018-10-17,17.4,18.1,0.4147196288334451,758333640.66,0.00017841826699571683
2018-10-18,20.06,19.86,0.4149643849742547,-1029438669.56,-0.014441348851077507
2018-10-19,19.89,19.84,0.4151110498517765,163142302.96,-0.0005421940566840977
2018-10-22,19.64,19.82,0.4009983358234329,44405327.86,-0.004488833593253583
2018-10-23,20.71,20.28,0.396488373687246,721931.91,-0.005090753241454582
2018-10-24,25.23,22.62,0.4273424854285284,-1077040424.97,-0.030298435783174038
2018-10-25,24.22,22.44,0.4012670648127439,-274658001.14,0.01794026094854484
2018-10-26,24.16,22.48,0.4135767339895953,-671401605.16,-0.01758723646619398
2018-10-29,24.7,23.06,0.3987531072794071,-858555385.87,-0.0055402962437435255
2018-10-30,23.35,22.23,0.3822592453700422,-392313380.19,0.014818503212966627
2018-10-31,21.23,21.15,0.4136474257248404,510464123.74,0.010680727124173561
2018-11-01,19.34,20.07,0.4125491476018352,1403817171.71,0.0106420900971127
2018-11-02,19.51,20.3,0.4463509809455284,476260173.04,-0.005923462555922132
2018-11-05,19.96,20.2,0.3930471744406636,528749576.53,0.005517114742016105
2018-11-06,19.91,19.58,0.405236640320379,998457377.19,0.0063282599817207075
2018-11-07,16.36,17.62,0.3977210078256171,3237433461.43,0.02140850614332157
2018-11-08,16.72,17.68,0.4086246320227739,2806110743.01,-0.001814865744442673
2018-11-09,17.36,18.46,0.4066339195302693,1144125546.8,-0.009768097966860845
2018-11-12,20.45,20.23,0.4036965981863512,-144822213.3,-0.01868522442356102
2018-11-13,20.02,20.27,0.411928213439856,-147305645.11,-0.0018709989497858182
2018-11-14,21.25,21.22,0.4008958265535075,-619059505.11,-0.006836760626353078
2018-11-15,19.98,20.31,0.4060662951858883,174032784.77,0.01043647203623621
2018-11-16,18.14,19.35,0.4137444720818583,532424709.075,0.0026007541665511447
2018-11-19,20.1,20.64,0.3762483024449731,-74809599.57,-0.01691460802384326
2018-11-20,22.48,22.27,0.3820896336317643,-681335405.54,-0.01850611457663509
2018-11-21,20.8,21.32,0.4175136674448828,-601903150.805,0.0034076640612261677
2018-11-23,21.52,21.75,0.4239690721226224,-516121747.37,-0.0066789580227316625
2018-11-26,18.9,20.11,0.41321448497774,93513112.41,0.016144487496382087
2018-11-27,19.02,19.94,0.4041617372263907,436332486.5,0.0033646063423407035
2018-11-28,18.49,19.28,0.4328471984165817,2232535254.12,0.02302498437118472
2018-11-29,18.79,19.59,0.439272808893976,2256852360.98,-0.002184963410344909
2018-11-30,18.07,18.89,0.4332969186356036,1746919857.67,0.006095087497866247
2018-12-03,16.44,17.95,0.4040020273507808,2852734190.682,0.013241816812644025
2018-12-04,20.74,20.75,0.4212987482842092,211888511.05,-0.032402457421005226
2018-12-06,21.19,21.06,0.4078082010460755,431713555.91,-0.0015173936532544285
2018-12-07,23.23,22.44,0.4357838151029154,-504674341.2,-0.023235789072658997
2018-12-10,22.64,22.01,0.3780443759714829,-375947314.93,0.00189706816915014
2018-12-11,21.76,21.72,0.4023246853566826,-201598330.33,0.0002271339727257793
2018-12-12,21.46,21.59,0.3879206557960146,236728313.07,0.005035370226471159
2018-12-13,20.65,21.35,0.4021361239082947,265020913.47,-0.00033904627820124933
2018-12-14,21.63,21.96,0.4065261814044208,-804333850.05,-0.0184645705129598
2018-12-17,24.52,23.41,0.4025379159553988,-1673337523.3215,-0.01961853952248349
2018-12-18,25.58,23.9,0.4109752592651808,-1424748790.78,-0.0010964035625087298
2018-12-19,25.58,24.02,0.4379963348733017,-2235910856.23,-0.014975787606491098
2018-12-20,28.38,25.24,0.4147437049843939,-2567871605.38,-0.01627802584638649
2018-12-21,30.11,26.23,0.4092493619023651,-1350551226.89,-0.02048928738116329
2018-12-24,36.07,28.84,0.4277407996032184,-1726171988.74,-0.026422868506991826
2018-12-26,30.41,25.69,0.4551074201838129,-624662702.74,0.05052459127125308
2018-12-27,29.96,25.89,0.4710263956514197,-218526888.785,0.007677284259686168
2018-12-28,28.34,25.32,0.4508256388040964,-523373659.13,-0.0012899794088729877
2018-12-31,25.42,23.73,0.4472231673852819,-246393093.455,0.00875883191340221
2019-01-02,23.22,22.75,0.4822586957108941,-96696805.65,0.0010403284770794663
2019-01-03,25.45,24.11,0.4627767874305583,-1015709459.62,-0.023862599273242746
2019-01-04,21.38,21.86,0.4439222029591675,88481012.8,0.03349559572672178
2019-01-07,21.4,21.62,0.4537095628460786,472253328.95,0.00788441481003499
2019-01-08,20.47,21.14,0.4518629959372734,1087226846.17,0.009395599097681284
2019-01-09,19.98,20.69,0.4662657951478837,1294438198.62,0.0046734689810479235
2019-01-10,19.5,20.52,0.4529274889113129,1534655632.059,0.00352749358918536
2019-01-11,18.19,19.74,0.4614641754598831,1118377810.16,0.00038629797205746996
2019-01-14,19.07,19.93,0.4592292602864333,688458333.12,-0.006100795441507767
2019-01-15,18.6,19.24,0.4563619519652734,1966014371.59,0.011460815833076898
2019-01-16,19.04,19.53,0.4577162461948135,2089639177.24,0.0024197457648715837
2019-01-17,18.06,19.17,0.468120247629983,3018602481.57,0.007586865832869272
2019-01-18,17.8,18.84,0.4575203947300968,1559369882.52,0.013309805453911805
2019-01-22,20.8,20.69,0.4287782924742844,741811818.3125,-0.01351048240548014
2019-01-23,19.52,20.08,0.431434087428765,924567396.87,0.0020925668842075584
2019-01-24,18.89,19.67,0.4293705729757185,1205020174.77,0.0005311796565767857
2019-01-25,17.42,18.82,0.4170022734771224,1315967588.27,0.008461549463927964
2019-01-28,18.87,19.58,0.4334830182685116,1029074479.16,-0.007600278014340933
2019-01-29,19.13,19.6,0.423230403944224,872710620.18,-0.0013268015662427635
2019-01-30,17.66,18.68,0.4309470604899384,2059768944.55,0.015830940985117836
2019-01-31,16.57,17.88,0.4179167373640004,2816569716.63,0.008782427088433575
2019-02-01,16.14,17.59,0.4328376794473127,2037890380.93,0.00048144618624035296
2019-02-04,15.73,17.19,0.4273491417341539,2651320973.3,0.007035180513231376
2019-02-05,15.57,17.07,0.4340377259893463,3402101379.91,0.0041919832757191244
2019-02-06,15.38,16.9,0.4406807004348221,2899263645.91,-0.0013178997720391106
2019-02-07,16.37,17.52,0.449229454639596,1478314706.253,-0.00953303256164173
2019-02-08,15.72,17.26,0.4446579741898839,1678506190.035,0.0012215906920434172
2019-02-11,15.97,17.22,0.410361816200837,1697150333.89,0.0005545852800681317
2019-02-12,15.43,16.82,0.4109739201697958,3152210828.46,0.01285938561252431
2019-02-13,15.65,16.96,0.4291487931390902,3507457725.65,0.003246915890397828
2019-02-14,16.22,17.32,0.4493304661632891,3090404163.37,-0.002218350605090458
2019-02-15,14.91,16.48,0.4192599763843758,2110208349.56,0.010897155834432182
2019-02-19,14.88,16.45,0.4056814991450234,2495344036.92,0.001730783977804684
2019-02-20,14.02,15.82,0.4338296165302072,2647972675.448,0.0020155851949856807
2019-02-21,14.46,16.16,0.435948105129791,2191834768.79,-0.003555973250249145
2019-02-22,13.51,15.46,0.4146083121410495,2564574167.79,0.006199939216764427
2019-02-25,14.85,16.0,0.4027784910177692,2718344115.64,0.0013614873178076081
2019-02-26,15.17,16.3,0.4361999328393908,2779307701.91,-0.0007157906966980265
2019-02-27,14.7,15.99,0.4361609333344247,2821204312.03,-0.00042959885420768007
2019-02-28,14.78,16.1,0.4286111088497488,2457292621.19,-0.0018625173020691
2019-03-01,13.57,15.38,0.4320047353705026,2849712007.54,0.006243825826803606
2019-03-04,14.63,16.03,0.4254243623902551,2814839966.48,-0.0036373572077719185
2019-03-05,14.74,16.15,0.4255348945094788,2834080426.94,-0.0013599151280119237
2019-03-06,15.74,16.74,0.4821749213855121,2111785443.814,-0.006057222335179802
2019-03-07,16.59,17.3,0.47760212106215,557643405.82,-0.008365298562839296
2019-03-08,16.05,17.11,0.453461437678349,875458278.44,-0.002000302548008759
2019-03-11,14.33,16.01,0.4435497572966086,2811441414.66,0.014501569529439484
2019-03-12,13.77,15.65,0.45052943859917,3361779820.78,0.0037707318579243143
2019-03-13,13.41,15.33,0.432314464362894,4416755271.62,0.00661936690430065
2019-03-14,13.5,15.3,0.4315012099535363,4136001114.52,-0.0006396806047034298
2019-03-15,12.88,14.98,0.4372074854875413,2278105805.78,0.004940662905437376
2019-03-18,13.1,15.24,0.4366515172425695,2707893175.3,0.003625643810000634
2019-03-19,13.56,15.56,0.4428023209204248,2886374466.81,0.00024805840464159346
2019-03-20,13.91,15.79,0.4641135100005041,3150949854.34,-0.0030098788032478785
2019-03-21,13.63,15.51,0.4413591970157528,4391527361.17,0.011294581417703897
2019-03-22,16.48,17.37,0.4453404370015361,1684721855.07,-0.019246060762795003
2019-03-25,16.33,17.45,0.434858324308545,1652744525.93,-0.0007523220364009653
2019-03-26,14.68,16.45,0.4181503753229488,2289489604.88,0.007454027764549398
2019-03-27,15.15,16.78,0.4257029646687748,1714094104.93,-0.005228809102889254
2019-03-28,14.43,16.3,0.4204475640956093,2161053226.81,0.0037903584483875985
2019-03-29,13.71,15.8,0.4296822366158512,2536729465.51,0.006305307559563156
2019-04-01,13.4,15.46,0.4000002045112154,3828722920.45,0.011859480159553293
2019-04-02,13.36,15.54,0.4106769500666387,4007118721.27,0.0004898040664906844
2019-04-03,13.74,15.63,0.3964985233753913,4508422261.37,0.0015736842930391681
2019-04-04,13.58,15.48,0.4134606151704433,4919287343.33,0.002653154008866565
2019-04-05,12.82,15.06,0.4007398665134652,4172201282.74,0.004840127370154601
2019-04-08,13.18,15.28,0.438380784857507,4386606537.93,0.0007624512419022178
2019-04-09,14.28,15.99,0.4378361634913171,3715873468.49,-0.005125042353899434
2019-04-10,13.3,15.38,0.4166839295059643,4484511507.27,0.00341120453490662
2019-04-11,13.02,15.25,0.4133299088995252,4721750714.78,-0.0002773314634076929
2019-04-12,12.01,14.46,0.4129393705918706,4364967900.26,0.00676574805283825
2019-04-15,12.32,14.53,0.4009609809046476,4543714311.07,-0.0006549147990376758
2019-04-16,12.18,14.47,0.4011210879671217,5211638562.95,0.0006553439935175209
2019-04-17,12.6,14.82,0.4026479900310597,5275554128.4,-0.0024465369463247955
2019-04-18,12.09,14.57,0.4075458729460488,2595828541.24,0.0019688589618049868
2019-04-22,12.42,14.72,0.4034221603407323,2883829567.29,0.0008619302506367443
2019-04-23,12.28,14.54,0.3964421714117936,3708523161.62,0.008991574633053112
2019-04-24,13.14,15.04,0.4152197751149883,3347828563.55,-0.0022191351936449166
2019-04-25,13.25,15.21,0.4323092142539821,3461944378.65,-0.0006156408097913735
2019-04-26,12.73,14.89,0.414497149359352,3316026880.92,0.004656260343077978
2019-04-29,13.11,15.23,0.3944859343295112,3489304625.13,0.0015678132477905393
2019-04-30,13.12,15.23,0.3927139317532592,3022369058.66,0.0005102672945362929
2019-05-01,14.8,16.19,0.4075883999887943,2294443396.82,-0.007515990713828469
2019-05-02,14.42,16.03,0.4092648300886249,1588138611.89,-0.002159414940897997
2019-05-03,12.87,15.07,0.3823921649029572,3683628614.6,0.009787911667226146
2019-05-06,15.44,16.4,0.4156989633302715,3269513326.26,-0.004115032865163237
2019-05-07,19.32,18.78,0.4214042277595567,1387700954.2385,-0.0166996948876722
2019-05-08,19.4,18.75,0.410670807930837,1315362873.45,-0.001389570436358123
2019-05-09,19.1,18.44,0.4102910062479018,611175785.84,-0.0030256353314449536
2019-05-10,16.04,16.9,0.423492587407047,1407780723.75,0.005023313853976585
2019-05-13,20.55,19.79,0.4190373835404879,-660387652.62,-0.025130201287530074
2019-05-14,18.06,18.29,0.4204238068431046,-137878630.94,0.009043897728670869
2019-05-15,16.44,17.49,0.4193975685237584,1154771281.38,0.005857457469166105
2019-05-16,15.29,16.74,0.4400783586226289,3114396509.76,0.009260999037405071
2019-05-17,15.96,17.06,0.4633863228288788,1101371353.02,-0.00646478092749736
2019-05-20,16.31,17.29,0.4192019056156809,511229616.92,-0.006612479584786168
2019-05-21,14.95,16.42,0.4242964241168797,1077281483.64,0.009015873319653478
2019-05-22,14.75,16.42,0.4270291304148654,970565608.75,-0.003071495549235803
2019-05-23,16.92,17.69,0.4344893373502281,-322305972.065,-0.012218539975171638
2019-05-24,15.85,17.09,0.4435333214313886,425214209.92,0.0022680965750971893
2019-05-28,17.5,17.9,0.4337622225886776,86997253.178,-0.009300300217162105
2019-05-29,17.9,18.24,0.4368753273205344,-617453262.73,-0.006710716560621499
2019-05-30,17.3,17.96,0.4423648638852451,-249167557.38,0.002731287840511687
2019-05-31,18.71,18.83,0.4550250560004093,-655603961.19,-0.013475364982272975
2019-06-03,18.86,18.77,0.4292220916124778,-998686295.49,-0.0025427241634738973
2019-06-04,16.97,17.59,0.4442348785171078,508859114.11,0.02170641317437827
2019-06-05,16.09,17.13,0.4368034682530867,1316830936.97,0.008662263204755938
2019-06-06,15.93,16.92,0.4257320637979898,2139446209.27,0.00650261606843805
2019-06-07,16.3,17.15,0.4193306602461454,2312457965.46,0.010007116635605273
2019-06-10,15.94,16.88,0.429004630027272,2992053140.71,0.004588983958924153
2019-06-11,15.99,16.99,0.427217653480594,2919367097.67,-0.00024212335126927442
2019-06-12,15.91,17.05,0.4304244227928813,2534629945.1,-0.001765812367740427
2019-06-13,15.82,16.86,0.4419949546369403,3341129060.47,0.004126849904251273
2019-06-14,15.28,16.6,0.4349047746692006,2601722033.3,-0.0011052048781019508
2019-06-17,15.35,16.61,0.4088971990342851,3026953726.93,0.00038043359566808377
2019-06-18,15.15,16.5,0.375277304558986,4231361794.49,0.010470973743866852
2019-06-19,14.33,16.1,0.4006926818407188,4655163284.88,0.0022571598790992464
2019-06-20,14.75,16.14,0.4263890290296533,6809353453.165,0.009554057081426093
2019-06-21,15.4,16.67,0.4261558789190537,2788279329.82,-0.0014533485448949834
2019-06-24,15.26,16.47,0.4336189375782864,2682082373.12,-0.0012244980546679551
2019-06-25,16.28,17.12,0.3975185628924664,1715046079.76,-0.009808109413789068
2019-06-26,16.21,17.05,0.4084676249491839,1979085658.9,-0.0009975125540575558
2019-06-27,15.82,16.76,0.4039911354962216,2235671648.66,0.0035458050828869325
2019-06-28,15.08,16.06,0.3976847565151503,2150116149.59,0.005146279304879542
2019-07-01,14.06,15.43,0.4046809757945559,3009288045.35,0.00907843785068807
2019-07-02,12.93,14.72,0.4133743809995305,4032391466.0,0.0026042113229463038
2019-07-03,12.57,14.53,0.3692637221910182,6001563023.13,0.007995302246825986
2019-07-05,13.28,14.98,0.4290745519059785,3605487091.6,-0.001137974292640398
2019-07-08,13.96,15.48,0.3942995789102878,3363916928.12,-0.0054947730574923526
2019-07-09,14.09,15.57,0.3950082726999415,5031135139.11,0.0012464571170240912
2019-07-10,13.03,15.19,0.3868796710927307,6799856780.29,0.00477808930109247
2019-07-11,12.93,14.98,0.388058418312824,6114535111.83,0.0023440662265208356
2019-07-12,12.39,14.8,0.3956061164972284,6592506392.835,0.004477176922398574
2019-07-15,12.68,15.04,0.3920375048298314,7692487282.54,0.0003324338021657436
2019-07-16,12.86,15.22,0.3780233750171313,7100241254.76,-0.0032252332865922995
2019-07-17,13.97,15.82,0.4085264590450443,5114619730.99,-0.006805526005937534
2019-07-18,13.53,15.54,0.4201358074598786,3282828552.72,0.0036614093718594365
2019-07-19,14.45,15.93,0.4379244332663987,1383015562.49,-0.0055548165873331445
2019-07-22,13.53,15.47,0.424543477231931,1771523942.15,0.002456425097915327
2019-07-23,12.61,14.93,0.4186819719972891,2820676279.24,0.00715016561825399
2019-07-24,12.07,14.56,0.4069725372439085,3468012100.89,0.004699402173858003
2019-07-25,12.74,15.05,0.4407352782790205,2968165793.66,-0.004776878660419759
2019-07-26,12.16,14.69,0.4307975150135486,2879676877.87,0.0066996974010378185
2019-07-29,12.83,15.0,0.393661142746885,2448648425.13,-0.001821215974189383
2019-07-30,13.94,15.7,0.4146554604089316,2242310116.13,-0.0024545446187371756
2019-07-31,16.12,16.91,0.4272949768750567,1014922967.4,-0.01094033836292696
2019-08-01,17.87,17.99,0.428041422373519,222745764.82,-0.008707873883049055
2019-08-02,17.61,17.89,0.429891885086982,444632947.12,-0.007529768626097777
2019-08-05,24.59,21.9,0.4266611613218344,-1090684445.17,-0.030073138358544638
2019-08-06,20.17,19.69,0.4360415905484171,-234410228.53,0.014023104008528797
2019-08-07,19.49,19.5,0.4479010939063987,-221865700.85,0.0005910867916940621
2019-08-08,16.91,17.86,0.4233423482067492,3156826139.81,0.019620047613475133
2019-08-09,17.97,18.56,0.440176213121026,1145370587.31,-0.006811774398507553
2019-08-12,21.09,20.5,0.424509545361358,328898414.8821,-0.012173378676454849
2019-08-13,17.52,18.53,0.4153252156632191,895203143.9,0.015551555572086428
2019-08-14,22.1,21.3,0.4533322257624816,-1227145326.79,-0.02956758797673953
2019-08-15,21.18,21.07,0.4208179954751673,-591406462.91,0.0026418434185715434
2019-08-16,18.47,19.7,0.4222141584113404,323774772.26,0.014754866873720962
2019-08-19,16.88,18.36,0.4081949145015234,1257211506.35,0.012047899527819705
2019-08-20,17.5,18.87,0.4347193852030942,629628005.52,-0.007662754623505963
2019-08-21,15.8,17.72,0.4119115170329312,1620355876.32,0.008135438156431807
2019-08-22,16.68,18.23,0.4255389004630603,1253027264.97,-0.0003074292591983552
2019-08-23,19.87,20.36,0.4688711169177216,-252362535.645,-0.02568794866248536
2019-08-26,19.32,19.82,0.4186234405259466,156623383.0452,0.011058739184125255
2019-08-27,20.31,20.64,0.4233502800538463,-70147682.44,-0.0039238371404553
2019-08-28,19.35,20.05,0.4204428945252792,-278980261.67,0.007042045256522522
2019-08-29,17.88,19.03,0.41304341296725,2744423694.5,0.012772673692462044
2019-08-30,18.98,19.54,0.4408914300972,1673083468.99,-0.000444419080608216
2019-09-03,19.66,20.12,0.4410088349751432,655098872.0522,-0.0058468190953328
2019-09-04,17.33,18.81,0.4038854401741814,1607852089.8838,0.01135005570921832
2019-09-05,16.27,18.08,0.4087151574887976,5789727023.7489,0.012855541604464449
2019-09-06,15.0,17.46,0.4158855487577382,2963183464.97,0.0007720789556562302
2019-09-09,15.27,17.55,0.4204562970888388,2738909582.18,0.000503624485970855
2019-09-10,15.2,17.41,0.4199174403074446,2948241304.16,-0.0002347402142177657
2019-09-11,14.61,17.1,0.4176090688947461,4264664219.45,0.007110636557236205
2019-09-12,14.22,16.81,0.4232662033306654,6175559030.38,0.0034639672990499637
2019-09-13,13.74,16.67,0.4210920795110742,4760360938.725,-0.000663904101643964
2019-09-16,14.67,17.2,0.4306836956840481,3596891436.93,-0.0030885651356866717
2019-09-17,14.44,17.23,0.4351173344407659,4604086110.13,0.0025317248215670496
2019-09-18,13.95,16.86,0.450168685992697,4343912105.45,0.0005982259892463038
2019-09-19,14.05,16.79,0.4434615198902857,4314537265.5,-6.63425051379285e-05
2019-09-20,15.32,17.71,0.4570764786654824,1460973065.32,-0.004724775405616999
2019-09-23,14.91,17.87,0.4274788298841986,1159392730.165,-0.00023461368488086887
2019-09-24,17.05,18.55,0.418510146335926,311838845.98,-0.007846961682881792
2019-09-25,15.96,18.0,0.4016990512771384,446764901.715,0.005914937970249223
2019-09-26,16.07,18.12,0.4057586980716817,953488275.095,-0.0020831962660730063
2019-09-27,17.22,18.75,0.4173101388743005,1047297558.06,-0.0053875382125638804
2019-09-30,16.24,17.96,0.3758225499161354,1546094551.455,0.004638250303102387
2019-10-01,18.56,19.35,0.3951803346556286,752856808.06,-0.011894781390127562
2019-10-02,20.56,20.74,0.4064319167621819,-800325334.37,-0.017664853339403486
2019-10-03,19.12,19.78,0.4086137485746184,210501941.08,0.008192598956723751
2019-10-04,17.04,18.59,0.417775330700379,1414848353.03,0.01353229337566253
2019-10-07,17.86,18.91,0.4074213364117548,1120509472.34,-0.004314520263226096
2019-10-08,20.28,20.39,0.4175406435885903,13074552.67,-0.015524937085886648
2019-10-09,18.64,19.51,0.3986111243828799,949703459.415,0.009496209293943458
2019-10-10,17.57,18.79,0.4167044727119767,1312512622.72,0.0067639019687590896
2019-10-11,15.58,17.55,0.4029980428311062,2254375191.63,0.010366759914537171
2019-10-14,14.57,17.12,0.4348970507509803,2250020696.455,-0.0011139887576845364
2019-10-15,13.54,16.48,0.4338570144445334,4666622782.175,0.00990031925622148
2019-10-16,13.68,16.48,0.4054182145997133,4370167753.48,-0.0016059039992255553
2019-10-17,13.79,16.44,0.4320709440979089,4941474775.12,0.002949080887078459
2019-10-18,14.25,16.65,0.4282498811249751,1448209579.075,-0.0043772258795596874
2019-10-21,14.0,16.28,0.4118862620726413,2035226238.25,0.0067791477439593795
2019-10-22,14.46,16.55,0.4265524232418356,1810500602.96,-0.003266430115442698
2019-10-23,14.01,16.29,0.4163929070363341,2087765684.385,0.002909645487731538
2019-10-24,13.71,16.25,0.4226789016424884,2693848934.945,0.0016336452154759318
2019-10-25,12.65,15.71,0.4628044642163383,2239490995.315,0.004094981527835051
2019-10-28,13.11,15.99,0.4186654030451846,3277916673.93,0.005636793705175114
2019-10-29,13.2,16.09,0.4272109325092106,2837080200.1648,-0.00029717645759008704
2019-10-30,12.33,15.69,0.4418272523488115,3836179033.865,0.003067408759735546
2019-10-31,13.22,16.05,0.4520653062123436,3944362020.29,-0.0026632193969542417
2019-11-01,12.3,15.42,0.4340200312124866,3964008807.11,0.009263913672716173
2019-11-04,12.83,15.62,0.4108674625070812,4837177236.43,0.0040178005742665945
2019-11-05,13.1,15.91,0.4119033301403679,4761056422.36,-0.0011061956589318855
2019-11-06,12.62,15.83,0.3974066587201184,4329850318.33,0.00022814663187853412
2019-11-07,12.73,15.8,0.400258443024283,4991959905.26,0.0035160748623543903
2019-11-08,12.07,15.53,0.4240191737210797,4766459239.22,0.0024666245846292068
2019-11-11,12.69,15.6,0.4350152194285074,4311833278.895,-0.0019097237347645013
2019-11-12,12.68,15.49,0.4297529885975368,4689719886.6,0.002107596074782281
2019-11-13,13.0,15.62,0.4423195355179562,4045997658.25,0.00032403263844882346
2019-11-14,13.05,15.6,0.4312089557380604,2749752101.04,0.001455388758925924
2019-11-15,12.05,14.99,0.4367922691341847,2929398690.12,0.007236696448397417
2019-11-18,12.46,15.17,0.4233704583602361,3329456027.34,0.000737656262325137
2019-11-19,12.86,15.5,0.4223103013143314,3366308352.82,-0.00028854785273924044
2019-11-20,12.78,15.64,0.4351327995715936,2652596440.78,-0.0037185527154678377
2019-11-21,13.13,15.82,0.4313329199883525,2212434207.68,-0.0016090943331147356
2019-11-22,12.34,15.4,0.4171312459463049,2485387820.37,0.002223918646802492
2019-11-25,11.87,14.99,0.3815469851906938,4539121986.01,0.007750159886065644
2019-11-26,11.54,14.85,0.3905299170061104,5855883490.655,0.0022655851580659636
2019-11-27,11.75,14.96,0.3951411544751019,8220194842.54,0.004457940717615294
2019-11-29,12.62,15.51,0.4222843356811773,3675461360.14,-0.003708594383540431
2019-12-02,14.91,16.84,0.4060870145061044,2328338779.22,-0.008494991432862031
2019-12-03,15.96,17.63,0.3966289452366156,1567258574.77,-0.006706984505219449
2019-12-04,14.8,16.98,0.3993135314633145,3054096970.25,0.006170679825798553
2019-12-05,14.52,16.78,0.4102758429189929,2517959778.15,0.0017979167110007133
2019-12-06,13.62,16.21,0.4164799109461745,4625510342.805,0.009133898172584143
2019-12-09,15.86,17.3,0.4079919688518824,4070175819.92,-0.003143908475645163
2019-12-10,15.68,17.13,0.413869936635151,3033918627.015,-0.0011151950144222544
2019-12-11,14.99,16.91,0.4261271523915805,4094177057.485,0.0028383159997535934
2019-12-12,13.94,16.09,0.4329249171953816,6666654036.02,0.008619254311981184
2019-12-13,12.63,15.28,0.4704284789735953,6194083045.225,0.0005993057855657735
2019-12-16,12.14,14.98,0.4128007487682213,8353045479.53,0.006869916996720127
2019-12-17,12.29,15.15,0.405531822505894,8662702294.0,0.00021934745658569454
2019-12-18,12.58,15.2,0.4187493966278222,7674543991.355,6.243135709138592e-05
2019-12-19,12.5,15.14,0.4553406916296702,9993524947.24,0.00409894699719171
2019-12-20,12.51,15.32,0.4660279602051975,4951714503.06,0.004384375234916638
2019-12-23,12.61,15.5,0.436724311595567,5444594719.63,0.0015274882646039156
2019-12-24,12.67,15.52,0.4784676278315613,5654027703.52,3.105974602712891e-05
2019-12-26,12.65,15.52,0.4692823254348721,9473289627.0,0.0053233500543528045
2019-12-27,13.43,15.95,0.4333843305746878,5564261213.305,-0.0002477765938411203
2019-12-30,14.82,16.68,0.4416383155018277,5178013685.98,-0.005513306723067268
2019-12-31,13.78,15.87,0.4339692482213235,4923714765.87,0.002429556165968405
2020-01-02,12.47,15.19,0.4288030723229194,9617965181.28,0.009351820751775985
2020-01-03,14.02,16.01,0.4401805385264468,4752556827.98,-0.007572474607698165
2020-01-06,13.85,15.92,0.4015431718010558,7562268989.015,0.0038154907074321454
2020-01-07,13.79,15.86,0.4009158621496494,7554882609.715,-0.002811818762913587
2020-01-08,13.45,15.4,0.3878966244116067,9871354766.36,0.0053297281730742
2020-01-09,12.54,14.95,0.4103265628419638,11566402277.785,0.006780284002752213
2020-01-10,12.56,14.95,0.4283374899737292,10212821940.76,-0.0028775396016583743
2020-01-13,12.32,14.64,0.4133727621783929,9050514635.285,0.006877096669546168
2020-01-14,12.39,14.64,0.4161430374261313,8220541154.19,-0.0015245888183752498
2020-01-15,12.42,14.63,0.425518499392316,9009324948.695,0.002260417520832725
2020-01-16,12.32,14.45,0.4267273718654227,8261237726.605,0.008317689527739702
2020-01-17,12.1,14.41,0.438130213272335,3694541951.17,0.003112664261938125
2020-01-21,12.85,14.87,0.4317117299139604,4021473536.42,-0.0019577599498451503
2020-01-22,12.91,14.98,0.4379383681245206,4089394998.53,0.000120559947903498
2020-01-23,12.98,14.99,0.4328799609289327,4020590647.99,0.0011468486670032085
2020-01-24,14.56,16.07,0.4598446133644512,1956664193.75,-0.008893388043138772
2020-01-27,18.23,18.16,0.4240570085028368,637914290.715,-0.016029154619299768
2020-01-28,16.28,17.03,0.4364531415296924,1618532887.48,0.010479156873666629
2020-01-29,16.39,17.03,0.4495009717244063,1747056326.255,-0.0008262178263332975
2020-01-30,15.49,16.59,0.4370351163484886,2070348731.46,0.00324538408409758
2020-01-31,18.84,18.63,0.4245688077397516,1546000851.2088,-0.01815780205556905
2020-02-03,17.97,18.04,0.4081356756099931,1886168623.79,0.007428473431799754
2020-02-04,16.05,16.7,0.3892757757028774,3359119024.26,0.01524104199232501
2020-02-05,15.15,16.11,0.4103631469306881,4067938357.195,0.011548362021777336
2020-02-06,14.96,15.89,0.4185948728444519,5336330666.12,0.0033647875033040453
2020-02-07,15.47,16.29,0.4309279055121234,4120952063.89,-0.005329637893178085
2020-02-10,15.04,16.13,0.4099419814244324,5361523681.94,0.007465352787151325
2020-02-11,15.18,16.14,0.424073492040673,5722246613.725,0.0017328160160936523
2020-02-12,13.74,15.36,0.4089691952465333,7967208231.825,0.006443229605801681
2020-02-13,14.15,15.68,0.4238629293252255,7211357199.895,-0.0010671455310663491
2020-02-14,13.68,15.5,0.4321815294267773,5770086242.8,0.0016020806686205535
2020-02-18,14.83,16.1,0.4083744127893614,5660220154.705,-0.002577039968217898
2020-02-19,14.38,15.82,0.4168811307975447,6381535398.14,0.004781422666628066
2020-02-20,15.56,16.6,0.4253121493672235,4437306750.29,-0.004108347650242483
2020-02-21,17.08,17.61,0.4209100953341571,1322774452.925,-0.010298136532406632
2020-02-24,25.03,21.92,0.3812108830345568,-773233389.695,-0.0331657564977228
2020-02-25,27.85,23.86,0.3938587099817335,-1631927245.395,-0.03030190065599514
2020-02-26,27.56,23.7,0.3988901850853517,-1624169660.48,-0.003678130788239864
2020-02-27,39.16,29.92,0.3618779294356905,-2958422908.85,-0.04491196399519304
2020-02-28,40.11,29.85,0.3804133117028765,-1423445495.335,-0.004201333614517577
2020-03-02,33.42,27.7,0.4484957271528808,-132090238.964,0.043306212800427346
2020-03-03,36.82,30.17,0.4569051671550912,-1094764736.135,-0.028632368092907146
2020-03-04,31.99,27.51,0.420300313955553,1292494130.465,0.042033206259707745
2020-03-05,39.62,32.57,0.4425328495207397,-992248105.7,-0.033241691476601054
2020-03-06,41.94,35.46,0.452161801137124,-1026984872.86,-0.01653129589220903
2020-03-09,54.46,43.05,0.4164649367778293,-1664364382.5271,-0.07809436457959562
2020-03-10,47.3,39.44,0.4182497640665764,-1000251181.05,0.0517450221645781
2020-03-11,53.9,44.37,0.439414688921793,-1628876725.0996,-0.04874858410985283
2020-03-12,75.47,57.24,0.3775964436331328,-2170934233.25,-0.09567703973017416
2020-03-13,57.83,48.31,0.3909358493769589,-1540240423.73,0.08548654984798709
2020-03-16,82.69,67.7,0.3725371608942804,-1758235173.66,-0.10942393257678296
2020-03-17,75.91,65.27,0.3524576556460001,-1153920356.04,0.053991969989393596
2020-03-18,76.45,72.98,0.3542091603710403,-231405936.04,-0.05063291977445039
2020-03-19,72.0,69.47,0.3533346475913093,-1009988451.14,0.0021249972100083614
2020-03-20,66.04,65.59,0.4114038472144248,-641778574.9,-0.043094358029058255
2020-03-23,61.59,56.64,0.3665711996579459,-67803558.89,-0.02556801506167572
2020-03-24,61.67,52.11,0.4022078447187233,600219982.04,0.09060320950857137
2020-03-25,63.95,53.85,0.4611852249864139,-157646663.16,0.014970284474007167
2020-03-26,61.0,49.79,0.4809410635531237,1106729624.63,0.05838959819190004
2020-03-27,65.54,55.75,0.482825712625796,-289385495.09,-0.02978545655812115
2020-03-30,57.08,51.26,0.4727400191733635,98620248.765,0.03247571392471693
2020-03-31,53.54,48.32,0.4974165798378228,-148210827.385,-0.01490543458177096
2020-04-01,57.06,51.17,0.51140108308801,-772849977.51,-0.04500479376109212
2020-04-02,50.91,47.3,0.4852214659749498,-507398426.73,0.023075271323846236
2020-04-03,46.8,44.84,0.5064751559582124,-463079691.085,-0.014454226289862704
2020-04-06,45.24,43.09,0.4466981133829928,1555164529.5,0.06716634734514781
2020-04-07,46.7,43.42,0.4821102904797565,1533925065.67,0.0010192855588624372
2020-04-08,43.35,41.59,0.5011144447015412,3331832669.22,0.03356827767442083
2020-04-09,41.67,40.61,0.4885742217850174,2608412646.265,0.015217346548300537
2020-04-13,41.17,39.97,0.4939596630089279,3422977566.7,-0.00913006059169641
2020-04-14,37.76,36.46,0.477697023227711,5900187805.415,0.029493137023535843
2020-04-15,40.84,39.28,0.5115120688053725,5008143202.52,-0.02124837883464692
2020-04-16,40.11,39.21,0.5047362316697889,6412033863.95,0.004824625024168361
2020-04-17,38.15,37.28,0.4636443436908711,1907158483.97,0.02701545603284017
2020-04-20,43.83,40.97,0.4490465547333714,2399843521.8,-0.01761829356840028
2020-04-21,45.41,43.28,0.4682908603841251,715645747.945,-0.030362909793581028
2020-04-22,41.98,40.92,0.4571858073227632,1825912217.415,0.022194486766512256
2020-04-23,41.38,40.86,0.4516551070063476,2109103844.76,-7.179173384963544e-05
2020-04-24,35.93,37.81,0.4397585510685881,1264910712.435,0.013938435599473387
2020-04-27,33.29,35.33,0.4321319357552623,1284877773.77,0.014418403048354733
2020-04-28,33.57,35.37,0.4409439860377155,931551338.59,-0.004597867747963114
2020-04-29,31.23,33.33,0.4450376971365347,2502561142.13,0.026177922647655283
2020-04-30,34.15,35.05,0.4577286945699581,3331688945.69,-0.009310400568127597
2020-05-01,37.19,37.97,0.4830671741057962,721282137.78,-0.026473341606252587
2020-05-04,35.97,37.0,0.4631966645770912,1434455810.55,0.002758046804288483
2020-05-05,33.61,35.52,0.4545980040762348,1599407222.935,0.009239449964159485
2020-05-06,34.12,35.68,0.4734736874403063,2848289581.415,-0.00677883508288768
2020-05-07,31.44,34.01,0.4572907287911437,5535217748.34,0.012066847515594947
2020-05-08,27.98,31.64,0.4408165052079361,3754598011.47,0.01654606049071261
2020-05-11,27.57,30.39,0.4750913889918409,3694572513.335,0.00020532303379572348
2020-05-12,33.04,34.26,0.4657800253082059,3171271930.785,-0.019931704278547513
2020-05-13,35.28,36.51,0.4669847266839647,1692331800.19,-0.017685770016719338
2020-05-14,32.61,34.9,0.4818504403930524,2008374901.54,0.011967293565988468
2020-05-15,31.89,34.51,0.4835238977265574,951835268.415,0.004597204418502088
2020-05-18,29.3,31.77,0.4326065214965414,1898068853.575,0.030459296705008798
2020-05-19,30.53,32.81,0.4768075367596875,2187327786.005,-0.010270935527065816
2020-05-20,27.99,31.11,0.4627614933263538,3914361758.755,0.01698796037772765
2020-05-21,29.53,32.38,0.4940475341956746,2240088610.32,-0.006904340349880189
2020-05-22,28.16,31.54,0.5117154107338426,1639866651.81,0.00189943835183648
2020-05-26,28.01,30.85,0.4713756156536659,1843470207.025,0.012320576763555025
2020-05-27,27.62,30.19,0.4770791751680188,2008928444.285,0.0148791684519205
2020-05-28,28.59,31.21,0.4914846641357251,2084873831.765,-0.0018453071595352366
2020-05-29,27.51,30.27,0.5226032380975572,2565182967.815,0.0044562380026369475
2020-06-01,28.23,30.92,0.4705291778236007,3294277294.46,0.004041305975095444
2020-06-02,26.84,29.93,0.480475161888612,3882599622.2,0.008280143624740388
2020-06-03,25.66,28.91,0.4411426820104583,4130602363.45,0.013308274397080488
2020-06-04,25.81,28.85,0.4762781262367834,3293310852.065,-0.0026264421762643986
2020-06-05,24.52,27.42,0.4520950311857746,4239083647.16,0.0256294393963008
2020-06-08,25.81,28.08,0.4615162289822192,5719836995.195,0.012087534461699079
2020-06-09,27.57,29.67,0.4733344269609336,8317776232.565,-0.007456603639900972
2020-06-10,27.57,29.57,0.4668813309845077,9662665164.955,-0.005579838705744744
2020-06-11,40.79,40.43,0.4772346592205643,2607526818.135,-0.057649229690524995
2020-06-12,36.09,38.05,0.497032720319472,5515247892.045,0.01197581784081403
2020-06-15,34.4,36.43,0.4962113377024106,5224988328.58,0.009335347094863833
2020-06-16,33.67,35.8,0.4833457394854558,6307848460.515,0.019247810945376198
2020-06-17,33.47,35.72,0.500161257391378,7569718916.155,-0.004153716436107846
2020-06-18,32.94,35.14,0.5125736927102571,6015265525.47,0.0003846807768970173
2020-06-19,35.12,36.68,0.5253973432110831,2194659186.315,-0.00571461513086613
2020-06-22,31.77,33.75,0.4691894963185868,2961974574.115,0.006414972384707118
2020-06-23,31.37,33.06,0.4815507168529208,4442163715.345,0.004603759116062811
2020-06-24,33.84,35.39,0.4819927075995861,2403953469.69,-0.025508517954501486
2020-06-25,32.22,34.09,0.4560353400649867,3740909267.825,0.010720352923599297
2020-06-26,34.73,35.8,0.4579690863264387,626711354.47,-0.023751581039749725
2020-06-29,31.78,33.91,0.4573019377956607,1327171925.795,0.014697948337289102
2020-06-30,30.43,32.52,0.4471830362175402,4122973164.39,0.012808974064121292
2020-07-01,28.62,31.68,0.4363393346582023,8066028171.65,0.007005418245618067
2020-07-02,27.68,30.87,0.4602839293692657,3223157667.6975,0.0055066943153947445
2020-07-06,27.94,30.98,0.4441070032748373,7165222951.5979,0.01543735929890988
2020-07-07,29.43,32.07,0.4509267731885598,4795915205.5448,-0.010313809385642858
2020-07-08,28.08,31.19,0.4724208272866914,7934563427.67,0.00764839255545624
2020-07-09,29.26,32.06,0.4679517728397745,10100799362.91,-0.005692885009948467
2020-07-10,27.29,31.02,0.4429336691594742,5251920785.42,0.010210932116749394
2020-07-13,32.19,34.54,0.4419334432333477,7831814423.35,-0.008659335306880012
2020-07-14,29.52,32.56,0.4099608308228492,6706999452.5472,0.012959473188073556
2020-07-15,27.76,31.56,0.446398945381131,6208912032.7277,0.009186819019364023
2020-07-16,28.0,31.55,0.452120342117487,6771658646.3301,-0.0032934492412206584
2020-07-17,25.68,30.37,0.4581567200827884,2257721540.479,0.002899180120332856
2020-07-20,24.46,29.1,0.4343320313422064,3151371150.94,0.008081671231104481
2020-07-21,24.84,29.47,0.4250497319786993,4071387610.375,0.0021276513132726382
2020-07-22,24.32,29.05,0.4406967088496384,4338628563.47,0.0056919731504043725
2020-07-23,26.08,30.25,0.4431374209797072,1625972274.1,-0.011931773480721275
2020-07-24,25.84,30.56,0.4293172206455138,1281189858.7,-0.006440308124304073
2020-07-27,24.74,30.0,0.4329753000463422,2003080144.788,0.00729223391701006
2020-07-28,25.44,30.1,0.4206399792447795,2382701642.64,-0.00634223980925297
2020-07-29,24.1,29.29,0.4541818917551838,2233463152.785,0.012298654366498907
2020-07-30,24.76,29.76,0.4520949001808909,2131084168.25,-0.0035677344626249274
2020-07-31,24.46,29.71,0.4544956315306523,2520246114.505,0.007902017034600695
2020-08-03,24.28,29.66,0.4664776728692386,2869983618.76,0.006952437448208615
2020-08-04,23.76,29.09,0.4602789505093744,3419239303.505,0.003862528534564369
2020-08-05,22.99,28.6,0.4626513615345074,5282767564.74,0.00621070431087678
2020-08-06,22.65,28.2,0.4732734397669463,7228713223.545,0.006684546804948788
2020-08-07,22.21,28.28,0.4341085712273926,2835553301.955,0.0007181150238881884
2020-08-10,22.13,28.05,0.4075750816605606,3229669386.765,0.002988859722678594
2020-08-11,24.03,29.17,0.3976864083287127,2675466205.06,-0.008254813637393332
2020-08-12,22.28,28.12,0.4077092750103803,5435407016.51,0.013942306399755466
2020-08-13,22.13,28.17,0.4277637975907981,5602298616.9,-0.0018077609984402665
2020-08-14,22.05,28.37,0.429964672295049,5235179076.49,2.9810059744006523e-05
2020-08-17,21.35,27.45,0.3981889698446423,7143665838.33,0.0031765951374453927
2020-08-18,21.51,27.35,0.3925762465583085,13497596578.59,0.002160254648793769
2020-08-19,22.54,28.11,0.4169791389026597,8370115336.845,-0.004163627385684654
2020-08-20,22.72,28.13,0.4221013869134167,10050121360.475,0.0031135685554044557
2020-08-21,22.54,28.17,0.4198651643009273,3109556133.045,0.00354747318088533
2020-08-24,22.37,28.1,0.397553503630469,4094179524.815,0.010133221089063671
2020-08-25,22.03,27.91,0.3944052059324803,7505133167.625,0.003499278903670744
2020-08-26,23.27,28.7,0.3819338817825617,11270844825.18,0.010025285181739507
2020-08-27,24.47,29.93,0.398853649343223,8824780467.27,0.0021868819689163654
2020-08-28,22.96,29.62,0.410140010989953,4263904048.555,0.006459281392577454
2020-08-31,26.41,31.85,0.3853379353301456,4109427220.395,-0.0036225520786760113
2020-09-01,26.12,32.1,0.3869059147710363,7715762991.605,0.00941830903794516
2020-09-02,26.57,32.67,0.3690999380023941,9877306251.22,0.014464340828530542
2020-09-03,33.6,37.63,0.3549698409370823,2845165509.255,-0.0344145063895781
2020-09-04,30.75,34.75,0.3598175525493011,1920532148.19,-0.0081647064354462
2020-09-08,31.46,34.31,0.3970766078291902,585842457.16,-0.02732287007184575
2020-09-09,28.81,32.12,0.3936255388719963,2629031019.705,0.019747362412065872
2020-09-10,29.71,32.92,0.4261498067117699,828075896.505,-0.017363429723795676
2020-09-11,26.87,31.13,0.4205467098317492,1970983598.675,0.0005090496502553332
2020-09-14,25.85,30.48,0.4265500487463264,4690390788.465,0.013171319206167542
2020-09-15,25.59,30.27,0.4205305189025413,3699068903.825,0.005052310931445536
2020-09-16,26.04,30.57,0.4089217962184989,2436980041.135,-0.003968574825920612
2020-09-17,26.46,30.75,0.4384376765128684,-1128367929.05,-0.008795228046455161
2020-09-18,25.83,30.46,0.4419446216744032,189695161.11,-0.011512576567800914
2020-09-21,27.78,31.64,0.4273331279367117,-281008442.575,-0.011129879909856477
2020-09-22,26.86,31.67,0.417135118031475,5709698508.335,0.010184315836641922
2020-09-23,28.58,33.28,0.4269790635700576,369771626.41,-0.02319080262211204
2020-09-24,28.51,33.06,0.4294979682960529,900508517.645,0.0026653367603994838
2020-09-25,26.38,32.03,0.4219780995990502,1152474010.215,0.016167136627134315
2020-09-28,26.19,31.74,0.4026469269581197,4517899794.35,0.016609241542562492
2020-09-29,26.27,31.09,0.4017022212302366,4010212137.2,-0.005446191024288449
2020-09-30,26.37,31.64,0.4085287525815337,5557840248.41,0.0075821891247345174
2020-10-01,26.7,31.72,0.4316161878542368,6239146650.05,0.00641989807679999
2020-10-02,27.63,32.39,0.4473773229910414,921593487.33,-0.009494383975564569
2020-10-05,27.96,31.28,0.3950187407932165,3270910015.35,0.017733236020451626
2020-10-06,29.48,31.88,0.4306080895244397,1638545345.885,-0.01421610800115336
2020-10-07,28.06,30.7,0.4050032645094082,5088863990.655,0.017406985262742092
2020-10-08,26.36,29.49,0.4065638393431607,5698565178.63,0.008862260833010893
2020-10-09,25.0,28.28,0.3967851510102562,8490294012.0,0.008930153874809
2020-10-12,25.07,27.98,0.366112294061427,11402665926.06,0.016087455035735942
2020-10-13,26.07,28.35,0.405843856613107,15345566294.285,-0.006526043110488433
2020-10-14,26.4,28.24,0.3878597071448197,9657031320.765,-0.006283372817695976
2020-10-15,26.97,28.72,0.3889028089863526,10450888042.285,-0.0012357059247574131
2020-10-16,27.41,29.21,0.4114023968450127,3113195433.03,-0.0006042751182359085
2020-10-19,29.18,30.4,0.404272163652245,1779103505.77,-0.015203543447961931
2020-10-20,29.35,30.11,0.4106817925067524,1919650383.375,0.004005700066705309
2020-10-21,28.65,29.61,0.3990352107456382,2532500561.955,-0.0018928261676777192
2020-10-22,28.11,29.3,0.4046906726544932,1919485629.15,0.005485179364508097
2020-10-23,27.55,28.99,0.408917404723678,2051710146.975,0.0033950606641894865
2020-10-26,32.46,32.07,0.4029496664752715,1252594353.345,-0.01847988245359511
2020-10-27,33.35,32.72,0.4104209202204731,1772712889.76,-0.003447084026575342
2020-10-28,40.28,37.75,0.4026973168980006,-1257767671.97,-0.0341791319916086
2020-10-29,37.59,35.84,0.4185464773009897,238673808.8,0.010163566038727145
2020-10-30,38.02,36.27,0.4356956531698425,-78315991.44,-0.010424697834700458
2020-11-02,37.13,35.06,0.4009214426588313,-180393838.71,0.011208105051435435
2020-11-03,35.55,33.52,0.4110494062060992,1148540385.69,0.017656133860953105
2020-11-04,29.57,29.98,0.3953823332573327,7031418413.0,0.022349210627409022
2020-11-05,27.58,29.05,0.4234849832239805,10299618466.89,0.019502629622014656
2020-11-06,24.86,27.37,0.4169414313646344,4715264679.745,-0.0002283408394612163
2020-11-09,25.75,26.88,0.3791776334977754,3868072512.47,0.012565573437489874
2020-11-10,24.8,26.49,0.3992407224440306,2876030927.365,-0.001466364382612384
2020-11-11,23.45,25.62,0.3985287918335592,5991548647.285,0.007428078335615318
2020-11-12,25.35,27.22,0.4491547659584971,4706756829.145,-0.009700967200218291
2020-11-13,23.1,25.69,0.4310611745400856,6032392988.78,0.013844848326499015
2020-11-16,22.45,25.35,0.4149708789598092,5568672439.8,0.012482548681884476
2020-11-17,22.71,25.38,0.4405555178910563,5804661986.965,-0.005378293977476023
2020-11-18,23.84,26.39,0.4169990300039852,3498178742.84,-0.012034799048418865
2020-11-19,23.11,25.8,0.4385973044493057,5497968394.225,0.004210174864090588
2020-11-20,23.7,26.06,0.4380848897855693,2325158176.47,-0.006847561000360547
2020-11-23,22.66,25.43,0.3887843210285704,2918269606.43,0.005994122360352128
2020-11-24,21.64,24.84,0.3809157738969141,5403454168.24,0.01611355266574299
2020-11-25,21.25,24.42,0.4131739874241785,9343961755.4,-0.0015416298676179663
2020-11-27,20.84,24.43,0.4149771590007137,3668362083.55,0.0027852250468753947
2020-11-30,20.57,24.33,0.4017896374936631,3615189588.58,-0.004427119613186314
2020-12-01,20.77,24.49,0.3666082031127392,6489658542.445,0.010937288902283626
2020-12-02,21.17,24.54,0.4125351210578447,7234392510.15,0.002103716496675734
2020-12-03,21.28,24.56,0.4024223331459156,7150499861.71,-0.0002725697714274222
2020-12-04,20.79,24.29,0.4039764181075391,4429232864.88,0.00861740734826677
2020-12-07,21.3,24.52,0.4161356283694833,5364166169.375,-0.002054980523332417
2020-12-08,20.68,23.87,0.4162846983055797,6445187580.545,0.0029262865179953135
2020-12-09,22.27,24.73,0.4372348359564803,3904181425.35,-0.00896875700781663
2020-12-10,22.52,25.05,0.4310190575078253,3592753045.805,-0.0003270482193236113
2020-12-11,23.31,26.05,0.4727772032241087,4490477858.84,-0.0011727186931359546
2020-12-14,24.72,27.11,0.4367159284302969,5001079403.52,-0.004477331935832218
2020-12-15,22.89,25.87,0.4279810412782507,7015978260.965,0.013519650006811101
2020-12-16,22.5,25.47,0.437737344397128,17442058897.475,0.0015692672249001394
2020-12-17,21.93,25.15,0.4444728640226526,10162605389.61,0.005592076079198094
2020-12-18,21.57,25.17,0.4505207138830363,4436633609.885,-0.003992863546674719
2020-12-21,25.16,27.58,0.4491816687520021,5570621455.1,-0.0035754982711406758
2020-12-22,24.23,27.25,0.4651098701045625,5892000510.45,-0.0016854770310981149
2020-12-23,23.31,26.26,0.4510741615116445,5069183691.275,0.0008987980109205207
2020-12-24,21.53,25.37,0.4411729741132059,3491944084.88,0.0038899824792077986
2020-12-28,21.7,25.15,0.4090533970141697,8650760937.925,0.008590888686209386
2020-12-29,23.08,26.24,0.4176826758531842,14474206262.475,-0.0019077496246184822
2020-12-30,22.77,25.44,0.4420295575400605,11540661765.27,0.0014270660339881225
2020-12-31,22.75,25.28,0.4565082603652914,4349151400.29,0.0050806924938366915
2021-01-04,26.97,28.26,0.4655627224364879,2933810591.375,-0.013614022836459405
2021-01-05,25.34,27.25,0.4461689823405622,5428029874.135,0.006887459759505665
2021-01-06,25.07,26.79,0.4416881194994355,4897741234.61,0.00597817875801554
2021-01-07,22.37,25.02,0.4501758337837029,8930472210.25,0.014857819071248723
2021-01-08,21.56,24.9,0.4798055458469519,14017164015.64,0.005697605072567669
2021-01-11,24.08,26.7,0.4545685197454731,22474810521.98,-0.006740721067074351
2021-01-12,23.33,26.2,0.4631804475389043,6324750632.455,0.00021098408671393898
2021-01-13,22.21,25.55,0.4391499816906072,13519394705.035,0.0026930155743869477
2021-01-14,23.25,26.32,0.4402689492659998,5896350522.335,-0.003501746286647456
2021-01-15,24.34,27.26,0.4165223841914462,1080777173.89,-0.0072927968759199935
2021-01-19,23.24,26.69,0.3966866945317829,3142342935.995,0.007851830338319044
2021-01-20,21.58,25.72,0.4087205438744565,14161901378.69,0.013838671307014216
2021-01-21,21.32,25.7,0.411097710134375,15662355773.49,0.0009118685977744789
2021-01-22,21.91,25.99,0.4154702169904915,5280898768.9,-0.003539370503723327
2021-01-25,23.19,26.88,0.4026191187874385,5934458912.635,0.003943798299061108
2021-01-26,23.02,26.89,0.4052397101639195,8511854543.465,-0.001560839790803903
2021-01-27,37.21,35.73,0.365412190305777,1420076056.605,-0.02444043060373513
2021-01-28,30.21,31.77,0.408175214361562,4349938845.58,0.008600179143698705
2021-01-29,33.09,33.88,0.4170176147635956,104559707.555,-0.020019852140284344
2021-02-01,30.24,32.53,0.4099243994927649,4569465209.7,0.016645858344616737
2021-02-02,25.56,29.36,0.3837516974582879,5976740319.905,0.014139867667177786
2021-02-03,22.91,27.57,0.3808141636270714,7623955691.88,0.000786616629395942
2021-02-04,21.77,26.79,0.3806103324663089,7510935055.04,0.01136547417037459
2021-02-05,20.87,26.52,0.3823645390902688,4121386179.365,0.003936038564837707
2021-02-08,21.24,26.65,0.3876157751521385,5729262627.86,0.0072218850735756845
2021-02-09,21.63,27.11,0.3647906781747952,6329669098.295,-0.0006659744616931418
2021-02-10,21.99,27.49,0.4055309518811935,4665452351.94,-0.0004354920917465366
2021-02-11,21.25,27.22,0.4142857685987099,5250019481.715,0.0016149969588212798
2021-02-12,19.97,26.5,0.4447605202155099,13412625514.235,0.004939719905608486
2021-02-16,21.46,27.55,0.4081361235507849,12389004012.05,-0.0008658498570811579
2021-02-17,21.5,27.52,0.3971147085173478,10640215302.68,0.00022946809312762717
2021-02-18,22.49,27.86,0.4235739475740132,10758085126.21,-0.004256121451651218
2021-02-19,22.05,27.09,0.4142646419661676,1432866575.86,-0.0017659490798668243
2021-02-22,23.45,27.81,0.3846873378158945,84644662.8,-0.007691769040309437
2021-02-23,23.11,27.12,0.3708953863605618,249909119.89,0.001214339292002764
2021-02-24,21.34,25.89,0.3965069297480546,331152215.69,0.011019443097521897
2021-02-25,28.89,30.24,0.4200067458323636,-2615732366.34,-0.024095875118591015
2021-02-26,27.95,29.6,0.4159195218802622,72996562.66,-0.005152607086803318
2021-03-01,23.35,26.78,0.394959867630793,2570605295.54,0.02424020172459951
2021-03-02,24.1,27.16,0.3974546018787935,709349327.88,-0.007802986753828289
2021-03-03,26.67,28.79,0.4041270806255461,-1189763828.035,-0.01324584677637064
2021-03-04,28.57,30.08,0.4038654846781006,-4255747479.39,-0.012374819693828476
2021-03-05,24.66,27.89,0.3947125491030975,1088733698.23,0.018396570754621866
2021-03-08,25.47,28.13,0.3889144803593895,355126515.14,-0.00497888113448175
2021-03-09,24.03,27.28,0.4228940071670222,3559788830.125,0.014277551994569482
2021-03-10,22.56,26.68,0.4474565708143866,3751456092.12,0.0062245913931422425
2021-03-11,21.91,26.09,0.4378672053404048,7759883804.97,0.010139166888400775
2021-03-12,20.69,25.74,0.4433260429176743,6676473248.88,0.0013466154177776968
2021-03-15,20.03,24.89,0.4143219919461456,6363289432.175,0.0059638792721874445
2021-03-16,19.79,24.71,0.4067279704765854,6438768426.51,-0.0012613012818710745
2021-03-17,19.23,23.88,0.4258543834299509,10792991684.58,0.003409805962739876
2021-03-18,21.58,25.28,0.4472050239117022,1386685223.845,-0.014549670871247034
2021-03-19,20.95,24.99,0.4699511750330993,1144755957.995,-0.0018502520705041547
2021-03-22,18.88,22.94,0.4001282879069113,2899985041.41,0.007984819305340674
2021-03-23,20.3,23.8,0.4074363448475149,2889613523.39,-0.007870750305922436
2021-03-24,21.2,24.4,0.4347250872837185,-97228530.47,-0.00508346565830553
2021-03-25,19.81,23.37,0.4382182544970515,-779267229.09,0.005625607486653195
2021-03-26,18.86,22.32,0.4356906928585542,1805320053.29,0.016114961416526796
2021-03-29,20.74,23.2,0.4115961584240158,2592391532.405,-0.0005050576080041225
2021-03-30,19.61,22.31,0.4154013300252681,2627291885.9,-0.0026529543832058966
2021-03-31,19.4,22.15,0.442057708288362,7823646829.12,0.004053338653577265
2021-04-01,17.33,20.97,0.4069966981380216,5857682262.57,0.010798853469554004
2021-04-05,17.91,20.96,0.4120635031612724,10520577305.67,0.014353266476752946
2021-04-06,18.12,21.16,0.4120208711360169,11522017291.84,-0.00059058783885646
2021-04-07,17.16,20.66,0.4096726831004018,13382781760.48,0.001157271475383581
2021-04-08,16.95,20.59,0.439302853615594,23633529559.57,0.004746603805098282
2021-04-09,16.69,20.74,0.4431099301847492,22995942965.025,0.0072704242419965315
2021-04-12,16.91,20.82,0.4070773404218757,24218668212.87,0.0003646151359864014
2021-04-13,16.65,20.78,0.4245028850124445,21189337116.555,0.002963606687055309
2021-04-14,16.99,21.06,0.4256565571508073,16223062386.76,-0.0034152158889027007
2021-04-15,16.57,20.76,0.4329183043816635,15439854174.89,0.010742463675066594
2021-04-16,16.25,20.53,0.4223483944341668,7343807353.8,0.0033424464467719517
2021-04-19,17.29,21.37,0.4093097100504328,4529045434.48,-0.00491288398466716
2021-04-20,18.68,22.35,0.4108749356058148,4573888780.54,-0.0073216445802315455
2021-04-21,17.5,21.49,0.4359921030239911,7080704883.205,0.009462048325108219
2021-04-22,18.71,22.52,0.4222798135119361,4462044368.175,-0.00913298237406368
2021-04-23,17.33,21.57,0.4287976887214682,3492813343.76,0.010842271685159277
2021-04-26,17.64,21.54,0.4232730742771827,4863652335.665,0.0020876549381041443
2021-04-27,17.56,21.32,0.4325786145639929,5571549852.905,-0.00021540618617388319
2021-04-28,17.28,21.13,0.4295906211160247,8496825793.315,-0.0002875578165786319
2021-04-29,17.61,21.31,0.4276566019426754,12660438711.375,0.006372748535937278
2021-04-30,18.61,22.07,0.4267605185762106,4311255759.54,-0.0065703293906937965
2021-05-03,18.31,21.74,0.4385442000522013,3692946565.195,0.002156839394634291
2021-05-04,19.48,22.67,0.406691255682405,2063402283.785,-0.006169423803280338
2021-05-05,19.15,22.26,0.406959297227831,1375233047.77,0.00031267579146110336
2021-05-06,18.39,21.88,0.437333217961957,6361758065.13,0.007985750790112434
2021-05-07,16.69,20.79,0.4232979281262118,3613599670.325,0.0072778131759045905
2021-05-10,19.66,22.4,0.4096617335842976,2172247871.7,-0.009902231787361493
2021-05-11,21.84,24.23,0.3771009982799587,1059855547.6,-0.008924772716655593
2021-05-12,27.59,28.18,0.4283118475711509,-1306286223.515,-0.021245199684504112
2021-05-13,23.13,25.26,0.3959075885718239,-1761338908.21,0.012012435445512448
2021-05-14,18.81,22.26,0.4258606986724504,7218890129.58,0.015355326980379669
2021-05-17,19.72,23.14,0.4332353842995003,5984868978.255,-0.0025445546742293157
2021-05-18,21.34,24.22,0.4193896093596625,5427986458.295,-0.008615673235910837
2021-05-19,22.18,25.27,0.4445952758234253,4283887238.36,-0.002622043262918594
2021-05-20,20.67,23.81,0.4319501421843,6943954468.34,0.01075829173029974
2021-05-21,20.15,23.49,0.4439890459150364,927838613.86,-0.0008188132036232032
2021-05-24,18.4,22.23,0.4119656634334254,4144371903.72,0.010194288810866814
2021-05-25,18.84,22.4,0.4363434797505423,4761099408.95,-0.0022185699336414455
2021-05-26,17.36,21.3,0.4258394247718322,5909801988.81,0.001984531976443993
2021-05-27,16.74,20.31,0.4232255128003583,3778201802.25,0.0005246791909589987
2021-05-28,16.76,20.48,0.410119038111816,2994737780.07,0.0017889272147963986
2021-06-01,17.9,21.34,0.4184248522486599,3473156271.73,-0.0008808948987489851
2021-06-02,17.48,21.42,0.428626908591428,4142372168.85,0.001572646028656921
2021-06-03,18.04,21.82,0.4093282724980299,723554093.26,-0.003711312567024949
2021-06-04,16.42,20.62,0.4356279200014816,2749221583.75,0.009145909310654066
2021-06-07,16.42,20.55,0.4528202135824101,6382166379.35,-0.0009702072876240919
2021-06-08,17.07,20.85,0.4348310821286926,6684619034.05,0.0002130693942032913
2021-06-09,17.89,21.28,0.4434164013210893,7411798495.66,-0.0014917886460532603
2021-06-10,16.1,20.08,0.4249963701772216,14222065213.55,0.004648313119943515
2021-06-11,15.65,19.64,0.4202214326586701,12444445188.56,0.0016525965253249009
2021-06-14,16.39,20.14,0.433898029204131,13822328582.85,0.0022389437867611495
2021-06-15,17.02,20.68,0.4322428612968664,14868150865.17,-0.0018343746071343148
2021-06-16,18.15,21.26,0.4457731014003457,16162825911.65,-0.005583388377726539
2021-06-17,17.75,20.98,0.4535551893617876,19555211812.83,-0.0003314610556541808
2021-06-18,20.7,22.93,0.4645627309274666,3011714346.64,-0.01349061384800554
2021-06-21,17.89,21.12,0.4193206597702649,4156428235.77,0.014316067970218782
2021-06-22,16.66,20.07,0.4218615723266891,7256119526.58,0.005346238558972649
2021-06-23,16.32,19.7,0.4310007994069783,8971871377.97,-0.001205418239228151
2021-06-24,15.97,19.26,0.3969833247238242,8606613070.15,0.005915841236085129
2021-06-25,15.62,19.0,0.4238908142914095,3757348019.24,0.003552087762721534
2021-06-28,15.76,19.02,0.4169124047622594,11777060174.32,0.002015943087322114
2021-06-29,16.02,19.49,0.4101825589109703,6450709613.24,0.0005381277036238252
2021-06-30,15.83,19.51,0.4092254497000798,7786851176.52,0.0008416081158384436
2021-07-01,15.48,19.45,0.4233233549165893,9713480888.99,0.005536487060744166
2021-07-02,15.07,19.3,0.4263065891238251,8802031881.65,0.00764348421019978
2021-07-06,16.44,20.26,0.4494399522509937,13550067605.2,-0.0018214877282393127
2021-07-07,16.2,20.41,0.469890942657958,15767277354.03,0.0035341536173845167
2021-07-08,19.0,21.98,0.4396126731712657,21638186950.32,-0.008148048943006803
2021-07-09,16.18,20.44,0.4591317231747742,14064261154.51,0.010674873569276766
2021-07-12,16.17,20.46,0.4472468223869815,21980567522.19,0.003581960599557954
2021-07-13,17.12,21.13,0.4681178935620991,16283247878.31,-0.0034089339439113964
2021-07-14,16.33,20.62,0.4684579188757749,13207386454.84,0.001492237359815629
2021-07-15,17.01,21.09,0.4439776177943404,8977493073.29,-0.0034154977912884688
2021-07-16,18.45,22.07,0.4632855927591586,4110633637.21,-0.007843768433648202
2021-07-19,22.5,24.9,0.4265089373422389,1109702504.09,-0.014767896556367899
2021-07-20,19.73,23.2,0.4407780986998683,4419864297.39,0.014330637853413819
2021-07-21,17.91,21.87,0.4429841932486178,4992659380.07,0.00809619291910546
2021-07-22,17.69,21.86,0.4487098337915939,11324202448.64,0.002094147207954089
2021-07-23,17.2,21.65,0.4223104945119056,3975962943.64,0.010287941489413477
2021-07-26,17.58,21.74,0.4089724311329041,6070990493.2,0.0024547273726669427
2021-07-27,19.36,23.0,0.4230596418675487,3346037297.64,-0.0045575266971839
2021-07-28,18.31,22.35,0.4435008421003932,5633208348.33,-0.00041003752218926603
2021-07-29,17.7,21.88,0.4219046970837454,6177326865.88,0.004147594295603296
2021-07-30,18.24,22.18,0.4415151761473451,2996654586.44,-0.0048566394029346815
2021-08-02,19.46,23.05,0.4185896889847497,2131192081.8,-0.002098095593098259
2021-08-03,18.04,22.18,0.4250541170600391,4483257446.74,0.008135583001489088
2021-08-04,17.97,22.17,0.4378317324178266,4446237647.61,-0.004918711911069296
2021-08-05,17.28,21.52,0.4256259065817939,8574465232.04,0.0063326955364233495
2021-08-06,16.15,20.87,0.4399321546789184,3826344850.47,0.001652261670825883
2021-08-09,16.72,21.27,0.4512734740546008,275918381.67,-0.000813404204701329
2021-08-10,16.79,21.21,0.4280418994348373,4963943638.24,0.001243956629899623
2021-08-11,16.06,20.67,0.4216760843868489,4465499891.71,0.002484896008551507
2021-08-12,15.59,20.25,0.4212097552252622,4693167132.0,0.0029968660599308805
2021-08-13,15.45,20.26,0.4114017920216073,7931442975.08,0.0018199918734904674
2021-08-16,16.12,20.64,0.4343535761020886,6589462624.58,0.002354442008447366
2021-08-17,17.91,21.7,0.4457664643825161,3238500555.47,-0.006555095433940505
2021-08-18,21.57,23.8,0.4311681870538025,2285184486.31,-0.010945013446050145
2021-08-19,21.67,24.2,0.4349620618676432,1668805359.37,0.0015482161834390329
2021-08-20,18.56,22.41,0.4548896479576169,2624107334.41,0.007957231836766221
2021-08-23,17.15,21.2,0.42155617345877,6309056857.53,0.008796439327796834
2021-08-24,17.22,21.22,0.4052145930564616,8424335450.53,0.0015874109782492152
2021-08-25,16.79,20.79,0.4038620365124237,8565102833.21,0.002098397028467369
2021-08-26,18.84,21.86,0.4032164586735544,11573695996.83,-0.005903416922037441
2021-08-27,16.39,20.61,0.3731492168142191,5413071000.09,0.008941149165952567
2021-08-30,16.19,20.4,0.4141446393273965,11834437308.69,0.004397670172489043
2021-08-31,16.48,20.42,0.3965728605816978,11756780783.38,-0.001481661933569911
2021-09-01,16.11,20.08,0.4089223413613394,12735999715.72,0.000531473844942898
2021-09-02,16.41,20.13,0.3804063795568746,7892136745.815,0.0030765746197265464
2021-09-03,16.41,20.32,0.4038154449489859,6117722665.87,-0.00024258996452797277
2021-09-07,18.14,21.53,0.4273001766437645,9651086359.55,-0.003575448867903064
2021-09-08,17.96,21.59,0.4275330552996268,12085852209.34,-0.0012183931805276327
2021-09-09,18.8,22.06,0.4165534081096624,10850515444.24,-0.004280222955675428
2021-09-10,20.95,23.31,0.4294476437248435,8575533932.63,-0.007884467515361093
2021-09-13,19.37,22.47,0.4203485043890032,10883477322.67,0.0025591484204925408
2021-09-14,19.46,22.55,0.4216607050358158,8337274918.42,-0.005396671041423717
2021-09-15,18.18,21.76,0.4001816574768229,10748988307.13,0.008352777373459297
2021-09-16,18.69,21.81,0.4310102684591619,9698338486.44,-0.001585213538703445
2021-09-17,20.81,23.22,0.4754490910768471,2430915197.6,-0.009741059158730692
2021-09-20,25.71,26.4,0.416729416372693,-515450012.5,-0.016674119072535354
2021-09-21,24.36,25.47,0.4048511960635052,-88955906.31,-0.0009446973369103828
2021-09-22,20.87,23.05,0.4028899510994478,2325637071.0,0.009754865498401655
2021-09-23,18.63,21.37,0.3991082383804678,9907492226.81,0.012149913479319263
2021-09-24,17.75,20.82,0.4457322032703997,3144507749.9,0.0016473633373637053
2021-09-27,18.76,21.4,0.4260740898424005,5455996178.23,-0.0028611157852982405
2021-09-28,23.25,24.03,0.4315061230826326,-1122505161.53,-0.020151748790581125
2021-09-29,22.56,23.72,0.4334887244130263,-847746794.04,0.00168306923749717
2021-09-30,23.14,23.87,0.443721548980112,-5626981781.86,-0.012222279408960812
2021-10-01,21.15,23.05,0.4369238216604568,1282313860.4,0.011884089869509395
2021-10-04,22.96,24.11,0.4260111335971954,-673990483.35,-0.012895950494804631
2021-10-05,21.3,23.11,0.4306638949924753,2325347082.15,0.010405041862772135
2021-10-06,21.0,22.84,0.4424341633726122,3688297737.12,0.004155905408493643
2021-10-07,19.54,22.12,0.4302946680969285,10695103432.54,0.008645846087250497
2021-10-08,18.77,21.88,0.4428550303921984,4519830824.38,-0.0018237894412088673
2021-10-11,20.0,22.39,0.4494735010879082,2945420885.82,-0.007239951257922761
2021-10-12,19.85,22.33,0.4481380499169705,1767145789.86,-0.0024612414927084325
2021-10-13,18.64,21.54,0.4549956428092069,5013612571.12,0.003597575365259509
2021-10-14,16.86,20.37,0.4543257484080836,12703611616.14,0.01682052139659862
2021-10-15,16.3,20.3,0.4468766552209661,7345856711.25,0.007615878062393389
2021-10-18,16.31,20.29,0.4185797994502899,15381443262.81,0.002960518223545927
2021-10-19,15.7,19.98,0.4423716458545893,11652917492.65,0.0077149045136910566
2021-10-20,15.49,19.87,0.4206912851204971,11992683769.74,0.003927627646453935
2021-10-21,15.01,19.48,0.4095319619949768,13578109706.19,0.0026081505117163672
2021-10-22,15.43,20.01,0.4402161709218276,4023389921.09,-0.0010360113319749509
2021-10-25,15.24,19.56,0.417529058869686,5865738538.28,0.005362634154743917
2021-10-26,15.98,20.11,0.4194870738606946,6903663055.25,0.0009002340608559312
2021-10-27,16.98,20.89,0.441287567252049,10052715141.29,-0.00443030746036821
2021-10-28,16.53,20.48,0.437918795509708,11695732285.1,0.009648885314696543
2021-10-29,16.26,20.37,0.4406062419649334,6286503122.08,0.0020291208274592076
2021-11-01,16.41,20.39,0.4514841522407145,5859154783.09,0.0017202643139024865
2021-11-02,16.03,20.1,0.4597127321509444,6378732344.55,0.0040431392708553116
2021-11-03,15.1,19.5,0.4720991703266545,13181731458.17,0.006105150132181603
2021-11-04,15.44,19.7,0.4646994001907616,18650772195.11,0.004712531119332342
2021-11-05,16.48,20.49,0.4441306856683412,9833987161.81,0.003469547146441876
2021-11-08,17.22,20.98,0.4486819382219017,9968863176.85,0.0008538286479622403
2021-11-09,17.78,21.41,0.4413167578555236,14111394595.54,-0.0033055812579199095
2021-11-10,18.73,22.0,0.4423471865108126,6491275289.5,-0.008044735360999478
2021-11-11,17.66,21.38,0.4627364066358813,11335745505.24,0.00032370831711348025
2021-11-12,16.29,20.69,0.4323128853541174,16097389192.94,0.007546819701933716
2021-11-15,16.49,20.87,0.4368794812097472,17361272999.17,0.00034221551985336163
2021-11-16,16.37,20.9,0.4239096072423048,15188398771.24,0.003957980868529054
2021-11-17,17.11,21.58,0.4255288805332947,16479408238.12,-0.0024293592718371837
2021-11-18,17.59,21.9,0.4143920464526874,23464318776.78,0.003396467734738451
2021-11-19,17.91,21.92,0.4434456493405571,6166599259.97,-0.001788313910101369
2021-11-22,19.17,22.63,0.4185048625143117,5138825573.88,-0.002815103280728537
2021-11-23,19.38,22.45,0.4267768798526166,4537303163.05,0.0013260088324480446
2021-11-24,18.58,21.9,0.442082379478648,2775244522.72,0.0026698478211073517
2021-11-26,28.62,29.17,0.463402641265665,615070535.42,-0.022303218721053453
2021-11-29,22.96,25.04,0.4263388061107526,3701057825.22,0.012266621319045656
2021-11-30,27.19,28.13,0.4490475874023639,516976966.58,-0.019457680052037185
2021-12-01,31.12,30.79,0.4419241889855411,-1015727979.11,-0.011107000609002049
2021-12-02,27.95,29.15,0.4356936883061164,-2423610802.03,0.015316294308726164
2021-12-03,30.67,31.78,0.4459077545176418,-1277000975.77,-0.00870150384933599
2021-12-06,27.18,28.88,0.4444940473691861,598889337.73,0.011843511544356922
2021-12-07,21.89,24.96,0.4449531791097938,9317764203.03,0.02068458155592645
2021-12-08,19.9,23.63,0.4582344717378404,13398192424.62,0.002648205613242194
2021-12-09,21.58,24.66,0.4710949812264985,9477705979.4,-0.006751756723248348
2021-12-10,18.69,23.18,0.4671186805465633,9983496995.58,0.009413476839802648
2021-12-13,20.31,24.32,0.4701368493700001,6960414036.04,-0.008858361153058936
2021-12-14,21.89,25.35,0.458814025039899,4577148484.67,-0.006879903229451978
2021-12-15,19.29,23.3,0.4653860674065516,12373200395.11,0.015625249142738218
2021-12-16,20.57,24.37,0.4720123535813348,4368410277.47,-0.008818665884488208
2021-12-17,21.57,25.38,0.4573565608478118,1098354660.09,-0.010643030869031955
2021-12-20,22.87,26.31,0.4166394572459271,331234190.68,-0.0106333233841569
2021-12-21,21.01,25.0,0.4467123030187387,4927778278.86,0.017758960122572276
2021-12-22,18.63,23.56,0.435220526964804,14794687722.07,0.009998751145454676
2021-12-23,17.96,23.24,0.4366138425093909,7235349038.55,0.006222054120449183
2021-12-27,17.68,22.74,0.4506296848842308,7784043207.36,0.014152189484489375
2021-12-28,17.54,22.33,0.421802626614768,9198138380.32,-0.0008171989491738696
2021-12-29,16.95,21.83,0.4346541172889316,7065383461.37,0.0012791376706349222
2021-12-30,17.33,21.88,0.4052860402732798,8238695757.83,-0.002764426154866384
2021-12-31,17.22,21.88,0.4408385841692358,3338435885.86,-0.002520198918546601
2022-01-03,16.6,21.53,0.4256954693456193,7580233074.15,0.005789817457474866
2022-01-04,16.91,21.62,0.4313662812762217,5028022970.29,-0.0003348548225782233
2022-01-05,19.73,23.47,0.4228831161984276,-50455727.15,-0.019202193123681988
2022-01-06,19.61,23.5,0.4172671859829597,-2323040772.63,-0.0009395400311706936
2022-01-07,18.76,22.87,0.4294333359992178,452211857.53,-0.003953203113406523
2022-01-10,19.4,22.68,0.4179765122143289,483338318.23,-0.0012443542349865888
2022-01-11,18.41,21.98,0.4327653873418328,5128605733.42,0.009108020944462947
2022-01-12,17.62,21.58,0.4498473771550625,7387201008.9,0.00270358759590672
2022-01-13,20.31,23.41,0.4432440847387186,3349598945.66,-0.01377854578118587
2022-01-14,19.19,22.82,0.424451477339394,8103152386.75,0.0004090793125122172
2022-01-18,22.79,25.12,0.4550967439224503,3024987909.02,-0.017709680830163332
2022-01-19,23.85,25.81,0.4514661820465486,-568341859.1,-0.010383518694355054
2022-01-20,25.59,27.25,0.4354307461332695,-7496822660.71,-0.01106819870490261
2022-01-21,28.85,29.95,0.4322009182063372,-1772597843.72,-0.01963038028094677
2022-01-24,29.9,30.82,0.3720455521901057,-1653661644.65,0.004246428676689895
2022-01-25,31.16,31.76,0.4703916810663004,-2405353500.46,-0.012208836691784741
2022-01-26,31.96,31.95,0.5140296469398529,-2195632576.32,-0.002508809799042111
2022-01-27,30.49,30.87,0.4960077181306831,-1578080006.9,-0.004937887984931555
2022-01-28,27.66,28.82,0.4647574837452302,-85454135.58,0.0248354994972928
2022-01-31,24.83,26.85,0.5083787769271841,3089160807.42,0.018010936414432077
2022-02-01,21.96,24.76,0.509548553069884,2674471325.89,0.006756878529593058
2022-02-02,22.09,25.14,0.483121002757322,7730074046.62,0.009714242464450074
2022-02-03,24.35,26.67,0.4787889466768222,2957158269.99,-0.023505155721204596
2022-02-04,23.22,26.25,0.4883861043697994,2970392085.98,0.004702247060859532
2022-02-07,22.86,25.69,0.4628097329533692,1220200355.33,-0.0032093338783540926
2022-02-08,21.44,24.54,0.4875801902232197,3123330275.7045,0.008227884451385448
2022-02-09,19.96,23.49,0.5028308149072428,6184981514.96,0.01463613427451338
2022-02-10,23.91,26.07,0.5410693475800269,2544163934.49,-0.01796554733183575
2022-02-11,27.36,28.83,0.5112187576936246,628675909.92,-0.019718695383648788
2022-02-14,28.33,29.44,0.5094728786880304,1250192164.5,-0.003269446579893809
2022-02-15,25.7,27.28,0.5025017966998709,3251691399.97,0.01612706377420614
2022-02-16,24.29,26.26,0.5013181003566954,4833309246.81,0.0011206052795318389
2022-02-17,28.11,29.32,0.4898564913914044,-821183097.31,-0.021361207129887094
2022-02-18,27.75,29.22,0.5009166494846178,-533679223.17,-0.006475181685927867
2022-02-22,28.81,29.11,0.4424983652879219,-1625054552.69,-0.010731692305669838
2022-02-23,31.02,30.88,0.4883231591864598,-2220759162.12,-0.017738659874221185
2022-02-24,30.32,30.05,0.4483568411285369,378968071.39,0.015049143023701417
2022-02-25,27.59,28.04,0.4916010146198582,1776066413.09,0.022064069282164978
2022-02-28,30.15,29.65,0.5228270697271643,1712560976.79,-0.0025585466103814625
2022-03-01,33.32,32.59,0.5052238876127334,708443963.93,-0.015230282317301502
2022-03-02,30.74,30.97,0.4811445428665474,2421498537.71,0.018396021470661994
2022-03-03,30.48,30.8,0.4784480275856207,1006702014.5,-0.004978283523216276
2022-03-04,31.98,32.34,0.4859956376480791,-650053948.24,-0.008124788267706573
2022-03-07,36.45,35.74,0.4214014092540264,-1462294426.57,-0.02947913195663987
2022-03-08,35.13,35.0,0.4366891259827035,-1886069108.635,-0.007581573599507618
2022-03-09,32.45,33.06,0.4694144357821445,1422701822.08,0.026810768035371524
2022-03-10,30.23,31.52,0.4972234543040841,2972561100.64,-0.004515507415775222
2022-03-11,30.75,32.34,0.5166063486927546,-692503450.94,-0.012715254646597618
2022-03-14,31.77,33.32,0.4807491901049326,-1832241576.09,-0.0073082794635911386
2022-03-15,29.83,31.96,0.4806548263788225,-45493422.69,0.02199050506348388
2022-03-16,26.67,28.96,0.4891805237403097,8190923166.6,0.022174345222325975
2022-03-17,25.67,28.22,0.5055661755327756,9427733113.76,0.012510858232783306
2022-03-18,23.87,26.55,0.5468016916655677,4564414960.55,0.010952647041672758
2022-03-21,23.53,26.38,0.5029687767159673,5205696539.73,-0.0002922599909382928
2022-03-22,22.94,25.85,0.4899302665058409,7678985456.51,0.0117013114435629
2022-03-23,23.57,26.41,0.5036081630767052,5998126383.99,-0.012878395275083387
2022-03-24,21.67,25.3,0.4709981588027948,7694781048.57,0.0150744956602058
2022-03-25,20.81,24.72,0.4974489659155003,4652303632.1,0.004883412553583488
2022-03-28,19.63,24.18,0.4911877078108415,8319653923.62,0.007113065805072427
2022-03-29,18.9,23.19,0.4734424421028874,9140784923.03,0.012370727946110716
2022-03-30,19.33,23.57,0.5008462176166129,8005330614.83,-0.006174686419703979
2022-03-31,20.56,24.46,0.4720401713418696,3976160043.38,-0.015391294497740904
2022-04-01,19.63,24.21,0.4645076789438502,3582782197.39,0.0028340719493600286
2022-04-04,18.57,23.03,0.4801264735659328,5945441880.37,0.008566638596647635
2022-04-05,21.03,24.9,0.4864905755597764,3591475431.52,-0.012631240980566893
2022-04-06,22.1,25.8,0.4357465704499257,1373425175.5,-0.009999443702714772
2022-04-07,21.55,25.23,0.4587838383451602,710491425.92,0.005038925002299077
2022-04-08,21.16,25.17,0.4454176644954991,4341863239.32,-0.002673948016917338
2022-04-11,24.37,27.0,0.434598632259499,-107470892.48,-0.017092311688957196
2022-04-12,24.26,27.17,0.4512817202261313,-4365979912.22,-0.0037052673109326806
2022-04-13,21.82,25.54,0.4466885713973968,813715293.51,0.011453703935264459
2022-04-14,22.7,26.03,0.4728009937210105,389729826.46,-0.012451741760324042
2022-04-18,22.17,25.75,0.4600272157248736,29363519.85,0.000411229307532901
2022-04-19,21.37,25.06,0.4533383843796995,3736731847.1,0.016142531604133925
2022-04-20,20.32,24.15,0.447257554622623,1403102718.62,-0.0007414206083833363
2022-04-21,22.68,26.11,0.4244492622718093,23667370.38,-0.014953636463574838
2022-04-22,28.21,29.87,0.4380450198373005,-707370661.08,-0.027439133980566188
2022-04-25,27.02,29.07,0.4194350040954677,-337188402.5,0.0057975231489966195
2022-04-26,33.52,33.14,0.4520937759341911,-1759144334.57,-0.028960724008668337
2022-04-27,31.6,32.2,0.4345284198699164,-2141585988.43,0.0028116257379031673
2022-04-28,29.99,31.15,0.4520591669512339,-105030297.58,0.025259564905755427
2022-04-29,33.4,33.18,0.4635257408922454,-1174932280.81,-0.036955745085245684
2022-05-02,32.34,33.01,0.4602533123747508,-925363915.06,0.006019496853815864
2022-05-03,29.25,30.81,0.4610640972332477,-348333228.91,0.0045839901402320304
2022-05-04,25.42,28.09,0.486519374721654,4503160837.97,0.030452972089402452
2022-05-05,31.2,32.68,0.4964853872945992,-1434460340.04,-0.03554264579435096
2022-05-06,30.19,32.31,0.4708221949621741,-1017344605.79,-0.0059689443308741374
2022-05-09,34.75,35.05,0.416092571494453,-1868208095.55,-0.03201743205450214
2022-05-10,32.99,33.97,0.4401032121399379,-1986446947.49,0.0023106038151679
2022-05-11,32.56,33.63,0.4540096268136891,-2519691054.66,-0.015886190891927
2022-05-12,31.77,33.08,0.4189913360634772,-3429697353.99,-0.0010438876549664355
2022-05-13,28.87,30.7,0.4529515988834721,-1426612506.71,0.023907756418809267
2022-05-16,27.47,29.51,0.5201815291073775,-1135155035.94,-0.004057524904978682
2022-05-17,26.1,28.37,0.5111652714097823,521341737.0,0.020570456664833037
2022-05-18,30.96,32.8,0.4975285169080962,-3157560491.09,-0.0403116044030114
2022-05-19,29.35,30.79,0.4558133182267513,-3674619775.84,-0.006124655768139808
2022-05-20,29.43,31.14,0.4843411666546648,-1408475626.91,0.00043660733766004434
2022-05-23,28.48,30.29,0.4699115014296484,-827734133.38,0.018709990459243375
2022-05-24,29.45,30.74,0.4910733666881201,-975215961.6,-0.007633756304033845
2022-05-25,28.37,29.73,0.471711243018577,-133835413.89,0.00883480506205836
2022-05-26,27.5,29.28,0.4923202564732615,3830138869.3,0.01998163352885074
2022-05-27,25.72,28.02,0.5294658316912269,3229619786.44,0.024549123295740438
2022-05-30,26.54,28.02,0.5294658316912269,3229619786.44,0.024549123295740438
2022-05-31,26.19,27.99,0.5281746390081205,3396672527.89,-0.0056109558698033135
2022-06-01,25.69,27.72,0.5226027525845165,2772951834.21,-0.008088700156119066
2022-06-02,24.72,27.06,0.502836090063354,8849277572.78,0.019043435186665292
2022-06-03,24.79,27.33,0.5511150953315977,1411442276.51,-0.016411311769296444
2022-06-06,25.07,27.22,0.524174420356468,889379135.34,0.0030446300807529525
2022-06-07,24.02,26.52,0.5141049304796693,2723715124.52,0.009592433655546628
2022-06-08,23.96,26.54,0.5157375512811582,1724845025.73,-0.010872119891111587
2022-06-09,26.09,28.01,0.5126266841543828,-1424303517.12,-0.023783192842413037
2022-06-10,27.75,29.72,0.5081973000736029,-1323234349.385,-0.028995551828363886
2022-06-13,34.02,34.24,0.4465570296824429,-3321834606.89,-0.03796812850789466
2022-06-14,32.69,33.28,0.4369556006180874,-3167093025.18,-0.003013381781046709
2022-06-15,29.62,30.78,0.4495462943948837,-1800132695.87,0.014256441070920722
2022-06-16,32.95,33.49,0.4751537842957742,-3841187936.155,-0.03309614539977601
2022-06-17,31.13,32.36,0.4546242075357266,-1568342151.595,0.0021557918055044034
2022-06-20,31.03,32.36,0.4546242075357266,-1568342151.595,0.0021557918055044034
2022-06-21,30.19,31.25,0.4333369922294159,-499821063.11,0.02517341625153735
2022-06-22,28.95,30.24,0.4616135306437134,-559388352.15,-0.0018127578012575585
2022-06-23,29.05,30.19,0.4685830361104376,-79153741.07,0.009802490066717295
2022-06-24,27.23,28.95,0.4418378637812561,1460679109.85,0.031793788341729856
2022-06-27,26.95,28.18,0.4887134424942297,633722962.61,-0.0038196872562453743
2022-06-28,28.36,29.15,0.5093057960882763,-818150122.43,-0.020432627382777846
2022-06-29,28.16,29.0,0.5115201372928221,-1255958653.98,-0.0008145620796359276
2022-06-30,28.71,29.71,0.5416797817062462,-1672507660.94,-0.00812441276801057
2022-07-01,26.7,28.52,0.5349502165454436,-656374768.39,0.010576707348804781
2022-07-04,27.53,28.52,0.5349502165454436,-656374768.39,0.010576707348804781
2022-07-05,27.54,28.9,0.5160234014396452,156356891.75,0.0018884708613244872
2022-07-06,26.73,28.39,0.4971910125406209,1406709619.57,0.003377382025736342
2022-07-07,26.08,28.03,0.480003947626228,4093317218.64,0.01497703894789515
2022-07-08,24.64,27.3,0.5035673053165335,2938311376.105,-0.0008223409238755641
2022-07-11,26.17,28.25,0.5321284974389261,1166415562.26,-0.011423678193442921
2022-07-12,27.29,28.82,0.4951684087286009,212816155.2,-0.008849048114201175
2022-07-13,26.82,28.56,0.5013109782735757,-110681093.28,-0.005251785868415015
2022-07-14,26.4,28.61,0.5058429207355144,-518253362.58,-0.002428147543191761
2022-07-15,24.23,27.08,0.4901037071628266,319856203.87,0.019105036511292806
2022-07-18,25.3,27.82,0.4809447752215689,103448416.49,-0.008257008501267982
2022-07-19,24.5,27.31,0.4811622994897568,1592835036.32,0.027019085613427585
2022-07-20,23.88,26.7,0.5034664665792654,1871365589.775,0.006373116843402693
2022-07-21,23.11,26.22,0.4943810635708326,3892183355.13,0.010183153558745772
2022-07-22,23.03,25.97,0.5093118401145839,1381150820.92,-0.009277966174488617
2022-07-25,23.36,25.8,0.4890939333904459,1352442344.05,0.001214955342446311
2022-07-26,24.69,26.42,0.487950406674341,412291960.7,-0.011831073675958703
2022-07-27,23.24,25.31,0.4977927386878746,2849955794.42,0.025966351381424335
2022-07-28,22.33,24.33,0.4978196256798137,3865075643.205,0.012542395277273188
2022-07-29,21.33,23.79,0.495726485955894,3076203280.22,0.014578799360348116
2022-08-01,22.84,24.86,0.508367109990687,3379506186.66,-0.002961320447598892
2022-08-02,23.93,25.66,0.4678692242548647,3206674368.82,-0.006597253191409025
2022-08-03,21.95,24.37,0.4770412544202077,4399301794.69,0.015659503414734655
2022-08-04,21.44,24.32,0.4782319091446017,4932052999.91,-0.0006755787862202656
2022-08-05,21.15,24.18,0.4636863422315515,2849414008.47,-0.0016902053517106053
2022-08-08,21.29,24.48,0.4581115432536443,2601958343.22,-0.0011608690049377257
2022-08-09,21.77,24.69,0.4722389696875936,2287916576.93,-0.003971139508589627
2022-08-10,19.74,23.46,0.4636595399600898,4544799439.36,0.021003960675313627
2022-08-11,20.2,23.71,0.4841286087244718,4177880170.33,0.0
2022-08-12,19.53,23.31,0.4636248934363894,5431317210.03,0.016929153414315667
2022-08-15,19.95,23.32,0.501805490686663,5732429148.8,0.004120505643873118
2022-08-16,19.69,23.32,0.4850019923813635,5959615680.3,0.0019589374579094265
2022-08-17,19.9,23.6,0.476647595476505,5036662342.58,-0.007098100470124824
2022-08-18,19.56,23.39,0.4773975089005565,4368900544.595,0.0029065781752115605
2022-08-19,20.6,24.32,0.4943786172571389,1579932221.585,-0.013438094957200719
2022-08-22,23.8,26.0,0.4734792071945436,-67089661.17,-0.020822408449857832
2022-08-23,24.11,25.92,0.4949828359760536,155283483.485,-0.0024193801517363722
2022-08-24,22.82,24.89,0.468925460303687,193732262.35,0.003201158385081504
2022-08-25,21.78,24.13,0.48102831127768,1577054148.57,0.014117635705384046
2022-08-26,25.56,26.56,0.5007012117730537,-679526616.0,-0.03384899993300372
2022-08-29,26.21,26.82,0.4996736217098113,-956175525.045,-0.00661225361918516
2022-08-30,26.21,26.91,0.4919867951067731,-1694939749.95,-0.010978102166435022
2022-08-31,25.87,26.65,0.4874764130594142,-2371772190.07,-0.007608720697325877
2022-09-01,25.56,26.43,0.4480940054783411,-1731586007.75,0.003137634316272564
2022-09-02,25.47,26.48,0.4856697779974648,-1869356541.86,-0.010544475771736561
2022-09-05,25.99,26.48,0.4856697779974648,-1869356541.86,-0.010544475771736561
2022-09-06,26.91,27.59,0.4639834638795471,-2050651652.36,-0.0037729626613109968
2022-09-07,24.64,26.1,0.4600743824203946,-527089230.605,0.01796489426500103
2022-09-08,23.61,25.52,0.4787984522046871,657394721.43,0.006536301604186168
2022-09-09,22.79,25.14,0.469398394217988,866219879.54,0.015535078520896528
2022-09-12,23.87,25.37,0.4943562810139393,2177606575.16,0.010747791829192055
2022-09-13,27.27,27.95,0.5412107727909382,-1607218358.03,-0.043482371874841164
2022-09-14,26.16,27.46,0.5196739592004714,-713170144.05,0.003815730151196739
2022-09-15,26.27,27.6,0.5040683151609301,-1420838510.89,-0.011353419430593648
2022-09-16,26.3,27.63,0.4740867897429704,-922072085.03,-0.007628853677342007
2022-09-19,25.76,27.01,0.4425351669290195,-512451352.77,0.007754942003212362
2022-09-20,27.16,27.88,0.4404097647838178,-788667910.685,-0.011478162708390194
2022-09-21,27.99,28.76,0.4640897066432818,-1841117496.805,-0.017444207519046073
2022-09-22,27.35,28.22,0.4544125531811988,-2522085485.78,-0.008399699551953188
2022-09-23,29.92,30.32,0.4032584763644241,-1888874271.19,-0.016754754058864285
2022-09-26,32.26,31.77,0.4084539166919349,-1971953164.22,-0.009892820659883284
2022-09-27,32.6,32.12,0.4150904208657961,-1947773550.93,-0.0025527022339950634
2022-09-28,30.18,30.58,0.4382506873440669,-1178481419.77,0.019676420201272915
2022-09-29,31.84,31.74,0.4922403241131742,-2296037811.78,-0.020889171482008417
2022-09-30,31.62,31.86,0.4856211540665834,-2317900570.64,-0.015463195470179047
2022-10-03,30.1,30.69,0.4386597969387558,-1901132679.7,0.02640112372480874
2022-10-04,29.07,29.67,0.4379460011439018,19675015.79,0.03098658804875365
2022-10-05,28.55,29.43,0.5020535757050698,-70021110.48,-0.0023281988430771117
2022-10-06,30.52,30.79,0.493806087565436,-637120066.18,-0.010315816610501072
2022-10-07,31.36,32.1,0.5112437018236254,-2042918959.67,-0.027894091457876913
2022-10-10,32.45,32.73,0.4312453499350074,-2188835084.83,-0.007635133385493931
2022-10-11,33.63,33.36,0.4262835845936522,-2312305536.87,-0.006332896623811757
2022-10-12,33.57,33.13,0.4298234519729338,-2310834184.73,-0.0032984813255301226
2022-10-13,31.94,31.8,0.4372733325786873,-824431792.5393,0.026390741780504934
2022-10-14,32.02,32.45,0.463913345161882,-2022893671.5,-0.022788549847510664
2022-10-17,31.37,31.74,0.4086534446099088,-1042940689.21,0.025696946072068183
2022-10-18,30.5,30.98,0.45513371545858,-138130472.44,0.011749750060179531
2022-10-19,30.76,31.35,0.474157732957769,-495245267.18,-0.0070866284584775174
2022-10-20,29.98,30.81,0.4855492087748631,-716136471.58,-0.008385254835684308
2022-10-21,29.69,30.47,0.4545094393486024,261538294.1,0.024301517499068614
2022-10-24,29.85,30.33,0.4771257111013868,854701687.77,0.012236270184945885
2022-10-25,28.46,29.29,0.4586647607217289,1852760603.58,0.01596874899505618
2022-10-26,27.28,28.46,0.4642167754329743,1546095485.355,-0.007534187468909548
2022-10-27,27.39,28.28,0.4533808818742287,1337671431.12,-0.005339985661561464
2022-10-28,25.75,26.9,0.4415714133776737,1665443325.94,0.023790837738723702
2022-10-31,25.88,26.92,0.4551191572908189,1343178217.76,-0.007223350306940102
2022-11-01,25.81,26.69,0.4182068693902286,1285958789.06,-0.0043759047459098754
2022-11-02,25.86,27.22,0.4569037362040495,-320007164.42,-0.025096059727174658
2022-11-03,25.3,26.7,0.4424763337137096,-636899217.81,-0.01029702201375371
2022-11-04,24.55,26.39,0.4253027717521739,586325801.69,0.014393200636463765
2022-11-07,24.35,26.26,0.44986084461912,1164754583.3,0.009565695511989825
2022-11-08,25.54,27.1,0.4389597367703691,1395166919.065,0.00539515224465803
2022-11-09,26.09,27.91,0.4578347318756721,48172860.36,-0.020601883365751195
2022-11-10,23.53,26.18,0.4203077948821243,3748513589.55,0.05495414374825325
2022-11-11,22.52,25.74,0.4536507211941536,3230477834.58,0.009678559524769925
2022-11-14,23.73,26.13,0.4723185850938373,2909963226.9,-0.008506866446710393
2022-11-15,24.54,26.59,0.4823907214316542,3443458782.71,0.008529137609148973
2022-11-16,24.11,26.03,0.4820850708457932,2633494993.97,-0.00762883019534677
2022-11-17,23.93,25.83,0.4891219125336404,2291891827.08,-0.003059910022105261
2022-11-18,23.12,25.33,0.4726033186966102,1459191770.9,0.0045404358961596
2022-11-21,22.36,24.72,0.4664919608938746,1300596493.0,-0.003636235572429425
2022-11-22,21.29,23.83,0.4658192887788024,2357135971.39,0.013457116760222876
2022-11-23,20.35,23.38,0.4583267182773615,3435195274.96,0.006301630645245915
2022-11-24,20.42,23.38,0.4583267182773615,3435195274.96,0.006301630645245915
2022-11-25,20.5,23.59,0.468926403486995,2671542183.19,-0.00022356636475118208
2022-11-28,22.21,24.9,0.4662435620877441,1355413159.64,-0.015957011468586524
2022-11-29,21.89,24.65,0.4621883112569287,1256509409.53,-0.0017176809541656901
2022-11-30,20.58,23.53,0.4612973511738603,4258630099.75,0.03150062700609091
2022-12-01,19.84,23.31,0.4583348452796815,3946988857.99,-0.0007357372555246711
2022-12-02,19.06,22.96,0.4684742300374317,2968364135.76,-0.0011538841135476652
2022-12-05,20.75,23.89,0.4547757433748886,1660549368.18,-0.017989427411495007
2022-12-06,22.17,24.72,0.4649944678009795,384277370.58,-0.014414480195686141
2022-12-07,22.68,25.18,0.4506092726714698,269912768.63,-0.0017012709259905945
2022-12-08,22.29,24.73,0.4523562059697737,1116596555.13,0.007833865711520227
2022-12-09,22.83,25.21,0.4492485256057363,822257889.21,-0.007470019826297025
2022-12-12,25.0,25.67,0.4569938464028686,1864052271.36,0.014417149430006493
2022-12-13,22.55,24.29,0.445057671569984,2501285195.12,0.007569723933199324
2022-12-14,21.14,23.46,0.4597570945156639,1493971163.47,-0.006393531108242589
2022-12-15,22.83,25.08,0.5010292674166085,-782189496.89,-0.024461641351762653
2022-12-16,22.62,25.15,0.5174531252458378,-535152595.34,-0.011806034722179337
2022-12-19,22.42,25.08,0.4542557804453602,-988880067.73,-0.008480014416207715
2022-12-20,21.48,24.4,0.4427166515618842,-977625207.16,0.0013687893848191024
2022-12-21,20.07,23.35,0.4656732232954336,103987369.29,0.014952399403849848
2022-12-22,21.97,24.78,0.4419436095666436,-845642032.32,-0.014266141660710052
2022-12-23,20.87,24.13,0.449819431548537,13198754.275,0.005752292622004385
2022-12-27,21.65,24.43,0.4460694996899044,9857586.94,-0.0039436789238226355
2022-12-28,22.14,24.58,0.4489981131108366,-970157112.75,-0.012427915953598045
2022-12-29,21.44,23.95,0.4567968985134722,638811834.53,0.018000443668730215
2022-12-30,21.67,24.29,0.4614394815469711,237404566.72,-0.0026340033054681466
2023-01-03,22.9,24.58,0.4770508605620452,113989742.07,-0.004209929123470957
2023-01-04,22.01,23.81,0.4588858396545527,731249419.16,0.0077200341738168365
2023-01-05,22.46,24.07,0.488033321376014,54549398.25,-0.011413285881795132
2023-01-06,21.13,23.18,0.4614255208387119,1410843211.63,0.0229320315445094
2023-01-09,21.97,23.74,0.4769528058300595,1516025858.7,-0.0005666392420948796
2023-01-10,20.58,22.74,0.4860421356569608,1820267288.7,0.007012700738167732
2023-01-11,21.09,22.74,0.460793528282501,2909037627.75,0.012647755991627152
2023-01-12,18.83,21.58,0.4755812998008865,3588138953.69,0.0036408240968506256
2023-01-13,18.35,21.14,0.4741181163885564,3212414026.94,0.003879593585376373
2023-01-16,19.49,21.14,0.4741181163885564,3212414026.94,0.003879593585376373
2023-01-17,19.36,21.45,0.4933497443635087,3110333384.52,-0.0018318268869130794
2023-01-18,20.34,22.27,0.5034207798114018,1373915601.33,-0.015788222826177645
2023-01-19,20.52,22.45,0.5048306291876291,246824292.59,-0.00727972800174137
2023-01-20,19.85,21.72,0.5014105033375945,946667741.84,0.018629033847528342
2023-01-23,19.81,21.6,0.5139545742306009,1925800675.74,0.01199865686376067
2023-01-24,19.2,20.91,0.5221390998572865,1881708006.295,-0.0010734002122582131
2023-01-25,19.08,20.94,0.5229905650388611,1953087468.83,0.00037482574590330664
2023-01-26,18.73,20.7,0.5220954975297288,3591705215.65,0.01099031717509602
2023-01-27,18.51,20.47,0.5439849159711077,2369599331.03,0.0022977953859733002
2023-01-30,19.94,21.37,0.5420999280871932,1383167166.02,-0.012546829046435226
2023-01-31,19.4,20.81,0.5172330255866939,2513040467.71,0.01470332345925307
2023-02-01,17.87,19.97,0.5271883154322164,3505807061.38,0.010627730513844913
2023-02-02,18.73,20.84,0.5000707023867839,3707163001.7,0.014557136931436787
2023-02-03,18.33,20.78,0.5278320633050447,2508058831.07,-0.010629276380023978
2023-02-06,19.43,21.43,0.5516239405814686,2077821729.03,-0.006111140953228067
2023-02-07,18.66,20.78,0.5270809725787284,3178510104.155,0.013078375947588095
2023-02-08,19.63,21.82,0.5365950958310601,2262558501.82,-0.010934573742186982
2023-02-09,20.71,22.5,0.5301253770187,1528684689.69,-0.008669279170701372
2023-02-10,20.53,22.55,0.5250037836328783,1732004941.23,0.0023337443342978936
2023-02-13,20.34,21.97,0.516691437108343,2635978224.0,0.011738934482071972
2023-02-14,18.91,21.14,0.5498842201221633,2774217661.64,-0.0004601509437346385
2023-02-15,18.23,20.68,0.5296114569521209,3122525229.255,0.0032473674937161245
2023-02-16,20.17,21.88,0.5076844207876998,1361668553.54,-0.013768800807406167
2023-02-17,20.02,21.77,0.5242480064724983,1222922774.8,-0.0024981385322839778
2023-02-20,21.23,21.77,0.5242480064724983,1222922774.8,-0.0024981385322839778
2023-02-21,22.87,23.38,0.516926011710105,7498832.76,-0.020061020183743894
2023-02-22,22.29,22.68,0.4817069617650202,-59505220.79,-0.0013782368452914806
2023-02-23,21.14,21.74,0.4869525853887543,356863721.86,0.0053194692655200715
2023-02-24,21.67,22.43,0.5255381720044323,-9862362.535,-0.010682138065393865
2023-02-27,20.95,21.59,0.4836226025709476,329569889.13,0.0034055387530904646
2023-02-28,20.7,21.32,0.4752766573285281,36384164.17,-0.003695863725286519
2023-03-01,20.58,21.36,0.4781212310126199,-338624549.04,-0.003835945936890295
2023-03-02,19.59,20.63,0.4593283328973655,483490062.87,0.007777355364443572
2023-03-03,18.49,19.98,0.4672778460322902,1012177696.82,0.016037673103702632
2023-03-06,18.61,19.99,0.4664804186180825,1198838327.17,0.0006927415327093733
2023-03-07,19.59,20.59,0.4969991436301199,-232401870.96,-0.01532879326893788
2023-03-08,19.11,20.19,0.4799671082370428,-37656026.65,0.001632142868877251
2023-03-09,22.61,22.87,0.4663696432770033,-1417227647.52,-0.01844979628058252
2023-03-10,24.8,25.39,0.473246085474881,-1476792273.66,-0.014429370819408427
2023-03-13,26.52,26.64,0.4410493360238066,-1211239364.75,-0.0014253078401110786
2023-03-14,23.73,24.87,0.4742335392022729,-54291434.22,0.016529971495393925
2023-03-15,26.14,27.2,0.4870189939441876,-7192500.97,-0.006254229037113701
2023-03-16,22.99,24.56,0.4545834200631801,1761416481.07,0.017545280762206295
2023-03-17,25.51,27.42,0.5027364190245129,500667556.0,-0.011692761234942006
2023-03-20,24.15,25.85,0.4910141005344596,843657608.48,0.009615606462570536
2023-03-21,21.38,23.57,0.4932353730798637,1727149186.345,0.01313050228293533
2023-03-22,22.26,24.38,0.4985654975765704,620409637.61,-0.017046504734449464
2023-03-23,22.61,24.53,0.5049430551867534,1117406834.52,0.002703491648537115
2023-03-24,21.74,23.96,0.5102619690011093,1069605045.77,0.006561910400293192
2023-03-27,20.6,22.87,0.5202519146831531,1099309838.685,0.001870000574432984
2023-03-28,19.97,22.38,0.5147865058349411,925347545.585,-0.002244687811414181
2023-03-29,19.12,21.49,0.5044070844833605,2388130098.74,0.014534887692740028
2023-03-30,19.02,21.45,0.4802964110138524,3100209919.14,0.005855256679632381
2023-03-31,18.7,21.23,0.4924801986569292,3013617210.3,0.014094558134893687
2023-04-03,18.55,20.83,0.4909949621863411,3669996236.82,0.0038104826950544624
2023-04-04,19.0,21.34,0.47058921751431,3135859617.07,-0.005547800202752473
2023-04-05,19.08,21.48,0.4521537751792697,2411764821.64,-0.002618369885610927
2023-04-06,18.4,21.0,0.4610518632123692,2719423867.42,0.0039006964403862643
2023-04-10,18.97,21.07,0.4776177107286869,2876591366.69,0.001026358827913576
2023-04-11,19.1,21.01,0.4493209512233187,2918992354.75,0.0002685714644992121
2023-04-12,19.09,21.05,0.4834378350761912,2162355268.21,-0.0040758357022969705
2023-04-13,17.8,20.26,0.4614652618171967,4232364090.6,0.013282386028143911
2023-04-14,17.07,20.03,0.4712228490682429,3243804368.53,-0.0024425618478206568
2023-04-17,16.95,19.65,0.4897075844791494,3670020461.13,0.003588328182097422
2023-04-18,16.83,19.82,0.4762702354727923,3955046025.01,0.0006522691739447861
2023-04-19,16.46,20.02,0.490984187780291,3801716359.81,-0.00016894826137958674
2023-04-20,17.17,20.55,0.4865699837432454,3248781983.59,-0.005457236967366108
2023-04-21,16.77,20.39,0.470428247084518,1808383997.75,0.0007771120995203606
2023-04-24,16.89,20.4,0.480196200699697,1964211417.59,0.0010431611392394124
2023-04-25,18.76,21.65,0.4680657522137273,838041546.68,-0.015873907494272643
2023-04-26,18.84,21.54,0.4715873358716658,526923626.485,-0.004235843962156816
2023-04-27,17.03,20.37,0.4572756408296262,2720894833.49,0.019908234510966683
2023-04-28,15.78,19.54,0.4658101542139469,2503235646.61,0.008535242694053258
2023-05-01,16.08,19.67,0.4982364084753923,2505038217.07,-0.0010098798677914411
2023-05-02,17.78,20.75,0.5008674789798812,1544399378.37,-0.011239278931094332
2023-05-03,18.34,21.29,0.4871801625064546,854395760.535,-0.00686382293547072
2023-05-04,20.09,22.77,0.4883082544160276,147495020.985,-0.007083083650939681
2023-05-05,17.19,20.78,0.4730951188407832,2001732898.5,0.01851276475970587
2023-05-08,16.98,20.71,0.5027363354883082,2150819381.58,0.00026645165605332366
2023-05-09,17.71,21.17,0.501476088409772,1659676923.815,-0.0043853439168682895
2023-05-10,16.94,20.69,0.4974758546158466,2410871779.78,0.004672213859977736
2023-05-11,16.93,20.62,0.503267032461344,2252765937.965,-0.0017438744139337548
2023-05-12,17.03,20.66,0.5112410147224805,1639419877.22,-0.001310190618347029
2023-05-15,17.12,20.31,0.4881419205282216,2028031810.93,0.003449990510034917
2023-05-16,17.99,20.9,0.4959335980274011,1801687388.215,-0.006682492278239915
2023-05-17,16.87,20.05,0.5025285886110059,3367531356.14,0.012138857387006485
2023-05-18,16.05,19.33,0.5251981584721093,4519055007.63,0.00963327135659231
2023-05-19,16.81,20.04,0.5385508279619176,2458597696.53,-0.001455229840311545
2023-05-22,17.21,20.36,0.4892795164320979,2521382324.28,0.0004061867374409722
2023-05-23,18.53,21.06,0.5050608144039631,1485059995.02,-0.011222995715209572
2023-05-24,20.03,22.02,0.4748426125781498,1006070719.61,-0.007244615275939226
2023-05-25,19.14,21.38,0.4311341202298428,1905607508.91,0.008659945564907456
2023-05-26,17.95,20.44,0.4617933920837995,2482939550.54,0.012950508131889249
2023-05-29,17.46,20.44,0.4617933920837995,2482939550.54,0.012950508131889249
2023-05-30,17.46,20.13,0.4901583311607249,2623417179.175,0.00038091229706305185
2023-05-31,17.94,20.21,0.514473353199636,1979219306.025,-0.005544961031134665
2023-06-01,15.65,18.75,0.4890207473236587,3597156050.145,0.009500885814436755
2023-06-02,14.6,17.92,0.4972413063584615,3824152780.18,0.014461214117278187
2023-06-05,14.73,17.9,0.4925401502937738,3694645911.7,-0.0019163581586615352
2023-06-06,13.96,17.04,0.4791190153015813,3901353879.27,0.0021774620395784705
2023-06-07,13.94,17.14,0.4893844055568568,3206393300.39,-0.0034577992500549604
2023-06-08,13.65,16.86,0.4817531452407889,4690744162.035,0.006048553307040905
2023-06-09,13.83,16.96,0.520983050716886,4460876877.54,0.0017944099229778576
2023-06-12,15.01,17.28,0.4953771237946957,4888968952.02,0.009071797596873266
2023-06-13,14.61,17.23,0.4918589729794237,5707263083.55,0.0065931064932369665
2023-06-14,13.88,16.86,0.4880677617444136,5726802866.27,0.0011907162143831584
2023-06-15,14.5,17.18,0.4870249416972668,7219161141.215,0.012397724409938915
2023-06-16,13.54,16.75,0.4902208075399138,3776451349.13,-0.003406253219155997
2023-06-19,14.19,16.75,0.4902208075399138,3776451349.13,-0.003406253219155997
2023-06-20,13.88,17.3,0.5289998352899967,3588264518.57,-0.005188148595161146
2023-06-21,13.2,16.89,0.5171411740842914,2925878546.85,-0.005123691950710607
2023-06-22,12.91,16.56,0.4835888972821182,3876141796.42,0.0036095637818025494
2023-06-23,13.44,16.87,0.4940926399583859,2764123433.57,-0.007559926034988784
2023-06-26,14.25,17.05,0.4995064406424012,2101291409.835,-0.004085741489031847
2023-06-27,13.74,16.44,0.4729385463389773,3647903331.14,0.010963160951005912
2023-06-28,13.43,15.9,0.4915898059290305,3938127415.04,0.0005046009980902433
2023-06-29,13.54,16.1,0.4761336416993852,4525212179.88,0.0039414229264103096
2023-06-30,13.59,16.02,0.4635277824857925,4996863320.015,0.011800550679832433
2023-07-03,13.57,16.07,0.5056129720557417,5295880263.59,0.0011504422438903816
2023-07-04,13.7,16.07,0.5056129720557417,5295880263.59,0.0011504422438903816
2023-07-05,14.18,16.51,0.5225956494229894,5020173091.59,-0.0014870254124098592
2023-07-06,15.44,17.52,0.494861406231945,3646148329.68,-0.007830715743746053
2023-07-07,14.83,17.24,0.4692738237639609,3200175526.98,-0.0025245918954691637
2023-07-10,15.07,17.25,0.5023518452880882,3430727087.46,0.0025309815910816713
2023-07-11,14.84,16.97,0.452987593393885,4637696774.49,0.006368470383345315
2023-07-12,13.54,16.11,0.4480444040034178,5981589109.79,0.008045970099074484
2023-07-13,13.61,16.12,0.46073872670375,7066543410.63,0.007936792586096031
2023-07-14,13.34,16.04,0.4899320172267293,5268012288.61,-0.0006228157146854763
2023-07-17,13.48,16.27,0.508712913592358,6022155822.92,0.0034722868528593853
2023-07-18,13.3,16.13,0.4852736765207928,6665653695.185,0.007430506489133792
2023-07-19,13.76,16.56,0.5002600932076263,7014538657.98,0.0022237857265108296
2023-07-20,13.99,16.66,0.4945137420178977,5627805848.98,-0.006634494654053635
2023-07-21,13.6,16.4,0.5099526371179022,3722799289.6,0.0
2023-07-24,13.91,16.26,0.4585450335234472,4221232601.58,0.00446720139794099
2023-07-25,13.86,16.22,0.4837092566910651,4521149636.33,0.0027302760258289815
2023-07-26,13.19,15.79,0.4726600930491669,4482258843.16,0.00015364150894181527
2023-07-27,14.41,16.63,0.468204674193689,3742041119.62,-0.006629909635952669
2023-07-28,13.33,15.92,0.4712670214927376,4630459373.51,0.009790194222449644
2023-07-31,13.63,16.01,0.4667415894919888,4792964711.49,0.001904141921175606
2023-08-01,13.93,16.34,0.4746639869535951,4539451078.85,-0.0028617174691808467
2023-08-02,16.09,17.96,0.4778877469170969,2341028610.34,-0.01391080392054267
2023-08-03,15.92,17.72,0.48181383188757,3222934867.03,-0.002865870518022118
2023-08-04,17.1,18.61,0.4825099714425233,2398288801.35,-0.0045226750935422055
2023-08-07,15.77,17.72,0.459153269896462,3317556416.53,0.008728562671913798
2023-08-08,15.99,18.13,0.457279350465266,2699090654.62,-0.004348726313410212
2023-08-09,15.96,18.05,0.4737331331157656,1643834012.62,-0.00668524156652317
2023-08-10,15.85,18.16,0.4735454553146951,1731289329.38,0.0003590178686718737
2023-08-11,14.84,17.56,0.4881484134452207,2478490073.49,-0.0005831591397887914
2023-08-14,14.82,17.41,0.4822480004507243,3289773887.58,0.005520178815666021
2023-08-15,16.46,18.59,0.5132758795319731,1184360457.48,-0.011648971842456612
2023-08-16,16.78,18.97,0.4919341291407429,282455379.42,-0.007338372490726663
2023-08-17,17.89,19.83,0.4710910892545412,-866868377.14,-0.007619658621251912
2023-08-18,17.3,19.24,0.4509547670507274,249769625.57,0.00048130103023402704
2023-08-21,17.13,18.77,0.4838726437706416,1059560212.75,0.0065062308259808965
2023-08-22,16.97,18.72,0.4776692738142723,1031303019.26,-0.0027086309916933837
2023-08-23,15.98,17.94,0.4654177107671634,2362023848.71,0.011137884357937278
2023-08-24,17.2,18.75,0.4942212741879357,315814383.015,-0.013859142571017058
2023-08-25,15.68,17.72,0.4803449010435342,1278763489.15,0.007049870700649885
2023-08-28,15.08,17.12,0.4812001466023855,2078487731.09,0.006341303473518911
2023-08-29,14.45,16.56,0.4503509922995046,4333403767.36,0.01445475939832308
2023-08-30,13.88,16.18,0.4835562346781526,4931388574.89,0.004118729368357776
2023-08-31,13.57,15.92,0.4843404076876321,4895374698.74,-0.001463290539658768
2023-09-01,13.09,15.74,0.4990546321643607,3769886463.33,0.0018652396366587443
2023-09-04,13.82,15.74,0.4990546321643607,3769886463.33,0.0018652396366587443
2023-09-05,14.01,16.24,0.4682909725551228,3613424521.75,-0.0043219139621852865
2023-09-06,14.45,16.61,0.4851816540577311,2268785020.3,-0.00672251297234594
2023-09-07,14.4,16.58,0.4741935813926026,1946021225.1,-0.0030701602754569235
2023-09-08,13.84,16.14,0.4834687389452134,2392190739.73,0.0015059836663897652
2023-09-11,13.8,16.02,0.4571645870152085,3411540168.46,0.006576646870672942
2023-09-12,14.23,16.25,0.5187398443097566,2552197144.26,-0.00548564137255747
2023-09-13,13.48,15.92,0.5198642480057893,2894943035.17,0.0011661091933625745
2023-09-14,12.82,15.34,0.5086517629300292,4658047719.255,0.008622264479344999
2023-09-15,13.79,16.02,0.5457084649487548,1551356689.05,-0.012048388528473897
2023-09-18,14.0,16.13,0.5015101362060539,1666875816.115,0.0005865032070790921
2023-09-19,14.11,16.13,0.486782364532985,1532740492.43,-0.0020737577536447116
2023-09-20,15.14,16.81,0.4694721302887977,305798339.72,-0.009193263597168877
2023-09-21,17.54,18.24,0.4575665224496367,-1336781302.93,-0.016528359435111217
2023-09-22,17.2,18.09,0.4894416368357308,-198493735.14,-0.0022485745369166255
2023-09-25,16.9,18.02,0.4631035438426464,191329390.375,0.0042051361330319725
2023-09-26,18.94,19.72,0.4626088640944369,-872376301.71,-0.014691325801432398
2023-09-27,18.22,19.11,0.4498875376407562,-651152365.2,0.0003992031649857619
2023-09-28,17.34,18.38,0.4507850074082045,587821699.29,0.005797323501809171
2023-09-29,17.52,18.51,0.468311757211278,112627059.18,-0.002426722647862034
2023-10-02,17.61,18.62,0.4994031699766297,587249433.9,-0.00039763510123302925
2023-10-03,19.78,20.41,0.5043530954664196,-835526249.765,-0.013386316295370793
2023-10-04,18.58,19.52,0.4792585429463432,423799863.23,0.007282062424673219
2023-10-05,18.49,19.5,0.4792163809128453,548377723.835,-0.0003767125629625667
2023-10-06,17.45,18.73,0.4867084822678553,1304725289.63,0.01187277664751174
2023-10-09,17.7,18.81,0.4726046021367063,1071754182.41,0.006402197793960784
2023-10-10,17.03,18.27,0.4402233305028053,2758592235.68,0.005204766400337402
2023-10-11,16.09,17.63,0.4721494613583745,3460344872.04,0.004096329669438736
2023-10-12,16.69,18.09,0.4649014705310068,3073727009.9,-0.006096385366099577
2023-10-13,19.32,20.57,0.4868463553589163,1238457576.38,-0.004980875067302493
2023-10-16,17.21,18.79,0.4772251655358014,2778377755.52,0.010521422217540488
2023-10-17,17.88,19.26,0.5062937310068295,2084098659.14,-4.58239172904662e-05
2023-10-18,19.22,20.47,0.4945513124481273,735266641.53,-0.013325163319436895
2023-10-19,21.4,22.19,0.4801707901921763,-116379904.21,-0.008786304432619407
2023-10-20,21.71,22.44,0.4847369895257372,-183334078.76,-0.012288272755448637
2023-10-23,20.37,21.33,0.4658271611858206,-154915708.21,-0.001733079912708213
2023-10-24,18.97,20.21,0.4656800755977738,592401425.29,0.0075393921339754755
2023-10-25,20.19,21.33,0.4727847839270231,-416916153.875,-0.014352266568151473
2023-10-26,20.68,21.57,0.4476540092201559,-1628381357.47,-0.01197454003188092
2023-10-27,21.27,22.27,0.4676825661605003,-943041560.175,-0.004532814857214684
2023-10-30,19.75,20.8,0.4479043208023632,-69507613.6,0.011955797315381655
2023-10-31,18.14,19.49,0.4542111268984342,375855575.08,0.006280243872613278
2023-11-01,16.87,18.55,0.4741136021362899,1994589452.32,0.010664920566928915
2023-11-02,15.66,17.8,0.4678136626269247,4309298207.55,0.01916426373071589
2023-11-03,14.91,17.22,0.4666945033619846,3334310731.02,0.009123380342047183
2023-11-06,14.89,17.03,0.4848456667677204,3799986813.93,0.002300344804824661
2023-11-07,14.81,16.92,0.4640311394748637,4327725855.11,0.0028461186856993947
2023-11-08,14.45,16.64,0.4939482691815853,4443682443.69,0.000732411733296745
2023-11-09,15.29,17.3,0.4954407882006222,3312841275.55,-0.007798684948302714
2023-11-10,14.17,16.52,0.4786143306840744,4139281254.29,0.015604715087276677
2023-11-13,14.76,16.61,0.4837059039342442,4461109774.29,-0.0009531810779693783
2023-11-14,14.16,16.29,0.4823457479547438,6675329379.37,0.019400772365121943
2023-11-15,14.18,16.28,0.4966002807900079,6691748543.225,0.002117086057831896
2023-11-16,14.32,16.14,0.4752089128361208,6378069623.19,0.001223232402503882
2023-11-17,13.8,15.85,0.4663463585968024,4511812051.18,0.0012437524924127086
2023-11-20,13.41,15.69,0.4966782467257474,5581276229.06,0.0076974850830067165
2023-11-21,13.35,15.5,0.4860982500437894,5509028818.45,-0.0021794243551297443
2023-11-22,12.85,15.48,0.4932343093002067,6315183501.49,0.0038608339289862847
2023-11-23,12.8,15.48,0.4932343093002067,6315183501.49,0.0038608339289862847
2023-11-24,12.46,15.12,0.4688374294889889,4575342698.57,0.0006154686302466406
2023-11-27,12.69,15.34,0.46984120606225,4998511593.43,-0.001801107383964884
2023-11-28,12.69,15.24,0.4648437295180462,5399869897.41,0.0009901426768093025
2023-11-29,12.98,15.51,0.4799993854336956,4924214907.285,-0.0007033633563164887
2023-11-30,12.92,15.44,0.4802820582996328,4434525035.56,0.003937496649781158
2023-12-01,12.63,15.36,0.4552560417177482,4924647138.175,0.005915794115564088
2023-12-04,13.08,15.68,0.4811032272920194,4261615144.34,-0.005249277602951574
2023-12-05,12.85,15.57,0.4810994575336367,4930319626.11,-0.00019705638812439474
2023-12-06,12.97,15.74,0.497798133655521,4084177703.22,-0.004029840397110629
2023-12-07,13.06,15.65,0.4821177709563617,6084693977.68,0.007630287287313076
2023-12-08,12.35,15.16,0.5037209102093096,5690578255.97,0.004299316822492738
2023-12-11,12.63,15.19,0.5066672971645724,5789060345.0,0.0038893934531241126
2023-12-12,12.07,14.83,0.4855862798713624,6869626927.89,0.004567281101236276
2023-12-13,12.19,14.66,0.4676619486337923,8549368690.17,0.013790064360344578
2023-12-14,12.48,14.79,0.4428413339978923,7891862872.08,0.003209432691612335
2023-12-15,12.28,15.13,0.4973976008060066,5806518587.68,-0.0016463950775735814
2023-12-18,12.56,15.47,0.4607312977671513,6696774143.065,0.0056250203886392125
2023-12-19,12.53,15.64,0.4803351506188773,7597039219.43,0.0060808794940740984
2023-12-20,13.67,16.58,0.4706128511568676,3712488914.7,-0.013857328835340188
2023-12-21,13.65,16.3,0.4901684895438972,5337349976.96,0.009481946536269659
2023-12-22,13.03,15.99,0.4917534745294711,5687669871.31,0.002009663437074538
2023-12-26,12.99,15.88,0.4786735750692797,6310143486.55,0.004222601411330462
2023-12-27,12.43,15.27,0.4961398263150081,6809006108.73,0.0018080348792433032
2023-12-28,12.47,15.23,0.4770028348406885,6874712702.59,0.00037771224607752174
2023-12-29,12.45,15.26,0.4809692639114702,5166522873.29,-0.00289492035951755
2024-01-02,13.2,15.48,0.4714816412934671,4388710873.885,-0.00559638348657121
2024-01-03,14.04,16.04,0.4673144115102362,3555017927.58,-0.008166614120016513
2024-01-04,14.13,16.04,0.4593073533164274,2174268066.685,-0.0032211421521444183
2024-01-05,13.35,15.51,0.4847927505509672,3809162487.45,0.0013696686415112236
2024-01-08,13.08,15.14,0.4784129792209011,5977778128.16,0.014275850257934763
2024-01-09,12.76,14.9,0.4988491837869273,5852128042.425,-0.0015169956372050875
2024-01-10,12.69,14.73,0.5063148288392718,6965029865.46,0.005655464913819852
2024-01-11,12.44,14.56,0.5015005265161955,3905093120.64,-0.00044067301059880215
2024-01-12,12.7,14.94,0.4983694874512527,5882972500.935,0.0006927160276115618
2024-01-15,13.25,14.94,0.4983694874512527,5882972500.935,0.0006927160276115618
2024-01-16,13.84,15.74,0.4779968437858665,5092414197.19,-0.003671240950010146
2024-01-17,14.79,16.38,0.472816856065716,4389194435.69,-0.0055586288622799795
2024-01-18,14.13,15.84,0.4816457188276474,6332262200.35,0.008892677202201105
2024-01-19,13.3,15.26,0.4782963445729173,4204740983.53,0.01246621642351431
2024-01-22,13.19,14.97,0.4691111403746719,4537414759.11,0.0021144521602836086
2024-01-23,12.55,14.52,0.4624719277826926,5024429245.84,0.0029164132980590285
2024-01-24,13.14,14.97,0.4514265098058295,5492099945.82,0.0010930683013370412
2024-01-25,13.45,15.1,0.4600295822082793,5548068137.25,0.0054391013594417
2024-01-26,13.26,15.03,0.4695932065672981,4216357789.225,-0.0012704628782883587
2024-01-29,13.6,15.22,0.4615137052003848,5140652697.8,0.007919372301701921
2024-01-30,13.31,15.14,0.4655368666198109,5022110250.67,-0.0007734280679260186
2024-01-31,14.35,15.96,0.4574981371101757,3119171780.48,-0.016317451631975732
2024-02-01,13.88,15.5,0.4909098295563084,5077584253.37,0.013088180337325284
2024-02-02,13.85,15.61,0.4640997371872972,4546961678.91,0.010527296668721098
2024-02-05,13.67,15.33,0.4655623962724174,4856180132.34,-0.003641132800262903
2024-02-06,13.06,14.99,0.4466286617216424,4658369623.645,0.0029033818130268507
2024-02-07,12.83,14.85,0.4688792248060036,6446332378.845,0.008340432139916976
2024-02-08,12.79,14.93,0.4527386893725825,5462013301.73,0.0004416242430944628
2024-02-09,12.93,15.08,0.4757027016744841,5328163034.08,0.005779588301726202
2024-02-12,13.93,15.67,0.4670367120807134,5238326555.97,-0.00043920630740901245
2024-02-13,15.85,16.82,0.4939371959471152,3109014454.93,-0.013772927581574446
2024-02-14,14.38,15.93,0.4780804176435319,4891486966.92,0.009087666865085442
2024-02-15,14.01,15.76,0.4481056235965201,6175748191.57,0.006899793274823374
2024-02-16,14.24,15.86,0.4593003608607316,3611085505.705,-0.004979973269302551
2024-02-19,14.71,15.86,0.4593003608607316,3611085505.705,-0.004979973269302551
2024-02-20,15.42,16.41,0.4433681663590184,3069871389.01,-0.005505506860028375
2024-02-21,15.34,16.23,0.4498798609924775,2461813756.45,0.0009058827445729278
2024-02-22,14.54,15.77,0.4413982192962052,6830228515.51,0.02069548839377333
2024-02-23,13.75,15.25,0.463327913102835,3859629412.2,0.0006896579493562704
2024-02-26,13.74,15.22,0.4459740308182568,4513754499.48,-0.0036626408528259713
2024-02-27,13.43,14.89,0.4599099440715851,4908130934.85,0.0018578726780009713
2024-02-28,13.84,15.22,0.4477640321375518,4669272626.53,-0.0013217027788626767
2024-02-29,13.4,14.93,0.445261274895228,6255851750.24,0.003595030149642131
2024-03-01,13.11,14.93,0.4531911179880403,5332123204.0,0.009388268247338072
2024-03-04,13.49,15.23,0.4603390592169764,4905430380.59,-0.0010723988779473004
2024-03-05,14.46,15.91,0.454489865172491,3556955794.43,-0.009994252388977443
2024-03-06,14.5,15.97,0.4466947513382264,4239910445.14,0.005067315538934913
2024-03-07,14.44,15.91,0.4435451842750945,5718508592.525,0.009926328239780569
2024-03-08,14.74,16.3,0.4181398232737167,4104732758.15,-0.006002087411756563
2024-03-11,15.22,16.46,0.4099702106170511,4713757285.12,-0.0008599241494925414
2024-03-12,13.84,15.66,0.4749313955175592,5938283529.13,0.010757411600059497
2024-03-13,13.75,15.6,0.4691749382769783,5624295731.265,-0.0015674686798270443
2024-03-14,14.4,16.12,0.4684485103595023,5282309854.9,-0.0019768828095096946
2024-03-15,14.41,16.41,0.4466854079803728,3342167300.89,-0.0068665853834095625
2024-03-18,14.33,16.22,0.4252271520124194,3937922000.13,0.00594315559991454
2024-03-19,13.82,15.77,0.4571361804176552,4650536931.98,0.005557089074327504
2024-03-20,13.04,15.28,0.4526462258524015,7263900892.39,0.009249281931174469
2024-03-21,12.92,15.18,0.4340080005127357,7674673966.565,0.003304671888731958
2024-03-22,13.06,15.3,0.4381486451601021,4650663108.26,-0.0018956335070942076
2024-03-25,13.19,15.38,0.4460225708000028,5513707300.29,-0.002762833417446431
2024-03-26,13.24,15.29,0.4562260024956261,5052700288.24,-0.0018470320741533763
2024-03-27,12.78,15.01,0.4491627115057087,5848870499.28,0.008403864922472248
2024-03-28,13.01,15.19,0.427490735802276,5832130945.06,-0.00019121870051796996
2024-04-01,13.65,15.52,0.4446142840780537,5465906197.97,-0.0017398118220683934
2024-04-02,14.61,16.09,0.4561580606562219,4278337802.78,-0.006358076572897664
2024-04-03,14.33,15.91,0.4277146589599023,4873454757.49,0.001098595818522119
2024-04-04,16.35,17.16,0.4393542804649221,1849412237.27,-0.012206090452421381
2024-04-05,16.03,17.18,0.4513824593118505,3504911241.87,0.010446735059327139
2024-04-08,15.19,16.56,0.4530716945231615,3398335515.4,0.0005594956015666508
2024-04-09,14.98,16.42,0.4392675765959717,3630865100.65,0.0011567923030353366
2024-04-10,15.8,17.04,0.4793348447078013,2920913807.8,-0.010013225036973217
2024-04-11,14.91,16.49,0.4506637130342333,5830983335.39,0.007546924360555707
2024-04-12,17.31,18.2,0.4714684315632315,2553523575.71,-0.013803149534362014
2024-04-15,19.23,19.55,0.4245857214081594,939169796.44,-0.012527984189282027
2024-04-16,18.4,18.84,0.4308010371822657,871219214.29,-0.0018237875199006437
2024-04-17,18.21,18.77,0.4466688251734659,12214539.55,-0.00591823740046693
2024-04-18,18.0,18.66,0.4178051418557866,-37538291.66,-0.0020578935089730077
2024-04-19,18.71,19.25,0.4088151174904863,665749991.425,-0.00872833577995269
2024-04-22,16.94,17.63,0.4163011920151916,1326659406.91,0.009209261428613669
2024-04-23,15.69,16.68,0.4528111123852846,2750771165.07,0.011866574121826012
2024-04-24,15.97,16.84,0.4960643289406773,2630505684.31,-0.0004747143780131635
2024-04-25,15.37,16.37,0.4666122714086745,2830701609.05,-0.003798836592728616
2024-04-26,15.03,16.27,0.4724289678300474,3139888783.76,0.009473892050490873
2024-04-29,14.67,16.0,0.4840130318305715,3674119701.96,0.003541489000252307
2024-04-30,15.65,16.59,0.4951547653306711,2090173759.56,-0.015841288612338356
2024-05-01,15.39,16.57,0.468262152059069,1376151941.74,-0.003247025687758587
2024-05-02,14.68,16.05,0.4728233996370414,3066656377.73,0.009353387028529392
2024-05-03,13.49,15.27,0.4519354046666333,4044558565.76,0.012395332543550186
2024-05-06,13.49,15.02,0.4734998326350474,5431941595.98,0.010326856840222387
2024-05-07,13.23,14.95,0.4601895894708283,5525622777.86,0.0011034840257218015
2024-05-08,13.0,14.9,0.4549219939120685,5566559703.53,9.660296345659347e-05
2024-05-09,12.69,14.71,0.4598741546523909,6346208011.125,0.0057616829058904084
2024-05-10,12.55,14.66,0.4590026541356597,5432035668.68,0.0012882291070368534
2024-05-13,13.6,14.89,0.4498164995565674,5594060151.52,0.00013430747168352575
2024-05-14,13.42,14.7,0.4543210956497381,6255962154.82,0.004588102052269782
2024-05-15,12.45,14.08,0.4651904500697817,7955671214.54,0.012383127726450782
2024-05-16,12.42,14.22,0.472574901095364,7245061117.04,-0.002057639461244154
2024-05-17,11.99,13.99,0.4894879915517382,4853015125.225,0.0014375435634979006
2024-05-20,12.15,14.11,0.4669760107495623,4963617300.3,0.001152409262273446
2024-05-21,11.86,13.95,0.4671083915258233,5510500288.96,0.002452229593114641
2024-05-22,12.29,14.31,0.4756491669509171,4917089987.85,-0.002879278736429791
2024-05-23,12.77,14.67,0.4450640059808768,3630219246.885,-0.007304043730328114
2024-05-24,11.93,14.17,0.4506353532200383,4477390255.11,0.006616393611422522
2024-05-27,12.36,14.17,0.4506353532200383,4477390255.11,0.006616393611422522
2024-05-28,12.92,14.72,0.4289795700102121,4395458155.06,0.000698751458297453
2024-05-29,14.28,15.45,0.4332755001000636,3426680034.11,-0.007002629786867498
2024-05-30,14.47,15.59,0.431487239693788,2534347787.52,-0.006633578797711093
2024-05-31,12.92,14.66,0.4509197590070617,3652680539.81,0.009108093164282405
2024-06-03,13.11,14.8,0.46109612373867,4212034593.02,0.0008152404198553675
2024-06-04,13.16,14.88,0.4583795905147441,4652135608.16,0.0011178899444297397
2024-06-05,12.63,14.54,0.4436897144939897,6324708452.24,0.011885299916094771
2024-06-06,12.58,14.54,0.4594684945171626,6633452844.91,-1.8640244569434472e-05
2024-06-07,12.22,14.41,0.4556791348999804,4936257709.26,-0.0012158589936518416
2024-06-10,12.74,14.6,0.4672186793608573,5088447662.615,0.00308977121748355
2024-06-11,12.85,14.49,0.4569123915694939,6460479148.0,0.002408338954078104
2024-06-12,12.04,14.12,0.4583431898693551,7592465321.04,0.008213226122581352
2024-06-13,11.94,14.17,0.4590012540733238,7263421535.965,0.0020132778149706265
2024-06-14,12.66,14.84,0.4690349018495873,5953643755.055,0.0006085012219712027
2024-06-17,12.75,14.79,0.4728627753489201,6951610730.48,0.007958827233005561
2024-06-18,12.3,14.69,0.465744947236231,6890717242.9,0.0025406055795478277
2024-06-19,12.48,14.69,0.465744947236231,6890717242.9,0.0025406055795478277
2024-06-20,13.28,15.41,0.4476144388241441,6883926636.09,-0.0027164444541963872
2024-06-21,13.2,15.17,0.451803886229132,4790673924.23,-0.0013407223559952497
2024-06-24,13.33,15.23,0.4476349660988331,4995460524.13,-0.0032506251621496896
2024-06-25,12.84,14.86,0.4700154600068445,5599614412.36,0.0038509844461762643
2024-06-26,12.55,14.71,0.4751736216180038,6278491751.77,0.001248041585025339
2024-06-27,12.24,14.42,0.4608933607356792,6613362795.08,0.001576461654494432
2024-06-28,12.44,14.52,0.4700927348723485,5094768281.445,-0.0039352939017182065
2024-07-01,12.22,14.19,0.4645306636396381,5738185259.28,0.0020582538182398746
2024-07-02,12.03,14.01,0.4895317213909642,6932596551.94,0.006729662300142714
2024-07-03,12.09,14.02,0.4842474191192333,8203968336.17,0.004462520721040919
2024-07-04,12.26,14.02,0.4842474191192333,8203968336.17,0.004462520721040919
2024-07-05,12.48,14.35,0.481141539823413,6668320256.6,0.005766598301823578
2024-07-08,12.37,14.29,0.4882685856382483,6266260813.76,0.0011540968862364664
2024-07-09,12.51,14.39,0.5029724222680253,7212656349.23,0.0009722845457502682
2024-07-10,12.85,14.5,0.5048272553633313,8525287309.01,0.009895281643110376
2024-07-11,12.92,14.67,0.5114700718879379,5982740161.67,-0.008622565598673693
2024-07-12,12.46,14.37,0.4825464081162995,6768481430.32,0.0063076263231880425
2024-07-15,13.12,14.87,0.5030334647602539,6787112127.07,0.002750176035142937
2024-07-16,13.19,14.91,0.4819731001176057,7619103402.855,0.005929891665483522
2024-07-17,14.48,15.79,0.4646175945763572,5656856967.11,-0.014021017533931812
2024-07-18,15.93,16.56,0.4750666264632051,4488196122.54,-0.007684866404461421
2024-07-19,16.52,17.16,0.517329363940429,3681523088.825,-0.006640754083967693
2024-07-22,14.91,16.09,0.4642678293378429,4520803771.03,0.010310083227481392
2024-07-23,14.72,16.01,0.4911452919011758,4499477211.77,-0.001568394292274844
2024-07-24,18.04,18.43,0.4784994354984643,1789933994.86,-0.02266264213512137
2024-07-25,18.46,18.69,0.4278902089535446,1875210274.115,-0.0052104238954299165
2024-07-26,16.39,17.24,0.4598597614636857,3402837819.38,0.01119966931668226
2024-07-29,16.6,17.16,0.48448625927733,3475151090.62,0.0005876872126906463
2024-07-30,17.69,18.01,0.4498142127246852,3356663421.66,-0.005066326870009408
2024-07-31,16.36,16.97,0.4648073205634767,4864174811.01,0.016254499976771752
2024-08-01,18.59,19.14,0.4851221527818499,2991904075.37,-0.014160984898541451
2024-08-02,23.39,23.34,0.4824036614265272,2108487296.9,-0.018618258504180973
2024-08-05,38.57,33.71,0.4457020425681583,477084855.23,-0.029123751439333545
2024-08-06,27.71,26.76,0.4662950851069058,1139237300.61,0.009219487047082087
2024-08-07,27.85,27.01,0.476325181765005,592021575.78,-0.006683925516912881
2024-08-08,23.79,24.13,0.4575324245944873,2937064801.545,0.02311748159032767
2024-08-09,20.37,21.18,0.4921438026284468,3006151670.155,0.004409456606590423
2024-08-12,20.71,21.63,0.4874198398174274,2995707979.46,0.0005254051316678776
2024-08-13,18.12,19.86,0.4736166994673834,4838110534.285,0.01644584760098433
2024-08-14,16.19,18.45,0.479641796045145,5393188545.41,0.003154549042534871
2024-08-15,15.23,17.88,0.4706055475970381,7887918588.35,0.017140165062293322
2024-08-16,14.8,17.81,0.5046204681634883,5123957497.84,0.002242106873271421
2024-08-19,14.65,17.59,0.5314045743795677,6233610334.875,0.00956143118372177
2024-08-20,15.88,18.28,0.5261054392224487,6208359712.06,-0.0016260605567995912
2024-08-21,16.27,18.58,0.5015591774491193,6921479038.575,0.00343645955089511
2024-08-22,17.55,19.36,0.5269392864745218,5153200945.66,-0.007848402853028458
2024-08-23,15.86,18.19,0.5003818902272721,5959589387.565,0.010625273593212858
2024-08-26,16.15,18.25,0.5311372270372489,5779012431.34,-0.0023838081109496256
2024-08-27,15.43,17.73,0.5184440857155292,5845340981.72,0.0013729594177573912
2024-08-28,17.11,18.9,0.5110332836647742,4939437289.45,-0.005805186460573042
2024-08-29,15.65,18.0,0.5139634565138288,5523035218.93,8.964094270047518e-05
2024-08-30,15.0,17.43,0.4903525258691827,6086556803.41,0.009545960644327556
2024-09-02,15.55,17.43,0.4903525258691827,6086556803.41,0.009545960644327556
2024-09-03,20.72,21.7,0.508833359001173,3740020284.86,-0.020578918275010016
2024-09-04,21.32,22.07,0.5102521351017828,3595195654.73,-0.0020469440190744592
2024-09-05,19.9,20.93,0.5347519461596297,3520684582.43,-0.0024321808589056193
2024-09-06,22.38,22.74,0.5160224553886789,2315966377.225,-0.01683009220076248
2024-09-09,19.45,20.88,0.4700371868507697,3280530135.64,0.011196253508404475
2024-09-10,19.08,20.55,0.5042466636728258,3849656184.97,0.0043558010091993005
2024-09-11,17.69,19.59,0.5260588887828703,5336593611.67,0.010258620709284516
2024-09-12,17.07,19.48,0.5146940294651113,6940079337.84,0.008423462632985101
2024-09-13,16.56,19.28,0.5014514379138926,5909286858.81,0.005222559741555166
2024-09-16,17.14,19.81,0.4452931963157245,5961311631.08,0.0014770383679783006
2024-09-17,17.61,20.13,0.4596922677091956,6155123107.83,0.00040873357753001827
2024-09-18,18.23,20.35,0.5003872372289817,5805165888.845,-0.002966046918579046
2024-09-19,16.33,19.07,0.4695936526456746,8221473205.36,0.01706449392421927
2024-09-20,16.15,18.94,0.5269819601480139,5303295296.81,-0.0017287123161396911
2024-09-23,15.89,18.7,0.4779295338238031,5786903108.815,0.002499014556502255
2024-09-24,15.39,18.47,0.4604311619824734,6328267075.14,0.0028613778394273037
2024-09-25,15.41,18.57,0.4753545604403865,6394695661.57,-0.002205791841764726
2024-09-26,15.37,18.45,0.4589892776800006,6959651132.06,0.003964800647585642
2024-09-27,16.96,19.54,0.458956888782214,5567042737.51,-0.0014503990937563271
2024-09-30,16.73,19.22,0.4498615310238202,6352622311.23,0.004007416216051274
2024-10-01,19.26,20.89,0.4559557192377865,4896533689.6,-0.008958495996637117
2024-10-02,18.9,20.59,0.4537937083873902,4428681483.82,0.0004220737216988901
2024-10-03,20.49,21.63,0.4735931003809274,4816938822.33,-0.0018281779867485026
2024-10-04,19.21,20.65,0.4603112263193784,5743532577.46,0.009087424667289845
2024-10-07,22.64,22.59,0.4710297095802152,3846572084.54,-0.009040591890144833
2024-10-08,21.42,21.52,0.4612569039036569,5963801711.795,0.009457552416897164
2024-10-09,20.86,20.91,0.4802917489559164,7047951415.94,0.006926375029708831
2024-10-10,20.93,21.02,0.505544532639612,6592904183.59,-0.0017499291458934474
2024-10-11,20.46,20.77,0.4807976724960353,6401612335.485,0.005988234357958255
2024-10-14,19.7,20.12,0.4417353373614127,7410156662.525,0.008178455361924408
2024-10-15,20.64,20.8,0.4530726148300995,6591408664.14,-0.007769922124887363
2024-10-16,19.58,20.32,0.4419092740002252,7096290604.985,0.004346737250428445
2024-10-17,19.11,19.81,0.4500084011013342,7121736829.42,8.557650753715507e-05
2024-10-18,18.03,19.19,0.4536361939800037,5436123275.77,0.003846655742334004
2024-10-21,18.37,19.24,0.4561387603256886,5398150643.01,-0.0016420669180361447
2024-10-22,18.2,19.17,0.4564773786287177,5851529850.79,-0.0005312863404979273
2024-10-23,19.24,20.04,0.4745022512206676,4082983910.275,-0.009137365781024864
2024-10-24,19.08,19.85,0.4718424275892129,4880783378.82,0.0021626945959039023
2024-10-25,20.33,20.94,0.5035022551358372,4749534530.95,-0.00034551236644997374
2024-10-28,19.8,20.17,0.4603223688097718,4915880671.095,0.003091430526182215
2024-10-29,19.34,19.96,0.4466970040749655,5024193848.845,0.0016184870427735643
2024-10-30,20.35,20.76,0.4409768755881462,4423596923.13,-0.0030252091843017137
2024-10-31,23.16,22.64,0.4257287727872477,1917795553.99,-0.01960308625965801
2024-11-01,21.88,21.91,0.4321029260778999,3675434280.67,0.004220369262593282
2024-11-04,21.98,21.57,0.4430222186283885,3341290878.1,-0.002154001920025461
2024-11-05,20.49,20.19,0.4443728275623208,4614333694.51,0.012092034841011623
2024-11-06,16.27,17.67,0.4233628517205045,7758532407.61,0.02486559313993597
2024-11-07,15.2,16.95,0.4754304522324671,9662097969.405,0.007732061163874038
2024-11-08,14.94,16.83,0.4960295472351906,7382278792.875,0.004331607062928011
2024-11-11,14.97,16.8,0.4570829697471293,7378270517.98,0.0009529899591387281
2024-11-12,14.71,16.71,0.456386986061053,7246970942.92,-0.0031063360412690866
2024-11-13,14.02,16.51,0.4734522122841683,7180883104.055,0.0004857686482722112
2024-11-14,14.31,16.68,0.4692102348576661,6447921288.31,-0.006430206460433574
2024-11-15,16.14,17.81,0.4717625868883435,3974675801.22,-0.012808430868013976
2024-11-18,15.58,17.19,0.4328434626116803,4681640451.28,0.004097302915529344
2024-11-19,16.35,17.69,0.4425351873934582,5359810256.17,0.003655474203944742
2024-11-20,17.16,18.26,0.4785193215763816,5417552741.44,0.00033861666072065866
2024-11-21,16.87,18.18,0.4515024507251714,6330482864.06,0.005368458783025609
2024-11-22,15.24,17.3,0.4803932400644954,6027379554.77,0.003099499050194021
2024-11-25,14.6,16.87,0.4556971891232685,6625218270.06,0.0033917909183220907
2024-11-26,14.1,16.53,0.4288433545638844,7744311204.2,0.0052215902593417685
2024-11-27,14.1,16.6,0.4513469187013214,6855214026.0,-0.003029984694522536
2024-11-28,13.9,16.6,0.4513469187013214,6855214026.0,-0.003029984694522536
2024-11-29,13.51,16.26,0.3824180352729878,6826040464.43,0.006211945721408041
2024-12-02,13.34,16.34,0.4314116829116506,7706048007.55,0.0017925343116806935
2024-12-03,13.3,16.24,0.4572783197724437,8146922443.375,0.0004637390430815014
2024-12-04,13.45,16.39,0.47199793004748,9545620758.4,0.006209510619023417
2024-12-05,13.54,16.58,0.4342016450427796,9140526161.325,-0.0016457396510601852
2024-12-06,12.77,16.32,0.4482028284534184,7631066627.59,0.0018959001428933142
2024-12-09,14.19,17.09,0.4577672517113256,6954304274.37,-0.005149775023360559
2024-12-10,14.18,16.98,0.4493212404645196,6807175031.78,-0.003108991042220177
2024-12-11,13.58,16.88,0.4758637658004902,8034815760.055,0.0077304295440854265
2024-12-12,13.92,17.35,0.4978026373338508,7076150111.89,-0.005152333079819993
2024-12-13,13.81,17.15,0.4842802616476507,6050424113.52,-0.00019861814543220557
2024-12-16,14.69,17.57,0.4773660011279741,5979848912.115,0.0042697467151651125
2024-12-17,15.87,18.13,0.4639221337417133,6160603504.01,-0.004119889249361797
2024-12-18,27.62,24.24,0.4899548627022649,2158783462.75,-0.02980346115350485
2024-12-19,24.09,24.14,0.4998641939165206,2450546702.59,-0.0003072589937267445
2024-12-20,18.36,20.1,0.457766690249385,3723450386.15,0.012011121262937685
2024-12-23,16.78,18.65,0.4527265491410503,4698052213.6,0.005988313845908255
2024-12-24,14.27,17.2,0.4754144906234165,7095206967.79,0.011114993282984376
2024-12-26,14.73,17.36,0.5009728260754676,6785424919.14,6.648855168323031e-05
2024-12-27,15.95,18.07,0.4917524404112254,4199651257.635,-0.010526482054136643
2024-12-30,17.4,18.94,0.4306666037436302,2997519655.26,-0.011411586367528481
2024-12-31,17.35,18.98,0.4556693888932286,2441213241.37,-0.0036380303829519622
2025-01-02,17.93,19.33,0.4465679440622498,2371887332.96,-0.002457018332623462
2025-01-03,16.13,18.14,0.4333370808855306,4096050139.705,0.012503298375420746
2025-01-06,16.04,18.03,0.4708132195920826,5052128431.3,0.0057607208609304905
2025-01-07,17.82,19.19,0.4821055844569468,3469278377.985,-0.01130394116073763
2025-01-08,17.7,19.34,0.4673007898946944,3247296337.15,0.0014608004313110268
2025-01-09,18.07,19.34,0.4673007898946944,3247296337.15,0.0014608004313110268
2025-01-10,19.54,20.97,0.4922114643213968,2208536026.495,-0.015267218983367026
2025-01-13,19.19,20.43,0.4431237417557748,2397711379.54,0.0015503706847863619
2025-01-14,18.71,19.99,0.4740413641104078,2579500681.42,0.0013759502770052112
2025-01-15,16.12,18.23,0.4214838450289671,5716896248.16,0.01819002884394938
2025-01-16,16.6,18.35,0.473563909975931,4775367063.665,-0.0019233111490153387
2025-01-17,15.97,18.19,0.4479366169245808,4166702586.62,0.010040007252678729
2025-01-20,15.81,18.19,0.4479366169245808,4166702586.62,0.010040007252678729
2025-01-21,15.06,17.5,0.451750590327064,4966653057.85,0.009153376558130866
2025-01-22,15.1,17.81,0.4776529181342209,6366758457.72,0.005621641854193671
2025-01-23,15.02,17.52,0.4957922414113402,7073749361.21,0.00545805853915704
2025-01-24,14.85,17.55,0.4803216534183047,4931479224.98,-0.002919264959769352
2025-01-27,17.9,18.97,0.427369429128921,4327572894.085,-0.014145356222404648
2025-01-28,16.41,18.13,0.4472607573782893,5416249325.51,0.008592315317060173
2025-01-29,16.56,18.15,0.472362371669707,5055559749.31,-0.004482967158625062
2025-01-30,15.84,17.91,0.4934754952824077,6007920512.42,0.0053671859760371365
2025-01-31,16.43,18.43,0.5044075810848718,4428409812.36,-0.005322013686878346
2025-02-03,18.62,19.55,0.4437787521794468,3583323664.46,-0.006729450249601476
2025-02-04,17.21,18.64,0.4607745165018623,4725386327.795,0.006708265236212485
2025-02-05,15.77,17.96,0.4852712013997137,5258058995.205,0.004054423062778145
2025-02-06,15.5,17.94,0.4623419096696821,6298794496.54,0.0034756295468787446
2025-02-07,16.54,18.63,0.5118799512894407,4104401645.92,-0.009153411562772051
2025-02-10,15.81,18.23,0.4428263141827276,5096090725.49,0.006791224284519393
2025-02-11,16.02,18.28,0.4394785326245868,5222593117.26,0.0007605411152529218
2025-02-12,15.89,18.31,0.4638846891535793,5189626640.545,-0.0032216898605842426
2025-02-13,15.1,17.84,0.4586036057666422,7596817905.955,0.010557708255736653
2025-02-14,14.77,17.81,0.4718726802161639,5979705471.675,-4.927878362037674e-05
2025-02-17,15.37,17.81,0.4718726802161639,5979705471.675,-4.927878362037674e-05
2025-02-18,15.35,17.82,0.4542581768784482,5920643382.97,0.0029358976669520143
2025-02-19,15.27,17.93,0.478141280986225,6592821598.88,0.0023549188372289365
2025-02-20,15.66,18.01,0.4573166308277657,5561483626.56,-0.004160346116164559
2025-02-21,18.21,19.48,0.4620086402431404,2954752220.15,-0.01710400613660845
2025-02-24,18.98,19.86,0.4294737573430397,2365713327.77,-0.004550406396044981
2025-02-25,19.43,20.03,0.3879538780092035,2166538016.49,-0.004973390324342075
2025-02-26,19.1,19.75,0.474436507767366,2271171020.44,0.0005050065539069504
2025-02-27,21.13,21.22,0.4769895686262407,627294061.42,-0.015961909523318774
2025-02-28,19.63,20.18,0.4592141958886622,2770328688.23,0.0156054888944539
2025-03-03,22.78,22.18,0.455030199677589,1522242896.66,-0.01751997766630431
2025-03-04,23.51,22.78,0.4060176730631142,557568217.87,-0.01183676164866676
2025-03-05,21.93,21.72,0.4698395790750865,1875806088.245,0.010747730837302738
2025-03-06,24.87,23.7,0.4673725442762191,466724209.505,-0.01775115672124894
2025-03-07,23.37,22.59,0.431068391886937,1211369428.3,0.005604885844907148
2025-03-10,27.86,25.72,0.404998665059791,-125126815.305,-0.026635511651277977
2025-03-11,26.92,25.34,0.4297145428243521,-550474789.48,-0.008313000999340847
2025-03-12,24.23,23.67,0.4852050427182967,42629739.785,0.005306711888906301
2025-03-13,24.66,24.06,0.4856294225275546,-1089722186.225,-0.013330657012063596
2025-03-14,21.77,22.17,0.4904341823010574,622999962.43,0.020655906135268243
2025-03-17,20.51,21.3,0.481698604922673,1295488233.54,0.00771133679017999
2025-03-18,21.7,21.97,0.4895836887889758,314071295.42,-0.010808487898628982
2025-03-19,19.9,20.83,0.4788721369789631,1592929579.855,0.010890956650734918
2025-03-20,19.8,20.71,0.4986042675390054,1394388566.31,-0.0028919175507399197
2025-03-21,19.28,20.35,0.5014628245424331,1528378630.55,0.00032989199083721665
2025-03-24,17.48,19.04,0.4742261507057847,3359703172.92,0.017908599461789354
2025-03-25,17.15,19.05,0.4899230047943808,3543467884.88,0.0024038215328545665
2025-03-26,18.33,19.84,0.4732277810568287,2084828945.15,-0.011938228305225729
2025-03-27,18.69,19.89,0.4769697125620827,2057823444.92,-0.002655735881150312
2025-03-28,21.65,22.01,0.4802636097058405,400421432.91,-0.020138212342233786
2025-03-31,22.28,21.97,0.4453603707095603,799952988.58,0.006712577101404937
2025-04-01,21.77,21.82,0.4933969794547043,1504443221.12,0.002824553701041621
2025-04-02,21.51,21.45,0.5219781917454429,2134590896.35,0.006328298292829215
2025-04-03,30.02,27.38,0.5105829962612093,-1003997546.345,-0.0492808064931346
2025-04-04,45.31,36.71,0.4267143754223834,-1944044431.83,-0.05854282631206209
2025-04-07,46.98,36.88,0.4191197353836181,-1905543907.46,-0.001781249590409928
2025-04-08,52.33,41.5,0.4977090674251742,-1852544173.38,-0.015662692960500824
2025-04-09,33.62,29.92,0.457100381274339,1643186972.17,0.10501930911064017
2025-04-10,40.72,35.71,0.4867026385454357,32966429.745,-0.043819062573260736
2025-04-11,37.56,33.91,0.4766725457906067,373447964.17,0.01784277577362925
2025-04-14,30.89,29.63,0.4841533774417382,808319767.055,0.009701622903123708
2025-04-15,30.12,29.0,0.4724949839367063,782826927.06,-0.00280102140040972
2025-04-16,32.64,30.94,0.4838311524968895,-770242084.665,-0.022228078391931083
2025-04-17,29.65,29.35,0.4599745514859861,47459813.27,0.0014268350248789474
2025-04-21,33.82,31.83,0.4623529937986741,-656792281.545,-0.02380270712392807
2025-04-22,30.57,29.45,0.4572643700640089,615614084.42,0.02601775974219156
2025-04-23,28.45,28.02,0.4921933604490677,1762633447.355,0.015495480308824972
2025-04-24,26.47,26.44,0.5045256511529626,3430226051.74,0.021048912949868326
2025-04-25,24.84,25.37,0.5356302232977369,2387843867.555,0.007225311311978455
2025-04-28,25.15,25.73,0.5195499471098621,2590989411.665,0.000381272763119167
2025-04-29,24.17,25.22,0.5096269044948454,3241496173.6,0.006299501905075555
2025-04-30,24.7,25.54,0.5209585104045852,3445248866.56,0.0003968300492129817
2025-05-01,24.6,25.49,0.5307610602933195,4186919182.95,0.007086756457844956
2025-05-02,22.68,24.0,0.5079807595274437,4034809600.41,0.014844248983960195
2025-05-05,23.64,24.55,0.5237464625923822,3722988083.74,-0.005734215590911473
2025-05-06,24.76,25.41,0.5187221614443868,3059046862.42,-0.008358325676825262
2025-05-07,23.55,24.7,0.5055778134378277,3822177846.61,0.004205416334334133
2025-05-08,22.48,23.76,0.4927347327541085,4778376833.05,0.006967652273661029
2025-05-09,21.9,23.38,0.4870246140438736,3793108873.58,-0.0012740024202869682
2025-05-12,18.39,20.22,0.4365755862606138,6761859324.96,0.03304742941467098
2025-05-13,18.22,20.09,0.4560484584770439,7499879615.62,0.006603860821533747
2025-05-14,18.62,20.58,0.499447578990882,7533048358.36,0.0012780826440004223
2025-05-15,17.83,20.25,0.4991540078933931,7096014764.73,0.004884285134641564
2025-05-16,17.24,20.08,0.5209059964560645,6202214338.51,0.006334043929497213
2025-05-19,18.14,20.69,0.5089934353394393,6545107695.47,0.001093923806363195
2025-05-20,18.09,20.72,0.523667735467574,6358990782.8,-0.0033622573759429786
2025-05-21,20.87,22.66,0.5266812394093878,4488106391.41,-0.016850775346555102
2025-05-22,20.28,22.32,0.5079842300245047,4585225549.87,0.00039460189702000825
2025-05-23,22.29,23.8,0.5288699094077024,3454684648.54,-0.006825639685453577
2025-05-26,20.57,23.8,0.5288699094077024,3454684648.54,-0.006825639685453577
2025-05-27,18.96,21.29,0.4744553984238606,6006309425.44,0.02079046874263546
2025-05-28,19.31,21.67,0.5077503202574968,5384692268.73,-0.005785242945128943
2025-05-29,19.18,21.62,0.5214688686051221,5584823371.44,0.0039473365509063996
2025-05-30,18.57,21.38,0.5354291576645207,5255528465.63,-0.0011185059286688004
2025-06-02,18.36,21.09,0.5208515532577502,5794483459.18,0.005632921295571913
2025-06-03,17.69,20.72,0.4868140448637895,6863834851.97,0.005702766119861424
2025-06-04,17.61,20.66,0.5183603617899183,6992906009.94,-0.00026872004220612755
2025-06-05,18.48,21.11,0.4832112182732311,6197527509.9,-0.004832652403296889
2025-06-06,16.77,20.02,0.4824346827553941,6770754218.76,0.010269029902033378
2025-06-09,17.16,20.09,0.4961782442700162,6950247951.93,0.0009011253788435702
2025-06-10,16.95,19.94,0.4770347320040091,7795453221.9,0.005669821601985259
2025-06-11,17.26,20.3,0.521497289029143,7526968979.99,-0.0028521799815779403
2025-06-12,18.02,20.65,0.512892450340208,8078933833.33,0.003974481637680771
2025-06-13,20.82,22.62,0.5319432618902847,5368715710.27,-0.011180263670473423
2025-06-16,19.11,21.23,0.4874782405467984,6994019606.47,0.009514344503849026
2025-06-17,21.6,22.91,0.5119677589906794,5709706273.82,-0.00854517139843114
2025-06-18,20.14,21.97,0.4941173693705816,5905181546.26,-0.00015060950756184965
2025-06-19,22.17,21.97,0.4941173693705816,5905181546.26,-0.00015060950756184965
2025-06-20,20.62,22.48,0.4986356346464716,3856968962.96,-0.002348577608368929
2025-06-23,19.83,21.82,0.4745595015841087,5339344397.88,0.009877485739587577
2025-06-24,17.48,20.05,0.4573227194561624,6369686298.52,0.011047288866202987
2025-06-25,16.76,19.67,0.4468616683275453,7148616930.82,0.000560282661534961
2025-06-26,16.59,19.45,0.4474168459876984,8072461301.8,0.007823708081869052
2025-06-27,16.32,19.45,0.4923368100709143,7354743566.71,0.004968423651560361
2025-06-30,16.73,19.44,0.4585380442227525,8189956840.36,0.004781279687299023
2025-07-01,16.83,19.51,0.4477918888330869,7377212602.94,-0.0003237141327537829
2025-07-02,16.64,19.35,0.4709472628253357,8410326706.47,0.004533365492089381
2025-07-03,16.38,19.21,0.4476260522392778,8111996422.69,0.007881299997254843
2025-07-04,17.48,19.21,0.4476260522392778,8111996422.69,0.007881299997254843
2025-07-07,17.79,20.21,0.4933735531106827,7119342127.83,-0.007451971921066947
2025-07-08,16.81,19.58,0.4629562058394133,7221989575.17,-0.0005477352950125081
2025-07-09,15.94,19.02,0.4732450556518882,8914926324.86,0.00599675555837198
2025-07-10,15.78,18.92,0.4765365404919671,9180511276.02,0.0028201591092256173
2025-07-11,16.4,19.37,0.5009375407589809,7424283159.14,-0.0035154084840562927
2025-07-14,17.2,19.84,0.4856410690332122,7738057459.71,0.0019082830706971254
2025-07-15,17.38,20.06,0.5054118824322469,7181147244.9,-0.004273310535627517
2025-07-16,17.16,20.09,0.4911250869986281,7489264274.67,0.0033432733845384366
2025-07-17,16.52,19.69,0.5056610941271,8974995266.94,0.006119538410830128
2025-07-18,16.41,19.58,0.488996391523647,5944322656.14,-0.0007323346017438226
2025-07-21,16.65,19.51,0.5286802654917541,6518489855.17,0.001896143492131186
2025-07-22,16.5,19.53,0.4911548865891385,5934749486.56,0.00014309729281114514
2025-07-23,15.37,18.56,0.4913610293992498,7676720631.88,0.008507575318954297
2025-07-24,15.39,18.56,0.4885721247937431,8232858198.47,0.0003309323466664793
2025-07-25,14.93,18.32,0.4769363006059228,6662267721.97,0.004224435835635587
2025-07-28,15.03,18.16,0.464367312428855,6928943479.12,-0.0002511658677887274
2025-07-29,15.98,18.77,0.4677552547645185,6371624221.36,-0.0026374681700745972
2025-07-30,15.48,18.35,0.4967022508160478,6097195989.57,-0.0012594666428340506
2025-07-31,16.72,19.14,0.4864093382350865,5602472269.98,-0.003751164153554032
2025-08-01,20.38,21.24,0.4778755899416375,4206957830.42,-0.01639031998897922
2025-08-04,17.52,19.61,0.493340800156717,5509206516.81,0.015199663392138074
2025-08-05,17.85,20.03,0.5104029199677118,4956985022.77,-0.005069926343612585
2025-08-06,16.77,19.47,0.4981498320497319,6885056501.58,0.007659660445043404
2025-08-07,16.57,19.35,0.4909886221389488,7268678445.23,-0.000837636431655131
2025-08-08,15.15,18.7,0.4799067614925307,7104874959.97,0.007797554830949682
2025-08-11,16.25,19.25,0.4979532430774366,7073272424.02,-0.0019775013459851776
2025-08-12,14.73,18.34,0.4883897384942745,9222677076.74,0.010646078845516938
2025-08-13,14.49,18.33,0.497528344673351,9554009566.2,0.003423132386020322
2025-08-14,14.83,18.49,0.5070666789022263,9972658498.35,9.301357079483097e-05
2025-08-15,15.09,18.64,0.4938450014253651,6559237118.42,-0.0023411979263346927
2025-08-18,14.99,18.45,0.4791791584417266,7059529380.35,-0.00021771255650937515
2025-08-19,15.57,18.9,0.46847662054828,5609867335.39,-0.00542510102815319
2025-08-20,15.69,19.1,0.4331844438519711,5198012874.39,-0.002657080804944645
2025-08-21,16.6,19.41,0.4816484085540034,4671695623.69,-0.004011713095880665
2025-08-22,14.22,17.76,0.4610650479001054,7012234646.41,0.015356637351427116
2025-08-25,14.79,18.02,0.4711248068135336,6837265495.67,-0.004400924825375907
2025-08-26,14.62,17.9,0.4834154444820751,7518243815.32,0.004186872705103539
2025-08-27,14.85,17.94,0.4779580739225902,8070047921.08,0.002278644276482167
2025-08-28,14.43,17.72,0.4865584349508358,9268973791.04,0.003541324132844581
2025-08-29,15.36,18.35,0.466972027096476,6587620296.37,-0.005963639392962183
2025-09-01,16.12,18.35,0.466972027096476,6587620296.37,-0.005963639392962183
2025-09-02,17.17,19.38,0.4481868970603395,5695614425.11,-0.007410347641911175
2025-09-03,16.35,18.93,0.5028761035829258,6649068413.7,0.005419642546478309
2025-09-04,15.3,18.39,0.4979496688601461,8736257142.04,0.008357320883294106
2025-09-05,15.18,18.42,0.5002497323149075,6657444531.0,-0.0028961941058495144
2025-09-08,15.11,18.29,0.4871428068327681,7112365004.64,0.0024565777359784047
2025-09-09,15.04,18.27,0.5030411629936398,8014489416.98,0.0023118846201510834
2025-09-10,15.35,18.44,0.4696490047736112,7674128006.46,0.002890805295761023
2025-09-11,14.71,18.03,0.4777187934855563,9455767066.19,0.008310385076542914
2025-09-12,14.76,18.06,0.5104082447983005,7705699529.11,-0.0003348180562272596
2025-09-15,15.69,18.53,0.4769077745344119,8607071955.22,0.0053239632981088025
2025-09-16,16.36,18.91,0.4539390673198221,8294768650.55,-0.0013767915798059693
2025-09-17,15.72,18.44,0.4557410999343627,8630734127.09,-0.001242457061691904
2025-09-18,15.7,18.52,0.4879370704115464,9229137608.56,0.004672499536354291
2025-09-19,15.45,18.48,0.4620207333296275,7221005006.35,0.004952868450893266
2025-09-22,16.1,18.95,0.4606007566505989,7804100698.22,0.004731049353107419
2025-09-23,16.64,19.44,0.4513489778399516,6945220590.68,-0.005443470649980853
2025-09-24,16.18,19.14,0.4386985159041842,6729719258.57,-0.0031816642308674092
2025-09-25,16.74,19.46,0.452690610924957,5745673608.81,-0.004613467564511753
2025-09-26,15.29,18.41,0.4475029319686559,6507002455.37,0.0057290340826092745
2025-09-29,16.12,18.76,0.4120423596295545,7387805164.56,0.0028104467833012237
2025-09-30,16.28,18.77,0.4057227741336832,7869595104.33,0.003766834755358328
2025-10-01,16.29,18.76,0.4325926948960469,8331463843.65,0.0034075722246513784
2025-10-02,16.63,18.89,0.4533059440730929,8813095584.05,0.0011517326256851312
2025-10-03,16.65,19.08,0.4285403022699323,7145644577.07,-1.4713447336833774e-05
2025-10-06,16.37,19.12,0.4234703824116462,8076661222.41,0.0035861796762737264
2025-10-07,17.24,19.71,0.4233981334278057,7666628328.25,-0.0037075138893177817
2025-10-08,16.3,19.26,0.45686911574134,8943683366.5,0.005963055269571305
2025-10-09,16.43,19.38,0.4779898205599923,9281334761.45,-0.002896974724933221
2025-10-10,21.66,22.81,0.4669604262057988,4326241481.91,-0.027027862178845674
2025-10-13,19.03,20.93,0.445884630612281,6115597746.47,0.015344118135168339
2025-10-14,20.81,22.03,0.4598371070749149,5901838501.65,-0.0012216462876413203
2025-10-15,20.64,21.94,0.4569235538371681,6761378176.96,0.004439529909605389
2025-10-16,25.31,24.87,0.4687064641663973,5269523815.32,-0.006810319600221937
2025-10-17,20.78,22.09,0.4563747925102731,5484917730.33,0.005676392528467966
2025-10-20,18.23,20.31,0.4491445732283318,7161909617.93,0.010400500262923273
2025-10-21,17.87,19.99,0.4423772085178547,7520783534.21,-1.494287878323064e-05
2025-10-22,18.6,20.31,0.4410232153364585,6293061871.38,-0.005198916065879078
2025-10-23,17.3,19.65,0.4732222880203374,7820295201.83,0.005929962705964353
2025-10-24,16.37,19.2,0.4585403760746272,7120844043.28,0.008172554694480416
2025-10-27,15.79,18.99,0.4543820631901545,8811406395.69,0.011797755361480311
2025-10-28,16.42,19.55,0.4642449617776533,9319787449.32,0.002655925971395856
2025-10-29,16.92,19.83,0.4826595211618743,8576786583.48,0.0004803706386860007
2025-10-30,16.91,19.98,0.435343586848268,6677915847.53,-0.010998097614260183
2025-10-31,17.44,20.49,0.4251789662348758,6624386660.87,0.0032801312668069293
2025-11-03,17.17,20.38,0.4288247682637994,6781361326.36,0.0018766496475834948
2025-11-04,19.0,21.29,0.4350867477896292,5193682277.35,-0.011853548427536165
2025-11-05,18.01,20.6,0.4314845934423743,5841663848.71,0.003465476656154154
2025-11-06,19.5,21.35,0.4445074270242051,3909448954.64,-0.010729363869237507
2025-11-07,19.08,21.19,0.4157386053994561,5127254402.97,0.000984565078659072
2025-11-10,17.6,20.24,0.4602017274430328,7393632865.95,0.015604278627143309
2025-11-11,17.28,20.19,0.457797430250406,7921433802.95,0.002289357854538432
2025-11-12,17.51,20.34,0.4412578739145336,8048269704.74,0.0005563903162315587
2025-11-13,20.0,21.85,0.4467928320102257,5335870433.45,-0.016593994920437227
2025-11-14,19.83,21.58,0.4572889529024689,5314866728.69,-0.0001638243733123046
2025-11-17,22.38,23.18,0.4418779670466153,4043957779.62,-0.009316347515515466
2025-11-18,24.69,24.54,0.4057787841257781,3089427720.76,-0.008397553343794883
2025-11-19,23.66,23.99,0.4275772517277845,3211649593.55,0.0038631766432766224
2025-11-20,26.42,25.76,0.4616904854973454,1340626611.58,-0.015242227316648038
2025-11-21,23.43,23.96,0.4354131355161924,2988036246.6,0.009961138168965045
2025-11-24,20.52,21.85,0.4625193885191947,4690352253.26,0.014718606876234608
2025-11-25,18.56,20.73,0.4749065810454575,6492416925.57,0.009406020092127543
2025-11-26,17.19,20.02,0.4904526631769301,8421491005.95,0.006903398821459961
2025-11-27,17.21,20.02,0.4904526631769301,8421491005.95,0.006903398821459961
2025-11-28,16.35,19.64,0.4493395888494485,6938138988.38,0.0054584342293309
2025-12-01,17.24,20.22,0.4908042317598918,6642945076.75,-0.004565470301164498
2025-12-02,16.59,19.84,0.4867801941739906,7458541203.42,0.0018521864059071191
2025-12-03,16.08,19.71,0.5020173590876521,7975761652.39,0.003462839691083186
2025-12-04,15.78,19.49,0.4480904145339894,8601452063.7,0.0007310498015529188
2025-12-05,15.41,19.27,0.4572996980446061,7176962361.07,0.0018994848443159018
2025-12-08,16.66,19.91,0.4647743571136219,6813504425.19,-0.003004298856025711
2025-12-09,16.93,20.08,0.4672530155718718,6762231183.3,-0.0008629381305947925
2025-12-10,15.77,19.35,0.4530402256294149,7523159648.74,0.00663214455678518
2025-12-11,14.85,19.05,0.4673539374842177,7926128077.16,0.0023269460314641055
2025-12-12,15.74,19.25,0.4666249034778935,6509966677.8,-0.010751986278262682
2025-12-15,16.5,19.68,0.4417498135855839,6170639237.86,-0.0015108084138407696
2025-12-16,16.48,19.67,0.4499767003299719,6494447750.23,-0.002732375302379353
2025-12-17,17.62,20.08,0.4629170329488922,4502157909.68,-0.011003593983400228
2025-12-18,16.87,19.59,0.4490546017721714,6689398265.78,0.0075513543702006025
2025-12-19,14.91,18.25,0.4715840596395724,5875128134.31,0.009063414425573013
2025-12-22,14.08,17.79,0.4434401317293244,7172229064.14,0.00622989400678442
2025-12-23,14.0,17.84,0.4432571468685826,8282330449.17,0.0045704023396588855
2025-12-24,13.47,17.77,0.4555444412433638,9286153262.63,0.003517674396244841
2025-12-26,13.6,17.77,0.467985846756966,6821528138.03,-0.00010140966545213459
2025-12-29,14.2,17.82,0.4246376106304307,6182187701.57,-0.0035636535074947684
2025-12-30,14.33,17.77,0.4210884837561359,6330371934.03,-0.0012211244085722495
2025-12-31,14.95,18.18,0.4386556499499279,4532633850.86,-0.0074089416209803804
2026-01-02,14.51,18.02,0.4667575163192126,4747106524.47,0.0018329931020035772
2026-01-05,14.9,18.32,0.4901667247951398,5987819235.59,0.006660117292359935
2026-01-06,14.75,18.15,0.4653835128082585,6534977805.48,0.0059472480516442605
2026-01-07,15.38,18.59,0.4797634909462668,6280882837.49,-0.003223412281198157
2026-01-08,15.45,18.39,0.4553564327907503,6286915585.12,-0.00010152731427326422
2026-01-09,14.49,17.88,0.467450970931873,6562700849.21,0.006613382996888628
2026-01-12,15.12,18.23,0.4762137207811034,6743804529.25,0.00157043300066384
2026-01-13,15.98,18.85,0.459679855556542,6477575094.64,-0.0019995067653818532
2026-01-14,16.75,19.37,0.4460530214917583,5217893515.41,-0.0049151644595419874
2026-01-15,15.84,18.9,0.4419078456934662,5850802530.38,0.002723208385480236
2026-01-16,15.86,18.99,0.4358132388684452,3831067998.5,-0.000837905189162047
2026-01-19,18.84,18.99,0.4358132388684452,3831067998.5,-0.000837905189162047
2026-01-20,20.09,21.28,0.4198377560073585,1814029568.13,-0.02035680001149731
2026-01-21,16.9,19.36,0.4155726170285169,3346888759.56,0.0115411092816613
2026-01-22,15.64,18.75,0.4533952602386525,5345750999.12,0.005223257672714476
2026-01-23,16.09,19.15,0.447230423522225,4448432396.66,0.00036273518897367296
2026-01-26,16.15,19.07,0.4595926621948827,4862830145.12,0.005078142735685631
2026-01-27,16.35,19.22,0.456669190823758,5238488933.3,0.0039842543077575066
2026-01-28,16.35,19.3,0.4584591332621618,5338842375.21,-0.0001006645803248718
2026-01-29,16.88,19.67,0.434440280923251,5527721732.42,-0.001984377154833794
2026-01-30,17.44,20.07,0.4510346051438673,4525764597.42,-0.002982572514766746
2026-02-02,16.34,19.37,0.4423988507108459,5069252179.2,0.004971400525214165
2026-02-03,18.0,20.35,0.4407379785319332,4408072162.65,-0.008455473390127866
2026-02-04,18.64,20.62,0.4081445293284202,4070213440.42,-0.004843853725993386
2026-02-05,21.77,22.45,0.40406248966664,3180788269.6,-0.012489284060324235
2026-02-06,17.76,20.37,0.445373884290967,4804932968.16,0.01918478647681998
2026-02-09,17.36,20.09,0.4580543662192916,5613052438.47,0.004821815563577747
2026-02-10,17.79,20.43,0.4589289225974104,5321465363.52,-0.0026371459581814305
2026-02-11,17.65,20.37,0.4470536786884437,5002389285.85,-0.00023112214366449724
2026-02-12,20.82,22.17,0.4474743800337078,3055298147.07,-0.01544885969788623
2026-02-13,20.6,22.17,0.4414548923952034,2915535519.25,0.0007044991031190939
2026-02-16,21.2,22.17,0.4414548923952034,2915535519.25,0.0007044991031190939
2026-02-17,20.29,21.6,0.4424007650378042,3582901176.04,0.0016134830190519533
2026-02-18,19.62,21.39,0.4668055046153697,2903005383.22,0.005037707550576753
2026-02-19,20.23,21.88,0.4773222261247201,200115326.33,-0.002637433731113581
2026-02-20,19.09,21.09,0.4726034082755785,5449390896.36,0.007231939581382241
2026-02-23,21.01,22.14,0.4514775923431176,1150290354.56,-0.010211366038766267
2026-02-24,19.55,21.34,0.4429346432328954,3098836082.14,0.00726847527019836
2026-02-25,17.93,20.36,0.4545325692991614,4456157595.71,0.008438306300538434
2026-02-26,18.63,20.81,0.4495985635326274,1826571927.73,-0.005554445579207146
2026-02-27,19.86,21.56,0.4373866878821676,4856132673.37,-0.004801940858611298
2026-03-02,21.44,22.44,0.4689489996291328,2616728166.54,0.0005686124327104469
2026-03-03,23.57,23.54,0.4422467594893358,2721525872.19,-0.008814339520359149
2026-03-04,21.15,22.29,0.4558999093145457,6917491809.23,0.00705526576749449
2026-03-05,23.75,23.86,0.4674757442661732,2935529684.63,-0.005575491873376914
2026-03-06,29.49,27.56,0.4699144990638909,-255824365.19,-0.01310712873041986
2026-03-09,25.5,25.34,0.4473437004675842,2647946753.99,0.00875996072290297
2026-03-10,24.93,25.51,0.479149873493909,2833611024.71,-0.0016071058958396778
2026-03-11,24.23,24.97,0.4517660593251669,1772177538.97,-0.0012551345486657706
2026-03-12,27.29,26.95,0.4740241202673953,-341342620.5799998,-0.015184966271003186
2026-03-13,27.19,27.28,0.4422691793544434,100977975.2800002,-0.00566013575260893
2026-03-16,23.51,24.92,0.4349127113238323,1750363701.4099991,0.01017686501045656
2026-03-17,22.37,24.33,0.4533155517590173,2106344535.550002,0.002630544991105488
2026-03-18,25.09,26.56,0.4526863096055648,-140231247.46000004,-0.013953644515257158
2026-03-19,24.06,25.54,0.4479524133045914,-321849345.7400001,-0.002464288275344284
2026-03-20,26.78,27.43,0.4592937103426273,-1096289832.7600005,-0.014335787930812693
2026-03-23,26.15,26.1,0.425720764875833,672894694.540001,0.010499991225476402
2026-03-24,26.95,26.56,0.4394308971253725,132400727.9900002,-0.0033568144771775055
2026-03-25,25.33,25.63,0.4462804211545297,1201182250.100001,0.0055726882440485515
2026-03-26,27.44,27.16,0.4286655911145995,-313179686.9200002,-0.017858729983344035
2026-03-27,31.05,29.27,0.4146203144550502,-7241893459.340001,-0.01705189415742525
2026-03-30,30.61,29.13,0.3929775152865248,-1077105660.4,-0.0033433906874337227
2026-03-31,25.25,25.55,0.4455336668721925,2329652811.6200023,0.029067865784757174
2026-04-01,24.54,24.86,0.4873863957740775,2657525888.350002,0.00753449141030349
2026-04-02,23.87,24.72,0.5026903210303237,2745627207.1699977,0.0009004595313388819
2026-04-06,24.17,24.77,0.4535916573323762,2907439796.07,0.004726845083763864
2026-04-07,25.78,25.57,0.4687452319414843,2706029192.4900007,0.0004400005646272298
2026-04-08,21.04,22.68,0.4549138884057118,5350519304.339996,0.02546963651219092
2026-04-09,19.49,21.81,0.4843504483938458,5641402275.270006,0.005769017699185586
2026-04-10,19.23,21.86,0.4759718009237338,5108014699.940001,-0.0006617754265585418
2026-04-13,19.12,21.34,0.4584326988965629,5665588771.520002,0.009772447246481741
2026-04-14,18.36,20.82,0.4899623983050458,7404904814.709997,0.012184877209840739
2026-04-15,18.17,20.78,0.5092928207960492,8885947956.449993,0.007890969227043909
2026-04-16,17.94,20.77,0.4975064998716014,9546876389.540005,0.002457347646937613
2026-04-17,17.48,20.51,0.5087107326916703,9780203902.370005,0.012085686101644066
2026-04-20,18.87,21.24,0.4735528613834722,7185735880.470004,-0.0019997351150194964
2026-04-21,19.5,21.51,0.4752254808784145,6359145548.17999,-0.006546892848539487
2026-04-22,18.92,21.24,0.4836678367242191,9888930994.329994,0.01012671209511895
2026-04-23,19.31,21.48,0.500839584947403,6199237820.500002,-0.0038807408683984024
2026-04-24,18.71,21.3,0.4833588923978335,6672055294.960004,0.007749309237231605
2026-04-27,18.02,20.77,0.4693799810171222,6375296101.809994,0.001722787837563633
2026-04-28,17.83,20.49,0.4474305236771733,6253277687.449994,-0.004865992267119479
2026-04-29,18.81,21.19,0.4565729912992703,6095989872.319997,-0.00015450932498595193
2026-04-30,16.89,20.08,0.4460611240650714,6946361649.689999,0.009949633527564838
2026-05-01,16.99,20.37,0.4578831560205426,8425788598.119994,0.0027690952923506984
2026-05-04,18.29,21.05,0.4470357355384104,5927444691.909999,-0.0036633921467564834
2026-05-05,17.38,20.82,0.4367253102343347,6707898191.189997,0.008022228723942426
2026-05-06,17.39,20.57,0.4511810054120742,8492997873.139992,0.013899399692774095
2026-05-07,17.08,20.35,0.4663110207687232,8472046156.229991,-0.0030660824190705815
2026-05-08,17.19,20.5,0.4296161123681806,21320969400.29001,0.00825609701116825
2026-05-11,18.38,21.24,0.4558958919462222,7829916426.260001,0.002277563042387465
2026-05-12,17.99,21.04,0.4402876479584301,7542266245.039989,-0.0015149526145865622
2026-05-13,17.87,21.18,0.4540866374304625,8599272149.920002,0.00559483781461112
2026-05-14,17.26,20.85,0.4564458239971536,9067645347.11,0.0078943149045545
2026-05-15,18.43,21.36,0.4586056288898683,18158401316.429977,-0.012029343756796207
2026-05-18,17.82,20.92,0.406804796618155,5732999302.109999,-0.0007035093177317764
2026-05-19,18.06,21.12,0.4233686847617977,5071324836.050002,-0.0066607880874933745
2026-05-20,17.44,20.76,0.4342620868408589,6379637570.380002,0.010248994582563453
2026-05-21,16.76,20.0,0.4546384297820917,7296277520.409994,0.0019830877010671433
2026-05-22,16.7,20.03,0.4464729955360107,9134498537.969994,0.003931549076803931
2026-05-25,16.59,20.03,0.4464729955360107,9134498537.969994,0.003931549076803931
2026-05-26,17.01,19.89,0.4061861570724671,7103457636.9800005,0.006638641352187502
2026-05-27,16.29,19.45,0.4240568312036319,8171889036.700002,-0.0001732421647460125
2026-05-28,15.74,19.11,0.4250576927113554,9134728289.779997,0.005516578600909927
2026-05-29,15.32,18.66,0.449982731682619,7366590365.690004,0.0024914048034492264
2026-06-01,16.05,19.43,0.4166602969946495,7239240262.650002,0.0027231134609038143
2026-06-02,15.77,19.49,0.4446884547284291,7033977418.819994,0.0013579397972762752
2026-06-03,16.06,19.76,0.4400888581255191,6111053584.429998,-0.00701718232049986
2026-06-04,15.4,19.23,0.4370930990078814,7716824237.309999,0.0037786857621391334
2026-06-05,21.51,21.82,0.4322927686180423,3784922726.600004,-0.025809371248925683
2026-06-08,18.92,20.79,0.4267624311852229,4122450210.95,0.002264172608771542
2026-06-09,19.87,21.31,0.438657038792334,3131028235.509996,-0.0029354505508077944
2026-06-10,22.22,22.89,0.4671909882961861,2484373556.909997,-0.015765562508027298
2026-06-11,19.44,21.42,0.4316777776502114,4470087719.119997,0.016996847886747934
2026-06-12,17.68,20.51,0.4638606558086038,3327313572.8200026,0.005408247901529384
2026-06-15,16.2,19.36,0.4510916409518232,6798412328.420003,0.01763396989375332
2026-06-16,16.41,19.53,0.4542767670067351,6355900514.990005,-0.005961562844234103
2026-06-17,18.44,20.62,0.4508729207099307,4431738249.989998,-0.012487870885051433
2026-06-18,16.4,19.57,0.4487694761282678,7293281018.489995,0.010396992441959574
2026-06-19,16.78,19.57,0.4487694761282678,7293281018.489995,0.010396992441959574
2026-06-22,17.28,19.76,0.4296248384779484,3154507071.209996,-0.003146979693962715
2026-06-23,19.49,21.06,0.4110718757946343,2503765194.0000014,-0.014521954010491611
2026-06-24,18.63,20.37,0.4078460340169213,470387847.8899992,-0.0004635170636431152
2026-06-25,18.89,20.33,0.4117347585857735,1999601545.65,0.0014456352254532678
2026-06-26,18.41,20.13,0.4379261865667433,-4684580683.590003,-0.007231373616869652
2026-06-29,17.65,19.53,0.4367006319129934,4416738657.590001,0.016474862380159383
2026-06-30,16.45,19.0,0.4641172720511479,5033569396.449999,0.007786800986842035
2026-07-01,16.59,19.16,0.4450297992196889,5969398052.919995,-0.001352504438058455
2026-07-02,16.15,19.04,0.4087285125568812,6862495709.000004,-0.001314069480687241
2026-07-03,15.81,19.04,0.4087285125568812,6862495709.000004,-0.001314069480687241
2026-07-06,15.57,18.78,0.4313542356669204,7022852982.470004,0.008727409093039817
2026-07-07,16.13,19.01,0.4248471823445452,5515537288.550003,-0.004751899671231685
2026-07-08,16.9,19.46,0.4421194346342096,4734780042.660004,-0.0030894297130047432
2026-07-09,15.84,18.99,0.4458700210094029,6805710227.01,0.00846525000257925
2026-07-10,15.03,18.57,0.4530286084487404,8991094532.680002,0.0043101596888019955
2026-07-13,17.16,19.64,0.4376153626122268,5589200020.789998,-0.007656174850540931
2026-07-14,16.5,19.3,0.4329369806965504,6361761193.890008,0.00355064169730146
2026-07-15,15.67,18.91,0.4272340010764571,7583830338.86,0.003963635929681075
2026-07-16,16.73,19.5,0.4247869592578168,5472705749.540002,-0.005418617756386079
2026-07-17,18.77,20.54,0.4530330791185663,5154758320.860001,-0.009897156017872222
2026-07-20,18.65,20.4,0.4365478789744658,3710697470.239997,-0.0016143782471810253
2026-07-21,17.05,19.59,0.4515198425825282,4771688928.19,0.008341309298597777
2026-07-22,16.64,19.54,0.4901147308212822,8996511499.789999,-0.0011627413779321527
2026-07-23,18.7,20.6,0.4701450324117148,2655187855.6200013,-0.012349287272575782
2026-07-24,18.58,20.51,0.4329154419332347,2346701895.94,0.0010160123647910968
2026-07-27,18.67,20.2,0.4024641547941154,3489326799.419997,0.0002165755636849287
2026-07-28,18.21,19.86,0.3970051261221774,3991429784.2600026,0.002394780651586048
2026-07-29,20.66,21.5,0.4252898546750935,6180965808.659988,-0.015387473482586067
2026-07-30,17.09,19.5,0.4528130506820768,4400346926.759996,0.01676579949601198
2026-07-31,15.99,19.02,0.4563733466718037,5735994676.9000025,0.007199809675054292
2026-08-03,15.86,18.93,0.4684046983313216,6674260619.770003,0.01424300656734756
2026-08-04,16.5,19.34,0.451775566245597,8531816420.640002,0.018029002715958642
2026-08-05,15.81,18.95,0.4641149032109337,10305663538.57001,-0.0019966020100066206
2026-08-06,15.15,18.69,0.454612869627269,7879621776.859999,-0.001597813044932006
2026-08-07,14.9,18.72,0.4553315957553551,9051568501.380009,0.006115348472417681
2026-08-10,15.46,18.98,0.4869232457288892,8301573853.249998,-0.00029741673673222557
2026-08-11,15.28,18.91,0.434864642668353,6936569374.639993,-0.0031952597501651026
2026-08-12,14.55,18.53,0.4438835769269218,10631444986.600008,0.0025046624297864195
2026-08-13,14.63,18.61,0.4708154655625065,9180506464.639996,0.006977455651952402
2026-08-14,14.25,18.46,0.4687039485423613,15192866703.359991,-0.0019797115463531245
2026-08-17,15.19,19.04,0.4749449517559393,6802210686.069997,-0.004727366641364417
2026-08-18,15.84,19.27,0.4415730354962551,5772038698.800004,-0.006755757074274671
2026-08-19,14.89,18.57,0.4410600182245588,6689220907.309998,0.00209783741736147
2026-08-20,16.01,19.06,0.4622306904765073,4907952290.049998,-0.008399893367440514
2026-08-21,15.13,18.5,0.4630596870824577,4094243670.560003,0.0040912604472485015
2026-08-24,15.85,18.56,0.445732259963148,5473398447.95,-0.0029384110198065194
2026-08-25,15.45,18.21,0.4688563302240431,5617405682.190001,0.003195937672779925
2026-08-26,15.21,17.99,0.4572723933325182,5806272835.459999,0.0002220155779071309
2026-08-27,14.51,17.56,0.4512841752601823,6720966788.069999,0.006552786111251541
2026-08-28,14.43,17.48,0.4589518613140611,4482081599.77,0.006552786111251541
