observation_date,value,realtime_start,realtime_end
1971-01-08,0.60200,2026-09-27,2026-09-27
1971-01-15,0.63500,2026-09-27,2026-09-27
1971-01-22,0.67200,2026-09-27,2026-09-27
1971-01-29,0.71300,2026-09-27,2026-09-27
1971-02-05,0.75700,2026-09-27,2026-09-27
1971-02-12,0.80000,2026-09-27,2026-09-27
1971-02-19,0.84100,2026-09-27,2026-09-27
1971-02-26,0.88300,2026-09-27,2026-09-27
1971-03-05,0.92500,2026-09-27,2026-09-27
1971-03-12,0.97100,2026-09-27,2026-09-27
1971-03-19,1.02200,2026-09-27,2026-09-27
1971-03-26,1.08100,2026-09-27,2026-09-27
1971-04-02,1.14700,2026-09-27,2026-09-27
1971-04-09,1.22000,2026-09-27,2026-09-27
1971-04-16,1.29500,2026-09-27,2026-09-27
1971-04-23,1.36500,2026-09-27,2026-09-27
1971-04-30,1.42400,2026-09-27,2026-09-27
1971-05-07,1.46300,2026-09-27,2026-09-27
1971-05-14,1.47500,2026-09-27,2026-09-27
1971-05-21,1.45400,2026-09-27,2026-09-27
1971-05-28,1.40100,2026-09-27,2026-09-27
1971-06-04,1.32200,2026-09-27,2026-09-27
1971-06-11,1.22300,2026-09-27,2026-09-27
1971-06-18,1.12200,2026-09-27,2026-09-27
1971-06-25,1.03500,2026-09-27,2026-09-27
1971-07-02,0.97700,2026-09-27,2026-09-27
1971-07-09,0.96500,2026-09-27,2026-09-27
1971-07-16,1.00800,2026-09-27,2026-09-27
1971-07-23,1.10800,2026-09-27,2026-09-27
1971-07-30,1.26000,2026-09-27,2026-09-27
1971-08-06,1.45000,2026-09-27,2026-09-27
1971-08-13,1.65800,2026-09-27,2026-09-27
1971-08-20,1.86100,2026-09-27,2026-09-27
1971-08-27,2.03500,2026-09-27,2026-09-27
1971-09-03,2.16400,2026-09-27,2026-09-27
1971-09-10,2.23300,2026-09-27,2026-09-27
1971-09-17,2.24300,2026-09-27,2026-09-27
1971-09-24,2.19700,2026-09-27,2026-09-27
1971-10-01,2.10400,2026-09-27,2026-09-27
1971-10-08,1.97900,2026-09-27,2026-09-27
1971-10-15,1.84000,2026-09-27,2026-09-27
1971-10-22,1.70300,2026-09-27,2026-09-27
1971-10-29,1.58200,2026-09-27,2026-09-27
1971-11-05,1.48600,2026-09-27,2026-09-27
1971-11-12,1.42000,2026-09-27,2026-09-27
1971-11-19,1.38300,2026-09-27,2026-09-27
1971-11-26,1.36700,2026-09-27,2026-09-27
1971-12-03,1.36500,2026-09-27,2026-09-27
1971-12-10,1.36800,2026-09-27,2026-09-27
1971-12-17,1.36500,2026-09-27,2026-09-27
1971-12-24,1.34900,2026-09-27,2026-09-27
1971-12-31,1.31700,2026-09-27,2026-09-27
1972-01-07,1.25800,2026-09-27,2026-09-27
1972-01-14,1.18300,2026-09-27,2026-09-27
1972-01-21,1.09100,2026-09-27,2026-09-27
1972-01-28,0.98900,2026-09-27,2026-09-27
1972-02-04,0.88600,2026-09-27,2026-09-27
1972-02-11,0.78600,2026-09-27,2026-09-27
1972-02-18,0.69200,2026-09-27,2026-09-27
1972-02-25,0.60900,2026-09-27,2026-09-27
1972-03-03,0.53800,2026-09-27,2026-09-27
1972-03-10,0.47800,2026-09-27,2026-09-27
1972-03-17,0.42700,2026-09-27,2026-09-27
1972-03-24,0.38200,2026-09-27,2026-09-27
1972-03-31,0.34000,2026-09-27,2026-09-27
1972-04-07,0.29600,2026-09-27,2026-09-27
1972-04-14,0.25000,2026-09-27,2026-09-27
1972-04-21,0.20100,2026-09-27,2026-09-27
1972-04-28,0.15300,2026-09-27,2026-09-27
1972-05-05,0.10800,2026-09-27,2026-09-27
1972-05-12,0.07100,2026-09-27,2026-09-27
1972-05-19,0.04500,2026-09-27,2026-09-27
1972-05-26,0.03400,2026-09-27,2026-09-27
1972-06-02,0.04200,2026-09-27,2026-09-27
1972-06-09,0.06700,2026-09-27,2026-09-27
1972-06-16,0.10800,2026-09-27,2026-09-27
1972-06-23,0.16000,2026-09-27,2026-09-27
1972-06-30,0.21600,2026-09-27,2026-09-27
1972-07-07,0.26800,2026-09-27,2026-09-27
1972-07-14,0.30900,2026-09-27,2026-09-27
1972-07-21,0.33300,2026-09-27,2026-09-27
1972-07-28,0.33700,2026-09-27,2026-09-27
1972-08-04,0.31800,2026-09-27,2026-09-27
1972-08-11,0.28000,2026-09-27,2026-09-27
1972-08-18,0.22500,2026-09-27,2026-09-27
1972-08-25,0.16000,2026-09-27,2026-09-27
1972-09-01,0.09100,2026-09-27,2026-09-27
1972-09-08,0.02600,2026-09-27,2026-09-27
1972-09-15,-0.03100,2026-09-27,2026-09-27
1972-09-22,-0.07700,2026-09-27,2026-09-27
1972-09-29,-0.11100,2026-09-27,2026-09-27
1972-10-06,-0.13400,2026-09-27,2026-09-27
1972-10-13,-0.15100,2026-09-27,2026-09-27
1972-10-20,-0.16500,2026-09-27,2026-09-27
1972-10-27,-0.17700,2026-09-27,2026-09-27
1972-11-03,-0.19200,2026-09-27,2026-09-27
1972-11-10,-0.21000,2026-09-27,2026-09-27
1972-11-17,-0.23000,2026-09-27,2026-09-27
1972-11-24,-0.25100,2026-09-27,2026-09-27
1972-12-01,-0.26900,2026-09-27,2026-09-27
1972-12-08,-0.27900,2026-09-27,2026-09-27
1972-12-15,-0.27600,2026-09-27,2026-09-27
1972-12-22,-0.25300,2026-09-27,2026-09-27
1972-12-29,-0.20700,2026-09-27,2026-09-27
1973-01-05,-0.13400,2026-09-27,2026-09-27
1973-01-12,-0.03200,2026-09-27,2026-09-27
1973-01-19,0.09700,2026-09-27,2026-09-27
1973-01-26,0.24900,2026-09-27,2026-09-27
1973-02-02,0.41700,2026-09-27,2026-09-27
1973-02-09,0.59200,2026-09-27,2026-09-27
1973-02-16,0.76100,2026-09-27,2026-09-27
1973-02-23,0.91500,2026-09-27,2026-09-27
1973-03-02,1.04600,2026-09-27,2026-09-27
1973-03-09,1.14900,2026-09-27,2026-09-27
1973-03-16,1.22000,2026-09-27,2026-09-27
1973-03-23,1.26300,2026-09-27,2026-09-27
1973-03-30,1.28000,2026-09-27,2026-09-27
1973-04-06,1.27800,2026-09-27,2026-09-27
1973-04-13,1.26100,2026-09-27,2026-09-27
1973-04-20,1.23700,2026-09-27,2026-09-27
1973-04-27,1.20900,2026-09-27,2026-09-27
1973-05-04,1.18100,2026-09-27,2026-09-27
1973-05-11,1.15700,2026-09-27,2026-09-27
1973-05-18,1.13800,2026-09-27,2026-09-27
1973-05-25,1.12800,2026-09-27,2026-09-27
1973-06-01,1.12800,2026-09-27,2026-09-27
1973-06-08,1.14200,2026-09-27,2026-09-27
1973-06-15,1.17200,2026-09-27,2026-09-27
1973-06-22,1.22100,2026-09-27,2026-09-27
1973-06-29,1.28900,2026-09-27,2026-09-27
1973-07-06,1.37700,2026-09-27,2026-09-27
1973-07-13,1.48400,2026-09-27,2026-09-27
1973-07-20,1.60400,2026-09-27,2026-09-27
1973-07-27,1.73300,2026-09-27,2026-09-27
1973-08-03,1.86600,2026-09-27,2026-09-27
1973-08-10,1.99500,2026-09-27,2026-09-27
1973-08-17,2.11600,2026-09-27,2026-09-27
1973-08-24,2.22300,2026-09-27,2026-09-27
1973-08-31,2.31200,2026-09-27,2026-09-27
1973-09-07,2.37600,2026-09-27,2026-09-27
1973-09-14,2.41500,2026-09-27,2026-09-27
1973-09-21,2.42800,2026-09-27,2026-09-27
1973-09-28,2.41800,2026-09-27,2026-09-27
1973-10-05,2.38600,2026-09-27,2026-09-27
1973-10-12,2.34100,2026-09-27,2026-09-27
1973-10-19,2.28900,2026-09-27,2026-09-27
1973-10-26,2.23800,2026-09-27,2026-09-27
1973-11-02,2.19400,2026-09-27,2026-09-27
1973-11-09,2.16100,2026-09-27,2026-09-27
1973-11-16,2.13800,2026-09-27,2026-09-27
1973-11-23,2.11900,2026-09-27,2026-09-27
1973-11-30,2.09600,2026-09-27,2026-09-27
1973-12-07,2.05700,2026-09-27,2026-09-27
1973-12-14,1.99200,2026-09-27,2026-09-27
1973-12-21,1.89600,2026-09-27,2026-09-27
1973-12-28,1.76700,2026-09-27,2026-09-27
1974-01-04,1.60600,2026-09-27,2026-09-27
1974-01-11,1.42400,2026-09-27,2026-09-27
1974-01-18,1.22800,2026-09-27,2026-09-27
1974-01-25,1.03300,2026-09-27,2026-09-27
1974-02-01,0.85000,2026-09-27,2026-09-27
1974-02-08,0.69000,2026-09-27,2026-09-27
1974-02-15,0.56400,2026-09-27,2026-09-27
1974-02-22,0.48000,2026-09-27,2026-09-27
1974-03-01,0.44400,2026-09-27,2026-09-27
1974-03-08,0.45900,2026-09-27,2026-09-27
1974-03-15,0.52800,2026-09-27,2026-09-27
1974-03-22,0.64900,2026-09-27,2026-09-27
1974-03-29,0.81900,2026-09-27,2026-09-27
1974-04-05,1.03500,2026-09-27,2026-09-27
1974-04-12,1.29200,2026-09-27,2026-09-27
1974-04-19,1.58300,2026-09-27,2026-09-27
1974-04-26,1.90400,2026-09-27,2026-09-27
1974-05-03,2.24700,2026-09-27,2026-09-27
1974-05-10,2.60600,2026-09-27,2026-09-27
1974-05-17,2.97300,2026-09-27,2026-09-27
1974-05-24,3.34000,2026-09-27,2026-09-27
1974-05-31,3.70000,2026-09-27,2026-09-27
1974-06-07,4.04300,2026-09-27,2026-09-27
1974-06-14,4.35900,2026-09-27,2026-09-27
1974-06-21,4.64000,2026-09-27,2026-09-27
1974-06-28,4.87500,2026-09-27,2026-09-27
1974-07-05,5.05200,2026-09-27,2026-09-27
1974-07-12,5.16800,2026-09-27,2026-09-27
1974-07-19,5.22000,2026-09-27,2026-09-27
1974-07-26,5.21400,2026-09-27,2026-09-27
1974-08-02,5.15900,2026-09-27,2026-09-27
1974-08-09,5.06400,2026-09-27,2026-09-27
1974-08-16,4.94200,2026-09-27,2026-09-27
1974-08-23,4.80200,2026-09-27,2026-09-27
1974-08-30,4.65200,2026-09-27,2026-09-27
1974-09-06,4.49700,2026-09-27,2026-09-27
1974-09-13,4.33900,2026-09-27,2026-09-27
1974-09-20,4.17800,2026-09-27,2026-09-27
1974-09-27,4.01000,2026-09-27,2026-09-27
1974-10-04,3.83500,2026-09-27,2026-09-27
1974-10-11,3.65300,2026-09-27,2026-09-27
1974-10-18,3.47300,2026-09-27,2026-09-27
1974-10-25,3.30100,2026-09-27,2026-09-27
1974-11-01,3.14500,2026-09-27,2026-09-27
1974-11-08,3.01200,2026-09-27,2026-09-27
1974-11-15,2.90400,2026-09-27,2026-09-27
1974-11-22,2.81600,2026-09-27,2026-09-27
1974-11-29,2.74500,2026-09-27,2026-09-27
1974-12-06,2.68200,2026-09-27,2026-09-27
1974-12-13,2.61800,2026-09-27,2026-09-27
1974-12-20,2.54500,2026-09-27,2026-09-27
1974-12-27,2.45500,2026-09-27,2026-09-27
1975-01-03,2.34600,2026-09-27,2026-09-27
1975-01-10,2.21600,2026-09-27,2026-09-27
1975-01-17,2.06800,2026-09-27,2026-09-27
1975-01-24,1.90900,2026-09-27,2026-09-27
1975-01-31,1.74500,2026-09-27,2026-09-27
1975-02-07,1.58100,2026-09-27,2026-09-27
1975-02-14,1.42500,2026-09-27,2026-09-27
1975-02-21,1.27700,2026-09-27,2026-09-27
1975-02-28,1.14100,2026-09-27,2026-09-27
1975-03-07,1.01500,2026-09-27,2026-09-27
1975-03-14,0.89900,2026-09-27,2026-09-27
1975-03-21,0.79100,2026-09-27,2026-09-27
1975-03-28,0.68900,2026-09-27,2026-09-27
1975-04-04,0.59000,2026-09-27,2026-09-27
1975-04-11,0.49300,2026-09-27,2026-09-27
1975-04-18,0.39700,2026-09-27,2026-09-27
1975-04-25,0.30300,2026-09-27,2026-09-27
1975-05-02,0.21200,2026-09-27,2026-09-27
1975-05-09,0.12800,2026-09-27,2026-09-27
1975-05-16,0.05100,2026-09-27,2026-09-27
1975-05-23,-0.01600,2026-09-27,2026-09-27
1975-05-30,-0.07100,2026-09-27,2026-09-27
1975-06-06,-0.11300,2026-09-27,2026-09-27
1975-06-13,-0.14200,2026-09-27,2026-09-27
1975-06-20,-0.16000,2026-09-27,2026-09-27
1975-06-27,-0.16900,2026-09-27,2026-09-27
1975-07-04,-0.17000,2026-09-27,2026-09-27
1975-07-11,-0.16700,2026-09-27,2026-09-27
1975-07-18,-0.16100,2026-09-27,2026-09-27
1975-07-25,-0.15300,2026-09-27,2026-09-27
1975-08-01,-0.14300,2026-09-27,2026-09-27
1975-08-08,-0.13000,2026-09-27,2026-09-27
1975-08-15,-0.11300,2026-09-27,2026-09-27
1975-08-22,-0.09200,2026-09-27,2026-09-27
1975-08-29,-0.06700,2026-09-27,2026-09-27
1975-09-05,-0.03700,2026-09-27,2026-09-27
1975-09-12,-0.00500,2026-09-27,2026-09-27
1975-09-19,0.03000,2026-09-27,2026-09-27
1975-09-26,0.06400,2026-09-27,2026-09-27
1975-10-03,0.09600,2026-09-27,2026-09-27
1975-10-10,0.12200,2026-09-27,2026-09-27
1975-10-17,0.14200,2026-09-27,2026-09-27
1975-10-24,0.15400,2026-09-27,2026-09-27
1975-10-31,0.15800,2026-09-27,2026-09-27
1975-11-07,0.15100,2026-09-27,2026-09-27
1975-11-14,0.13400,2026-09-27,2026-09-27
1975-11-21,0.10600,2026-09-27,2026-09-27
1975-11-28,0.06700,2026-09-27,2026-09-27
1975-12-05,0.01700,2026-09-27,2026-09-27
1975-12-12,-0.04300,2026-09-27,2026-09-27
1975-12-19,-0.11000,2026-09-27,2026-09-27
1975-12-26,-0.18300,2026-09-27,2026-09-27
1976-01-02,-0.25800,2026-09-27,2026-09-27
1976-01-09,-0.33300,2026-09-27,2026-09-27
1976-01-16,-0.40500,2026-09-27,2026-09-27
1976-01-23,-0.47100,2026-09-27,2026-09-27
1976-01-30,-0.53000,2026-09-27,2026-09-27
1976-02-06,-0.58200,2026-09-27,2026-09-27
1976-02-13,-0.62600,2026-09-27,2026-09-27
1976-02-20,-0.66200,2026-09-27,2026-09-27
1976-02-27,-0.69200,2026-09-27,2026-09-27
1976-03-05,-0.71500,2026-09-27,2026-09-27
1976-03-12,-0.73100,2026-09-27,2026-09-27
1976-03-19,-0.74000,2026-09-27,2026-09-27
1976-03-26,-0.74100,2026-09-27,2026-09-27
1976-04-02,-0.73400,2026-09-27,2026-09-27
1976-04-09,-0.71800,2026-09-27,2026-09-27
1976-04-16,-0.69400,2026-09-27,2026-09-27
1976-04-23,-0.66200,2026-09-27,2026-09-27
1976-04-30,-0.62500,2026-09-27,2026-09-27
1976-05-07,-0.58500,2026-09-27,2026-09-27
1976-05-14,-0.54600,2026-09-27,2026-09-27
1976-05-21,-0.51100,2026-09-27,2026-09-27
1976-05-28,-0.48200,2026-09-27,2026-09-27
1976-06-04,-0.46400,2026-09-27,2026-09-27
1976-06-11,-0.45700,2026-09-27,2026-09-27
1976-06-18,-0.46100,2026-09-27,2026-09-27
1976-06-25,-0.47600,2026-09-27,2026-09-27
1976-07-02,-0.49800,2026-09-27,2026-09-27
1976-07-09,-0.52700,2026-09-27,2026-09-27
1976-07-16,-0.55800,2026-09-27,2026-09-27
1976-07-23,-0.59000,2026-09-27,2026-09-27
1976-07-30,-0.62100,2026-09-27,2026-09-27
1976-08-06,-0.64900,2026-09-27,2026-09-27
1976-08-13,-0.67200,2026-09-27,2026-09-27
1976-08-20,-0.69100,2026-09-27,2026-09-27
1976-08-27,-0.70500,2026-09-27,2026-09-27
1976-09-03,-0.71500,2026-09-27,2026-09-27
1976-09-10,-0.72100,2026-09-27,2026-09-27
1976-09-17,-0.72300,2026-09-27,2026-09-27
1976-09-24,-0.72200,2026-09-27,2026-09-27
1976-10-01,-0.71800,2026-09-27,2026-09-27
1976-10-08,-0.71200,2026-09-27,2026-09-27
1976-10-15,-0.70500,2026-09-27,2026-09-27
1976-10-22,-0.69600,2026-09-27,2026-09-27
1976-10-29,-0.68600,2026-09-27,2026-09-27
1976-11-05,-0.67700,2026-09-27,2026-09-27
1976-11-12,-0.67000,2026-09-27,2026-09-27
1976-11-19,-0.66500,2026-09-27,2026-09-27
1976-11-26,-0.66500,2026-09-27,2026-09-27
1976-12-03,-0.67000,2026-09-27,2026-09-27
1976-12-10,-0.68300,2026-09-27,2026-09-27
1976-12-17,-0.70200,2026-09-27,2026-09-27
1976-12-24,-0.72800,2026-09-27,2026-09-27
1976-12-31,-0.76000,2026-09-27,2026-09-27
1977-01-07,-0.79700,2026-09-27,2026-09-27
1977-01-14,-0.83300,2026-09-27,2026-09-27
1977-01-21,-0.86800,2026-09-27,2026-09-27
1977-01-28,-0.90000,2026-09-27,2026-09-27
1977-02-04,-0.92400,2026-09-27,2026-09-27
1977-02-11,-0.94000,2026-09-27,2026-09-27
1977-02-18,-0.94700,2026-09-27,2026-09-27
1977-02-25,-0.94400,2026-09-27,2026-09-27
1977-03-04,-0.93200,2026-09-27,2026-09-27
1977-03-11,-0.91200,2026-09-27,2026-09-27
1977-03-18,-0.88500,2026-09-27,2026-09-27
1977-03-25,-0.85200,2026-09-27,2026-09-27
1977-04-01,-0.81500,2026-09-27,2026-09-27
1977-04-08,-0.77500,2026-09-27,2026-09-27
1977-04-15,-0.73300,2026-09-27,2026-09-27
1977-04-22,-0.69100,2026-09-27,2026-09-27
1977-04-29,-0.65000,2026-09-27,2026-09-27
1977-05-06,-0.61100,2026-09-27,2026-09-27
1977-05-13,-0.57600,2026-09-27,2026-09-27
1977-05-20,-0.54500,2026-09-27,2026-09-27
1977-05-27,-0.52100,2026-09-27,2026-09-27
1977-06-03,-0.50300,2026-09-27,2026-09-27
1977-06-10,-0.49200,2026-09-27,2026-09-27
1977-06-17,-0.48700,2026-09-27,2026-09-27
1977-06-24,-0.48700,2026-09-27,2026-09-27
1977-07-01,-0.49100,2026-09-27,2026-09-27
1977-07-08,-0.49700,2026-09-27,2026-09-27
1977-07-15,-0.50300,2026-09-27,2026-09-27
1977-07-22,-0.50800,2026-09-27,2026-09-27
1977-07-29,-0.51000,2026-09-27,2026-09-27
1977-08-05,-0.50900,2026-09-27,2026-09-27
1977-08-12,-0.50400,2026-09-27,2026-09-27
1977-08-19,-0.49500,2026-09-27,2026-09-27
1977-08-26,-0.48300,2026-09-27,2026-09-27
1977-09-02,-0.46800,2026-09-27,2026-09-27
1977-09-09,-0.44900,2026-09-27,2026-09-27
1977-09-16,-0.42600,2026-09-27,2026-09-27
1977-09-23,-0.40100,2026-09-27,2026-09-27
1977-09-30,-0.37400,2026-09-27,2026-09-27
1977-10-07,-0.34600,2026-09-27,2026-09-27
1977-10-14,-0.31800,2026-09-27,2026-09-27
1977-10-21,-0.29100,2026-09-27,2026-09-27
1977-10-28,-0.26700,2026-09-27,2026-09-27
1977-11-04,-0.24600,2026-09-27,2026-09-27
1977-11-11,-0.23000,2026-09-27,2026-09-27
1977-11-18,-0.21900,2026-09-27,2026-09-27
1977-11-25,-0.21300,2026-09-27,2026-09-27
1977-12-02,-0.21400,2026-09-27,2026-09-27
1977-12-09,-0.21900,2026-09-27,2026-09-27
1977-12-16,-0.22900,2026-09-27,2026-09-27
1977-12-23,-0.24300,2026-09-27,2026-09-27
1977-12-30,-0.25800,2026-09-27,2026-09-27
1978-01-06,-0.27400,2026-09-27,2026-09-27
1978-01-13,-0.28700,2026-09-27,2026-09-27
1978-01-20,-0.29500,2026-09-27,2026-09-27
1978-01-27,-0.29600,2026-09-27,2026-09-27
1978-02-03,-0.28900,2026-09-27,2026-09-27
1978-02-10,-0.27400,2026-09-27,2026-09-27
1978-02-17,-0.25000,2026-09-27,2026-09-27
1978-02-24,-0.21700,2026-09-27,2026-09-27
1978-03-03,-0.17500,2026-09-27,2026-09-27
1978-03-10,-0.12700,2026-09-27,2026-09-27
1978-03-17,-0.07400,2026-09-27,2026-09-27
1978-03-24,-0.01600,2026-09-27,2026-09-27
1978-03-31,0.04400,2026-09-27,2026-09-27
1978-04-07,0.10600,2026-09-27,2026-09-27
1978-04-14,0.16900,2026-09-27,2026-09-27
1978-04-21,0.23300,2026-09-27,2026-09-27
1978-04-28,0.29700,2026-09-27,2026-09-27
1978-05-05,0.35900,2026-09-27,2026-09-27
1978-05-12,0.41900,2026-09-27,2026-09-27
1978-05-19,0.47600,2026-09-27,2026-09-27
1978-05-26,0.52700,2026-09-27,2026-09-27
1978-06-02,0.57200,2026-09-27,2026-09-27
1978-06-09,0.60800,2026-09-27,2026-09-27
1978-06-16,0.63400,2026-09-27,2026-09-27
1978-06-23,0.65000,2026-09-27,2026-09-27
1978-06-30,0.65400,2026-09-27,2026-09-27
1978-07-07,0.64600,2026-09-27,2026-09-27
1978-07-14,0.62800,2026-09-27,2026-09-27
1978-07-21,0.60200,2026-09-27,2026-09-27
1978-07-28,0.57000,2026-09-27,2026-09-27
1978-08-04,0.53600,2026-09-27,2026-09-27
1978-08-11,0.50500,2026-09-27,2026-09-27
1978-08-18,0.48500,2026-09-27,2026-09-27
1978-08-25,0.48300,2026-09-27,2026-09-27
1978-09-01,0.50400,2026-09-27,2026-09-27
1978-09-08,0.55300,2026-09-27,2026-09-27
1978-09-15,0.63500,2026-09-27,2026-09-27
1978-09-22,0.74900,2026-09-27,2026-09-27
1978-09-29,0.89300,2026-09-27,2026-09-27
1978-10-06,1.06000,2026-09-27,2026-09-27
1978-10-13,1.24200,2026-09-27,2026-09-27
1978-10-20,1.42700,2026-09-27,2026-09-27
1978-10-27,1.60500,2026-09-27,2026-09-27
1978-11-03,1.76100,2026-09-27,2026-09-27
1978-11-10,1.89000,2026-09-27,2026-09-27
1978-11-17,1.98200,2026-09-27,2026-09-27
1978-11-24,2.03200,2026-09-27,2026-09-27
1978-12-01,2.04100,2026-09-27,2026-09-27
1978-12-08,2.01100,2026-09-27,2026-09-27
1978-12-15,1.94500,2026-09-27,2026-09-27
1978-12-22,1.85000,2026-09-27,2026-09-27
1978-12-29,1.73000,2026-09-27,2026-09-27
1979-01-05,1.59200,2026-09-27,2026-09-27
1979-01-12,1.44400,2026-09-27,2026-09-27
1979-01-19,1.29000,2026-09-27,2026-09-27
1979-01-26,1.13700,2026-09-27,2026-09-27
1979-02-02,0.98900,2026-09-27,2026-09-27
1979-02-09,0.85000,2026-09-27,2026-09-27
1979-02-16,0.72300,2026-09-27,2026-09-27
1979-02-23,0.60800,2026-09-27,2026-09-27
1979-03-02,0.50800,2026-09-27,2026-09-27
1979-03-09,0.42300,2026-09-27,2026-09-27
1979-03-16,0.35500,2026-09-27,2026-09-27
1979-03-23,0.30200,2026-09-27,2026-09-27
1979-03-30,0.26500,2026-09-27,2026-09-27
1979-04-06,0.24400,2026-09-27,2026-09-27
1979-04-13,0.23700,2026-09-27,2026-09-27
1979-04-20,0.24300,2026-09-27,2026-09-27
1979-04-27,0.26300,2026-09-27,2026-09-27
1979-05-04,0.29500,2026-09-27,2026-09-27
1979-05-11,0.33700,2026-09-27,2026-09-27
1979-05-18,0.39000,2026-09-27,2026-09-27
1979-05-25,0.45200,2026-09-27,2026-09-27
1979-06-01,0.52100,2026-09-27,2026-09-27
1979-06-08,0.59700,2026-09-27,2026-09-27
1979-06-15,0.67600,2026-09-27,2026-09-27
1979-06-22,0.75800,2026-09-27,2026-09-27
1979-06-29,0.84000,2026-09-27,2026-09-27
1979-07-06,0.92100,2026-09-27,2026-09-27
1979-07-13,1.00300,2026-09-27,2026-09-27
1979-07-20,1.08600,2026-09-27,2026-09-27
1979-07-27,1.17400,2026-09-27,2026-09-27
1979-08-03,1.26700,2026-09-27,2026-09-27
1979-08-10,1.36600,2026-09-27,2026-09-27
1979-08-17,1.47200,2026-09-27,2026-09-27
1979-08-24,1.58600,2026-09-27,2026-09-27
1979-08-31,1.70600,2026-09-27,2026-09-27
1979-09-07,1.83000,2026-09-27,2026-09-27
1979-09-14,1.95600,2026-09-27,2026-09-27
1979-09-21,2.08000,2026-09-27,2026-09-27
1979-09-28,2.19800,2026-09-27,2026-09-27
1979-10-05,2.30400,2026-09-27,2026-09-27
1979-10-12,2.39400,2026-09-27,2026-09-27
1979-10-19,2.46300,2026-09-27,2026-09-27
1979-10-26,2.50700,2026-09-27,2026-09-27
1979-11-02,2.52400,2026-09-27,2026-09-27
1979-11-09,2.51000,2026-09-27,2026-09-27
1979-11-16,2.46600,2026-09-27,2026-09-27
1979-11-23,2.39600,2026-09-27,2026-09-27
1979-11-30,2.30600,2026-09-27,2026-09-27
1979-12-07,2.20200,2026-09-27,2026-09-27
1979-12-14,2.09200,2026-09-27,2026-09-27
1979-12-21,1.98600,2026-09-27,2026-09-27
1979-12-28,1.89100,2026-09-27,2026-09-27
1980-01-04,1.81500,2026-09-27,2026-09-27
1980-01-11,1.76800,2026-09-27,2026-09-27
1980-01-18,1.75800,2026-09-27,2026-09-27
1980-01-25,1.79100,2026-09-27,2026-09-27
1980-02-01,1.87500,2026-09-27,2026-09-27
1980-02-08,2.01000,2026-09-27,2026-09-27
1980-02-15,2.19700,2026-09-27,2026-09-27
1980-02-22,2.42900,2026-09-27,2026-09-27
1980-02-29,2.69700,2026-09-27,2026-09-27
1980-03-07,2.98200,2026-09-27,2026-09-27
1980-03-14,3.26900,2026-09-27,2026-09-27
1980-03-21,3.53400,2026-09-27,2026-09-27
1980-03-28,3.75500,2026-09-27,2026-09-27
1980-04-04,3.91800,2026-09-27,2026-09-27
1980-04-11,4.00700,2026-09-27,2026-09-27
1980-04-18,4.01400,2026-09-27,2026-09-27
1980-04-25,3.94200,2026-09-27,2026-09-27
1980-05-02,3.79500,2026-09-27,2026-09-27
1980-05-09,3.58400,2026-09-27,2026-09-27
1980-05-16,3.32500,2026-09-27,2026-09-27
1980-05-23,3.03200,2026-09-27,2026-09-27
1980-05-30,2.71800,2026-09-27,2026-09-27
1980-06-06,2.40000,2026-09-27,2026-09-27
1980-06-13,2.08700,2026-09-27,2026-09-27
1980-06-20,1.78800,2026-09-27,2026-09-27
1980-06-27,1.51500,2026-09-27,2026-09-27
1980-07-04,1.27700,2026-09-27,2026-09-27
1980-07-11,1.08100,2026-09-27,2026-09-27
1980-07-18,0.93300,2026-09-27,2026-09-27
1980-07-25,0.83300,2026-09-27,2026-09-27
1980-08-01,0.77800,2026-09-27,2026-09-27
1980-08-08,0.76400,2026-09-27,2026-09-27
1980-08-15,0.78200,2026-09-27,2026-09-27
1980-08-22,0.82200,2026-09-27,2026-09-27
1980-08-29,0.88200,2026-09-27,2026-09-27
1980-09-05,0.95600,2026-09-27,2026-09-27
1980-09-12,1.03500,2026-09-27,2026-09-27
1980-09-19,1.12500,2026-09-27,2026-09-27
1980-09-26,1.22500,2026-09-27,2026-09-27
1980-10-03,1.33900,2026-09-27,2026-09-27
1980-10-10,1.46800,2026-09-27,2026-09-27
1980-10-17,1.62100,2026-09-27,2026-09-27
1980-10-24,1.79600,2026-09-27,2026-09-27
1980-10-31,1.99600,2026-09-27,2026-09-27
1980-11-07,2.21400,2026-09-27,2026-09-27
1980-11-14,2.44100,2026-09-27,2026-09-27
1980-11-21,2.66900,2026-09-27,2026-09-27
1980-11-28,2.88500,2026-09-27,2026-09-27
1980-12-05,3.07000,2026-09-27,2026-09-27
1980-12-12,3.21000,2026-09-27,2026-09-27
1980-12-19,3.30300,2026-09-27,2026-09-27
1980-12-26,3.32900,2026-09-27,2026-09-27
1981-01-02,3.29500,2026-09-27,2026-09-27
1981-01-09,3.20500,2026-09-27,2026-09-27
1981-01-16,3.07000,2026-09-27,2026-09-27
1981-01-23,2.89800,2026-09-27,2026-09-27
1981-01-30,2.70700,2026-09-27,2026-09-27
1981-02-06,2.50600,2026-09-27,2026-09-27
1981-02-13,2.31000,2026-09-27,2026-09-27
1981-02-20,2.13200,2026-09-27,2026-09-27
1981-02-27,1.97400,2026-09-27,2026-09-27
1981-03-06,1.84600,2026-09-27,2026-09-27
1981-03-13,1.75100,2026-09-27,2026-09-27
1981-03-20,1.69200,2026-09-27,2026-09-27
1981-03-27,1.67100,2026-09-27,2026-09-27
1981-04-03,1.68800,2026-09-27,2026-09-27
1981-04-10,1.73900,2026-09-27,2026-09-27
1981-04-17,1.82400,2026-09-27,2026-09-27
1981-04-24,1.93200,2026-09-27,2026-09-27
1981-05-01,2.06100,2026-09-27,2026-09-27
1981-05-08,2.20900,2026-09-27,2026-09-27
1981-05-15,2.37000,2026-09-27,2026-09-27
1981-05-22,2.53700,2026-09-27,2026-09-27
1981-05-29,2.71100,2026-09-27,2026-09-27
1981-06-05,2.88000,2026-09-27,2026-09-27
1981-06-12,3.04400,2026-09-27,2026-09-27
1981-06-19,3.19300,2026-09-27,2026-09-27
1981-06-26,3.32200,2026-09-27,2026-09-27
1981-07-03,3.42300,2026-09-27,2026-09-27
1981-07-10,3.49400,2026-09-27,2026-09-27
1981-07-17,3.53600,2026-09-27,2026-09-27
1981-07-24,3.54500,2026-09-27,2026-09-27
1981-07-31,3.52800,2026-09-27,2026-09-27
1981-08-07,3.48600,2026-09-27,2026-09-27
1981-08-14,3.42500,2026-09-27,2026-09-27
1981-08-21,3.35200,2026-09-27,2026-09-27
1981-08-28,3.27400,2026-09-27,2026-09-27
1981-09-04,3.19700,2026-09-27,2026-09-27
1981-09-11,3.12500,2026-09-27,2026-09-27
1981-09-18,3.05800,2026-09-27,2026-09-27
1981-09-25,2.99500,2026-09-27,2026-09-27
1981-10-02,2.93900,2026-09-27,2026-09-27
1981-10-09,2.88400,2026-09-27,2026-09-27
1981-10-16,2.83000,2026-09-27,2026-09-27
1981-10-23,2.77500,2026-09-27,2026-09-27
1981-10-30,2.71500,2026-09-27,2026-09-27
1981-11-06,2.64600,2026-09-27,2026-09-27
1981-11-13,2.56800,2026-09-27,2026-09-27
1981-11-20,2.48300,2026-09-27,2026-09-27
1981-11-27,2.39500,2026-09-27,2026-09-27
1981-12-04,2.30900,2026-09-27,2026-09-27
1981-12-11,2.22700,2026-09-27,2026-09-27
1981-12-18,2.14900,2026-09-27,2026-09-27
1981-12-25,2.08000,2026-09-27,2026-09-27
1982-01-01,2.01900,2026-09-27,2026-09-27
1982-01-08,1.96700,2026-09-27,2026-09-27
1982-01-15,1.93300,2026-09-27,2026-09-27
1982-01-22,1.91300,2026-09-27,2026-09-27
1982-01-29,1.91200,2026-09-27,2026-09-27
1982-02-05,1.92400,2026-09-27,2026-09-27
1982-02-12,1.94700,2026-09-27,2026-09-27
1982-02-19,1.97800,2026-09-27,2026-09-27
1982-02-26,2.01200,2026-09-27,2026-09-27
1982-03-05,2.04300,2026-09-27,2026-09-27
1982-03-12,2.06900,2026-09-27,2026-09-27
1982-03-19,2.09300,2026-09-27,2026-09-27
1982-03-26,2.11400,2026-09-27,2026-09-27
1982-04-02,2.13300,2026-09-27,2026-09-27
1982-04-09,2.15600,2026-09-27,2026-09-27
1982-04-16,2.18500,2026-09-27,2026-09-27
1982-04-23,2.22200,2026-09-27,2026-09-27
1982-04-30,2.27100,2026-09-27,2026-09-27
1982-05-07,2.33400,2026-09-27,2026-09-27
1982-05-14,2.41200,2026-09-27,2026-09-27
1982-05-21,2.50500,2026-09-27,2026-09-27
1982-05-28,2.60300,2026-09-27,2026-09-27
1982-06-04,2.70000,2026-09-27,2026-09-27
1982-06-11,2.79100,2026-09-27,2026-09-27
1982-06-18,2.86900,2026-09-27,2026-09-27
1982-06-25,2.92700,2026-09-27,2026-09-27
1982-07-02,2.96700,2026-09-27,2026-09-27
1982-07-09,2.99300,2026-09-27,2026-09-27
1982-07-16,3.00900,2026-09-27,2026-09-27
1982-07-23,3.02900,2026-09-27,2026-09-27
1982-07-30,3.06100,2026-09-27,2026-09-27
1982-08-06,3.11300,2026-09-27,2026-09-27
1982-08-13,3.18600,2026-09-27,2026-09-27
1982-08-20,3.27100,2026-09-27,2026-09-27
1982-08-27,3.35900,2026-09-27,2026-09-27
1982-09-03,3.43300,2026-09-27,2026-09-27
1982-09-10,3.47400,2026-09-27,2026-09-27
1982-09-17,3.46600,2026-09-27,2026-09-27
1982-09-24,3.39300,2026-09-27,2026-09-27
1982-10-01,3.24900,2026-09-27,2026-09-27
1982-10-08,3.03800,2026-09-27,2026-09-27
1982-10-15,2.77400,2026-09-27,2026-09-27
1982-10-22,2.47600,2026-09-27,2026-09-27
1982-10-29,2.16700,2026-09-27,2026-09-27
1982-11-05,1.86600,2026-09-27,2026-09-27
1982-11-12,1.58900,2026-09-27,2026-09-27
1982-11-19,1.34500,2026-09-27,2026-09-27
1982-11-26,1.14000,2026-09-27,2026-09-27
1982-12-03,0.97200,2026-09-27,2026-09-27
1982-12-10,0.83500,2026-09-27,2026-09-27
1982-12-17,0.72300,2026-09-27,2026-09-27
1982-12-24,0.62500,2026-09-27,2026-09-27
1982-12-31,0.53800,2026-09-27,2026-09-27
1983-01-07,0.45700,2026-09-27,2026-09-27
1983-01-14,0.38100,2026-09-27,2026-09-27
1983-01-21,0.31000,2026-09-27,2026-09-27
1983-01-28,0.24500,2026-09-27,2026-09-27
1983-02-04,0.18700,2026-09-27,2026-09-27
1983-02-11,0.13800,2026-09-27,2026-09-27
1983-02-18,0.09900,2026-09-27,2026-09-27
1983-02-25,0.07000,2026-09-27,2026-09-27
1983-03-04,0.04800,2026-09-27,2026-09-27
1983-03-11,0.03400,2026-09-27,2026-09-27
1983-03-18,0.02400,2026-09-27,2026-09-27
1983-03-25,0.01400,2026-09-27,2026-09-27
1983-04-01,0.00200,2026-09-27,2026-09-27
1983-04-08,-0.01400,2026-09-27,2026-09-27
1983-04-15,-0.03500,2026-09-27,2026-09-27
1983-04-22,-0.06100,2026-09-27,2026-09-27
1983-04-29,-0.09100,2026-09-27,2026-09-27
1983-05-06,-0.12200,2026-09-27,2026-09-27
1983-05-13,-0.14900,2026-09-27,2026-09-27
1983-05-20,-0.17100,2026-09-27,2026-09-27
1983-05-27,-0.18700,2026-09-27,2026-09-27
1983-06-03,-0.19400,2026-09-27,2026-09-27
1983-06-10,-0.19300,2026-09-27,2026-09-27
1983-06-17,-0.18500,2026-09-27,2026-09-27
1983-06-24,-0.17100,2026-09-27,2026-09-27
1983-07-01,-0.15300,2026-09-27,2026-09-27
1983-07-08,-0.13400,2026-09-27,2026-09-27
1983-07-15,-0.11500,2026-09-27,2026-09-27
1983-07-22,-0.09800,2026-09-27,2026-09-27
1983-07-29,-0.08600,2026-09-27,2026-09-27
1983-08-05,-0.07800,2026-09-27,2026-09-27
1983-08-12,-0.07600,2026-09-27,2026-09-27
1983-08-19,-0.07800,2026-09-27,2026-09-27
1983-08-26,-0.08300,2026-09-27,2026-09-27
1983-09-02,-0.08800,2026-09-27,2026-09-27
1983-09-09,-0.09300,2026-09-27,2026-09-27
1983-09-16,-0.09400,2026-09-27,2026-09-27
1983-09-23,-0.09000,2026-09-27,2026-09-27
1983-09-30,-0.08100,2026-09-27,2026-09-27
1983-10-07,-0.06500,2026-09-27,2026-09-27
1983-10-14,-0.04400,2026-09-27,2026-09-27
1983-10-21,-0.01700,2026-09-27,2026-09-27
1983-10-28,0.01000,2026-09-27,2026-09-27
1983-11-04,0.03800,2026-09-27,2026-09-27
1983-11-11,0.06300,2026-09-27,2026-09-27
1983-11-18,0.08400,2026-09-27,2026-09-27
1983-11-25,0.10000,2026-09-27,2026-09-27
1983-12-02,0.10900,2026-09-27,2026-09-27
1983-12-09,0.11000,2026-09-27,2026-09-27
1983-12-16,0.10300,2026-09-27,2026-09-27
1983-12-23,0.08600,2026-09-27,2026-09-27
1983-12-30,0.05900,2026-09-27,2026-09-27
1984-01-06,0.02600,2026-09-27,2026-09-27
1984-01-13,-0.01300,2026-09-27,2026-09-27
1984-01-20,-0.05500,2026-09-27,2026-09-27
1984-01-27,-0.09500,2026-09-27,2026-09-27
1984-02-03,-0.13200,2026-09-27,2026-09-27
1984-02-10,-0.16300,2026-09-27,2026-09-27
1984-02-17,-0.18300,2026-09-27,2026-09-27
1984-02-24,-0.19300,2026-09-27,2026-09-27
1984-03-02,-0.19100,2026-09-27,2026-09-27
1984-03-09,-0.17500,2026-09-27,2026-09-27
1984-03-16,-0.14300,2026-09-27,2026-09-27
1984-03-23,-0.09400,2026-09-27,2026-09-27
1984-03-30,-0.02900,2026-09-27,2026-09-27
1984-04-06,0.05300,2026-09-27,2026-09-27
1984-04-13,0.15000,2026-09-27,2026-09-27
1984-04-20,0.26000,2026-09-27,2026-09-27
1984-04-27,0.38200,2026-09-27,2026-09-27
1984-05-04,0.51000,2026-09-27,2026-09-27
1984-05-11,0.64200,2026-09-27,2026-09-27
1984-05-18,0.77000,2026-09-27,2026-09-27
1984-05-25,0.89000,2026-09-27,2026-09-27
1984-06-01,0.99700,2026-09-27,2026-09-27
1984-06-08,1.08600,2026-09-27,2026-09-27
1984-06-15,1.15500,2026-09-27,2026-09-27
1984-06-22,1.19900,2026-09-27,2026-09-27
1984-06-29,1.21600,2026-09-27,2026-09-27
1984-07-06,1.20300,2026-09-27,2026-09-27
1984-07-13,1.16200,2026-09-27,2026-09-27
1984-07-20,1.09700,2026-09-27,2026-09-27
1984-07-27,1.01500,2026-09-27,2026-09-27
1984-08-03,0.92400,2026-09-27,2026-09-27
1984-08-10,0.83100,2026-09-27,2026-09-27
1984-08-17,0.74100,2026-09-27,2026-09-27
1984-08-24,0.65600,2026-09-27,2026-09-27
1984-08-31,0.57700,2026-09-27,2026-09-27
1984-09-07,0.50700,2026-09-27,2026-09-27
1984-09-14,0.44300,2026-09-27,2026-09-27
1984-09-21,0.38200,2026-09-27,2026-09-27
1984-09-28,0.32400,2026-09-27,2026-09-27
1984-10-05,0.26800,2026-09-27,2026-09-27
1984-10-12,0.21300,2026-09-27,2026-09-27
1984-10-19,0.15800,2026-09-27,2026-09-27
1984-10-26,0.10700,2026-09-27,2026-09-27
1984-11-02,0.05800,2026-09-27,2026-09-27
1984-11-09,0.01200,2026-09-27,2026-09-27
1984-11-16,-0.03300,2026-09-27,2026-09-27
1984-11-23,-0.07600,2026-09-27,2026-09-27
1984-11-30,-0.11800,2026-09-27,2026-09-27
1984-12-07,-0.15900,2026-09-27,2026-09-27
1984-12-14,-0.20000,2026-09-27,2026-09-27
1984-12-21,-0.24100,2026-09-27,2026-09-27
1984-12-28,-0.28100,2026-09-27,2026-09-27
1985-01-04,-0.31800,2026-09-27,2026-09-27
1985-01-11,-0.35000,2026-09-27,2026-09-27
1985-01-18,-0.37300,2026-09-27,2026-09-27
1985-01-25,-0.38700,2026-09-27,2026-09-27
1985-02-01,-0.39000,2026-09-27,2026-09-27
1985-02-08,-0.38300,2026-09-27,2026-09-27
1985-02-15,-0.36900,2026-09-27,2026-09-27
1985-02-22,-0.34800,2026-09-27,2026-09-27
1985-03-01,-0.32600,2026-09-27,2026-09-27
1985-03-08,-0.30400,2026-09-27,2026-09-27
1985-03-15,-0.28600,2026-09-27,2026-09-27
1985-03-22,-0.27400,2026-09-27,2026-09-27
1985-03-29,-0.26900,2026-09-27,2026-09-27
1985-04-05,-0.27300,2026-09-27,2026-09-27
1985-04-12,-0.28600,2026-09-27,2026-09-27
1985-04-19,-0.30700,2026-09-27,2026-09-27
1985-04-26,-0.33400,2026-09-27,2026-09-27
1985-05-03,-0.36300,2026-09-27,2026-09-27
1985-05-10,-0.39400,2026-09-27,2026-09-27
1985-05-17,-0.42100,2026-09-27,2026-09-27
1985-05-24,-0.44400,2026-09-27,2026-09-27
1985-05-31,-0.45900,2026-09-27,2026-09-27
1985-06-07,-0.46700,2026-09-27,2026-09-27
1985-06-14,-0.46600,2026-09-27,2026-09-27
1985-06-21,-0.45600,2026-09-27,2026-09-27
1985-06-28,-0.43900,2026-09-27,2026-09-27
1985-07-05,-0.41500,2026-09-27,2026-09-27
1985-07-12,-0.38600,2026-09-27,2026-09-27
1985-07-19,-0.35300,2026-09-27,2026-09-27
1985-07-26,-0.31600,2026-09-27,2026-09-27
1985-08-02,-0.27800,2026-09-27,2026-09-27
1985-08-09,-0.23900,2026-09-27,2026-09-27
1985-08-16,-0.20300,2026-09-27,2026-09-27
1985-08-23,-0.17100,2026-09-27,2026-09-27
1985-08-30,-0.14500,2026-09-27,2026-09-27
1985-09-06,-0.12800,2026-09-27,2026-09-27
1985-09-13,-0.12100,2026-09-27,2026-09-27
1985-09-20,-0.12600,2026-09-27,2026-09-27
1985-09-27,-0.14200,2026-09-27,2026-09-27
1985-10-04,-0.16800,2026-09-27,2026-09-27
1985-10-11,-0.20000,2026-09-27,2026-09-27
1985-10-18,-0.23500,2026-09-27,2026-09-27
1985-10-25,-0.26900,2026-09-27,2026-09-27
1985-11-01,-0.29900,2026-09-27,2026-09-27
1985-11-08,-0.32100,2026-09-27,2026-09-27
1985-11-15,-0.33400,2026-09-27,2026-09-27
1985-11-22,-0.33600,2026-09-27,2026-09-27
1985-11-29,-0.33000,2026-09-27,2026-09-27
1985-12-06,-0.31700,2026-09-27,2026-09-27
1985-12-13,-0.30000,2026-09-27,2026-09-27
1985-12-20,-0.28200,2026-09-27,2026-09-27
1985-12-27,-0.26600,2026-09-27,2026-09-27
1986-01-03,-0.25400,2026-09-27,2026-09-27
1986-01-10,-0.24800,2026-09-27,2026-09-27
1986-01-17,-0.24700,2026-09-27,2026-09-27
1986-01-24,-0.25100,2026-09-27,2026-09-27
1986-01-31,-0.25900,2026-09-27,2026-09-27
1986-02-07,-0.26900,2026-09-27,2026-09-27
1986-02-14,-0.28000,2026-09-27,2026-09-27
1986-02-21,-0.29000,2026-09-27,2026-09-27
1986-02-28,-0.29800,2026-09-27,2026-09-27
1986-03-07,-0.30600,2026-09-27,2026-09-27
1986-03-14,-0.31400,2026-09-27,2026-09-27
1986-03-21,-0.32300,2026-09-27,2026-09-27
1986-03-28,-0.33500,2026-09-27,2026-09-27
1986-04-04,-0.35200,2026-09-27,2026-09-27
1986-04-11,-0.37300,2026-09-27,2026-09-27
1986-04-18,-0.39700,2026-09-27,2026-09-27
1986-04-25,-0.42100,2026-09-27,2026-09-27
1986-05-02,-0.44300,2026-09-27,2026-09-27
1986-05-09,-0.46000,2026-09-27,2026-09-27
1986-05-16,-0.47200,2026-09-27,2026-09-27
1986-05-23,-0.47600,2026-09-27,2026-09-27
1986-05-30,-0.47500,2026-09-27,2026-09-27
1986-06-06,-0.46800,2026-09-27,2026-09-27
1986-06-13,-0.45900,2026-09-27,2026-09-27
1986-06-20,-0.44900,2026-09-27,2026-09-27
1986-06-27,-0.44400,2026-09-27,2026-09-27
1986-07-04,-0.44500,2026-09-27,2026-09-27
1986-07-11,-0.45400,2026-09-27,2026-09-27
1986-07-18,-0.47000,2026-09-27,2026-09-27
1986-07-25,-0.49200,2026-09-27,2026-09-27
1986-08-01,-0.51800,2026-09-27,2026-09-27
1986-08-08,-0.54300,2026-09-27,2026-09-27
1986-08-15,-0.56500,2026-09-27,2026-09-27
1986-08-22,-0.58000,2026-09-27,2026-09-27
1986-08-29,-0.58700,2026-09-27,2026-09-27
1986-09-05,-0.58600,2026-09-27,2026-09-27
1986-09-12,-0.57700,2026-09-27,2026-09-27
1986-09-19,-0.56500,2026-09-27,2026-09-27
1986-09-26,-0.55200,2026-09-27,2026-09-27
1986-10-03,-0.54100,2026-09-27,2026-09-27
1986-10-10,-0.53500,2026-09-27,2026-09-27
1986-10-17,-0.53300,2026-09-27,2026-09-27
1986-10-24,-0.53600,2026-09-27,2026-09-27
1986-10-31,-0.54100,2026-09-27,2026-09-27
1986-11-07,-0.54700,2026-09-27,2026-09-27
1986-11-14,-0.55200,2026-09-27,2026-09-27
1986-11-21,-0.55300,2026-09-27,2026-09-27
1986-11-28,-0.55100,2026-09-27,2026-09-27
1986-12-05,-0.54400,2026-09-27,2026-09-27
1986-12-12,-0.53500,2026-09-27,2026-09-27
1986-12-19,-0.52300,2026-09-27,2026-09-27
1986-12-26,-0.51100,2026-09-27,2026-09-27
1987-01-02,-0.50100,2026-09-27,2026-09-27
1987-01-09,-0.49300,2026-09-27,2026-09-27
1987-01-16,-0.48900,2026-09-27,2026-09-27
1987-01-23,-0.48700,2026-09-27,2026-09-27
1987-01-30,-0.48500,2026-09-27,2026-09-27
1987-02-06,-0.48300,2026-09-27,2026-09-27
1987-02-13,-0.47500,2026-09-27,2026-09-27
1987-02-20,-0.45900,2026-09-27,2026-09-27
1987-02-27,-0.43400,2026-09-27,2026-09-27
1987-03-06,-0.39500,2026-09-27,2026-09-27
1987-03-13,-0.33900,2026-09-27,2026-09-27
1987-03-20,-0.26400,2026-09-27,2026-09-27
1987-03-27,-0.17100,2026-09-27,2026-09-27
1987-04-03,-0.06100,2026-09-27,2026-09-27
1987-04-10,0.06100,2026-09-27,2026-09-27
1987-04-17,0.18700,2026-09-27,2026-09-27
1987-04-24,0.31000,2026-09-27,2026-09-27
1987-05-01,0.41900,2026-09-27,2026-09-27
1987-05-08,0.51000,2026-09-27,2026-09-27
1987-05-15,0.57600,2026-09-27,2026-09-27
1987-05-22,0.61500,2026-09-27,2026-09-27
1987-05-29,0.62300,2026-09-27,2026-09-27
1987-06-05,0.60400,2026-09-27,2026-09-27
1987-06-12,0.56200,2026-09-27,2026-09-27
1987-06-19,0.50000,2026-09-27,2026-09-27
1987-06-26,0.42600,2026-09-27,2026-09-27
1987-07-03,0.34600,2026-09-27,2026-09-27
1987-07-10,0.26500,2026-09-27,2026-09-27
1987-07-17,0.18600,2026-09-27,2026-09-27
1987-07-24,0.11300,2026-09-27,2026-09-27
1987-07-31,0.05200,2026-09-27,2026-09-27
1987-08-07,0.01000,2026-09-27,2026-09-27
1987-08-14,-0.01100,2026-09-27,2026-09-27
1987-08-21,-0.00100,2026-09-27,2026-09-27
1987-08-28,0.04200,2026-09-27,2026-09-27
1987-09-04,0.11900,2026-09-27,2026-09-27
1987-09-11,0.22400,2026-09-27,2026-09-27
1987-09-18,0.35200,2026-09-27,2026-09-27
1987-09-25,0.49400,2026-09-27,2026-09-27
1987-10-02,0.64400,2026-09-27,2026-09-27
1987-10-09,0.78900,2026-09-27,2026-09-27
1987-10-16,0.91900,2026-09-27,2026-09-27
1987-10-23,1.02600,2026-09-27,2026-09-27
1987-10-30,1.10300,2026-09-27,2026-09-27
1987-11-06,1.14400,2026-09-27,2026-09-27
1987-11-13,1.15600,2026-09-27,2026-09-27
1987-11-20,1.14400,2026-09-27,2026-09-27
1987-11-27,1.11200,2026-09-27,2026-09-27
1987-12-04,1.06400,2026-09-27,2026-09-27
1987-12-11,0.99900,2026-09-27,2026-09-27
1987-12-18,0.92300,2026-09-27,2026-09-27
1987-12-25,0.83500,2026-09-27,2026-09-27
1988-01-01,0.74100,2026-09-27,2026-09-27
1988-01-08,0.64300,2026-09-27,2026-09-27
1988-01-15,0.54700,2026-09-27,2026-09-27
1988-01-22,0.45400,2026-09-27,2026-09-27
1988-01-29,0.36700,2026-09-27,2026-09-27
1988-02-05,0.28900,2026-09-27,2026-09-27
1988-02-12,0.22300,2026-09-27,2026-09-27
1988-02-19,0.17300,2026-09-27,2026-09-27
1988-02-26,0.13800,2026-09-27,2026-09-27
1988-03-04,0.11700,2026-09-27,2026-09-27
1988-03-11,0.11100,2026-09-27,2026-09-27
1988-03-18,0.11900,2026-09-27,2026-09-27
1988-03-25,0.13600,2026-09-27,2026-09-27
1988-04-01,0.16000,2026-09-27,2026-09-27
1988-04-08,0.18800,2026-09-27,2026-09-27
1988-04-15,0.21400,2026-09-27,2026-09-27
1988-04-22,0.23600,2026-09-27,2026-09-27
1988-04-29,0.25100,2026-09-27,2026-09-27
1988-05-06,0.25800,2026-09-27,2026-09-27
1988-05-13,0.26000,2026-09-27,2026-09-27
1988-05-20,0.26000,2026-09-27,2026-09-27
1988-05-27,0.25900,2026-09-27,2026-09-27
1988-06-03,0.26200,2026-09-27,2026-09-27
1988-06-10,0.27000,2026-09-27,2026-09-27
1988-06-17,0.28500,2026-09-27,2026-09-27
1988-06-24,0.30600,2026-09-27,2026-09-27
1988-07-01,0.33300,2026-09-27,2026-09-27
1988-07-08,0.36300,2026-09-27,2026-09-27
1988-07-15,0.39200,2026-09-27,2026-09-27
1988-07-22,0.41600,2026-09-27,2026-09-27
1988-07-29,0.43200,2026-09-27,2026-09-27
1988-08-05,0.43900,2026-09-27,2026-09-27
1988-08-12,0.43600,2026-09-27,2026-09-27
1988-08-19,0.42300,2026-09-27,2026-09-27
1988-08-26,0.40100,2026-09-27,2026-09-27
1988-09-02,0.37300,2026-09-27,2026-09-27
1988-09-09,0.34100,2026-09-27,2026-09-27
1988-09-16,0.31000,2026-09-27,2026-09-27
1988-09-23,0.28100,2026-09-27,2026-09-27
1988-09-30,0.25700,2026-09-27,2026-09-27
1988-10-07,0.23500,2026-09-27,2026-09-27
1988-10-14,0.21700,2026-09-27,2026-09-27
1988-10-21,0.20200,2026-09-27,2026-09-27
1988-10-28,0.18800,2026-09-27,2026-09-27
1988-11-04,0.17700,2026-09-27,2026-09-27
1988-11-11,0.16900,2026-09-27,2026-09-27
1988-11-18,0.16200,2026-09-27,2026-09-27
1988-11-25,0.15700,2026-09-27,2026-09-27
1988-12-02,0.15300,2026-09-27,2026-09-27
1988-12-09,0.15000,2026-09-27,2026-09-27
1988-12-16,0.14700,2026-09-27,2026-09-27
1988-12-23,0.14400,2026-09-27,2026-09-27
1988-12-30,0.14300,2026-09-27,2026-09-27
1989-01-06,0.14600,2026-09-27,2026-09-27
1989-01-13,0.15300,2026-09-27,2026-09-27
1989-01-20,0.16700,2026-09-27,2026-09-27
1989-01-27,0.19000,2026-09-27,2026-09-27
1989-02-03,0.22700,2026-09-27,2026-09-27
1989-02-10,0.27700,2026-09-27,2026-09-27
1989-02-17,0.34000,2026-09-27,2026-09-27
1989-02-24,0.41200,2026-09-27,2026-09-27
1989-03-03,0.48900,2026-09-27,2026-09-27
1989-03-10,0.56500,2026-09-27,2026-09-27
1989-03-17,0.63300,2026-09-27,2026-09-27
1989-03-24,0.68600,2026-09-27,2026-09-27
1989-03-31,0.71900,2026-09-27,2026-09-27
1989-04-07,0.72900,2026-09-27,2026-09-27
1989-04-14,0.71500,2026-09-27,2026-09-27
1989-04-21,0.67600,2026-09-27,2026-09-27
1989-04-28,0.62200,2026-09-27,2026-09-27
1989-05-05,0.55600,2026-09-27,2026-09-27
1989-05-12,0.48700,2026-09-27,2026-09-27
1989-05-19,0.42100,2026-09-27,2026-09-27
1989-05-26,0.36600,2026-09-27,2026-09-27
1989-06-02,0.32400,2026-09-27,2026-09-27
1989-06-09,0.29500,2026-09-27,2026-09-27
1989-06-16,0.27800,2026-09-27,2026-09-27
1989-06-23,0.26700,2026-09-27,2026-09-27
1989-06-30,0.25800,2026-09-27,2026-09-27
1989-07-07,0.24800,2026-09-27,2026-09-27
1989-07-14,0.23500,2026-09-27,2026-09-27
1989-07-21,0.22100,2026-09-27,2026-09-27
1989-07-28,0.21000,2026-09-27,2026-09-27
1989-08-04,0.20300,2026-09-27,2026-09-27
1989-08-11,0.20500,2026-09-27,2026-09-27
1989-08-18,0.21800,2026-09-27,2026-09-27
1989-08-25,0.24000,2026-09-27,2026-09-27
1989-09-01,0.27000,2026-09-27,2026-09-27
1989-09-08,0.30500,2026-09-27,2026-09-27
1989-09-15,0.33800,2026-09-27,2026-09-27
1989-09-22,0.36500,2026-09-27,2026-09-27
1989-09-29,0.38200,2026-09-27,2026-09-27
1989-10-06,0.38500,2026-09-27,2026-09-27
1989-10-13,0.37200,2026-09-27,2026-09-27
1989-10-20,0.34400,2026-09-27,2026-09-27
1989-10-27,0.30300,2026-09-27,2026-09-27
1989-11-03,0.25400,2026-09-27,2026-09-27
1989-11-10,0.20100,2026-09-27,2026-09-27
1989-11-17,0.14900,2026-09-27,2026-09-27
1989-11-24,0.10300,2026-09-27,2026-09-27
1989-12-01,0.06700,2026-09-27,2026-09-27
1989-12-08,0.04100,2026-09-27,2026-09-27
1989-12-15,0.02700,2026-09-27,2026-09-27
1989-12-22,0.02300,2026-09-27,2026-09-27
1989-12-29,0.02700,2026-09-27,2026-09-27
1990-01-05,0.03700,2026-09-27,2026-09-27
1990-01-12,0.04900,2026-09-27,2026-09-27
1990-01-19,0.05900,2026-09-27,2026-09-27
1990-01-26,0.06600,2026-09-27,2026-09-27
1990-02-02,0.06800,2026-09-27,2026-09-27
1990-02-09,0.06500,2026-09-27,2026-09-27
1990-02-16,0.06000,2026-09-27,2026-09-27
1990-02-23,0.05400,2026-09-27,2026-09-27
1990-03-02,0.04900,2026-09-27,2026-09-27
1990-03-09,0.04800,2026-09-27,2026-09-27
1990-03-16,0.05400,2026-09-27,2026-09-27
1990-03-23,0.06500,2026-09-27,2026-09-27
1990-03-30,0.07900,2026-09-27,2026-09-27
1990-04-06,0.09600,2026-09-27,2026-09-27
1990-04-13,0.10800,2026-09-27,2026-09-27
1990-04-20,0.11400,2026-09-27,2026-09-27
1990-04-27,0.11200,2026-09-27,2026-09-27
1990-05-04,0.09700,2026-09-27,2026-09-27
1990-05-11,0.07100,2026-09-27,2026-09-27
1990-05-18,0.03600,2026-09-27,2026-09-27
1990-05-25,-0.00500,2026-09-27,2026-09-27
1990-06-01,-0.04800,2026-09-27,2026-09-27
1990-06-08,-0.08800,2026-09-27,2026-09-27
1990-06-15,-0.12100,2026-09-27,2026-09-27
1990-06-22,-0.14400,2026-09-27,2026-09-27
1990-06-29,-0.15400,2026-09-27,2026-09-27
1990-07-06,-0.15100,2026-09-27,2026-09-27
1990-07-13,-0.13600,2026-09-27,2026-09-27
1990-07-20,-0.10900,2026-09-27,2026-09-27
1990-07-27,-0.07200,2026-09-27,2026-09-27
1990-08-03,-0.02700,2026-09-27,2026-09-27
1990-08-10,0.02300,2026-09-27,2026-09-27
1990-08-17,0.07600,2026-09-27,2026-09-27
1990-08-24,0.13100,2026-09-27,2026-09-27
1990-08-31,0.18600,2026-09-27,2026-09-27
1990-09-07,0.24000,2026-09-27,2026-09-27
1990-09-14,0.29100,2026-09-27,2026-09-27
1990-09-21,0.33800,2026-09-27,2026-09-27
1990-09-28,0.38100,2026-09-27,2026-09-27
1990-10-05,0.41400,2026-09-27,2026-09-27
1990-10-12,0.43700,2026-09-27,2026-09-27
1990-10-19,0.45100,2026-09-27,2026-09-27
1990-10-26,0.45700,2026-09-27,2026-09-27
1990-11-02,0.45700,2026-09-27,2026-09-27
1990-11-09,0.45700,2026-09-27,2026-09-27
1990-11-16,0.45700,2026-09-27,2026-09-27
1990-11-23,0.46100,2026-09-27,2026-09-27
1990-11-30,0.47200,2026-09-27,2026-09-27
1990-12-07,0.48400,2026-09-27,2026-09-27
1990-12-14,0.49900,2026-09-27,2026-09-27
1990-12-21,0.51300,2026-09-27,2026-09-27
1990-12-28,0.52000,2026-09-27,2026-09-27
1991-01-04,0.51200,2026-09-27,2026-09-27
1991-01-11,0.49100,2026-09-27,2026-09-27
1991-01-18,0.45200,2026-09-27,2026-09-27
1991-01-25,0.39300,2026-09-27,2026-09-27
1991-02-01,0.32500,2026-09-27,2026-09-27
1991-02-08,0.25000,2026-09-27,2026-09-27
1991-02-15,0.17500,2026-09-27,2026-09-27
1991-02-22,0.10300,2026-09-27,2026-09-27
1991-03-01,0.03900,2026-09-27,2026-09-27
1991-03-08,-0.01900,2026-09-27,2026-09-27
1991-03-15,-0.06900,2026-09-27,2026-09-27
1991-03-22,-0.11100,2026-09-27,2026-09-27
1991-03-29,-0.14700,2026-09-27,2026-09-27
1991-04-05,-0.17700,2026-09-27,2026-09-27
1991-04-12,-0.20000,2026-09-27,2026-09-27
1991-04-19,-0.21900,2026-09-27,2026-09-27
1991-04-26,-0.23300,2026-09-27,2026-09-27
1991-05-03,-0.24100,2026-09-27,2026-09-27
1991-05-10,-0.24400,2026-09-27,2026-09-27
1991-05-17,-0.24300,2026-09-27,2026-09-27
1991-05-24,-0.23900,2026-09-27,2026-09-27
1991-05-31,-0.23500,2026-09-27,2026-09-27
1991-06-07,-0.23300,2026-09-27,2026-09-27
1991-06-14,-0.23600,2026-09-27,2026-09-27
1991-06-21,-0.24800,2026-09-27,2026-09-27
1991-06-28,-0.26800,2026-09-27,2026-09-27
1991-07-05,-0.29800,2026-09-27,2026-09-27
1991-07-12,-0.33300,2026-09-27,2026-09-27
1991-07-19,-0.37300,2026-09-27,2026-09-27
1991-07-26,-0.41300,2026-09-27,2026-09-27
1991-08-02,-0.45100,2026-09-27,2026-09-27
1991-08-09,-0.48300,2026-09-27,2026-09-27
1991-08-16,-0.50800,2026-09-27,2026-09-27
1991-08-23,-0.52700,2026-09-27,2026-09-27
1991-08-30,-0.54000,2026-09-27,2026-09-27
1991-09-06,-0.54700,2026-09-27,2026-09-27
1991-09-13,-0.55300,2026-09-27,2026-09-27
1991-09-20,-0.55600,2026-09-27,2026-09-27
1991-09-27,-0.56000,2026-09-27,2026-09-27
1991-10-04,-0.56300,2026-09-27,2026-09-27
1991-10-11,-0.56700,2026-09-27,2026-09-27
1991-10-18,-0.57300,2026-09-27,2026-09-27
1991-10-25,-0.58000,2026-09-27,2026-09-27
1991-11-01,-0.58900,2026-09-27,2026-09-27
1991-11-08,-0.59900,2026-09-27,2026-09-27
1991-11-15,-0.60800,2026-09-27,2026-09-27
1991-11-22,-0.61800,2026-09-27,2026-09-27
1991-11-29,-0.62800,2026-09-27,2026-09-27
1991-12-06,-0.63800,2026-09-27,2026-09-27
1991-12-13,-0.64800,2026-09-27,2026-09-27
1991-12-20,-0.65600,2026-09-27,2026-09-27
1991-12-27,-0.66300,2026-09-27,2026-09-27
1992-01-03,-0.66400,2026-09-27,2026-09-27
1992-01-10,-0.66500,2026-09-27,2026-09-27
1992-01-17,-0.66200,2026-09-27,2026-09-27
1992-01-24,-0.65800,2026-09-27,2026-09-27
1992-01-31,-0.65600,2026-09-27,2026-09-27
1992-02-07,-0.65300,2026-09-27,2026-09-27
1992-02-14,-0.65200,2026-09-27,2026-09-27
1992-02-21,-0.65200,2026-09-27,2026-09-27
1992-02-28,-0.65300,2026-09-27,2026-09-27
1992-03-06,-0.65600,2026-09-27,2026-09-27
1992-03-13,-0.66100,2026-09-27,2026-09-27
1992-03-20,-0.67000,2026-09-27,2026-09-27
1992-03-27,-0.68200,2026-09-27,2026-09-27
1992-04-03,-0.69700,2026-09-27,2026-09-27
1992-04-10,-0.71600,2026-09-27,2026-09-27
1992-04-17,-0.73700,2026-09-27,2026-09-27
1992-04-24,-0.76000,2026-09-27,2026-09-27
1992-05-01,-0.78200,2026-09-27,2026-09-27
1992-05-08,-0.80400,2026-09-27,2026-09-27
1992-05-15,-0.82400,2026-09-27,2026-09-27
1992-05-22,-0.84200,2026-09-27,2026-09-27
1992-05-29,-0.85900,2026-09-27,2026-09-27
1992-06-05,-0.87300,2026-09-27,2026-09-27
1992-06-12,-0.88800,2026-09-27,2026-09-27
1992-06-19,-0.90100,2026-09-27,2026-09-27
1992-06-26,-0.91300,2026-09-27,2026-09-27
1992-07-03,-0.92400,2026-09-27,2026-09-27
1992-07-10,-0.93100,2026-09-27,2026-09-27
1992-07-17,-0.93600,2026-09-27,2026-09-27
1992-07-24,-0.93700,2026-09-27,2026-09-27
1992-07-31,-0.93500,2026-09-27,2026-09-27
1992-08-07,-0.93000,2026-09-27,2026-09-27
1992-08-14,-0.92300,2026-09-27,2026-09-27
1992-08-21,-0.91200,2026-09-27,2026-09-27
1992-08-28,-0.89700,2026-09-27,2026-09-27
1992-09-04,-0.87900,2026-09-27,2026-09-27
1992-09-11,-0.85800,2026-09-27,2026-09-27
1992-09-18,-0.83200,2026-09-27,2026-09-27
1992-09-25,-0.80300,2026-09-27,2026-09-27
1992-10-02,-0.77200,2026-09-27,2026-09-27
1992-10-09,-0.74200,2026-09-27,2026-09-27
1992-10-16,-0.71500,2026-09-27,2026-09-27
1992-10-23,-0.69400,2026-09-27,2026-09-27
1992-10-30,-0.68200,2026-09-27,2026-09-27
1992-11-06,-0.68000,2026-09-27,2026-09-27
1992-11-13,-0.68800,2026-09-27,2026-09-27
1992-11-20,-0.70600,2026-09-27,2026-09-27
1992-11-27,-0.73400,2026-09-27,2026-09-27
1992-12-04,-0.76900,2026-09-27,2026-09-27
1992-12-11,-0.80700,2026-09-27,2026-09-27
1992-12-18,-0.84500,2026-09-27,2026-09-27
1992-12-25,-0.88000,2026-09-27,2026-09-27
1993-01-01,-0.90800,2026-09-27,2026-09-27
1993-01-08,-0.92900,2026-09-27,2026-09-27
1993-01-15,-0.94400,2026-09-27,2026-09-27
1993-01-22,-0.95200,2026-09-27,2026-09-27
1993-01-29,-0.95600,2026-09-27,2026-09-27
1993-02-05,-0.95700,2026-09-27,2026-09-27
1993-02-12,-0.95600,2026-09-27,2026-09-27
1993-02-19,-0.95400,2026-09-27,2026-09-27
1993-02-26,-0.95500,2026-09-27,2026-09-27
1993-03-05,-0.95700,2026-09-27,2026-09-27
1993-03-12,-0.96100,2026-09-27,2026-09-27
1993-03-19,-0.96700,2026-09-27,2026-09-27
1993-03-26,-0.97400,2026-09-27,2026-09-27
1993-04-02,-0.98100,2026-09-27,2026-09-27
1993-04-09,-0.98700,2026-09-27,2026-09-27
1993-04-16,-0.99200,2026-09-27,2026-09-27
1993-04-23,-0.99300,2026-09-27,2026-09-27
1993-04-30,-0.99300,2026-09-27,2026-09-27
1993-05-07,-0.99000,2026-09-27,2026-09-27
1993-05-14,-0.98500,2026-09-27,2026-09-27
1993-05-21,-0.98200,2026-09-27,2026-09-27
1993-05-28,-0.98100,2026-09-27,2026-09-27
1993-06-04,-0.98300,2026-09-27,2026-09-27
1993-06-11,-0.99100,2026-09-27,2026-09-27
1993-06-18,-1.00300,2026-09-27,2026-09-27
1993-06-25,-1.01900,2026-09-27,2026-09-27
1993-07-02,-1.03600,2026-09-27,2026-09-27
1993-07-09,-1.05300,2026-09-27,2026-09-27
1993-07-16,-1.06900,2026-09-27,2026-09-27
1993-07-23,-1.08200,2026-09-27,2026-09-27
1993-07-30,-1.09000,2026-09-27,2026-09-27
1993-08-06,-1.09500,2026-09-27,2026-09-27
1993-08-13,-1.09600,2026-09-27,2026-09-27
1993-08-20,-1.09400,2026-09-27,2026-09-27
1993-08-27,-1.08900,2026-09-27,2026-09-27
1993-09-03,-1.08300,2026-09-27,2026-09-27
1993-09-10,-1.07400,2026-09-27,2026-09-27
1993-09-17,-1.06300,2026-09-27,2026-09-27
1993-09-24,-1.05000,2026-09-27,2026-09-27
1993-10-01,-1.03500,2026-09-27,2026-09-27
1993-10-08,-1.01900,2026-09-27,2026-09-27
1993-10-15,-1.00100,2026-09-27,2026-09-27
1993-10-22,-0.98300,2026-09-27,2026-09-27
1993-10-29,-0.96500,2026-09-27,2026-09-27
1993-11-05,-0.95000,2026-09-27,2026-09-27
1993-11-12,-0.94000,2026-09-27,2026-09-27
1993-11-19,-0.93500,2026-09-27,2026-09-27
1993-11-26,-0.93700,2026-09-27,2026-09-27
1993-12-03,-0.94500,2026-09-27,2026-09-27
1993-12-10,-0.95800,2026-09-27,2026-09-27
1993-12-17,-0.97400,2026-09-27,2026-09-27
1993-12-24,-0.98900,2026-09-27,2026-09-27
1993-12-31,-1.00300,2026-09-27,2026-09-27
1994-01-07,-1.01300,2026-09-27,2026-09-27
1994-01-14,-1.01900,2026-09-27,2026-09-27
1994-01-21,-1.01800,2026-09-27,2026-09-27
1994-01-28,-1.01100,2026-09-27,2026-09-27
1994-02-04,-0.99700,2026-09-27,2026-09-27
1994-02-11,-0.97500,2026-09-27,2026-09-27
1994-02-18,-0.94900,2026-09-27,2026-09-27
1994-02-25,-0.91800,2026-09-27,2026-09-27
1994-03-04,-0.88500,2026-09-27,2026-09-27
1994-03-11,-0.85100,2026-09-27,2026-09-27
1994-03-18,-0.81800,2026-09-27,2026-09-27
1994-03-25,-0.78900,2026-09-27,2026-09-27
1994-04-01,-0.76400,2026-09-27,2026-09-27
1994-04-08,-0.74400,2026-09-27,2026-09-27
1994-04-15,-0.73100,2026-09-27,2026-09-27
1994-04-22,-0.72300,2026-09-27,2026-09-27
1994-04-29,-0.72000,2026-09-27,2026-09-27
1994-05-06,-0.71800,2026-09-27,2026-09-27
1994-05-13,-0.71800,2026-09-27,2026-09-27
1994-05-20,-0.71900,2026-09-27,2026-09-27
1994-05-27,-0.72000,2026-09-27,2026-09-27
1994-06-03,-0.71900,2026-09-27,2026-09-27
1994-06-10,-0.71800,2026-09-27,2026-09-27
1994-06-17,-0.71600,2026-09-27,2026-09-27
1994-06-24,-0.71600,2026-09-27,2026-09-27
1994-07-01,-0.71700,2026-09-27,2026-09-27
1994-07-08,-0.72400,2026-09-27,2026-09-27
1994-07-15,-0.73600,2026-09-27,2026-09-27
1994-07-22,-0.75200,2026-09-27,2026-09-27
1994-07-29,-0.77000,2026-09-27,2026-09-27
1994-08-05,-0.78600,2026-09-27,2026-09-27
1994-08-12,-0.79900,2026-09-27,2026-09-27
1994-08-19,-0.80700,2026-09-27,2026-09-27
1994-08-26,-0.80600,2026-09-27,2026-09-27
1994-09-02,-0.79600,2026-09-27,2026-09-27
1994-09-09,-0.77800,2026-09-27,2026-09-27
1994-09-16,-0.75300,2026-09-27,2026-09-27
1994-09-23,-0.72400,2026-09-27,2026-09-27
1994-09-30,-0.69400,2026-09-27,2026-09-27
1994-10-07,-0.66600,2026-09-27,2026-09-27
1994-10-14,-0.64100,2026-09-27,2026-09-27
1994-10-21,-0.62000,2026-09-27,2026-09-27
1994-10-28,-0.60000,2026-09-27,2026-09-27
1994-11-04,-0.58000,2026-09-27,2026-09-27
1994-11-11,-0.55700,2026-09-27,2026-09-27
1994-11-18,-0.53100,2026-09-27,2026-09-27
1994-11-25,-0.50200,2026-09-27,2026-09-27
1994-12-02,-0.47200,2026-09-27,2026-09-27
1994-12-09,-0.44300,2026-09-27,2026-09-27
1994-12-16,-0.42100,2026-09-27,2026-09-27
1994-12-23,-0.40700,2026-09-27,2026-09-27
1994-12-30,-0.40500,2026-09-27,2026-09-27
1995-01-06,-0.41600,2026-09-27,2026-09-27
1995-01-13,-0.43800,2026-09-27,2026-09-27
1995-01-20,-0.46900,2026-09-27,2026-09-27
1995-01-27,-0.50400,2026-09-27,2026-09-27
1995-02-03,-0.54100,2026-09-27,2026-09-27
1995-02-10,-0.57400,2026-09-27,2026-09-27
1995-02-17,-0.60100,2026-09-27,2026-09-27
1995-02-24,-0.62100,2026-09-27,2026-09-27
1995-03-03,-0.63300,2026-09-27,2026-09-27
1995-03-10,-0.63800,2026-09-27,2026-09-27
1995-03-17,-0.64000,2026-09-27,2026-09-27
1995-03-24,-0.63900,2026-09-27,2026-09-27
1995-03-31,-0.63900,2026-09-27,2026-09-27
1995-04-07,-0.64100,2026-09-27,2026-09-27
1995-04-14,-0.64800,2026-09-27,2026-09-27
1995-04-21,-0.65900,2026-09-27,2026-09-27
1995-04-28,-0.67200,2026-09-27,2026-09-27
1995-05-05,-0.68600,2026-09-27,2026-09-27
1995-05-12,-0.69900,2026-09-27,2026-09-27
1995-05-19,-0.70800,2026-09-27,2026-09-27
1995-05-26,-0.71100,2026-09-27,2026-09-27
1995-06-02,-0.70800,2026-09-27,2026-09-27
1995-06-09,-0.70100,2026-09-27,2026-09-27
1995-06-16,-0.69100,2026-09-27,2026-09-27
1995-06-23,-0.68000,2026-09-27,2026-09-27
1995-06-30,-0.67200,2026-09-27,2026-09-27
1995-07-07,-0.66700,2026-09-27,2026-09-27
1995-07-14,-0.66800,2026-09-27,2026-09-27
1995-07-21,-0.67200,2026-09-27,2026-09-27
1995-07-28,-0.68000,2026-09-27,2026-09-27
1995-08-04,-0.68900,2026-09-27,2026-09-27
1995-08-11,-0.69900,2026-09-27,2026-09-27
1995-08-18,-0.70600,2026-09-27,2026-09-27
1995-08-25,-0.71100,2026-09-27,2026-09-27
1995-09-01,-0.71300,2026-09-27,2026-09-27
1995-09-08,-0.71100,2026-09-27,2026-09-27
1995-09-15,-0.70700,2026-09-27,2026-09-27
1995-09-22,-0.70200,2026-09-27,2026-09-27
1995-09-29,-0.69700,2026-09-27,2026-09-27
1995-10-06,-0.69600,2026-09-27,2026-09-27
1995-10-13,-0.69900,2026-09-27,2026-09-27
1995-10-20,-0.70400,2026-09-27,2026-09-27
1995-10-27,-0.71300,2026-09-27,2026-09-27
1995-11-03,-0.72500,2026-09-27,2026-09-27
1995-11-10,-0.73700,2026-09-27,2026-09-27
1995-11-17,-0.74600,2026-09-27,2026-09-27
1995-11-24,-0.75200,2026-09-27,2026-09-27
1995-12-01,-0.75300,2026-09-27,2026-09-27
1995-12-08,-0.75100,2026-09-27,2026-09-27
1995-12-15,-0.74700,2026-09-27,2026-09-27
1995-12-22,-0.74400,2026-09-27,2026-09-27
1995-12-29,-0.74400,2026-09-27,2026-09-27
1996-01-05,-0.75000,2026-09-27,2026-09-27
1996-01-12,-0.76000,2026-09-27,2026-09-27
1996-01-19,-0.77500,2026-09-27,2026-09-27
1996-01-26,-0.79300,2026-09-27,2026-09-27
1996-02-02,-0.80900,2026-09-27,2026-09-27
1996-02-09,-0.82000,2026-09-27,2026-09-27
1996-02-16,-0.82400,2026-09-27,2026-09-27
1996-02-23,-0.82000,2026-09-27,2026-09-27
1996-03-01,-0.80600,2026-09-27,2026-09-27
1996-03-08,-0.78700,2026-09-27,2026-09-27
1996-03-15,-0.76300,2026-09-27,2026-09-27
1996-03-22,-0.74000,2026-09-27,2026-09-27
1996-03-29,-0.71900,2026-09-27,2026-09-27
1996-04-05,-0.70100,2026-09-27,2026-09-27
1996-04-12,-0.68900,2026-09-27,2026-09-27
1996-04-19,-0.68400,2026-09-27,2026-09-27
1996-04-26,-0.68500,2026-09-27,2026-09-27
1996-05-03,-0.69100,2026-09-27,2026-09-27
1996-05-10,-0.69900,2026-09-27,2026-09-27
1996-05-17,-0.70800,2026-09-27,2026-09-27
1996-05-24,-0.71400,2026-09-27,2026-09-27
1996-05-31,-0.71600,2026-09-27,2026-09-27
1996-06-07,-0.71400,2026-09-27,2026-09-27
1996-06-14,-0.71000,2026-09-27,2026-09-27
1996-06-21,-0.70500,2026-09-27,2026-09-27
1996-06-28,-0.70000,2026-09-27,2026-09-27
1996-07-05,-0.69800,2026-09-27,2026-09-27
1996-07-12,-0.69800,2026-09-27,2026-09-27
1996-07-19,-0.70300,2026-09-27,2026-09-27
1996-07-26,-0.71100,2026-09-27,2026-09-27
1996-08-02,-0.72000,2026-09-27,2026-09-27
1996-08-09,-0.73100,2026-09-27,2026-09-27
1996-08-16,-0.73900,2026-09-27,2026-09-27
1996-08-23,-0.74400,2026-09-27,2026-09-27
1996-08-30,-0.74400,2026-09-27,2026-09-27
1996-09-06,-0.74000,2026-09-27,2026-09-27
1996-09-13,-0.73600,2026-09-27,2026-09-27
1996-09-20,-0.73300,2026-09-27,2026-09-27
1996-09-27,-0.73100,2026-09-27,2026-09-27
1996-10-04,-0.73500,2026-09-27,2026-09-27
1996-10-11,-0.74200,2026-09-27,2026-09-27
1996-10-18,-0.75300,2026-09-27,2026-09-27
1996-10-25,-0.76400,2026-09-27,2026-09-27
1996-11-01,-0.77500,2026-09-27,2026-09-27
1996-11-08,-0.78300,2026-09-27,2026-09-27
1996-11-15,-0.78500,2026-09-27,2026-09-27
1996-11-22,-0.78100,2026-09-27,2026-09-27
1996-11-29,-0.77000,2026-09-27,2026-09-27
1996-12-06,-0.75500,2026-09-27,2026-09-27
1996-12-13,-0.73700,2026-09-27,2026-09-27
1996-12-20,-0.72000,2026-09-27,2026-09-27
1996-12-27,-0.70600,2026-09-27,2026-09-27
1997-01-03,-0.69600,2026-09-27,2026-09-27
1997-01-10,-0.69100,2026-09-27,2026-09-27
1997-01-17,-0.69300,2026-09-27,2026-09-27
1997-01-24,-0.69900,2026-09-27,2026-09-27
1997-01-31,-0.70800,2026-09-27,2026-09-27
1997-02-07,-0.71900,2026-09-27,2026-09-27
1997-02-14,-0.72900,2026-09-27,2026-09-27
1997-02-21,-0.73400,2026-09-27,2026-09-27
1997-02-28,-0.73500,2026-09-27,2026-09-27
1997-03-07,-0.72900,2026-09-27,2026-09-27
1997-03-14,-0.71900,2026-09-27,2026-09-27
1997-03-21,-0.70500,2026-09-27,2026-09-27
1997-03-28,-0.69000,2026-09-27,2026-09-27
1997-04-04,-0.67400,2026-09-27,2026-09-27
1997-04-11,-0.66000,2026-09-27,2026-09-27
1997-04-18,-0.64700,2026-09-27,2026-09-27
1997-04-25,-0.63800,2026-09-27,2026-09-27
1997-05-02,-0.63200,2026-09-27,2026-09-27
1997-05-09,-0.62900,2026-09-27,2026-09-27
1997-05-16,-0.62700,2026-09-27,2026-09-27
1997-05-23,-0.62700,2026-09-27,2026-09-27
1997-05-30,-0.62800,2026-09-27,2026-09-27
1997-06-06,-0.62900,2026-09-27,2026-09-27
1997-06-13,-0.63200,2026-09-27,2026-09-27
1997-06-20,-0.63600,2026-09-27,2026-09-27
1997-06-27,-0.64000,2026-09-27,2026-09-27
1997-07-04,-0.64500,2026-09-27,2026-09-27
1997-07-11,-0.65000,2026-09-27,2026-09-27
1997-07-18,-0.65400,2026-09-27,2026-09-27
1997-07-25,-0.65600,2026-09-27,2026-09-27
1997-08-01,-0.65800,2026-09-27,2026-09-27
1997-08-08,-0.65700,2026-09-27,2026-09-27
1997-08-15,-0.65500,2026-09-27,2026-09-27
1997-08-22,-0.65200,2026-09-27,2026-09-27
1997-08-29,-0.64700,2026-09-27,2026-09-27
1997-09-05,-0.64100,2026-09-27,2026-09-27
1997-09-12,-0.63400,2026-09-27,2026-09-27
1997-09-19,-0.62500,2026-09-27,2026-09-27
1997-09-26,-0.61300,2026-09-27,2026-09-27
1997-10-03,-0.59800,2026-09-27,2026-09-27
1997-10-10,-0.57900,2026-09-27,2026-09-27
1997-10-17,-0.55700,2026-09-27,2026-09-27
1997-10-24,-0.53400,2026-09-27,2026-09-27
1997-10-31,-0.51100,2026-09-27,2026-09-27
1997-11-07,-0.49300,2026-09-27,2026-09-27
1997-11-14,-0.48000,2026-09-27,2026-09-27
1997-11-21,-0.47300,2026-09-27,2026-09-27
1997-11-28,-0.47300,2026-09-27,2026-09-27
1997-12-05,-0.47800,2026-09-27,2026-09-27
1997-12-12,-0.48600,2026-09-27,2026-09-27
1997-12-19,-0.49800,2026-09-27,2026-09-27
1997-12-26,-0.51300,2026-09-27,2026-09-27
1998-01-02,-0.52900,2026-09-27,2026-09-27
1998-01-09,-0.54600,2026-09-27,2026-09-27
1998-01-16,-0.56400,2026-09-27,2026-09-27
1998-01-23,-0.58100,2026-09-27,2026-09-27
1998-01-30,-0.59800,2026-09-27,2026-09-27
1998-02-06,-0.61300,2026-09-27,2026-09-27
1998-02-13,-0.62500,2026-09-27,2026-09-27
1998-02-20,-0.63300,2026-09-27,2026-09-27
1998-02-27,-0.63700,2026-09-27,2026-09-27
1998-03-06,-0.63700,2026-09-27,2026-09-27
1998-03-13,-0.63400,2026-09-27,2026-09-27
1998-03-20,-0.63000,2026-09-27,2026-09-27
1998-03-27,-0.62500,2026-09-27,2026-09-27
1998-04-03,-0.61900,2026-09-27,2026-09-27
1998-04-10,-0.61400,2026-09-27,2026-09-27
1998-04-17,-0.60900,2026-09-27,2026-09-27
1998-04-24,-0.60300,2026-09-27,2026-09-27
1998-05-01,-0.59700,2026-09-27,2026-09-27
1998-05-08,-0.59000,2026-09-27,2026-09-27
1998-05-15,-0.58400,2026-09-27,2026-09-27
1998-05-22,-0.57700,2026-09-27,2026-09-27
1998-05-29,-0.57000,2026-09-27,2026-09-27
1998-06-05,-0.56400,2026-09-27,2026-09-27
1998-06-12,-0.55900,2026-09-27,2026-09-27
1998-06-19,-0.55600,2026-09-27,2026-09-27
1998-06-26,-0.55500,2026-09-27,2026-09-27
1998-07-03,-0.55400,2026-09-27,2026-09-27
1998-07-10,-0.55200,2026-09-27,2026-09-27
1998-07-17,-0.54500,2026-09-27,2026-09-27
1998-07-24,-0.53200,2026-09-27,2026-09-27
1998-07-31,-0.50900,2026-09-27,2026-09-27
1998-08-07,-0.47600,2026-09-27,2026-09-27
1998-08-14,-0.43100,2026-09-27,2026-09-27
1998-08-21,-0.37600,2026-09-27,2026-09-27
1998-08-28,-0.31400,2026-09-27,2026-09-27
1998-09-04,-0.24800,2026-09-27,2026-09-27
1998-09-11,-0.18400,2026-09-27,2026-09-27
1998-09-18,-0.12300,2026-09-27,2026-09-27
1998-09-25,-0.06900,2026-09-27,2026-09-27
1998-10-02,-0.02600,2026-09-27,2026-09-27
1998-10-09,0.00400,2026-09-27,2026-09-27
1998-10-16,0.01700,2026-09-27,2026-09-27
1998-10-23,0.01200,2026-09-27,2026-09-27
1998-10-30,-0.00500,2026-09-27,2026-09-27
1998-11-06,-0.03100,2026-09-27,2026-09-27
1998-11-13,-0.05900,2026-09-27,2026-09-27
1998-11-20,-0.08800,2026-09-27,2026-09-27
1998-11-27,-0.11300,2026-09-27,2026-09-27
1998-12-04,-0.13500,2026-09-27,2026-09-27
1998-12-11,-0.15400,2026-09-27,2026-09-27
1998-12-18,-0.17200,2026-09-27,2026-09-27
1998-12-25,-0.19000,2026-09-27,2026-09-27
1999-01-01,-0.20600,2026-09-27,2026-09-27
1999-01-08,-0.22100,2026-09-27,2026-09-27
1999-01-15,-0.23600,2026-09-27,2026-09-27
1999-01-22,-0.25300,2026-09-27,2026-09-27
1999-01-29,-0.27200,2026-09-27,2026-09-27
1999-02-05,-0.29200,2026-09-27,2026-09-27
1999-02-12,-0.31200,2026-09-27,2026-09-27
1999-02-19,-0.33300,2026-09-27,2026-09-27
1999-02-26,-0.35200,2026-09-27,2026-09-27
1999-03-05,-0.36900,2026-09-27,2026-09-27
1999-03-12,-0.38300,2026-09-27,2026-09-27
1999-03-19,-0.39400,2026-09-27,2026-09-27
1999-03-26,-0.40300,2026-09-27,2026-09-27
1999-04-02,-0.40900,2026-09-27,2026-09-27
1999-04-09,-0.41400,2026-09-27,2026-09-27
1999-04-16,-0.41900,2026-09-27,2026-09-27
1999-04-23,-0.42200,2026-09-27,2026-09-27
1999-04-30,-0.42400,2026-09-27,2026-09-27
1999-05-07,-0.42400,2026-09-27,2026-09-27
1999-05-14,-0.42000,2026-09-27,2026-09-27
1999-05-21,-0.41200,2026-09-27,2026-09-27
1999-05-28,-0.40000,2026-09-27,2026-09-27
1999-06-04,-0.38500,2026-09-27,2026-09-27
1999-06-11,-0.36800,2026-09-27,2026-09-27
1999-06-18,-0.35000,2026-09-27,2026-09-27
1999-06-25,-0.33000,2026-09-27,2026-09-27
1999-07-02,-0.30900,2026-09-27,2026-09-27
1999-07-09,-0.28500,2026-09-27,2026-09-27
1999-07-16,-0.25900,2026-09-27,2026-09-27
1999-07-23,-0.23400,2026-09-27,2026-09-27
1999-07-30,-0.21000,2026-09-27,2026-09-27
1999-08-06,-0.18900,2026-09-27,2026-09-27
1999-08-13,-0.17200,2026-09-27,2026-09-27
1999-08-20,-0.15900,2026-09-27,2026-09-27
1999-08-27,-0.14800,2026-09-27,2026-09-27
1999-09-03,-0.13700,2026-09-27,2026-09-27
1999-09-10,-0.12400,2026-09-27,2026-09-27
1999-09-17,-0.11200,2026-09-27,2026-09-27
1999-09-24,-0.10000,2026-09-27,2026-09-27
1999-10-01,-0.09000,2026-09-27,2026-09-27
1999-10-08,-0.08400,2026-09-27,2026-09-27
1999-10-15,-0.08600,2026-09-27,2026-09-27
1999-10-22,-0.09500,2026-09-27,2026-09-27
1999-10-29,-0.11000,2026-09-27,2026-09-27
1999-11-05,-0.12800,2026-09-27,2026-09-27
1999-11-12,-0.14500,2026-09-27,2026-09-27
1999-11-19,-0.15900,2026-09-27,2026-09-27
1999-11-26,-0.16600,2026-09-27,2026-09-27
1999-12-03,-0.16900,2026-09-27,2026-09-27
1999-12-10,-0.16800,2026-09-27,2026-09-27
1999-12-17,-0.16700,2026-09-27,2026-09-27
1999-12-24,-0.16800,2026-09-27,2026-09-27
1999-12-31,-0.17100,2026-09-27,2026-09-27
2000-01-07,-0.18100,2026-09-27,2026-09-27
2000-01-14,-0.19200,2026-09-27,2026-09-27
2000-01-21,-0.20200,2026-09-27,2026-09-27
2000-01-28,-0.21000,2026-09-27,2026-09-27
2000-02-04,-0.21200,2026-09-27,2026-09-27
2000-02-11,-0.20900,2026-09-27,2026-09-27
2000-02-18,-0.20100,2026-09-27,2026-09-27
2000-02-25,-0.18900,2026-09-27,2026-09-27
2000-03-03,-0.17200,2026-09-27,2026-09-27
2000-03-10,-0.15200,2026-09-27,2026-09-27
2000-03-17,-0.13000,2026-09-27,2026-09-27
2000-03-24,-0.10800,2026-09-27,2026-09-27
2000-03-31,-0.08700,2026-09-27,2026-09-27
2000-04-07,-0.07200,2026-09-27,2026-09-27
2000-04-14,-0.05800,2026-09-27,2026-09-27
2000-04-21,-0.04500,2026-09-27,2026-09-27
2000-04-28,-0.03200,2026-09-27,2026-09-27
2000-05-05,-0.01600,2026-09-27,2026-09-27
2000-05-12,-0.00100,2026-09-27,2026-09-27
2000-05-19,0.01200,2026-09-27,2026-09-27
2000-05-26,0.02400,2026-09-27,2026-09-27
2000-06-02,0.03200,2026-09-27,2026-09-27
2000-06-09,0.03300,2026-09-27,2026-09-27
2000-06-16,0.02800,2026-09-27,2026-09-27
2000-06-23,0.01700,2026-09-27,2026-09-27
2000-06-30,-0.00100,2026-09-27,2026-09-27
2000-07-07,-0.02600,2026-09-27,2026-09-27
2000-07-14,-0.05500,2026-09-27,2026-09-27
2000-07-21,-0.08500,2026-09-27,2026-09-27
2000-07-28,-0.11500,2026-09-27,2026-09-27
2000-08-04,-0.14300,2026-09-27,2026-09-27
2000-08-11,-0.16700,2026-09-27,2026-09-27
2000-08-18,-0.18500,2026-09-27,2026-09-27
2000-08-25,-0.19700,2026-09-27,2026-09-27
2000-09-01,-0.20400,2026-09-27,2026-09-27
2000-09-08,-0.20700,2026-09-27,2026-09-27
2000-09-15,-0.20500,2026-09-27,2026-09-27
2000-09-22,-0.20100,2026-09-27,2026-09-27
2000-09-29,-0.19600,2026-09-27,2026-09-27
2000-10-06,-0.18900,2026-09-27,2026-09-27
2000-10-13,-0.18100,2026-09-27,2026-09-27
2000-10-20,-0.17400,2026-09-27,2026-09-27
2000-10-27,-0.16700,2026-09-27,2026-09-27
2000-11-03,-0.15700,2026-09-27,2026-09-27
2000-11-10,-0.14300,2026-09-27,2026-09-27
2000-11-17,-0.12500,2026-09-27,2026-09-27
2000-11-24,-0.10500,2026-09-27,2026-09-27
2000-12-01,-0.08500,2026-09-27,2026-09-27
2000-12-08,-0.07000,2026-09-27,2026-09-27
2000-12-15,-0.06400,2026-09-27,2026-09-27
2000-12-22,-0.06900,2026-09-27,2026-09-27
2000-12-29,-0.08900,2026-09-27,2026-09-27
2001-01-05,-0.11800,2026-09-27,2026-09-27
2001-01-12,-0.15300,2026-09-27,2026-09-27
2001-01-19,-0.19000,2026-09-27,2026-09-27
2001-01-26,-0.22200,2026-09-27,2026-09-27
2001-02-02,-0.24900,2026-09-27,2026-09-27
2001-02-09,-0.26700,2026-09-27,2026-09-27
2001-02-16,-0.27600,2026-09-27,2026-09-27
2001-02-23,-0.27600,2026-09-27,2026-09-27
2001-03-02,-0.26900,2026-09-27,2026-09-27
2001-03-09,-0.26100,2026-09-27,2026-09-27
2001-03-16,-0.25200,2026-09-27,2026-09-27
2001-03-23,-0.24800,2026-09-27,2026-09-27
2001-03-30,-0.25200,2026-09-27,2026-09-27
2001-04-06,-0.26100,2026-09-27,2026-09-27
2001-04-13,-0.28000,2026-09-27,2026-09-27
2001-04-20,-0.30500,2026-09-27,2026-09-27
2001-04-27,-0.33200,2026-09-27,2026-09-27
2001-05-04,-0.35900,2026-09-27,2026-09-27
2001-05-11,-0.38400,2026-09-27,2026-09-27
2001-05-18,-0.40400,2026-09-27,2026-09-27
2001-05-25,-0.42000,2026-09-27,2026-09-27
2001-06-01,-0.43100,2026-09-27,2026-09-27
2001-06-08,-0.43900,2026-09-27,2026-09-27
2001-06-15,-0.44500,2026-09-27,2026-09-27
2001-06-22,-0.45000,2026-09-27,2026-09-27
2001-06-29,-0.45700,2026-09-27,2026-09-27
2001-07-06,-0.46600,2026-09-27,2026-09-27
2001-07-13,-0.47700,2026-09-27,2026-09-27
2001-07-20,-0.48700,2026-09-27,2026-09-27
2001-07-27,-0.49600,2026-09-27,2026-09-27
2001-08-03,-0.50100,2026-09-27,2026-09-27
2001-08-10,-0.49600,2026-09-27,2026-09-27
2001-08-17,-0.48200,2026-09-27,2026-09-27
2001-08-24,-0.45800,2026-09-27,2026-09-27
2001-08-31,-0.42800,2026-09-27,2026-09-27
2001-09-07,-0.39500,2026-09-27,2026-09-27
2001-09-14,-0.36300,2026-09-27,2026-09-27
2001-09-21,-0.34200,2026-09-27,2026-09-27
2001-09-28,-0.33500,2026-09-27,2026-09-27
2001-10-05,-0.33700,2026-09-27,2026-09-27
2001-10-12,-0.34800,2026-09-27,2026-09-27
2001-10-19,-0.36300,2026-09-27,2026-09-27
2001-10-26,-0.37900,2026-09-27,2026-09-27
2001-11-02,-0.39000,2026-09-27,2026-09-27
2001-11-09,-0.39500,2026-09-27,2026-09-27
2001-11-16,-0.39400,2026-09-27,2026-09-27
2001-11-23,-0.38400,2026-09-27,2026-09-27
2001-11-30,-0.37000,2026-09-27,2026-09-27
2001-12-07,-0.35800,2026-09-27,2026-09-27
2001-12-14,-0.35200,2026-09-27,2026-09-27
2001-12-21,-0.35400,2026-09-27,2026-09-27
2001-12-28,-0.36700,2026-09-27,2026-09-27
2002-01-04,-0.38700,2026-09-27,2026-09-27
2002-01-11,-0.41200,2026-09-27,2026-09-27
2002-01-18,-0.43700,2026-09-27,2026-09-27
2002-01-25,-0.45800,2026-09-27,2026-09-27
2002-02-01,-0.47400,2026-09-27,2026-09-27
2002-02-08,-0.48300,2026-09-27,2026-09-27
2002-02-15,-0.48800,2026-09-27,2026-09-27
2002-02-22,-0.48800,2026-09-27,2026-09-27
2002-03-01,-0.48800,2026-09-27,2026-09-27
2002-03-08,-0.48700,2026-09-27,2026-09-27
2002-03-15,-0.48700,2026-09-27,2026-09-27
2002-03-22,-0.49100,2026-09-27,2026-09-27
2002-03-29,-0.49900,2026-09-27,2026-09-27
2002-04-05,-0.51300,2026-09-27,2026-09-27
2002-04-12,-0.53200,2026-09-27,2026-09-27
2002-04-19,-0.55300,2026-09-27,2026-09-27
2002-04-26,-0.57600,2026-09-27,2026-09-27
2002-05-03,-0.59800,2026-09-27,2026-09-27
2002-05-10,-0.61500,2026-09-27,2026-09-27
2002-05-17,-0.62500,2026-09-27,2026-09-27
2002-05-24,-0.62700,2026-09-27,2026-09-27
2002-05-31,-0.62100,2026-09-27,2026-09-27
2002-06-07,-0.60700,2026-09-27,2026-09-27
2002-06-14,-0.58700,2026-09-27,2026-09-27
2002-06-21,-0.56200,2026-09-27,2026-09-27
2002-06-28,-0.53500,2026-09-27,2026-09-27
2002-07-05,-0.50700,2026-09-27,2026-09-27
2002-07-12,-0.48000,2026-09-27,2026-09-27
2002-07-19,-0.45600,2026-09-27,2026-09-27
2002-07-26,-0.43600,2026-09-27,2026-09-27
2002-08-02,-0.42200,2026-09-27,2026-09-27
2002-08-09,-0.41000,2026-09-27,2026-09-27
2002-08-16,-0.40300,2026-09-27,2026-09-27
2002-08-23,-0.39500,2026-09-27,2026-09-27
2002-08-30,-0.38600,2026-09-27,2026-09-27
2002-09-06,-0.37600,2026-09-27,2026-09-27
2002-09-13,-0.36500,2026-09-27,2026-09-27
2002-09-20,-0.35600,2026-09-27,2026-09-27
2002-09-27,-0.35000,2026-09-27,2026-09-27
2002-10-04,-0.35000,2026-09-27,2026-09-27
2002-10-11,-0.35500,2026-09-27,2026-09-27
2002-10-18,-0.36800,2026-09-27,2026-09-27
2002-10-25,-0.38300,2026-09-27,2026-09-27
2002-11-01,-0.40100,2026-09-27,2026-09-27
2002-11-08,-0.41800,2026-09-27,2026-09-27
2002-11-15,-0.43300,2026-09-27,2026-09-27
2002-11-22,-0.44400,2026-09-27,2026-09-27
2002-11-29,-0.45100,2026-09-27,2026-09-27
2002-12-06,-0.45300,2026-09-27,2026-09-27
2002-12-13,-0.45700,2026-09-27,2026-09-27
2002-12-20,-0.46100,2026-09-27,2026-09-27
2002-12-27,-0.46800,2026-09-27,2026-09-27
2003-01-03,-0.47900,2026-09-27,2026-09-27
2003-01-10,-0.49200,2026-09-27,2026-09-27
2003-01-17,-0.50400,2026-09-27,2026-09-27
2003-01-24,-0.51400,2026-09-27,2026-09-27
2003-01-31,-0.52100,2026-09-27,2026-09-27
2003-02-07,-0.52500,2026-09-27,2026-09-27
2003-02-14,-0.52800,2026-09-27,2026-09-27
2003-02-21,-0.53000,2026-09-27,2026-09-27
2003-02-28,-0.53400,2026-09-27,2026-09-27
2003-03-07,-0.54100,2026-09-27,2026-09-27
2003-03-14,-0.55100,2026-09-27,2026-09-27
2003-03-21,-0.56600,2026-09-27,2026-09-27
2003-03-28,-0.58500,2026-09-27,2026-09-27
2003-04-04,-0.60800,2026-09-27,2026-09-27
2003-04-11,-0.63400,2026-09-27,2026-09-27
2003-04-18,-0.65800,2026-09-27,2026-09-27
2003-04-25,-0.67900,2026-09-27,2026-09-27
2003-05-02,-0.69500,2026-09-27,2026-09-27
2003-05-09,-0.70500,2026-09-27,2026-09-27
2003-05-16,-0.71000,2026-09-27,2026-09-27
2003-05-23,-0.71000,2026-09-27,2026-09-27
2003-05-30,-0.70900,2026-09-27,2026-09-27
2003-06-06,-0.70700,2026-09-27,2026-09-27
2003-06-13,-0.70600,2026-09-27,2026-09-27
2003-06-20,-0.70700,2026-09-27,2026-09-27
2003-06-27,-0.71000,2026-09-27,2026-09-27
2003-07-04,-0.71200,2026-09-27,2026-09-27
2003-07-11,-0.71400,2026-09-27,2026-09-27
2003-07-18,-0.71200,2026-09-27,2026-09-27
2003-07-25,-0.70700,2026-09-27,2026-09-27
2003-08-01,-0.69800,2026-09-27,2026-09-27
2003-08-08,-0.68800,2026-09-27,2026-09-27
2003-08-15,-0.67800,2026-09-27,2026-09-27
2003-08-22,-0.67100,2026-09-27,2026-09-27
2003-08-29,-0.66500,2026-09-27,2026-09-27
2003-09-05,-0.66400,2026-09-27,2026-09-27
2003-09-12,-0.66600,2026-09-27,2026-09-27
2003-09-19,-0.67100,2026-09-27,2026-09-27
2003-09-26,-0.67800,2026-09-27,2026-09-27
2003-10-03,-0.68600,2026-09-27,2026-09-27
2003-10-10,-0.69400,2026-09-27,2026-09-27
2003-10-17,-0.70200,2026-09-27,2026-09-27
2003-10-24,-0.70800,2026-09-27,2026-09-27
2003-10-31,-0.71200,2026-09-27,2026-09-27
2003-11-07,-0.71400,2026-09-27,2026-09-27
2003-11-14,-0.71400,2026-09-27,2026-09-27
2003-11-21,-0.71300,2026-09-27,2026-09-27
2003-11-28,-0.71200,2026-09-27,2026-09-27
2003-12-05,-0.71000,2026-09-27,2026-09-27
2003-12-12,-0.71100,2026-09-27,2026-09-27
2003-12-19,-0.71400,2026-09-27,2026-09-27
2003-12-26,-0.72000,2026-09-27,2026-09-27
2004-01-02,-0.73000,2026-09-27,2026-09-27
2004-01-09,-0.74300,2026-09-27,2026-09-27
2004-01-16,-0.75700,2026-09-27,2026-09-27
2004-01-23,-0.77100,2026-09-27,2026-09-27
2004-01-30,-0.78300,2026-09-27,2026-09-27
2004-02-06,-0.79300,2026-09-27,2026-09-27
2004-02-13,-0.80200,2026-09-27,2026-09-27
2004-02-20,-0.80800,2026-09-27,2026-09-27
2004-02-27,-0.81100,2026-09-27,2026-09-27
2004-03-05,-0.81200,2026-09-27,2026-09-27
2004-03-12,-0.81000,2026-09-27,2026-09-27
2004-03-19,-0.80600,2026-09-27,2026-09-27
2004-03-26,-0.79900,2026-09-27,2026-09-27
2004-04-02,-0.79100,2026-09-27,2026-09-27
2004-04-09,-0.78000,2026-09-27,2026-09-27
2004-04-16,-0.76700,2026-09-27,2026-09-27
2004-04-23,-0.75300,2026-09-27,2026-09-27
2004-04-30,-0.73800,2026-09-27,2026-09-27
2004-05-07,-0.72300,2026-09-27,2026-09-27
2004-05-14,-0.71100,2026-09-27,2026-09-27
2004-05-21,-0.70000,2026-09-27,2026-09-27
2004-05-28,-0.69300,2026-09-27,2026-09-27
2004-06-04,-0.68800,2026-09-27,2026-09-27
2004-06-11,-0.68500,2026-09-27,2026-09-27
2004-06-18,-0.68300,2026-09-27,2026-09-27
2004-06-25,-0.68400,2026-09-27,2026-09-27
2004-07-02,-0.68500,2026-09-27,2026-09-27
2004-07-09,-0.68700,2026-09-27,2026-09-27
2004-07-16,-0.68900,2026-09-27,2026-09-27
2004-07-23,-0.69100,2026-09-27,2026-09-27
2004-07-30,-0.69300,2026-09-27,2026-09-27
2004-08-06,-0.69400,2026-09-27,2026-09-27
2004-08-13,-0.69600,2026-09-27,2026-09-27
2004-08-20,-0.69700,2026-09-27,2026-09-27
2004-08-27,-0.69800,2026-09-27,2026-09-27
2004-09-03,-0.69800,2026-09-27,2026-09-27
2004-09-10,-0.69800,2026-09-27,2026-09-27
2004-09-17,-0.69800,2026-09-27,2026-09-27
2004-09-24,-0.69700,2026-09-27,2026-09-27
2004-10-01,-0.69700,2026-09-27,2026-09-27
2004-10-08,-0.69700,2026-09-27,2026-09-27
2004-10-15,-0.69800,2026-09-27,2026-09-27
2004-10-22,-0.70000,2026-09-27,2026-09-27
2004-10-29,-0.70300,2026-09-27,2026-09-27
2004-11-05,-0.70700,2026-09-27,2026-09-27
2004-11-12,-0.71100,2026-09-27,2026-09-27
2004-11-19,-0.71300,2026-09-27,2026-09-27
2004-11-26,-0.71300,2026-09-27,2026-09-27
2004-12-03,-0.71200,2026-09-27,2026-09-27
2004-12-10,-0.70800,2026-09-27,2026-09-27
2004-12-17,-0.70400,2026-09-27,2026-09-27
2004-12-24,-0.69900,2026-09-27,2026-09-27
2004-12-31,-0.69500,2026-09-27,2026-09-27
2005-01-07,-0.69300,2026-09-27,2026-09-27
2005-01-14,-0.69400,2026-09-27,2026-09-27
2005-01-21,-0.69700,2026-09-27,2026-09-27
2005-01-28,-0.70100,2026-09-27,2026-09-27
2005-02-04,-0.70600,2026-09-27,2026-09-27
2005-02-11,-0.71000,2026-09-27,2026-09-27
2005-02-18,-0.71100,2026-09-27,2026-09-27
2005-02-25,-0.70800,2026-09-27,2026-09-27
2005-03-04,-0.70100,2026-09-27,2026-09-27
2005-03-11,-0.69100,2026-09-27,2026-09-27
2005-03-18,-0.67800,2026-09-27,2026-09-27
2005-03-25,-0.66300,2026-09-27,2026-09-27
2005-04-01,-0.64900,2026-09-27,2026-09-27
2005-04-08,-0.63600,2026-09-27,2026-09-27
2005-04-15,-0.62500,2026-09-27,2026-09-27
2005-04-22,-0.61500,2026-09-27,2026-09-27
2005-04-29,-0.60800,2026-09-27,2026-09-27
2005-05-06,-0.60300,2026-09-27,2026-09-27
2005-05-13,-0.60000,2026-09-27,2026-09-27
2005-05-20,-0.59800,2026-09-27,2026-09-27
2005-05-27,-0.59800,2026-09-27,2026-09-27
2005-06-03,-0.59800,2026-09-27,2026-09-27
2005-06-10,-0.59900,2026-09-27,2026-09-27
2005-06-17,-0.60000,2026-09-27,2026-09-27
2005-06-24,-0.60200,2026-09-27,2026-09-27
2005-07-01,-0.60400,2026-09-27,2026-09-27
2005-07-08,-0.60600,2026-09-27,2026-09-27
2005-07-15,-0.60900,2026-09-27,2026-09-27
2005-07-22,-0.61100,2026-09-27,2026-09-27
2005-07-29,-0.61200,2026-09-27,2026-09-27
2005-08-05,-0.61100,2026-09-27,2026-09-27
2005-08-12,-0.60900,2026-09-27,2026-09-27
2005-08-19,-0.60400,2026-09-27,2026-09-27
2005-08-26,-0.59700,2026-09-27,2026-09-27
2005-09-02,-0.58900,2026-09-27,2026-09-27
2005-09-09,-0.58100,2026-09-27,2026-09-27
2005-09-16,-0.57400,2026-09-27,2026-09-27
2005-09-23,-0.56900,2026-09-27,2026-09-27
2005-09-30,-0.56600,2026-09-27,2026-09-27
2005-10-07,-0.56600,2026-09-27,2026-09-27
2005-10-14,-0.57000,2026-09-27,2026-09-27
2005-10-21,-0.57600,2026-09-27,2026-09-27
2005-10-28,-0.58200,2026-09-27,2026-09-27
2005-11-04,-0.58600,2026-09-27,2026-09-27
2005-11-11,-0.58700,2026-09-27,2026-09-27
2005-11-18,-0.58400,2026-09-27,2026-09-27
2005-11-25,-0.57900,2026-09-27,2026-09-27
2005-12-02,-0.57300,2026-09-27,2026-09-27
2005-12-09,-0.56600,2026-09-27,2026-09-27
2005-12-16,-0.56100,2026-09-27,2026-09-27
2005-12-23,-0.56000,2026-09-27,2026-09-27
2005-12-30,-0.56200,2026-09-27,2026-09-27
2006-01-06,-0.56800,2026-09-27,2026-09-27
2006-01-13,-0.57800,2026-09-27,2026-09-27
2006-01-20,-0.58900,2026-09-27,2026-09-27
2006-01-27,-0.60200,2026-09-27,2026-09-27
2006-02-03,-0.61300,2026-09-27,2026-09-27
2006-02-10,-0.62100,2026-09-27,2026-09-27
2006-02-17,-0.62800,2026-09-27,2026-09-27
2006-02-24,-0.63200,2026-09-27,2026-09-27
2006-03-03,-0.63300,2026-09-27,2026-09-27
2006-03-10,-0.63200,2026-09-27,2026-09-27
2006-03-17,-0.63100,2026-09-27,2026-09-27
2006-03-24,-0.62900,2026-09-27,2026-09-27
2006-03-31,-0.62700,2026-09-27,2026-09-27
2006-04-07,-0.62500,2026-09-27,2026-09-27
2006-04-14,-0.62300,2026-09-27,2026-09-27
2006-04-21,-0.62100,2026-09-27,2026-09-27
2006-04-28,-0.61800,2026-09-27,2026-09-27
2006-05-05,-0.61300,2026-09-27,2026-09-27
2006-05-12,-0.60600,2026-09-27,2026-09-27
2006-05-19,-0.59400,2026-09-27,2026-09-27
2006-05-26,-0.58100,2026-09-27,2026-09-27
2006-06-02,-0.56700,2026-09-27,2026-09-27
2006-06-09,-0.55300,2026-09-27,2026-09-27
2006-06-16,-0.54100,2026-09-27,2026-09-27
2006-06-23,-0.53200,2026-09-27,2026-09-27
2006-06-30,-0.52800,2026-09-27,2026-09-27
2006-07-07,-0.52800,2026-09-27,2026-09-27
2006-07-14,-0.53400,2026-09-27,2026-09-27
2006-07-21,-0.54400,2026-09-27,2026-09-27
2006-07-28,-0.55800,2026-09-27,2026-09-27
2006-08-04,-0.57200,2026-09-27,2026-09-27
2006-08-11,-0.58500,2026-09-27,2026-09-27
2006-08-18,-0.59500,2026-09-27,2026-09-27
2006-08-25,-0.60200,2026-09-27,2026-09-27
2006-09-01,-0.60500,2026-09-27,2026-09-27
2006-09-08,-0.60500,2026-09-27,2026-09-27
2006-09-15,-0.60500,2026-09-27,2026-09-27
2006-09-22,-0.60400,2026-09-27,2026-09-27
2006-09-29,-0.60500,2026-09-27,2026-09-27
2006-10-06,-0.60900,2026-09-27,2026-09-27
2006-10-13,-0.61500,2026-09-27,2026-09-27
2006-10-20,-0.62100,2026-09-27,2026-09-27
2006-10-27,-0.62700,2026-09-27,2026-09-27
2006-11-03,-0.63000,2026-09-27,2026-09-27
2006-11-10,-0.63100,2026-09-27,2026-09-27
2006-11-17,-0.63000,2026-09-27,2026-09-27
2006-11-24,-0.62600,2026-09-27,2026-09-27
2006-12-01,-0.62200,2026-09-27,2026-09-27
2006-12-08,-0.61900,2026-09-27,2026-09-27
2006-12-15,-0.61900,2026-09-27,2026-09-27
2006-12-22,-0.62400,2026-09-27,2026-09-27
2006-12-29,-0.63200,2026-09-27,2026-09-27
2007-01-05,-0.64400,2026-09-27,2026-09-27
2007-01-12,-0.65600,2026-09-27,2026-09-27
2007-01-19,-0.66900,2026-09-27,2026-09-27
2007-01-26,-0.67800,2026-09-27,2026-09-27
2007-02-02,-0.68200,2026-09-27,2026-09-27
2007-02-09,-0.68000,2026-09-27,2026-09-27
2007-02-16,-0.67300,2026-09-27,2026-09-27
2007-02-23,-0.66100,2026-09-27,2026-09-27
2007-03-02,-0.64500,2026-09-27,2026-09-27
2007-03-09,-0.63100,2026-09-27,2026-09-27
2007-03-16,-0.61900,2026-09-27,2026-09-27
2007-03-23,-0.61100,2026-09-27,2026-09-27
2007-03-30,-0.60500,2026-09-27,2026-09-27
2007-04-06,-0.60100,2026-09-27,2026-09-27
2007-04-13,-0.59800,2026-09-27,2026-09-27
2007-04-20,-0.59300,2026-09-27,2026-09-27
2007-04-27,-0.58600,2026-09-27,2026-09-27
2007-05-04,-0.57700,2026-09-27,2026-09-27
2007-05-11,-0.56900,2026-09-27,2026-09-27
2007-05-18,-0.56000,2026-09-27,2026-09-27
2007-05-25,-0.55100,2026-09-27,2026-09-27
2007-06-01,-0.54500,2026-09-27,2026-09-27
2007-06-08,-0.54200,2026-09-27,2026-09-27
2007-06-15,-0.53900,2026-09-27,2026-09-27
2007-06-22,-0.53400,2026-09-27,2026-09-27
2007-06-29,-0.52200,2026-09-27,2026-09-27
2007-07-06,-0.49600,2026-09-27,2026-09-27
2007-07-13,-0.45100,2026-09-27,2026-09-27
2007-07-20,-0.38300,2026-09-27,2026-09-27
2007-07-27,-0.28900,2026-09-27,2026-09-27
2007-08-03,-0.17700,2026-09-27,2026-09-27
2007-08-10,-0.05700,2026-09-27,2026-09-27
2007-08-17,0.06000,2026-09-27,2026-09-27
2007-08-24,0.15400,2026-09-27,2026-09-27
2007-08-31,0.20600,2026-09-27,2026-09-27
2007-09-07,0.22200,2026-09-27,2026-09-27
2007-09-14,0.19900,2026-09-27,2026-09-27
2007-09-21,0.14300,2026-09-27,2026-09-27
2007-09-28,0.07800,2026-09-27,2026-09-27
2007-10-05,0.01800,2026-09-27,2026-09-27
2007-10-12,-0.02200,2026-09-27,2026-09-27
2007-10-19,-0.02900,2026-09-27,2026-09-27
2007-10-26,0.00100,2026-09-27,2026-09-27
2007-11-02,0.06800,2026-09-27,2026-09-27
2007-11-09,0.16500,2026-09-27,2026-09-27
2007-11-16,0.27600,2026-09-27,2026-09-27
2007-11-23,0.38900,2026-09-27,2026-09-27
2007-11-30,0.48200,2026-09-27,2026-09-27
2007-12-07,0.54600,2026-09-27,2026-09-27
2007-12-14,0.57300,2026-09-27,2026-09-27
2007-12-21,0.56400,2026-09-27,2026-09-27
2007-12-28,0.52500,2026-09-27,2026-09-27
2008-01-04,0.47700,2026-09-27,2026-09-27
2008-01-11,0.43300,2026-09-27,2026-09-27
2008-01-18,0.40900,2026-09-27,2026-09-27
2008-01-25,0.41500,2026-09-27,2026-09-27
2008-02-01,0.44500,2026-09-27,2026-09-27
2008-02-08,0.50600,2026-09-27,2026-09-27
2008-02-15,0.59100,2026-09-27,2026-09-27
2008-02-22,0.69100,2026-09-27,2026-09-27
2008-02-29,0.79100,2026-09-27,2026-09-27
2008-03-07,0.88300,2026-09-27,2026-09-27
2008-03-14,0.94500,2026-09-27,2026-09-27
2008-03-21,0.97000,2026-09-27,2026-09-27
2008-03-28,0.95000,2026-09-27,2026-09-27
2008-04-04,0.89800,2026-09-27,2026-09-27
2008-04-11,0.82400,2026-09-27,2026-09-27
2008-04-18,0.74100,2026-09-27,2026-09-27
2008-04-25,0.65500,2026-09-27,2026-09-27
2008-05-02,0.58000,2026-09-27,2026-09-27
2008-05-09,0.52500,2026-09-27,2026-09-27
2008-05-16,0.49200,2026-09-27,2026-09-27
2008-05-23,0.48700,2026-09-27,2026-09-27
2008-05-30,0.50900,2026-09-27,2026-09-27
2008-06-06,0.55500,2026-09-27,2026-09-27
2008-06-13,0.60900,2026-09-27,2026-09-27
2008-06-20,0.66500,2026-09-27,2026-09-27
2008-06-27,0.71700,2026-09-27,2026-09-27
2008-07-04,0.74800,2026-09-27,2026-09-27
2008-07-11,0.75700,2026-09-27,2026-09-27
2008-07-18,0.74600,2026-09-27,2026-09-27
2008-07-25,0.71800,2026-09-27,2026-09-27
2008-08-01,0.68700,2026-09-27,2026-09-27
2008-08-08,0.67200,2026-09-27,2026-09-27
2008-08-15,0.68000,2026-09-27,2026-09-27
2008-08-22,0.73700,2026-09-27,2026-09-27
2008-08-29,0.84600,2026-09-27,2026-09-27
2008-09-05,1.01400,2026-09-27,2026-09-27
2008-09-12,1.23500,2026-09-27,2026-09-27
2008-09-19,1.51700,2026-09-27,2026-09-27
2008-09-26,1.79800,2026-09-27,2026-09-27
2008-10-03,2.07900,2026-09-27,2026-09-27
2008-10-10,2.33100,2026-09-27,2026-09-27
2008-10-17,2.52900,2026-09-27,2026-09-27
2008-10-24,2.67600,2026-09-27,2026-09-27
2008-10-31,2.80100,2026-09-27,2026-09-27
2008-11-07,2.89600,2026-09-27,2026-09-27
2008-11-14,2.97800,2026-09-27,2026-09-27
2008-11-21,3.05400,2026-09-27,2026-09-27
2008-11-28,3.08000,2026-09-27,2026-09-27
2008-12-05,3.07200,2026-09-27,2026-09-27
2008-12-12,3.00700,2026-09-27,2026-09-27
2008-12-19,2.88400,2026-09-27,2026-09-27
2008-12-26,2.72600,2026-09-27,2026-09-27
2009-01-02,2.57300,2026-09-27,2026-09-27
2009-01-09,2.42100,2026-09-27,2026-09-27
2009-01-16,2.29700,2026-09-27,2026-09-27
2009-01-23,2.20600,2026-09-27,2026-09-27
2009-01-30,2.14600,2026-09-27,2026-09-27
2009-02-06,2.11500,2026-09-27,2026-09-27
2009-02-13,2.11500,2026-09-27,2026-09-27
2009-02-20,2.13100,2026-09-27,2026-09-27
2009-02-27,2.14700,2026-09-27,2026-09-27
2009-03-06,2.15000,2026-09-27,2026-09-27
2009-03-13,2.11200,2026-09-27,2026-09-27
2009-03-20,2.04000,2026-09-27,2026-09-27
2009-03-27,1.93500,2026-09-27,2026-09-27
2009-04-03,1.81000,2026-09-27,2026-09-27
2009-04-10,1.67000,2026-09-27,2026-09-27
2009-04-17,1.52700,2026-09-27,2026-09-27
2009-04-24,1.38700,2026-09-27,2026-09-27
2009-05-01,1.25100,2026-09-27,2026-09-27
2009-05-08,1.12800,2026-09-27,2026-09-27
2009-05-15,1.02600,2026-09-27,2026-09-27
2009-05-22,0.94300,2026-09-27,2026-09-27
2009-05-29,0.88300,2026-09-27,2026-09-27
2009-06-05,0.83600,2026-09-27,2026-09-27
2009-06-12,0.80000,2026-09-27,2026-09-27
2009-06-19,0.76900,2026-09-27,2026-09-27
2009-06-26,0.73200,2026-09-27,2026-09-27
2009-07-03,0.68600,2026-09-27,2026-09-27
2009-07-10,0.63000,2026-09-27,2026-09-27
2009-07-17,0.56400,2026-09-27,2026-09-27
2009-07-24,0.49300,2026-09-27,2026-09-27
2009-07-31,0.42400,2026-09-27,2026-09-27
2009-08-07,0.36400,2026-09-27,2026-09-27
2009-08-14,0.31500,2026-09-27,2026-09-27
2009-08-21,0.27400,2026-09-27,2026-09-27
2009-08-28,0.23700,2026-09-27,2026-09-27
2009-09-04,0.20400,2026-09-27,2026-09-27
2009-09-11,0.17100,2026-09-27,2026-09-27
2009-09-18,0.13900,2026-09-27,2026-09-27
2009-09-25,0.11000,2026-09-27,2026-09-27
2009-10-02,0.08800,2026-09-27,2026-09-27
2009-10-09,0.06700,2026-09-27,2026-09-27
2009-10-16,0.05000,2026-09-27,2026-09-27
2009-10-23,0.03600,2026-09-27,2026-09-27
2009-10-30,0.02800,2026-09-27,2026-09-27
2009-11-06,0.01900,2026-09-27,2026-09-27
2009-11-13,0.00800,2026-09-27,2026-09-27
2009-11-20,-0.00600,2026-09-27,2026-09-27
2009-11-27,-0.02400,2026-09-27,2026-09-27
2009-12-04,-0.04900,2026-09-27,2026-09-27
2009-12-11,-0.07900,2026-09-27,2026-09-27
2009-12-18,-0.11100,2026-09-27,2026-09-27
2009-12-25,-0.14200,2026-09-27,2026-09-27
2010-01-01,-0.16700,2026-09-27,2026-09-27
2010-01-08,-0.18700,2026-09-27,2026-09-27
2010-01-15,-0.19700,2026-09-27,2026-09-27
2010-01-22,-0.19600,2026-09-27,2026-09-27
2010-01-29,-0.19200,2026-09-27,2026-09-27
2010-02-05,-0.18900,2026-09-27,2026-09-27
2010-02-12,-0.19300,2026-09-27,2026-09-27
2010-02-19,-0.21000,2026-09-27,2026-09-27
2010-02-26,-0.23800,2026-09-27,2026-09-27
2010-03-05,-0.27700,2026-09-27,2026-09-27
2010-03-12,-0.32300,2026-09-27,2026-09-27
2010-03-19,-0.36900,2026-09-27,2026-09-27
2010-03-26,-0.40900,2026-09-27,2026-09-27
2010-04-02,-0.43700,2026-09-27,2026-09-27
2010-04-09,-0.44900,2026-09-27,2026-09-27
2010-04-16,-0.43800,2026-09-27,2026-09-27
2010-04-23,-0.40200,2026-09-27,2026-09-27
2010-04-30,-0.34400,2026-09-27,2026-09-27
2010-05-07,-0.26800,2026-09-27,2026-09-27
2010-05-14,-0.19200,2026-09-27,2026-09-27
2010-05-21,-0.11900,2026-09-27,2026-09-27
2010-05-28,-0.06500,2026-09-27,2026-09-27
2010-06-04,-0.03300,2026-09-27,2026-09-27
2010-06-11,-0.02400,2026-09-27,2026-09-27
2010-06-18,-0.03800,2026-09-27,2026-09-27
2010-06-25,-0.06500,2026-09-27,2026-09-27
2010-07-02,-0.09900,2026-09-27,2026-09-27
2010-07-09,-0.14100,2026-09-27,2026-09-27
2010-07-16,-0.18100,2026-09-27,2026-09-27
2010-07-23,-0.21400,2026-09-27,2026-09-27
2010-07-30,-0.23900,2026-09-27,2026-09-27
2010-08-06,-0.25300,2026-09-27,2026-09-27
2010-08-13,-0.25800,2026-09-27,2026-09-27
2010-08-20,-0.26000,2026-09-27,2026-09-27
2010-08-27,-0.26200,2026-09-27,2026-09-27
2010-09-03,-0.27000,2026-09-27,2026-09-27
2010-09-10,-0.28400,2026-09-27,2026-09-27
2010-09-17,-0.30300,2026-09-27,2026-09-27
2010-09-24,-0.32500,2026-09-27,2026-09-27
2010-10-01,-0.34900,2026-09-27,2026-09-27
2010-10-08,-0.37200,2026-09-27,2026-09-27
2010-10-15,-0.39400,2026-09-27,2026-09-27
2010-10-22,-0.41200,2026-09-27,2026-09-27
2010-10-29,-0.42500,2026-09-27,2026-09-27
2010-11-05,-0.43400,2026-09-27,2026-09-27
2010-11-12,-0.43800,2026-09-27,2026-09-27
2010-11-19,-0.44000,2026-09-27,2026-09-27
2010-11-26,-0.44300,2026-09-27,2026-09-27
2010-12-03,-0.44800,2026-09-27,2026-09-27
2010-12-10,-0.46000,2026-09-27,2026-09-27
2010-12-17,-0.47500,2026-09-27,2026-09-27
2010-12-24,-0.49400,2026-09-27,2026-09-27
2010-12-31,-0.51500,2026-09-27,2026-09-27
2011-01-07,-0.53700,2026-09-27,2026-09-27
2011-01-14,-0.55700,2026-09-27,2026-09-27
2011-01-21,-0.57500,2026-09-27,2026-09-27
2011-01-28,-0.58700,2026-09-27,2026-09-27
2011-02-04,-0.59200,2026-09-27,2026-09-27
2011-02-11,-0.59000,2026-09-27,2026-09-27
2011-02-18,-0.58100,2026-09-27,2026-09-27
2011-02-25,-0.56600,2026-09-27,2026-09-27
2011-03-04,-0.55300,2026-09-27,2026-09-27
2011-03-11,-0.54300,2026-09-27,2026-09-27
2011-03-18,-0.53800,2026-09-27,2026-09-27
2011-03-25,-0.54200,2026-09-27,2026-09-27
2011-04-01,-0.55300,2026-09-27,2026-09-27
2011-04-08,-0.56700,2026-09-27,2026-09-27
2011-04-15,-0.58000,2026-09-27,2026-09-27
2011-04-22,-0.59000,2026-09-27,2026-09-27
2011-04-29,-0.59300,2026-09-27,2026-09-27
2011-05-06,-0.59000,2026-09-27,2026-09-27
2011-05-13,-0.58100,2026-09-27,2026-09-27
2011-05-20,-0.56900,2026-09-27,2026-09-27
2011-05-27,-0.55500,2026-09-27,2026-09-27
2011-06-03,-0.54200,2026-09-27,2026-09-27
2011-06-10,-0.53000,2026-09-27,2026-09-27
2011-06-17,-0.52100,2026-09-27,2026-09-27
2011-06-24,-0.51400,2026-09-27,2026-09-27
2011-07-01,-0.50700,2026-09-27,2026-09-27
2011-07-08,-0.49400,2026-09-27,2026-09-27
2011-07-15,-0.47100,2026-09-27,2026-09-27
2011-07-22,-0.43700,2026-09-27,2026-09-27
2011-07-29,-0.38800,2026-09-27,2026-09-27
2011-08-05,-0.32500,2026-09-27,2026-09-27
2011-08-12,-0.25400,2026-09-27,2026-09-27
2011-08-19,-0.19100,2026-09-27,2026-09-27
2011-08-26,-0.13300,2026-09-27,2026-09-27
2011-09-02,-0.09100,2026-09-27,2026-09-27
2011-09-09,-0.05900,2026-09-27,2026-09-27
2011-09-16,-0.04100,2026-09-27,2026-09-27
2011-09-23,-0.03300,2026-09-27,2026-09-27
2011-09-30,-0.03500,2026-09-27,2026-09-27
2011-10-07,-0.04700,2026-09-27,2026-09-27
2011-10-14,-0.06800,2026-09-27,2026-09-27
2011-10-21,-0.08600,2026-09-27,2026-09-27
2011-10-28,-0.09900,2026-09-27,2026-09-27
2011-11-04,-0.10100,2026-09-27,2026-09-27
2011-11-11,-0.09400,2026-09-27,2026-09-27
2011-11-18,-0.08200,2026-09-27,2026-09-27
2011-11-25,-0.06900,2026-09-27,2026-09-27
2011-12-02,-0.06800,2026-09-27,2026-09-27
2011-12-09,-0.07400,2026-09-27,2026-09-27
2011-12-16,-0.08700,2026-09-27,2026-09-27
2011-12-23,-0.11200,2026-09-27,2026-09-27
2011-12-30,-0.14600,2026-09-27,2026-09-27
2012-01-06,-0.18700,2026-09-27,2026-09-27
2012-01-13,-0.23300,2026-09-27,2026-09-27
2012-01-20,-0.27800,2026-09-27,2026-09-27
2012-01-27,-0.31900,2026-09-27,2026-09-27
2012-02-03,-0.35200,2026-09-27,2026-09-27
2012-02-10,-0.37600,2026-09-27,2026-09-27
2012-02-17,-0.39200,2026-09-27,2026-09-27
2012-02-24,-0.40400,2026-09-27,2026-09-27
2012-03-02,-0.41500,2026-09-27,2026-09-27
2012-03-09,-0.42300,2026-09-27,2026-09-27
2012-03-16,-0.43000,2026-09-27,2026-09-27
2012-03-23,-0.43300,2026-09-27,2026-09-27
2012-03-30,-0.43100,2026-09-27,2026-09-27
2012-04-06,-0.42400,2026-09-27,2026-09-27
2012-04-13,-0.41100,2026-09-27,2026-09-27
2012-04-20,-0.39600,2026-09-27,2026-09-27
2012-04-27,-0.37400,2026-09-27,2026-09-27
2012-05-04,-0.34800,2026-09-27,2026-09-27
2012-05-11,-0.31700,2026-09-27,2026-09-27
2012-05-18,-0.28500,2026-09-27,2026-09-27
2012-05-25,-0.25900,2026-09-27,2026-09-27
2012-06-01,-0.24000,2026-09-27,2026-09-27
2012-06-08,-0.23300,2026-09-27,2026-09-27
2012-06-15,-0.23800,2026-09-27,2026-09-27
2012-06-22,-0.25300,2026-09-27,2026-09-27
2012-06-29,-0.27300,2026-09-27,2026-09-27
2012-07-06,-0.29600,2026-09-27,2026-09-27
2012-07-13,-0.32000,2026-09-27,2026-09-27
2012-07-20,-0.34300,2026-09-27,2026-09-27
2012-07-27,-0.36500,2026-09-27,2026-09-27
2012-08-03,-0.38600,2026-09-27,2026-09-27
2012-08-10,-0.40500,2026-09-27,2026-09-27
2012-08-17,-0.42300,2026-09-27,2026-09-27
2012-08-24,-0.44200,2026-09-27,2026-09-27
2012-08-31,-0.45900,2026-09-27,2026-09-27
2012-09-07,-0.47700,2026-09-27,2026-09-27
2012-09-14,-0.49600,2026-09-27,2026-09-27
2012-09-21,-0.51300,2026-09-27,2026-09-27
2012-09-28,-0.52600,2026-09-27,2026-09-27
2012-10-05,-0.53700,2026-09-27,2026-09-27
2012-10-12,-0.54400,2026-09-27,2026-09-27
2012-10-19,-0.54800,2026-09-27,2026-09-27
2012-10-26,-0.54800,2026-09-27,2026-09-27
2012-11-02,-0.54600,2026-09-27,2026-09-27
2012-11-09,-0.54500,2026-09-27,2026-09-27
2012-11-16,-0.54400,2026-09-27,2026-09-27
2012-11-23,-0.54800,2026-09-27,2026-09-27
2012-11-30,-0.55300,2026-09-27,2026-09-27
2012-12-07,-0.56200,2026-09-27,2026-09-27
2012-12-14,-0.57300,2026-09-27,2026-09-27
2012-12-21,-0.58500,2026-09-27,2026-09-27
2012-12-28,-0.59800,2026-09-27,2026-09-27
2013-01-04,-0.61200,2026-09-27,2026-09-27
2013-01-11,-0.62500,2026-09-27,2026-09-27
2013-01-18,-0.63400,2026-09-27,2026-09-27
2013-01-25,-0.64100,2026-09-27,2026-09-27
2013-02-01,-0.64400,2026-09-27,2026-09-27
2013-02-08,-0.64600,2026-09-27,2026-09-27
2013-02-15,-0.64700,2026-09-27,2026-09-27
2013-02-22,-0.64800,2026-09-27,2026-09-27
2013-03-01,-0.64800,2026-09-27,2026-09-27
2013-03-08,-0.65000,2026-09-27,2026-09-27
2013-03-15,-0.65300,2026-09-27,2026-09-27
2013-03-22,-0.65600,2026-09-27,2026-09-27
2013-03-29,-0.66100,2026-09-27,2026-09-27
2013-04-05,-0.66800,2026-09-27,2026-09-27
2013-04-12,-0.67900,2026-09-27,2026-09-27
2013-04-19,-0.68900,2026-09-27,2026-09-27
2013-04-26,-0.70100,2026-09-27,2026-09-27
2013-05-03,-0.71100,2026-09-27,2026-09-27
2013-05-10,-0.71500,2026-09-27,2026-09-27
2013-05-17,-0.71300,2026-09-27,2026-09-27
2013-05-24,-0.70300,2026-09-27,2026-09-27
2013-05-31,-0.68700,2026-09-27,2026-09-27
2013-06-07,-0.66800,2026-09-27,2026-09-27
2013-06-14,-0.65000,2026-09-27,2026-09-27
2013-06-21,-0.63400,2026-09-27,2026-09-27
2013-06-28,-0.62700,2026-09-27,2026-09-27
2013-07-05,-0.62700,2026-09-27,2026-09-27
2013-07-12,-0.63400,2026-09-27,2026-09-27
2013-07-19,-0.64600,2026-09-27,2026-09-27
2013-07-26,-0.65700,2026-09-27,2026-09-27
2013-08-02,-0.66600,2026-09-27,2026-09-27
2013-08-09,-0.67000,2026-09-27,2026-09-27
2013-08-16,-0.66900,2026-09-27,2026-09-27
2013-08-23,-0.66600,2026-09-27,2026-09-27
2013-08-30,-0.66200,2026-09-27,2026-09-27
2013-09-06,-0.66000,2026-09-27,2026-09-27
2013-09-13,-0.66200,2026-09-27,2026-09-27
2013-09-20,-0.66700,2026-09-27,2026-09-27
2013-09-27,-0.67400,2026-09-27,2026-09-27
2013-10-04,-0.68300,2026-09-27,2026-09-27
2013-10-11,-0.69500,2026-09-27,2026-09-27
2013-10-18,-0.70900,2026-09-27,2026-09-27
2013-10-25,-0.72300,2026-09-27,2026-09-27
2013-11-01,-0.73500,2026-09-27,2026-09-27
2013-11-08,-0.74500,2026-09-27,2026-09-27
2013-11-15,-0.75400,2026-09-27,2026-09-27
2013-11-22,-0.76100,2026-09-27,2026-09-27
2013-11-29,-0.76700,2026-09-27,2026-09-27
2013-12-06,-0.77000,2026-09-27,2026-09-27
2013-12-13,-0.77300,2026-09-27,2026-09-27
2013-12-20,-0.77500,2026-09-27,2026-09-27
2013-12-27,-0.77500,2026-09-27,2026-09-27
2014-01-03,-0.77300,2026-09-27,2026-09-27
2014-01-10,-0.77100,2026-09-27,2026-09-27
2014-01-17,-0.76700,2026-09-27,2026-09-27
2014-01-24,-0.76300,2026-09-27,2026-09-27
2014-01-31,-0.76100,2026-09-27,2026-09-27
2014-02-07,-0.76100,2026-09-27,2026-09-27
2014-02-14,-0.76500,2026-09-27,2026-09-27
2014-02-21,-0.77000,2026-09-27,2026-09-27
2014-02-28,-0.77400,2026-09-27,2026-09-27
2014-03-07,-0.77700,2026-09-27,2026-09-27
2014-03-14,-0.77700,2026-09-27,2026-09-27
2014-03-21,-0.77600,2026-09-27,2026-09-27
2014-03-28,-0.77300,2026-09-27,2026-09-27
2014-04-04,-0.77100,2026-09-27,2026-09-27
2014-04-11,-0.76900,2026-09-27,2026-09-27
2014-04-18,-0.76700,2026-09-27,2026-09-27
2014-04-25,-0.76600,2026-09-27,2026-09-27
2014-05-02,-0.76800,2026-09-27,2026-09-27
2014-05-09,-0.77000,2026-09-27,2026-09-27
2014-05-16,-0.77500,2026-09-27,2026-09-27
2014-05-23,-0.78100,2026-09-27,2026-09-27
2014-05-30,-0.78700,2026-09-27,2026-09-27
2014-06-06,-0.79000,2026-09-27,2026-09-27
2014-06-13,-0.79000,2026-09-27,2026-09-27
2014-06-20,-0.78700,2026-09-27,2026-09-27
2014-06-27,-0.78000,2026-09-27,2026-09-27
2014-07-04,-0.77000,2026-09-27,2026-09-27
2014-07-11,-0.75800,2026-09-27,2026-09-27
2014-07-18,-0.74700,2026-09-27,2026-09-27
2014-07-25,-0.73600,2026-09-27,2026-09-27
2014-08-01,-0.72800,2026-09-27,2026-09-27
2014-08-08,-0.72300,2026-09-27,2026-09-27
2014-08-15,-0.72200,2026-09-27,2026-09-27
2014-08-22,-0.72200,2026-09-27,2026-09-27
2014-08-29,-0.71900,2026-09-27,2026-09-27
2014-09-05,-0.71300,2026-09-27,2026-09-27
2014-09-12,-0.70300,2026-09-27,2026-09-27
2014-09-19,-0.68800,2026-09-27,2026-09-27
2014-09-26,-0.67100,2026-09-27,2026-09-27
2014-10-03,-0.65500,2026-09-27,2026-09-27
2014-10-10,-0.64300,2026-09-27,2026-09-27
2014-10-17,-0.63600,2026-09-27,2026-09-27
2014-10-24,-0.63700,2026-09-27,2026-09-27
2014-10-31,-0.64200,2026-09-27,2026-09-27
2014-11-07,-0.64900,2026-09-27,2026-09-27
2014-11-14,-0.65400,2026-09-27,2026-09-27
2014-11-21,-0.65400,2026-09-27,2026-09-27
2014-11-28,-0.64700,2026-09-27,2026-09-27
2014-12-05,-0.63500,2026-09-27,2026-09-27
2014-12-12,-0.61500,2026-09-27,2026-09-27
2014-12-19,-0.59300,2026-09-27,2026-09-27
2014-12-26,-0.57100,2026-09-27,2026-09-27
2015-01-02,-0.54900,2026-09-27,2026-09-27
2015-01-09,-0.53000,2026-09-27,2026-09-27
2015-01-16,-0.51600,2026-09-27,2026-09-27
2015-01-23,-0.50700,2026-09-27,2026-09-27
2015-01-30,-0.50400,2026-09-27,2026-09-27
2015-02-06,-0.50500,2026-09-27,2026-09-27
2015-02-13,-0.50900,2026-09-27,2026-09-27
2015-02-20,-0.51600,2026-09-27,2026-09-27
2015-02-27,-0.52300,2026-09-27,2026-09-27
2015-03-06,-0.52800,2026-09-27,2026-09-27
2015-03-13,-0.53200,2026-09-27,2026-09-27
2015-03-20,-0.53500,2026-09-27,2026-09-27
2015-03-27,-0.53700,2026-09-27,2026-09-27
2015-04-03,-0.53800,2026-09-27,2026-09-27
2015-04-10,-0.54000,2026-09-27,2026-09-27
2015-04-17,-0.54100,2026-09-27,2026-09-27
2015-04-24,-0.54300,2026-09-27,2026-09-27
2015-05-01,-0.54400,2026-09-27,2026-09-27
2015-05-08,-0.54400,2026-09-27,2026-09-27
2015-05-15,-0.54400,2026-09-27,2026-09-27
2015-05-22,-0.54500,2026-09-27,2026-09-27
2015-05-29,-0.54400,2026-09-27,2026-09-27
2015-06-05,-0.54400,2026-09-27,2026-09-27
2015-06-12,-0.54300,2026-09-27,2026-09-27
2015-06-19,-0.54000,2026-09-27,2026-09-27
2015-06-26,-0.53800,2026-09-27,2026-09-27
2015-07-03,-0.53300,2026-09-27,2026-09-27
2015-07-10,-0.52800,2026-09-27,2026-09-27
2015-07-17,-0.52200,2026-09-27,2026-09-27
2015-07-24,-0.51200,2026-09-27,2026-09-27
2015-07-31,-0.49800,2026-09-27,2026-09-27
2015-08-07,-0.47900,2026-09-27,2026-09-27
2015-08-14,-0.45800,2026-09-27,2026-09-27
2015-08-21,-0.43600,2026-09-27,2026-09-27
2015-08-28,-0.41600,2026-09-27,2026-09-27
2015-09-04,-0.40300,2026-09-27,2026-09-27
2015-09-11,-0.39700,2026-09-27,2026-09-27
2015-09-18,-0.39700,2026-09-27,2026-09-27
2015-09-25,-0.40300,2026-09-27,2026-09-27
2015-10-02,-0.41200,2026-09-27,2026-09-27
2015-10-09,-0.42800,2026-09-27,2026-09-27
2015-10-16,-0.44200,2026-09-27,2026-09-27
2015-10-23,-0.45500,2026-09-27,2026-09-27
2015-10-30,-0.46400,2026-09-27,2026-09-27
2015-11-06,-0.46800,2026-09-27,2026-09-27
2015-11-13,-0.46400,2026-09-27,2026-09-27
2015-11-20,-0.45500,2026-09-27,2026-09-27
2015-11-27,-0.44100,2026-09-27,2026-09-27
2015-12-04,-0.42300,2026-09-27,2026-09-27
2015-12-11,-0.40100,2026-09-27,2026-09-27
2015-12-18,-0.38000,2026-09-27,2026-09-27
2015-12-25,-0.36000,2026-09-27,2026-09-27
2016-01-01,-0.34200,2026-09-27,2026-09-27
2016-01-08,-0.32700,2026-09-27,2026-09-27
2016-01-15,-0.31400,2026-09-27,2026-09-27
2016-01-22,-0.30400,2026-09-27,2026-09-27
2016-01-29,-0.29700,2026-09-27,2026-09-27
2016-02-05,-0.29400,2026-09-27,2026-09-27
2016-02-12,-0.29400,2026-09-27,2026-09-27
2016-02-19,-0.30300,2026-09-27,2026-09-27
2016-02-26,-0.31500,2026-09-27,2026-09-27
2016-03-04,-0.33000,2026-09-27,2026-09-27
2016-03-11,-0.34500,2026-09-27,2026-09-27
2016-03-18,-0.35900,2026-09-27,2026-09-27
2016-03-25,-0.36800,2026-09-27,2026-09-27
2016-04-01,-0.37500,2026-09-27,2026-09-27
2016-04-08,-0.37900,2026-09-27,2026-09-27
2016-04-15,-0.38200,2026-09-27,2026-09-27
2016-04-22,-0.38400,2026-09-27,2026-09-27
2016-04-29,-0.38300,2026-09-27,2026-09-27
2016-05-06,-0.38200,2026-09-27,2026-09-27
2016-05-13,-0.38000,2026-09-27,2026-09-27
2016-05-20,-0.37600,2026-09-27,2026-09-27
2016-05-27,-0.37200,2026-09-27,2026-09-27
2016-06-03,-0.36500,2026-09-27,2026-09-27
2016-06-10,-0.35800,2026-09-27,2026-09-27
2016-06-17,-0.35100,2026-09-27,2026-09-27
2016-06-24,-0.34500,2026-09-27,2026-09-27
2016-07-01,-0.34200,2026-09-27,2026-09-27
2016-07-08,-0.34400,2026-09-27,2026-09-27
2016-07-15,-0.34800,2026-09-27,2026-09-27
2016-07-22,-0.35200,2026-09-27,2026-09-27
2016-07-29,-0.35600,2026-09-27,2026-09-27
2016-08-05,-0.35900,2026-09-27,2026-09-27
2016-08-12,-0.35900,2026-09-27,2026-09-27
2016-08-19,-0.35600,2026-09-27,2026-09-27
2016-08-26,-0.35100,2026-09-27,2026-09-27
2016-09-02,-0.34400,2026-09-27,2026-09-27
2016-09-09,-0.33900,2026-09-27,2026-09-27
2016-09-16,-0.33400,2026-09-27,2026-09-27
2016-09-23,-0.33300,2026-09-27,2026-09-27
2016-09-30,-0.33600,2026-09-27,2026-09-27
2016-10-07,-0.34300,2026-09-27,2026-09-27
2016-10-14,-0.35200,2026-09-27,2026-09-27
2016-10-21,-0.36400,2026-09-27,2026-09-27
2016-10-28,-0.37700,2026-09-27,2026-09-27
2016-11-04,-0.38900,2026-09-27,2026-09-27
2016-11-11,-0.40300,2026-09-27,2026-09-27
2016-11-18,-0.41600,2026-09-27,2026-09-27
2016-11-25,-0.42700,2026-09-27,2026-09-27
2016-12-02,-0.43700,2026-09-27,2026-09-27
2016-12-09,-0.44600,2026-09-27,2026-09-27
2016-12-16,-0.45200,2026-09-27,2026-09-27
2016-12-23,-0.45800,2026-09-27,2026-09-27
2016-12-30,-0.46400,2026-09-27,2026-09-27
2017-01-06,-0.47000,2026-09-27,2026-09-27
2017-01-13,-0.47600,2026-09-27,2026-09-27
2017-01-20,-0.48000,2026-09-27,2026-09-27
2017-01-27,-0.48400,2026-09-27,2026-09-27
2017-02-03,-0.48700,2026-09-27,2026-09-27
2017-02-10,-0.48800,2026-09-27,2026-09-27
2017-02-17,-0.48700,2026-09-27,2026-09-27
2017-02-24,-0.48500,2026-09-27,2026-09-27
2017-03-03,-0.48300,2026-09-27,2026-09-27
2017-03-10,-0.48000,2026-09-27,2026-09-27
2017-03-17,-0.47800,2026-09-27,2026-09-27
2017-03-24,-0.47700,2026-09-27,2026-09-27
2017-03-31,-0.47800,2026-09-27,2026-09-27
2017-04-07,-0.48100,2026-09-27,2026-09-27
2017-04-14,-0.48700,2026-09-27,2026-09-27
2017-04-21,-0.49500,2026-09-27,2026-09-27
2017-04-28,-0.50500,2026-09-27,2026-09-27
2017-05-05,-0.51500,2026-09-27,2026-09-27
2017-05-12,-0.52500,2026-09-27,2026-09-27
2017-05-19,-0.53400,2026-09-27,2026-09-27
2017-05-26,-0.54400,2026-09-27,2026-09-27
2017-06-02,-0.55100,2026-09-27,2026-09-27
2017-06-09,-0.55700,2026-09-27,2026-09-27
2017-06-16,-0.56100,2026-09-27,2026-09-27
2017-06-23,-0.56400,2026-09-27,2026-09-27
2017-06-30,-0.56800,2026-09-27,2026-09-27
2017-07-07,-0.57100,2026-09-27,2026-09-27
2017-07-14,-0.57400,2026-09-27,2026-09-27
2017-07-21,-0.57600,2026-09-27,2026-09-27
2017-07-28,-0.57500,2026-09-27,2026-09-27
2017-08-04,-0.57200,2026-09-27,2026-09-27
2017-08-11,-0.56700,2026-09-27,2026-09-27
2017-08-18,-0.56200,2026-09-27,2026-09-27
2017-08-25,-0.55800,2026-09-27,2026-09-27
2017-09-01,-0.55600,2026-09-27,2026-09-27
2017-09-08,-0.55500,2026-09-27,2026-09-27
2017-09-15,-0.55800,2026-09-27,2026-09-27
2017-09-22,-0.56200,2026-09-27,2026-09-27
2017-09-29,-0.56700,2026-09-27,2026-09-27
2017-10-06,-0.57400,2026-09-27,2026-09-27
2017-10-13,-0.58100,2026-09-27,2026-09-27
2017-10-20,-0.58800,2026-09-27,2026-09-27
2017-10-27,-0.59300,2026-09-27,2026-09-27
2017-11-03,-0.59800,2026-09-27,2026-09-27
2017-11-10,-0.60000,2026-09-27,2026-09-27
2017-11-17,-0.60100,2026-09-27,2026-09-27
2017-11-24,-0.60200,2026-09-27,2026-09-27
2017-12-01,-0.60300,2026-09-27,2026-09-27
2017-12-08,-0.60400,2026-09-27,2026-09-27
2017-12-15,-0.60700,2026-09-27,2026-09-27
2017-12-22,-0.61100,2026-09-27,2026-09-27
2017-12-29,-0.61400,2026-09-27,2026-09-27
2018-01-05,-0.61800,2026-09-27,2026-09-27
2018-01-12,-0.61800,2026-09-27,2026-09-27
2018-01-19,-0.61400,2026-09-27,2026-09-27
2018-01-26,-0.60500,2026-09-27,2026-09-27
2018-02-02,-0.59200,2026-09-27,2026-09-27
2018-02-09,-0.57400,2026-09-27,2026-09-27
2018-02-16,-0.55800,2026-09-27,2026-09-27
2018-02-23,-0.54300,2026-09-27,2026-09-27
2018-03-02,-0.52900,2026-09-27,2026-09-27
2018-03-09,-0.51500,2026-09-27,2026-09-27
2018-03-16,-0.50500,2026-09-27,2026-09-27
2018-03-23,-0.49700,2026-09-27,2026-09-27
2018-03-30,-0.49600,2026-09-27,2026-09-27
2018-04-06,-0.50000,2026-09-27,2026-09-27
2018-04-13,-0.51000,2026-09-27,2026-09-27
2018-04-20,-0.52400,2026-09-27,2026-09-27
2018-04-27,-0.53800,2026-09-27,2026-09-27
2018-05-04,-0.55000,2026-09-27,2026-09-27
2018-05-11,-0.55900,2026-09-27,2026-09-27
2018-05-18,-0.56400,2026-09-27,2026-09-27
2018-05-25,-0.56400,2026-09-27,2026-09-27
2018-06-01,-0.55900,2026-09-27,2026-09-27
2018-06-08,-0.55300,2026-09-27,2026-09-27
2018-06-15,-0.54700,2026-09-27,2026-09-27
2018-06-22,-0.54100,2026-09-27,2026-09-27
2018-06-29,-0.53800,2026-09-27,2026-09-27
2018-07-06,-0.53900,2026-09-27,2026-09-27
2018-07-13,-0.54400,2026-09-27,2026-09-27
2018-07-20,-0.55200,2026-09-27,2026-09-27
2018-07-27,-0.56100,2026-09-27,2026-09-27
2018-08-03,-0.57100,2026-09-27,2026-09-27
2018-08-10,-0.58000,2026-09-27,2026-09-27
2018-08-17,-0.58700,2026-09-27,2026-09-27
2018-08-24,-0.59200,2026-09-27,2026-09-27
2018-08-31,-0.59600,2026-09-27,2026-09-27
2018-09-07,-0.59900,2026-09-27,2026-09-27
2018-09-14,-0.59900,2026-09-27,2026-09-27
2018-09-21,-0.59600,2026-09-27,2026-09-27
2018-09-28,-0.59200,2026-09-27,2026-09-27
2018-10-05,-0.58500,2026-09-27,2026-09-27
2018-10-12,-0.57500,2026-09-27,2026-09-27
2018-10-19,-0.56400,2026-09-27,2026-09-27
2018-10-26,-0.55100,2026-09-27,2026-09-27
2018-11-02,-0.53600,2026-09-27,2026-09-27
2018-11-09,-0.52000,2026-09-27,2026-09-27
2018-11-16,-0.50100,2026-09-27,2026-09-27
2018-11-23,-0.48000,2026-09-27,2026-09-27
2018-11-30,-0.46000,2026-09-27,2026-09-27
2018-12-07,-0.44200,2026-09-27,2026-09-27
2018-12-14,-0.42900,2026-09-27,2026-09-27
2018-12-21,-0.42300,2026-09-27,2026-09-27
2018-12-28,-0.42600,2026-09-27,2026-09-27
2019-01-04,-0.43900,2026-09-27,2026-09-27
2019-01-11,-0.45800,2026-09-27,2026-09-27
2019-01-18,-0.48100,2026-09-27,2026-09-27
2019-01-25,-0.50600,2026-09-27,2026-09-27
2019-02-01,-0.52900,2026-09-27,2026-09-27
2019-02-08,-0.55000,2026-09-27,2026-09-27
2019-02-15,-0.56700,2026-09-27,2026-09-27
2019-02-22,-0.58000,2026-09-27,2026-09-27
2019-03-01,-0.58900,2026-09-27,2026-09-27
2019-03-08,-0.59500,2026-09-27,2026-09-27
2019-03-15,-0.59800,2026-09-27,2026-09-27
2019-03-22,-0.60200,2026-09-27,2026-09-27
2019-03-29,-0.60500,2026-09-27,2026-09-27
2019-04-05,-0.60800,2026-09-27,2026-09-27
2019-04-12,-0.61200,2026-09-27,2026-09-27
2019-04-19,-0.61400,2026-09-27,2026-09-27
2019-04-26,-0.61300,2026-09-27,2026-09-27
2019-05-03,-0.61000,2026-09-27,2026-09-27
2019-05-10,-0.60300,2026-09-27,2026-09-27
2019-05-17,-0.59500,2026-09-27,2026-09-27
2019-05-24,-0.58800,2026-09-27,2026-09-27
2019-05-31,-0.58000,2026-09-27,2026-09-27
2019-06-07,-0.57500,2026-09-27,2026-09-27
2019-06-14,-0.57200,2026-09-27,2026-09-27
2019-06-21,-0.57200,2026-09-27,2026-09-27
2019-06-28,-0.57400,2026-09-27,2026-09-27
2019-07-05,-0.57800,2026-09-27,2026-09-27
2019-07-12,-0.58000,2026-09-27,2026-09-27
2019-07-19,-0.57900,2026-09-27,2026-09-27
2019-07-26,-0.57600,2026-09-27,2026-09-27
2019-08-02,-0.56800,2026-09-27,2026-09-27
2019-08-09,-0.55800,2026-09-27,2026-09-27
2019-08-16,-0.54600,2026-09-27,2026-09-27
2019-08-23,-0.53600,2026-09-27,2026-09-27
2019-08-30,-0.52600,2026-09-27,2026-09-27
2019-09-06,-0.51900,2026-09-27,2026-09-27
2019-09-13,-0.51300,2026-09-27,2026-09-27
2019-09-20,-0.51000,2026-09-27,2026-09-27
2019-09-27,-0.51000,2026-09-27,2026-09-27
2019-10-04,-0.51400,2026-09-27,2026-09-27
2019-10-11,-0.52300,2026-09-27,2026-09-27
2019-10-18,-0.53500,2026-09-27,2026-09-27
2019-10-25,-0.54900,2026-09-27,2026-09-27
2019-11-01,-0.56100,2026-09-27,2026-09-27
2019-11-08,-0.57000,2026-09-27,2026-09-27
2019-11-15,-0.57500,2026-09-27,2026-09-27
2019-11-22,-0.57400,2026-09-27,2026-09-27
2019-11-29,-0.56900,2026-09-27,2026-09-27
2019-12-06,-0.55900,2026-09-27,2026-09-27
2019-12-13,-0.55200,2026-09-27,2026-09-27
2019-12-20,-0.54800,2026-09-27,2026-09-27
2019-12-27,-0.55300,2026-09-27,2026-09-27
2020-01-03,-0.56700,2026-09-27,2026-09-27
2020-01-10,-0.58700,2026-09-27,2026-09-27
2020-01-17,-0.60900,2026-09-27,2026-09-27
2020-01-24,-0.62200,2026-09-27,2026-09-27
2020-01-31,-0.62000,2026-09-27,2026-09-27
2020-02-07,-0.59300,2026-09-27,2026-09-27
2020-02-14,-0.53300,2026-09-27,2026-09-27
2020-02-21,-0.43300,2026-09-27,2026-09-27
2020-02-28,-0.29500,2026-09-27,2026-09-27
2020-03-06,-0.13400,2026-09-27,2026-09-27
2020-03-13,0.03000,2026-09-27,2026-09-27
2020-03-20,0.17400,2026-09-27,2026-09-27
2020-03-27,0.26600,2026-09-27,2026-09-27
2020-04-03,0.30500,2026-09-27,2026-09-27
2020-04-10,0.29200,2026-09-27,2026-09-27
2020-04-17,0.23700,2026-09-27,2026-09-27
2020-04-24,0.15800,2026-09-27,2026-09-27
2020-05-01,0.06200,2026-09-27,2026-09-27
2020-05-08,-0.03700,2026-09-27,2026-09-27
2020-05-15,-0.12700,2026-09-27,2026-09-27
2020-05-22,-0.20600,2026-09-27,2026-09-27
2020-05-29,-0.26900,2026-09-27,2026-09-27
2020-06-05,-0.31500,2026-09-27,2026-09-27
2020-06-12,-0.34500,2026-09-27,2026-09-27
2020-06-19,-0.36700,2026-09-27,2026-09-27
2020-06-26,-0.38500,2026-09-27,2026-09-27
2020-07-03,-0.40200,2026-09-27,2026-09-27
2020-07-10,-0.42000,2026-09-27,2026-09-27
2020-07-17,-0.43800,2026-09-27,2026-09-27
2020-07-24,-0.45700,2026-09-27,2026-09-27
2020-07-31,-0.47500,2026-09-27,2026-09-27
2020-08-07,-0.48800,2026-09-27,2026-09-27
2020-08-14,-0.49900,2026-09-27,2026-09-27
2020-08-21,-0.50500,2026-09-27,2026-09-27
2020-08-28,-0.50700,2026-09-27,2026-09-27
2020-09-04,-0.50500,2026-09-27,2026-09-27
2020-09-11,-0.50100,2026-09-27,2026-09-27
2020-09-18,-0.49700,2026-09-27,2026-09-27
2020-09-25,-0.49200,2026-09-27,2026-09-27
2020-10-02,-0.48900,2026-09-27,2026-09-27
2020-10-09,-0.48900,2026-09-27,2026-09-27
2020-10-16,-0.49200,2026-09-27,2026-09-27
2020-10-23,-0.49800,2026-09-27,2026-09-27
2020-10-30,-0.50700,2026-09-27,2026-09-27
2020-11-06,-0.52000,2026-09-27,2026-09-27
2020-11-13,-0.53700,2026-09-27,2026-09-27
2020-11-20,-0.55300,2026-09-27,2026-09-27
2020-11-27,-0.56700,2026-09-27,2026-09-27
2020-12-04,-0.58000,2026-09-27,2026-09-27
2020-12-11,-0.59000,2026-09-27,2026-09-27
2020-12-18,-0.59700,2026-09-27,2026-09-27
2020-12-25,-0.60400,2026-09-27,2026-09-27
2021-01-01,-0.60900,2026-09-27,2026-09-27
2021-01-08,-0.61300,2026-09-27,2026-09-27
2021-01-15,-0.61600,2026-09-27,2026-09-27
2021-01-22,-0.61800,2026-09-27,2026-09-27
2021-01-29,-0.61800,2026-09-27,2026-09-27
2021-02-05,-0.62000,2026-09-27,2026-09-27
2021-02-12,-0.62200,2026-09-27,2026-09-27
2021-02-19,-0.62400,2026-09-27,2026-09-27
2021-02-26,-0.62600,2026-09-27,2026-09-27
2021-03-05,-0.63100,2026-09-27,2026-09-27
2021-03-12,-0.63600,2026-09-27,2026-09-27
2021-03-19,-0.64100,2026-09-27,2026-09-27
2021-03-26,-0.64800,2026-09-27,2026-09-27
2021-04-02,-0.65500,2026-09-27,2026-09-27
2021-04-09,-0.66300,2026-09-27,2026-09-27
2021-04-16,-0.67000,2026-09-27,2026-09-27
2021-04-23,-0.67600,2026-09-27,2026-09-27
2021-04-30,-0.68100,2026-09-27,2026-09-27
2021-05-07,-0.68600,2026-09-27,2026-09-27
2021-05-14,-0.68900,2026-09-27,2026-09-27
2021-05-21,-0.69100,2026-09-27,2026-09-27
2021-05-28,-0.69400,2026-09-27,2026-09-27
2021-06-04,-0.69500,2026-09-27,2026-09-27
2021-06-11,-0.69400,2026-09-27,2026-09-27
2021-06-18,-0.69100,2026-09-27,2026-09-27
2021-06-25,-0.68700,2026-09-27,2026-09-27
2021-07-02,-0.68100,2026-09-27,2026-09-27
2021-07-09,-0.67400,2026-09-27,2026-09-27
2021-07-16,-0.66700,2026-09-27,2026-09-27
2021-07-23,-0.66100,2026-09-27,2026-09-27
2021-07-30,-0.65500,2026-09-27,2026-09-27
2021-08-06,-0.65100,2026-09-27,2026-09-27
2021-08-13,-0.64800,2026-09-27,2026-09-27
2021-08-20,-0.64600,2026-09-27,2026-09-27
2021-08-27,-0.64700,2026-09-27,2026-09-27
2021-09-03,-0.64800,2026-09-27,2026-09-27
2021-09-10,-0.65000,2026-09-27,2026-09-27
2021-09-17,-0.65200,2026-09-27,2026-09-27
2021-09-24,-0.65400,2026-09-27,2026-09-27
2021-10-01,-0.65400,2026-09-27,2026-09-27
2021-10-08,-0.65200,2026-09-27,2026-09-27
2021-10-15,-0.64600,2026-09-27,2026-09-27
2021-10-22,-0.63600,2026-09-27,2026-09-27
2021-10-29,-0.62200,2026-09-27,2026-09-27
2021-11-05,-0.60400,2026-09-27,2026-09-27
2021-11-12,-0.58500,2026-09-27,2026-09-27
2021-11-19,-0.56700,2026-09-27,2026-09-27
2021-11-26,-0.55200,2026-09-27,2026-09-27
2021-12-03,-0.54100,2026-09-27,2026-09-27
2021-12-10,-0.53900,2026-09-27,2026-09-27
2021-12-17,-0.54100,2026-09-27,2026-09-27
2021-12-24,-0.54800,2026-09-27,2026-09-27
2021-12-31,-0.55600,2026-09-27,2026-09-27
2022-01-07,-0.56200,2026-09-27,2026-09-27
2022-01-14,-0.56200,2026-09-27,2026-09-27
2022-01-21,-0.55600,2026-09-27,2026-09-27
2022-01-28,-0.54200,2026-09-27,2026-09-27
2022-02-04,-0.52300,2026-09-27,2026-09-27
2022-02-11,-0.49800,2026-09-27,2026-09-27
2022-02-18,-0.46800,2026-09-27,2026-09-27
2022-02-25,-0.43900,2026-09-27,2026-09-27
2022-03-04,-0.41200,2026-09-27,2026-09-27
2022-03-11,-0.39200,2026-09-27,2026-09-27
2022-03-18,-0.37900,2026-09-27,2026-09-27
2022-03-25,-0.37300,2026-09-27,2026-09-27
2022-04-01,-0.37100,2026-09-27,2026-09-27
2022-04-08,-0.36800,2026-09-27,2026-09-27
2022-04-15,-0.36100,2026-09-27,2026-09-27
2022-04-22,-0.35100,2026-09-27,2026-09-27
2022-04-29,-0.33600,2026-09-27,2026-09-27
2022-05-06,-0.31900,2026-09-27,2026-09-27
2022-05-13,-0.30000,2026-09-27,2026-09-27
2022-05-20,-0.28100,2026-09-27,2026-09-27
2022-05-27,-0.25900,2026-09-27,2026-09-27
2022-06-03,-0.23600,2026-09-27,2026-09-27
2022-06-10,-0.21100,2026-09-27,2026-09-27
2022-06-17,-0.18800,2026-09-27,2026-09-27
2022-06-24,-0.17200,2026-09-27,2026-09-27
2022-07-01,-0.16600,2026-09-27,2026-09-27
2022-07-08,-0.16900,2026-09-27,2026-09-27
2022-07-15,-0.18300,2026-09-27,2026-09-27
2022-07-22,-0.20100,2026-09-27,2026-09-27
2022-07-29,-0.21900,2026-09-27,2026-09-27
2022-08-05,-0.23200,2026-09-27,2026-09-27
2022-08-12,-0.23900,2026-09-27,2026-09-27
2022-08-19,-0.23700,2026-09-27,2026-09-27
2022-08-26,-0.22500,2026-09-27,2026-09-27
2022-09-02,-0.20400,2026-09-27,2026-09-27
2022-09-09,-0.17900,2026-09-27,2026-09-27
2022-09-16,-0.15100,2026-09-27,2026-09-27
2022-09-23,-0.12600,2026-09-27,2026-09-27
2022-09-30,-0.10700,2026-09-27,2026-09-27
2022-10-07,-0.09900,2026-09-27,2026-09-27
2022-10-14,-0.10000,2026-09-27,2026-09-27
2022-10-21,-0.11000,2026-09-27,2026-09-27
2022-10-28,-0.12500,2026-09-27,2026-09-27
2022-11-04,-0.14200,2026-09-27,2026-09-27
2022-11-11,-0.15900,2026-09-27,2026-09-27
2022-11-18,-0.17200,2026-09-27,2026-09-27
2022-11-25,-0.18000,2026-09-27,2026-09-27
2022-12-02,-0.18500,2026-09-27,2026-09-27
2022-12-09,-0.18900,2026-09-27,2026-09-27
2022-12-16,-0.19500,2026-09-27,2026-09-27
2022-12-23,-0.20600,2026-09-27,2026-09-27
2022-12-30,-0.22300,2026-09-27,2026-09-27
2023-01-06,-0.24500,2026-09-27,2026-09-27
2023-01-13,-0.27000,2026-09-27,2026-09-27
2023-01-20,-0.29000,2026-09-27,2026-09-27
2023-01-27,-0.30700,2026-09-27,2026-09-27
2023-02-03,-0.31400,2026-09-27,2026-09-27
2023-02-10,-0.31000,2026-09-27,2026-09-27
2023-02-17,-0.29500,2026-09-27,2026-09-27
2023-02-24,-0.27000,2026-09-27,2026-09-27
2023-03-03,-0.23900,2026-09-27,2026-09-27
2023-03-10,-0.20700,2026-09-27,2026-09-27
2023-03-17,-0.17600,2026-09-27,2026-09-27
2023-03-24,-0.15700,2026-09-27,2026-09-27
2023-03-31,-0.15200,2026-09-27,2026-09-27
2023-04-07,-0.15500,2026-09-27,2026-09-27
2023-04-14,-0.16600,2026-09-27,2026-09-27
2023-04-21,-0.17900,2026-09-27,2026-09-27
2023-04-28,-0.19000,2026-09-27,2026-09-27
2023-05-05,-0.19900,2026-09-27,2026-09-27
2023-05-12,-0.20600,2026-09-27,2026-09-27
2023-05-19,-0.21100,2026-09-27,2026-09-27
2023-05-26,-0.21300,2026-09-27,2026-09-27
2023-06-02,-0.21500,2026-09-27,2026-09-27
2023-06-09,-0.21600,2026-09-27,2026-09-27
2023-06-16,-0.21800,2026-09-27,2026-09-27
2023-06-23,-0.22200,2026-09-27,2026-09-27
2023-06-30,-0.22800,2026-09-27,2026-09-27
2023-07-07,-0.23600,2026-09-27,2026-09-27
2023-07-14,-0.24900,2026-09-27,2026-09-27
2023-07-21,-0.26400,2026-09-27,2026-09-27
2023-07-28,-0.28000,2026-09-27,2026-09-27
2023-08-04,-0.29700,2026-09-27,2026-09-27
2023-08-11,-0.31300,2026-09-27,2026-09-27
2023-08-18,-0.32500,2026-09-27,2026-09-27
2023-08-25,-0.33400,2026-09-27,2026-09-27
2023-09-01,-0.33900,2026-09-27,2026-09-27
2023-09-08,-0.33900,2026-09-27,2026-09-27
2023-09-15,-0.33400,2026-09-27,2026-09-27
2023-09-22,-0.32500,2026-09-27,2026-09-27
2023-09-29,-0.31300,2026-09-27,2026-09-27
2023-10-06,-0.30200,2026-09-27,2026-09-27
2023-10-13,-0.29200,2026-09-27,2026-09-27
2023-10-20,-0.28700,2026-09-27,2026-09-27
2023-10-27,-0.28600,2026-09-27,2026-09-27
2023-11-03,-0.29000,2026-09-27,2026-09-27
2023-11-10,-0.29900,2026-09-27,2026-09-27
2023-11-17,-0.30900,2026-09-27,2026-09-27
2023-11-24,-0.32000,2026-09-27,2026-09-27
2023-12-01,-0.33100,2026-09-27,2026-09-27
2023-12-08,-0.34000,2026-09-27,2026-09-27
2023-12-15,-0.34900,2026-09-27,2026-09-27
2023-12-22,-0.35800,2026-09-27,2026-09-27
2023-12-29,-0.36600,2026-09-27,2026-09-27
2024-01-05,-0.37400,2026-09-27,2026-09-27
2024-01-12,-0.38200,2026-09-27,2026-09-27
2024-01-19,-0.38900,2026-09-27,2026-09-27
2024-01-26,-0.39500,2026-09-27,2026-09-27
2024-02-02,-0.40200,2026-09-27,2026-09-27
2024-02-09,-0.40900,2026-09-27,2026-09-27
2024-02-16,-0.41700,2026-09-27,2026-09-27
2024-02-23,-0.42600,2026-09-27,2026-09-27
2024-03-01,-0.43200,2026-09-27,2026-09-27
2024-03-08,-0.43600,2026-09-27,2026-09-27
2024-03-15,-0.43700,2026-09-27,2026-09-27
2024-03-22,-0.43500,2026-09-27,2026-09-27
2024-03-29,-0.43100,2026-09-27,2026-09-27
2024-04-05,-0.42500,2026-09-27,2026-09-27
2024-04-12,-0.41900,2026-09-27,2026-09-27
2024-04-19,-0.41400,2026-09-27,2026-09-27
2024-04-26,-0.41200,2026-09-27,2026-09-27
2024-05-03,-0.41100,2026-09-27,2026-09-27
2024-05-10,-0.41200,2026-09-27,2026-09-27
2024-05-17,-0.41200,2026-09-27,2026-09-27
2024-05-24,-0.41100,2026-09-27,2026-09-27
2024-05-31,-0.40700,2026-09-27,2026-09-27
2024-06-07,-0.40100,2026-09-27,2026-09-27
2024-06-14,-0.39400,2026-09-27,2026-09-27
2024-06-21,-0.38600,2026-09-27,2026-09-27
2024-06-28,-0.37900,2026-09-27,2026-09-27
2024-07-05,-0.37300,2026-09-27,2026-09-27
2024-07-12,-0.36800,2026-09-27,2026-09-27
2024-07-19,-0.36300,2026-09-27,2026-09-27
2024-07-26,-0.35900,2026-09-27,2026-09-27
2024-08-02,-0.35800,2026-09-27,2026-09-27
2024-08-09,-0.35900,2026-09-27,2026-09-27
2024-08-16,-0.36800,2026-09-27,2026-09-27
2024-08-23,-0.37800,2026-09-27,2026-09-27
2024-08-30,-0.39000,2026-09-27,2026-09-27
2024-09-06,-0.40100,2026-09-27,2026-09-27
2024-09-13,-0.41100,2026-09-27,2026-09-27
2024-09-20,-0.41900,2026-09-27,2026-09-27
2024-09-27,-0.42600,2026-09-27,2026-09-27
2024-10-04,-0.43000,2026-09-27,2026-09-27
2024-10-11,-0.43400,2026-09-27,2026-09-27
2024-10-18,-0.43900,2026-09-27,2026-09-27
2024-10-25,-0.44400,2026-09-27,2026-09-27
2024-11-01,-0.45000,2026-09-27,2026-09-27
2024-11-08,-0.45800,2026-09-27,2026-09-27
2024-11-15,-0.46500,2026-09-27,2026-09-27
2024-11-22,-0.47000,2026-09-27,2026-09-27
2024-11-29,-0.47400,2026-09-27,2026-09-27
2024-12-06,-0.47600,2026-09-27,2026-09-27
2024-12-13,-0.47800,2026-09-27,2026-09-27
2024-12-20,-0.47900,2026-09-27,2026-09-27
2024-12-27,-0.48300,2026-09-27,2026-09-27
2025-01-03,-0.48700,2026-09-27,2026-09-27
2025-01-10,-0.49400,2026-09-27,2026-09-27
2025-01-17,-0.49900,2026-09-27,2026-09-27
2025-01-24,-0.50400,2026-09-27,2026-09-27
2025-01-31,-0.50700,2026-09-27,2026-09-27
2025-02-07,-0.50600,2026-09-27,2026-09-27
2025-02-14,-0.50100,2026-09-27,2026-09-27
2025-02-21,-0.49200,2026-09-27,2026-09-27
2025-02-28,-0.47800,2026-09-27,2026-09-27
2025-03-07,-0.46200,2026-09-27,2026-09-27
2025-03-14,-0.44300,2026-09-27,2026-09-27
2025-03-21,-0.42500,2026-09-27,2026-09-27
2025-03-28,-0.40800,2026-09-27,2026-09-27
2025-04-04,-0.39300,2026-09-27,2026-09-27
2025-04-11,-0.38300,2026-09-27,2026-09-27
2025-04-18,-0.38300,2026-09-27,2026-09-27
2025-04-25,-0.39000,2026-09-27,2026-09-27
2025-05-02,-0.40300,2026-09-27,2026-09-27
2025-05-09,-0.42000,2026-09-27,2026-09-27
2025-05-16,-0.43800,2026-09-27,2026-09-27
2025-05-23,-0.45300,2026-09-27,2026-09-27
2025-05-30,-0.46500,2026-09-27,2026-09-27
2025-06-06,-0.47400,2026-09-27,2026-09-27
2025-06-13,-0.48200,2026-09-27,2026-09-27
2025-06-20,-0.48800,2026-09-27,2026-09-27
2025-06-27,-0.49500,2026-09-27,2026-09-27
2025-07-04,-0.50100,2026-09-27,2026-09-27
2025-07-11,-0.50800,2026-09-27,2026-09-27
2025-07-18,-0.51200,2026-09-27,2026-09-27
2025-07-25,-0.51700,2026-09-27,2026-09-27
2025-08-01,-0.51900,2026-09-27,2026-09-27
2025-08-08,-0.52100,2026-09-27,2026-09-27
2025-08-15,-0.52400,2026-09-27,2026-09-27
2025-08-22,-0.52500,2026-09-27,2026-09-27
2025-08-29,-0.52600,2026-09-27,2026-09-27
2025-09-05,-0.52600,2026-09-27,2026-09-27
2025-09-12,-0.52600,2026-09-27,2026-09-27
2025-09-19,-0.52500,2026-09-27,2026-09-27
2025-09-26,-0.52400,2026-09-27,2026-09-27
2025-10-03,-0.52300,2026-09-27,2026-09-27
2025-10-10,-0.52100,2026-09-27,2026-09-27
2025-10-17,-0.51800,2026-09-27,2026-09-27
2025-10-24,-0.51500,2026-09-27,2026-09-27
2025-10-31,-0.51100,2026-09-27,2026-09-27
2025-11-07,-0.50800,2026-09-27,2026-09-27
2025-11-14,-0.50600,2026-09-27,2026-09-27
2025-11-21,-0.50600,2026-09-27,2026-09-27
2025-11-28,-0.50700,2026-09-27,2026-09-27
2025-12-05,-0.51000,2026-09-27,2026-09-27
2025-12-12,-0.51500,2026-09-27,2026-09-27
2025-12-19,-0.52400,2026-09-27,2026-09-27
2025-12-26,-0.53600,2026-09-27,2026-09-27
2026-01-02,-0.54700,2026-09-27,2026-09-27
2026-01-09,-0.55800,2026-09-27,2026-09-27
2026-01-16,-0.56500,2026-09-27,2026-09-27
2026-01-23,-0.56600,2026-09-27,2026-09-27
2026-01-30,-0.56300,2026-09-27,2026-09-27
2026-02-06,-0.55400,2026-09-27,2026-09-27
2026-02-13,-0.54100,2026-09-27,2026-09-27
2026-02-20,-0.52400,2026-09-27,2026-09-27
2026-02-27,-0.50600,2026-09-27,2026-09-27
2026-03-06,-0.48700,2026-09-27,2026-09-27
2026-03-13,-0.47200,2026-09-27,2026-09-27
2026-03-20,-0.46300,2026-09-27,2026-09-27
2026-03-27,-0.45900,2026-09-27,2026-09-27
2026-04-03,-0.46400,2026-09-27,2026-09-27
2026-04-10,-0.47400,2026-09-27,2026-09-27
2026-04-17,-0.48500,2026-09-27,2026-09-27
2026-04-24,-0.49500,2026-09-27,2026-09-27
2026-05-01,-0.50200,2026-09-27,2026-09-27
2026-05-08,-0.50700,2026-09-27,2026-09-27
2026-05-15,-0.50800,2026-09-27,2026-09-27
2026-05-22,-0.50700,2026-09-27,2026-09-27
2026-05-29,-0.50500,2026-09-27,2026-09-27
2026-06-05,-0.50500,2026-09-27,2026-09-27
2026-06-12,-0.50500,2026-09-27,2026-09-27
2026-06-19,-0.50700,2026-09-27,2026-09-27
2026-06-26,-0.51100,2026-09-27,2026-09-27
2026-07-03,-0.51600,2026-09-27,2026-09-27
2026-07-10,-0.52200,2026-09-27,2026-09-27
2026-07-17,-0.52800,2026-09-27,2026-09-27
2026-07-24,-0.53300,2026-09-27,2026-09-27
2026-07-31,-0.53800,2026-09-27,2026-09-27
2026-08-07,-0.54300,2026-09-27,2026-09-27
2026-08-14,-0.54700,2026-09-27,2026-09-27
2026-08-21,-0.55100,2026-09-27,2026-09-27
2026-08-28,-0.55400,2026-09-27,2026-09-27
2026-09-04,-0.55600,2026-09-27,2026-09-27
2026-09-11,-0.55700,2026-09-27,2026-09-27
2026-09-18,-0.55500,2026-09-27,2026-09-27
